{"Satyen Kale": ["Preface: Conference on Learning Theory (COLT), 2017., COLT, 2017"], "Ohad Shamir": ["Preface: Conference on Learning Theory (COLT), 2017., COLT, 2017"], "Alekh Agarwal": ["Open Problem: First-Order Regret Bounds for Contextual Bandits., COLT, 2017", "Corralling a Band of Bandit Algorithms., COLT, 2017"], "Akshay Krishnamurthy": ["Open Problem: First-Order Regret Bounds for Contextual Bandits., COLT, 2017"], "John Langford": ["Open Problem: First-Order Regret Bounds for Contextual Bandits., COLT, 2017"], "Haipeng Luo": ["Open Problem: First-Order Regret Bounds for Contextual Bandits., COLT, 2017", "Corralling a Band of Bandit Algorithms., COLT, 2017"], "Robert E. Schapire": ["Open Problem: First-Order Regret Bounds for Contextual Bandits., COLT, 2017", "Corralling a Band of Bandit Algorithms., COLT, 2017"], "Benjamin Fish": ["Open Problem: Meeting Times for Learning Random Automata., COLT, 2017"], "Lev Reyzin": ["Open Problem: Meeting Times for Learning Random Automata., COLT, 2017"], "Behnam Neyshabur": ["Corralling a Band of Bandit Algorithms., COLT, 2017"], "Arpit Agarwal": ["Learning with Limited Rounds of Adaptivity: Coin Tossing, Multi-Armed Bandits, and Ranking from Pairwise Comparisons., COLT, 2017"], "Shivani Agarwal": ["Learning with Limited Rounds of Adaptivity: Coin Tossing, Multi-Armed Bandits, and Ranking from Pairwise Comparisons., COLT, 2017"], "Sepehr Assadi": ["Learning with Limited Rounds of Adaptivity: Coin Tossing, Multi-Armed Bandits, and Ranking from Pairwise Comparisons., COLT, 2017"], "Sanjeev Khanna": ["Learning with Limited Rounds of Adaptivity: Coin Tossing, Multi-Armed Bandits, and Ranking from Pairwise Comparisons., COLT, 2017"], "Shipra Agrawal": ["Thompson Sampling for the MNL-Bandit., COLT, 2017"], "Vashist Avadhanula": ["Thompson Sampling for the MNL-Bandit., COLT, 2017"], "Vineet Goyal": ["Thompson Sampling for the MNL-Bandit., COLT, 2017"], "Assaf Zeevi": ["Thompson Sampling for the MNL-Bandit., COLT, 2017"], "Anima Anandkumar": ["Homotopy Analysis for Tensor PCA., COLT, 2017"], "Yuan Deng": ["Homotopy Analysis for Tensor PCA., COLT, 2017"], "Rong Ge": ["Homotopy Analysis for Tensor PCA., COLT, 2017", "On the Ability of Neural Nets to Express Distributions., COLT, 2017"], "Hossein Mobahi": ["Homotopy Analysis for Tensor PCA., COLT, 2017"], "Alexandr Andoni": ["Correspondence retrieval., COLT, 2017"], "Daniel J. Hsu": ["Correspondence retrieval., COLT, 2017"], "Kevin Shi": ["Correspondence retrieval., COLT, 2017"], "Xiaorui Sun": ["Correspondence retrieval., COLT, 2017"], "Pranjal Awasthi": ["Efficient PAC Learning from the Crowd., COLT, 2017"], "Avrim Blum": ["Efficient PAC Learning from the Crowd., COLT, 2017", "Efficient Co-Training of Linear Separators under Weak Dependence., COLT, 2017"], "Nika Haghtalab": ["Efficient PAC Learning from the Crowd., COLT, 2017"], "Yishay Mansour": ["Efficient PAC Learning from the Crowd., COLT, 2017", "Efficient Co-Training of Linear Separators under Weak Dependence., COLT, 2017", "Bandits with Movement Costs and Adaptive Pricing., COLT, 2017"], "Mitali Bafna": ["The Price of Selection in Differential Privacy., COLT, 2017"], "Jonathan Ullman": ["The Price of Selection in Differential Privacy., COLT, 2017"], "Sivaraman Balakrishnan": ["Computationally Efficient Robust Sparse Estimation in High Dimensions., COLT, 2017"], "Simon S. Du": ["Computationally Efficient Robust Sparse Estimation in High Dimensions., COLT, 2017"], "Jerry Li": ["Computationally Efficient Robust Sparse Estimation in High Dimensions., COLT, 2017", "Robust and Proper Learning for Mixtures of Gaussians via Systems of Polynomial Inequalities., COLT, 2017"], "Aarti Singh": ["Computationally Efficient Robust Sparse Estimation in High Dimensions., COLT, 2017"], "Maria-Florina Balcan": ["Learning-Theoretic Foundations of Algorithm Configuration for Combinatorial Partitioning Problems., COLT, 2017"], "Vaishnavh Nagarajan": ["Learning-Theoretic Foundations of Algorithm Configuration for Combinatorial Partitioning Problems., COLT, 2017"], "Ellen Vitercik": ["Learning-Theoretic Foundations of Algorithm Configuration for Combinatorial Partitioning Problems., COLT, 2017"], "Colin White": ["Learning-Theoretic Foundations of Algorithm Configuration for Combinatorial Partitioning Problems., COLT, 2017"], "Eric Balkanski": ["The Sample Complexity of Optimizing a Convex Function., COLT, 2017"], "Yaron Singer": ["The Sample Complexity of Optimizing a Convex Function., COLT, 2017", "Submodular Optimization under Noise., COLT, 2017"], "Nicolas Brosse": ["Sampling from a log-concave distribution with compact support with proximal Langevin Monte Carlo., COLT, 2017"], "Alain Durmus": ["Sampling from a log-concave distribution with compact support with proximal Langevin Monte Carlo., COLT, 2017"], "Eric Moulines": ["Sampling from a log-concave distribution with compact support with proximal Langevin Monte Carlo., COLT, 2017"], "Marcelo Pereyra": ["Sampling from a log-concave distribution with compact support with proximal Langevin Monte Carlo., COLT, 2017"], "Victor-Emmanuel Brunel": ["Rates of estimation for determinantal point processes., COLT, 2017"], "Ankur Moitra": ["Rates of estimation for determinantal point processes., COLT, 2017"], "Philippe Rigollet": ["Rates of estimation for determinantal point processes., COLT, 2017"], "John Urschel": ["Rates of estimation for determinantal point processes., COLT, 2017"], "Nader H. Bshouty": ["Learning Disjunctions of Predicates., COLT, 2017"], "Dana Drachsler-Cohen": ["Learning Disjunctions of Predicates., COLT, 2017"], "Martin T. Vechev": ["Learning Disjunctions of Predicates., COLT, 2017"], "Eran Yahav": ["Learning Disjunctions of Predicates., COLT, 2017"], "Cl\u00e9ment L. Canonne": ["Testing Bayesian Networks., COLT, 2017"], "Ilias Diakonikolas": ["Testing Bayesian Networks., COLT, 2017", "Learning Multivariate Log-concave Distributions., COLT, 2017"], "Daniel M. Kane": ["Testing Bayesian Networks., COLT, 2017", "Learning Multivariate Log-concave Distributions., COLT, 2017"], "Alistair Stewart": ["Testing Bayesian Networks., COLT, 2017", "Learning Multivariate Log-concave Distributions., COLT, 2017"], "Sebastian Casalaina-Martin": ["Multi-Observation Elicitation., COLT, 2017"], "Rafael M. Frongillo": ["Multi-Observation Elicitation., COLT, 2017", "Memoryless Sequences for Differentiable Losses., COLT, 2017"], "Tom Morgan": ["Multi-Observation Elicitation., COLT, 2017"], "Bo Waggoner": ["Multi-Observation Elicitation., COLT, 2017"], "Nicol\u00f2 Cesa-Bianchi": ["Algorithmic Chaining and the Role of Partial Feedback in Online Nonparametric Learning., COLT, 2017"], "Pierre Gaillard": ["Algorithmic Chaining and the Role of Partial Feedback in Online Nonparametric Learning., COLT, 2017"], "Claudio Gentile": ["Algorithmic Chaining and the Role of Partial Feedback in Online Nonparametric Learning., COLT, 2017"], "S\u00e9bastien Gerchinovitz": ["Algorithmic Chaining and the Role of Partial Feedback in Online Nonparametric Learning., COLT, 2017"], "Lijie Chen": ["Nearly Optimal Sampling Algorithms for Combinatorial Pure Exploration., COLT, 2017", "Towards Instance Optimal Bounds for Best Arm Identification., COLT, 2017"], "Anupam Gupta": ["Nearly Optimal Sampling Algorithms for Combinatorial Pure Exploration., COLT, 2017"], "Jian Li": ["Nearly Optimal Sampling Algorithms for Combinatorial Pure Exploration., COLT, 2017", "Towards Instance Optimal Bounds for Best Arm Identification., COLT, 2017"], "Mingda Qiao": ["Nearly Optimal Sampling Algorithms for Combinatorial Pure Exploration., COLT, 2017", "Towards Instance Optimal Bounds for Best Arm Identification., COLT, 2017"], "Ruosong Wang": ["Nearly Optimal Sampling Algorithms for Combinatorial Pure Exploration., COLT, 2017"], "Yeshwanth Cherapanamjeri": ["Thresholding Based Outlier Robust PCA., COLT, 2017"], "Prateek Jain": ["Thresholding Based Outlier Robust PCA., COLT, 2017"], "Praneeth Netrapalli": ["Thresholding Based Outlier Robust PCA., COLT, 2017"], "Alon Cohen": ["Tight Bounds for Bandit Combinatorial Optimization., COLT, 2017"], "Tamir Hazan": ["Tight Bounds for Bandit Combinatorial Optimization., COLT, 2017"], "Tomer Koren": ["Tight Bounds for Bandit Combinatorial Optimization., COLT, 2017", "Bandits with Movement Costs and Adaptive Pricing., COLT, 2017"], "Ashok Cutkosky": ["Online Learning Without Prior Information., COLT, 2017"], "Kwabena A. Boahen": ["Online Learning Without Prior Information., COLT, 2017"], "Arnak S. Dalalyan": ["Further and stronger analogy between sampling and optimization: Langevin Monte Carlo and gradient descent., COLT, 2017"], "Amit Daniely": ["Depth Separation for Neural Networks., COLT, 2017"], "Constantinos Daskalakis": ["Square Hellinger Subadditivity for Bayesian Networks and its Applications to Identity Testing., COLT, 2017", "Ten Steps of EM Suffice for Mixtures of Two Gaussians., COLT, 2017"], "Qinxuan Pan": ["Square Hellinger Subadditivity for Bayesian Networks and its Applications to Identity Testing., COLT, 2017"], "Christos Tzamos": ["Ten Steps of EM Suffice for Mixtures of Two Gaussians., COLT, 2017"], "Manolis Zampetakis": ["Ten Steps of EM Suffice for Mixtures of Two Gaussians., COLT, 2017"], "Vitaly Feldman": ["Generalization for Adaptively-chosen Estimators via Stable Median., COLT, 2017", "A General Characterization of the Statistical Query Complexity., COLT, 2017"], "Thomas Steinke": ["Generalization for Adaptively-chosen Estimators via Stable Median., COLT, 2017"], "Moran Feldman": ["Greed Is Good: Near-Optimal Submodular Maximization via Greedy Optimization., COLT, 2017"], "Christopher Harshaw": ["Greed Is Good: Near-Optimal Submodular Maximization via Greedy Optimization., COLT, 2017"], "Amin Karbasi": ["Greed Is Good: Near-Optimal Submodular Maximization via Greedy Optimization., COLT, 2017"], "Nicolas Flammarion": ["Stochastic Composite Least-Squares Regression with Convergence Rate $O(1/n)$., COLT, 2017"], "Francis R. Bach": ["Stochastic Composite Least-Squares Regression with Convergence Rate $O(1/n)$., COLT, 2017"], "Dylan J. Foster": ["ZigZag: A New Approach to Adaptive Online Learning., COLT, 2017"], "Alexander Rakhlin": ["ZigZag: A New Approach to Adaptive Online Learning., COLT, 2017", "Non-convex learning via Stochastic Gradient Langevin Dynamics: a nonasymptotic analysis., COLT, 2017", "On Equivalence of Martingale Tail Bounds and Deterministic Regret Inequalities., COLT, 2017"], "Karthik Sridharan": ["ZigZag: A New Approach to Adaptive Online Learning., COLT, 2017", "On Equivalence of Martingale Tail Bounds and Deterministic Regret Inequalities., COLT, 2017"], "Andrew B. Nobel": ["Memoryless Sequences for Differentiable Losses., COLT, 2017"], "David Gamarnik": ["Matrix Completion from $O(n)$ Samples in Linear Time., COLT, 2017", "High Dimensional Regression with Binary Coefficients. Estimating Squared Error and a Phase Transtition., COLT, 2017"], "Quan Li": ["Matrix Completion from $O(n)$ Samples in Linear Time., COLT, 2017"], "Hongyi Zhang": ["Matrix Completion from $O(n)$ Samples in Linear Time., COLT, 2017"], "Ilias Zadik": ["High Dimensional Regression with Binary Coefficients. Estimating Squared Error and a Phase Transtition., COLT, 2017"], "Debarghya Ghoshdastidar": ["Two-Sample Tests for Large Random Graphs Using Network Statistics., COLT, 2017"], "Maurilio Gutzeit": ["Two-Sample Tests for Large Random Graphs Using Network Statistics., COLT, 2017"], "Alexandra Carpentier": ["Two-Sample Tests for Large Random Graphs Using Network Statistics., COLT, 2017", "Adaptivity to Noise Parameters in Nonparametric Active Learning., COLT, 2017"], "Ulrike von Luxburg": ["Two-Sample Tests for Large Random Graphs Using Network Statistics., COLT, 2017"], "Amir Globerson": ["Effective Semisupervised Learning on Manifolds., COLT, 2017"], "Roi Livni": ["Effective Semisupervised Learning on Manifolds., COLT, 2017", "Bandits with Movement Costs and Adaptive Pricing., COLT, 2017"], "Shai Shalev-Shwartz": ["Effective Semisupervised Learning on Manifolds., COLT, 2017", "Fast Rates for Empirical Risk Minimization of Strict Saddle Problems., COLT, 2017"], "Surbhi Goel": ["Reliably Learning the ReLU in Polynomial Time., COLT, 2017"], "Varun Kanade": ["Reliably Learning the ReLU in Polynomial Time., COLT, 2017"], "Adam R. Klivans": ["Reliably Learning the ReLU in Polynomial Time., COLT, 2017"], "Justin Thaler": ["Reliably Learning the ReLU in Polynomial Time., COLT, 2017"], "Alon Gonen": ["Fast Rates for Empirical Risk Minimization of Strict Saddle Problems., COLT, 2017"], "Nick Harvey": ["Nearly-tight VC-dimension bounds for piecewise linear neural networks., COLT, 2017"], "Christopher Liaw": ["Nearly-tight VC-dimension bounds for piecewise linear neural networks., COLT, 2017"], "Abbas Mehrabian": ["Nearly-tight VC-dimension bounds for piecewise linear neural networks., COLT, 2017"], "Avinatan Hassidim": ["Submodular Optimization under Noise., COLT, 2017"], "David P. Helmbold": ["Surprising properties of dropout in deep networks., COLT, 2017"], "Philip M. Long": ["Surprising properties of dropout in deep networks., COLT, 2017"], "Lunjia Hu": ["Quadratic Upper Bound for Recursive Teaching Dimension of Finite VC Classes., COLT, 2017"], "Ruihan Wu": ["Quadratic Upper Bound for Recursive Teaching Dimension of Finite VC Classes., COLT, 2017"], "Tianhong Li": ["Quadratic Upper Bound for Recursive Teaching Dimension of Finite VC Classes., COLT, 2017"], "Liwei Wang": ["Quadratic Upper Bound for Recursive Teaching Dimension of Finite VC Classes., COLT, 2017"], "Bin Hu": ["A Unified Analysis of Stochastic Optimization Methods Using Jump System Theory and Quadratic Constraints., COLT, 2017"], "Peter Seiler": ["A Unified Analysis of Stochastic Optimization Methods Using Jump System Theory and Quadratic Constraints., COLT, 2017"], "Anders Rantzer": ["A Unified Analysis of Stochastic Optimization Methods Using Jump System Theory and Quadratic Constraints., COLT, 2017"], "Ravindran Kannan": ["The Hidden Hubs Problem., COLT, 2017"], "Santosh Vempala": ["The Hidden Hubs Problem., COLT, 2017"], "Michael J. Kearns": ["Predicting with Distributions., COLT, 2017"], "Zhiwei Steven Wu": ["Predicting with Distributions., COLT, 2017"], "Joon Kwon": ["Sparse Stochastic Bandits., COLT, 2017"], "Vianney Perchet": ["Sparse Stochastic Bandits., COLT, 2017"], "Claire Vernade": ["Sparse Stochastic Bandits., COLT, 2017"], "Holden Lee": ["On the Ability of Neural Nets to Express Distributions., COLT, 2017"], "Tengyu Ma": ["On the Ability of Neural Nets to Express Distributions., COLT, 2017"], "Andrej Risteski": ["On the Ability of Neural Nets to Express Distributions., COLT, 2017"], "Sanjeev Arora": ["On the Ability of Neural Nets to Express Distributions., COLT, 2017"], "Marc Lelarge": ["Fundamental limits of symmetric low-rank matrix estimation., COLT, 2017"], "L\u00e9o Miolane": ["Fundamental limits of symmetric low-rank matrix estimation., COLT, 2017"], "Ludwig Schmidt": ["Robust and Proper Learning for Mixtures of Gaussians via Systems of Polynomial Inequalities., COLT, 2017"], "Andrea Locatelli": ["Adaptivity to Noise Parameters in Nonparametric Active Learning., COLT, 2017"], "Samory Kpotufe": ["Adaptivity to Noise Parameters in Nonparametric Active Learning., COLT, 2017"], "Shachar Lovett": ["Noisy Population Recovery from Unknown Noise., COLT, 2017"], "Jiapeng Zhang": ["Noisy Population Recovery from Unknown Noise., COLT, 2017"], "Pasin Manurangsi": ["Inapproximability of VC Dimension and Littlestone's Dimension., COLT, 2017"], "Aviad Rubinstein": ["Inapproximability of VC Dimension and Littlestone's Dimension., COLT, 2017"], "Andreas Maurer": ["A Second-order Look at Stability and Generalization., COLT, 2017"], "Song Mei": ["Solving SDPs for synchronization and MaxCut problems via the Grothendieck inequality., COLT, 2017"], "Theodor Misiakiewicz": ["Solving SDPs for synchronization and MaxCut problems via the Grothendieck inequality., COLT, 2017"], "Andrea Montanari": ["Solving SDPs for synchronization and MaxCut problems via the Grothendieck inequality., COLT, 2017"], "Roberto Imbuzeiro Oliveira": ["Solving SDPs for synchronization and MaxCut problems via the Grothendieck inequality., COLT, 2017"], "Dana Moshkovitz": ["Mixing Implies Lower Bounds for Space Bounded Learning., COLT, 2017"], "Michal Moshkovitz": ["Mixing Implies Lower Bounds for Space Bounded Learning., COLT, 2017"], "Gergely Neu": ["Fast rates for online learning in Linearly Solvable Markov Decision Processes., COLT, 2017"], "Vicen\u00e7 G\u00f3mez": ["Fast rates for online learning in Linearly Solvable Markov Decision Processes., COLT, 2017"], "Yury Polyanskiy": ["Sample complexity of population recovery., COLT, 2017"], "Ananda Theertha Suresh": ["Sample complexity of population recovery., COLT, 2017"], "Yihong Wu": ["Sample complexity of population recovery., COLT, 2017"], "Aaron Potechin": ["Exact tensor completion with sum-of-squares., COLT, 2017"], "David Steurer": ["Exact tensor completion with sum-of-squares., COLT, 2017", "Fast and robust tensor decomposition with applications to dictionary learning., COLT, 2017"], "Maxim Raginsky": ["Non-convex learning via Stochastic Gradient Langevin Dynamics: a nonasymptotic analysis., COLT, 2017"], "Matus Telgarsky": ["Non-convex learning via Stochastic Gradient Langevin Dynamics: a nonasymptotic analysis., COLT, 2017"], "Jonathan Scarlett": ["Lower Bounds on Regret for Noisy Gaussian Process Bandit Optimization., COLT, 2017"], "Ilija Bogunovic": ["Lower Bounds on Regret for Noisy Gaussian Process Bandit Optimization., COLT, 2017"], "Volkan Cevher": ["Lower Bounds on Regret for Noisy Gaussian Process Bandit Optimization., COLT, 2017"], "Yevgeny Seldin": ["An Improved Parametrization and Analysis of the EXP3++ Algorithm for Stochastic and Adversarial Bandits., COLT, 2017"], "G\u00e1bor Lugosi": ["An Improved Parametrization and Analysis of the EXP3++ Algorithm for Stochastic and Adversarial Bandits., COLT, 2017"], "Tselil Schramm": ["Fast and robust tensor decomposition with applications to dictionary learning., COLT, 2017"], "Max Simchowitz": ["The Simulator: Understanding Adaptive Sampling in the Moderate-Confidence Regime., COLT, 2017"], "Kevin G. Jamieson": ["The Simulator: Understanding Adaptive Sampling in the Moderate-Confidence Regime., COLT, 2017"], "Benjamin Recht": ["The Simulator: Understanding Adaptive Sampling in the Moderate-Confidence Regime., COLT, 2017"], "Salil P. Vadhan": ["On Learning vs. Refutation., COLT, 2017"], "Daniel Vainsencher": ["Ignoring Is a Bliss: Learning with Large Noise Through Reweighting-Minimization., COLT, 2017"], "Shie Mannor": ["Ignoring Is a Bliss: Learning with Large Noise Through Reweighting-Minimization., COLT, 2017"], "Huan Xu": ["Ignoring Is a Bliss: Learning with Large Noise Through Reweighting-Minimization., COLT, 2017"], "Jialei Wang": ["Memory and Communication Efficient Distributed Stochastic Optimization with Minibatch Prox., COLT, 2017"], "Weiran Wang": ["Memory and Communication Efficient Distributed Stochastic Optimization with Minibatch Prox., COLT, 2017"], "Nathan Srebro": ["Memory and Communication Efficient Distributed Stochastic Optimization with Minibatch Prox., COLT, 2017", "Learning Non-Discriminatory Predictors., COLT, 2017"], "Blake E. Woodworth": ["Learning Non-Discriminatory Predictors., COLT, 2017"], "Suriya Gunasekar": ["Learning Non-Discriminatory Predictors., COLT, 2017"], "Mesrob I. Ohannessian": ["Learning Non-Discriminatory Predictors., COLT, 2017"], "Lijun Zhang": ["Empirical Risk Minimization for Stochastic Convex Optimization: $O(1/n)$- and $O(1/n^2)$-type of Risk Bounds., COLT, 2017"], "Tianbao Yang": ["Empirical Risk Minimization for Stochastic Convex Optimization: $O(1/n)$- and $O(1/n^2)$-type of Risk Bounds., COLT, 2017"], "Rong Jin": ["Empirical Risk Minimization for Stochastic Convex Optimization: $O(1/n)$- and $O(1/n^2)$-type of Risk Bounds., COLT, 2017"], "Yuchen Zhang": ["A Hitting Time Analysis of Stochastic Gradient Langevin Dynamics., COLT, 2017"], "Percy Liang": ["A Hitting Time Analysis of Stochastic Gradient Langevin Dynamics., COLT, 2017"], "Moses Charikar": ["A Hitting Time Analysis of Stochastic Gradient Langevin Dynamics., COLT, 2017"], "Nikita Zhivotovskiy": ["Optimal learning via local entropies and sample compression., COLT, 2017"]}