{"Robert C. Williamson": ["Agnostic Learning Nonconvex Function Classes., COLT, 2002"], "Roman Vershynin": ["Entropy, Combinatorial Dimensions and Random Averages., COLT, 2002"], "Shahar Mendelson": ["Geometric Parameters of Kernel Machines., COLT, 2002", "Localized Rademacher Complexities., COLT, 2002"], "Dmitriy Panchenko": ["Some Local Measures of Complexity of Convex Hulls and Generalization Bounds., COLT, 2002"], "Manfred K. Warmuth": ["Path Kernels and Multiplicative Updates., COLT, 2002", "Maximizing the Margin with Boosting., COLT, 2002"], "Vladimir V. V'yugin": ["Predictive Complexity and Information., COLT, 2002"], "Michael V. Vyugin": ["Mixability and the Existence of Weak Complexities., COLT, 2002"], "Claudio Gentile": ["A Second-Order Perceptron Algorithm., COLT, 2002"], "Chris Mesterharm": ["Tracking Linear-Threshold Concepts with Winnow., COLT, 2002"], "Henning Fernau": ["Learning Tree Languages from Text., COLT, 2002"], "Tomoyuki Uchida": ["Polynomial Time Inductive Inference of Ordered Tree Patterns with Internal Structured Variables from Positive Data., COLT, 2002"], "Jos\u00e9 Oncina": ["Inferring Deterministic Linear Languages., COLT, 2002"], "Sandra Zilles": ["Merging Uniform Inductive Learners., COLT, 2002"], "J\u00fcrgen Schmidhuber": ["The Speed Prior: A New Simplicity Measure Yielding Near-Optimal Computable Predictions., COLT, 2002"], "Ke Yang": ["New Lower Bounds for Statistical Query Learning., COLT, 2002"], "Christino Tamon": ["Exploring Learnability between Exact and PAC., COLT, 2002"], "Yishay Mansour": ["PAC Bounds for Multi-armed Bandit and Markov Decision Processes., COLT, 2002"], "Lynn Burroughs": ["Bounds for the Minimum Disagreement Problem with Applications to Learning Theory., COLT, 2002", "On the Proper Learning of Axis Parallel Concepts., COLT, 2002"], "Nicolas Vayatis": ["A Consistent Strategy for Boosting Algorithms., COLT, 2002"], "Tong Zhang": ["The Consistency of Greedy Algorithms for Classification., COLT, 2002"], "Sanjoy Dasgupta": ["Performance Guarantees for Hierarchical Clustering., COLT, 2002"], "Marcus Hutter": ["Self-Optimizing and Pareto-Optimal Policies in General Environments Based on Bayes-Mixtures., COLT, 2002"], "Jack H. Lutz": ["Prediction and Dimension., COLT, 2002"], "Christos H. Papadimitriou": ["Learning the Internet., COLT, 2002"]}