{"Peter Gr\u00fcnwald": ["Conference on Learning Theory 2015: Preface., COLT, 2015"], "Arpit Agarwal": ["On Consistent Surrogate Risk Minimization and Property Elicitation., COLT, 2015"], "Noga Alon": ["Online Learning with Feedback Graphs: Beyond Bandits., COLT, 2015"], "Animashree Anandkumar": ["Learning Overcomplete Latent Variable Models through Tensor Methods., COLT, 2015"], "Sanjeev Arora": ["Simple, Efficient, and Neural Algorithms for Sparse Coding., COLT, 2015"], "Pranjal Awasthi": ["Label optimal regret bounds for online local learning., COLT, 2015", "Efficient Learning of Linear Separators under Bounded Noise., COLT, 2015"], "Maria-Florina Balcan": ["Efficient Representations for Lifelong Learning and Autoencoding., COLT, 2015"], "Akshay Balsubramani": ["Optimally Combining Classifiers Using Unlabeled Data., COLT, 2015"], "Peter L. Bartlett": ["Minimax Fixed-Design Linear Regression., COLT, 2015"], "Alexandre Belloni": ["Escaping the Local Minima via Simulated Annealing: Optimization of Approximately Convex Functions., COLT, 2015"], "S\u00e9bastien Bubeck": ["Bandit Convex Optimization: \\(\\sqrt{T}\\) Regret in One Dimension., COLT, 2015", "The entropic barrier: a simple and optimal universal self-concordant barrier., COLT, 2015"], "Yang Cai": ["Optimum Statistical Estimation with Strategic Data Sources., COLT, 2015"], "Nicol\u00f2 Cesa-Bianchi": ["On the Complexity of Learning with Kernels., COLT, 2015"], "Hubie Chen": ["Learnability of Solutions to Conjunctive Queries: The Full Dichotomy., COLT, 2015"], "Yuxin Chen": ["Sequential Information Maximization: When is Greedy Near-optimal?, COLT, 2015"], "Dehua Cheng": ["Efficient Sampling for Gaussian Graphical Models via Spectral Sparsification., COLT, 2015"], "Peter Chin": ["Stochastic Block Model and Community Detection in Sparse Graphs: A spectral algorithm with optimal rate of recovery., COLT, 2015"], "Corinna Cortes": ["On-Line Learning Algorithms for Path Experts with Non-Additive Losses., COLT, 2015"], "Rachel Cummings": ["Truthful Linear Regression., COLT, 2015"], "Amit Daniely": ["A PTAS for Agnostically Learning Halfspaces., COLT, 2015"], "Gautam Dasarathy": ["S2: An Efficient Graph Based Active Learning Algorithm with Application to Nonparametric Classification., COLT, 2015"], "Yash Deshpande": ["Improved Sum-of-Squares Lower Bounds for Hidden Clique and Hidden Submatrix Problems., COLT, 2015"], "Miroslav Dud\u00edk": ["Contextual Dueling Bandits., COLT, 2015"], "Justin Eldridge": ["Beyond Hartigan Consistency: Merge Distortion Metric for Hierarchical Clustering., COLT, 2015"], "Moein Falahatgar": ["Faster Algorithms for Testing under Conditional Sampling., COLT, 2015"], "Uriel Feige": ["Learning and inference in the presence of corrupted inputs., COLT, 2015"], "Nicolas Flammarion": ["From Averaging to Acceleration, There is Only a Step-size., COLT, 2015"], "Dean P. Foster": ["Variable Selection is Hard., COLT, 2015"], "Rafael M. Frongillo": ["Vector-Valued Property Elicitation., COLT, 2015"], "Roy Frostig": ["Competing with the Empirical Risk Minimizer in a Single Pass., COLT, 2015"], "Pierre Gaillard": ["A Chaining Algorithm for Online Nonparametric Regression., COLT, 2015"], "Rong Ge": ["Escaping From Saddle Points - Online Stochastic Gradient for Tensor Decomposition., COLT, 2015"], "Nicolas Goix": ["Learning the dependence structure of rare events: a non-asymptotic study., COLT, 2015"], "Aditya Gopalan": ["Thompson Sampling for Learning Parameterized Markov Decision Processes., COLT, 2015"], "Bruce E. Hajek": ["Computational Lower Bounds for Community Detection on Random Graphs., COLT, 2015"], "Za\u00efd Harchaoui": ["Adaptive Recovery of Signals by Convex Optimization., COLT, 2015"], "Samuel B. Hopkins": ["Tensor principal component analysis via sum-of-square proofs., COLT, 2015"], "Prateek Jain": ["Fast Exact Matrix Completion with Finite Samples., COLT, 2015"], "Parameswaran Kamalaruban": ["Exp-Concavity of Proper Composite Losses., COLT, 2015"], "Sudeep Kamath": ["On Learning Distributions from their Samples., COLT, 2015"], "Varun Kanade": ["MCMC Learning., COLT, 2015"], "Zohar Shay Karnin": ["Online with Spectral Bounds., COLT, 2015"], "Junpei Komiyama": ["Regret Lower Bound and Optimal Algorithm in Dueling Bandit Problem., COLT, 2015"], "Wouter M. Koolen": ["Second-order Quantile Methods for Experts and Combinatorial Games., COLT, 2015", "Open Problem: Online Sabotaged Shortest Path., COLT, 2015"], "Samory Kpotufe": ["Hierarchical Label Queries with Data-Dependent Partitions., COLT, 2015"], "Rasmus Kyng": ["Algorithms for Lipschitz Learning on Graphs., COLT, 2015"], "Jean Lafond": ["Low Rank Matrix Completion with Exponential Family Noise., COLT, 2015"], "Jan Leike": ["Bad Universal Priors and Notions of Optimality., COLT, 2015"], "Tengyuan Liang": ["Learning with Square Loss: Localization through Offset Rademacher Complexity., COLT, 2015"], "Haipeng Luo": ["Achieving All with No Parameters: AdaNormalHedge., COLT, 2015"], "Mehrdad Mahdavi": ["Lower and Upper Bounds on the Generalization of Stochastic Exponentially Concave Optimization., COLT, 2015"], "Konstantin Makarychev": ["Correlation Clustering with Noisy Partial Information., COLT, 2015"], "Issei Matsumoto": ["Online Density Estimation of Bradley-Terry Models., COLT, 2015"], "Gergely Neu": ["First-order regret bounds for combinatorial semi-bandits., COLT, 2015"], "Behnam Neyshabur": ["Norm-Based Capacity Control in Neural Networks., COLT, 2015"], "Christos H. Papadimitriou": ["Cortical Learning via Prediction., COLT, 2015"], "Richard Peng": ["Partitioning Well-Clustered Graphs: Spectral Clustering Works!, COLT, 2015"], "Vianney Perchet": ["Batched Bandit Problems., COLT, 2015"], "Alexander Rakhlin": ["Hierarchies of Relaxations for Online Prediction Problems with Evolving Constraints., COLT, 2015"], "Patrick Rebeschini": ["Fast Mixing for Discrete Point Processes., COLT, 2015"], "Mark D. Reid": ["Generalized Mixability via Entropic Duality., COLT, 2015"], "Ohad Shamir": ["On the Complexity of Bandit Linear Optimization., COLT, 2015"], "Hans Ulrich Simon": ["An Almost Optimal PAC Algorithm., COLT, 2015", "Open Problem: Recursive Teaching Dimension Versus VC Dimension., COLT, 2015"], "Jacob Steinhardt": ["Minimax rates for memory-bounded sparse linear regression., COLT, 2015"], "Thomas Steinke": ["Interactive Fingerprinting Codes and the Hardness of Preventing False Discovery., COLT, 2015"], "Matus Telgarsky": ["Convex Risk Minimization and Conditional Probability Estimation., COLT, 2015"], "Christos Thrampoulidis": ["Regularized Linear Regression: A Precise Analysis of the Estimation Error., COLT, 2015"], "Santosh Vempala": ["Max vs Min: Tensor Decomposition and ICA with nearly Linear Sample Complexity., COLT, 2015"], "H. Yu": ["On Convergence of Emphatic Temporal-Difference Learning., COLT, 2015"], "Arindam Banerjee": ["Open Problem: Restricted Eigenvalue Condition for Heavy Tailed Designs., COLT, 2015"], "Anna Choromanska": ["Open Problem: The landscape of the loss surfaces of multilayer networks., COLT, 2015"], "Cristobal Guzman": ["Open Problem: The Oracle Complexity of Smooth Convex Optimization in Nonstandard Settings., COLT, 2015"], "Jeremy Kun": ["Open Problem: Learning Quantum Circuits with Queries., COLT, 2015"]}