{"Nicolas Vayatis": ["Ranking and Scoring Using Empirical Risk Minimization., COLT, 2005"], "Dan Roth": ["Learnability of Bipartite Ranking Functions., COLT, 2005"], "Partha Niyogi": ["Stability and Generalization of Bipartite Ranking Algorithms., COLT, 2005", "Towards a Theoretical Foundation for Laplacian-Based Manifold Methods., COLT, 2005"], "Yoram Singer": ["Loss Bounds for Online Category Ranking., COLT, 2005", "A New Perspective on an Old Perceptron Algorithm., COLT, 2005"], "Robert E. Schapire": ["Margin-Based Ranking Meets Boosting in the Middle., COLT, 2005"], "Rocco A. Servedio": ["Martingale Boosting., COLT, 2005"], "Boaz Leskes": ["The Value of Agreement, a New Boosting Algorithm., COLT, 2005"], "Avrim Blum": ["A PAC-Style Model for Learning from Labeled and Unlabeled Data., COLT, 2005"], "Matti K\u00e4\u00e4ri\u00e4inen": ["Generalization Error Bounds Using Unlabeled Data., COLT, 2005"], "Peter L. Bartlett": ["On the Consistency of Multiclass Classification Methods., COLT, 2005"], "Alina Beygelzimer": ["Sensitive Error Correcting Output Codes., COLT, 2005"], "Tong Zhang": ["Data Dependent Concentration Bounds for Sequential Prediction Algorithms., COLT, 2005", "Localized Upper and Lower Bounds for Some Estimation Problems., COLT, 2005"], "Michael V. Vyugin": ["The Weak Aggregating Algorithm and Weak Mixability., COLT, 2005"], "G\u00e1bor Lugosi": ["Tracking the Best of Many Experts., COLT, 2005"], "Gilles Stoltz": ["Improved Second-Order Bounds for Prediction with Expert Advice., COLT, 2005"], "Robert D. Kleinberg": ["Competitive Collaborative Learning., COLT, 2005"], "Claire Monteleoni": ["Analysis of Perceptron-Based Active Learning., COLT, 2005"], "Clint Scovel": ["Fast Rates for Support Vector Machines., COLT, 2005"], "Olexandra Beznosova": ["Exponential Convergence Rates in Classification., COLT, 2005"], "Hans Ulrich Simon": ["General Polynomial Time Decomposition Algorithms., COLT, 2005"], "Michael W. Mahoney": ["Approximating a Gram Matrix for Improved Kernel-Based Learning., COLT, 2005"], "Massimiliano Pontil": ["Learning Convex Combinations of Continuously Parameterized Basic Kernels., COLT, 2005"], "Shahar Mendelson": ["On the Limitations of Embedding Methods., COLT, 2005"], "S. V. N. Vishwanathan": ["Leaving the Span., COLT, 2005"], "Frank Stephan": ["Variations on U-Shaped Learning., COLT, 2005"], "Oliver Schulte": ["Mind Change Efficient Learning., COLT, 2005"], "Arun Sharma": ["On a Syntactic Characterization of Classification with a Mind Change Bound., COLT, 2005"], "Alain Pajor": ["Ellipsoid Approximation Using Random Vectors., COLT, 2005"], "Santosh Vempala": ["The Spectral Method for General Mixture\u00a0Models., COLT, 2005"], "Frank McSherry": ["On Spectral Learning of Mixtures of Distributions., COLT, 2005"], "Ulrike von Luxburg": ["From Graphs to Manifolds - Weak and Strong Pointwise Consistency of Graph Laplacians., COLT, 2005"], "Dmitry Panchenko": ["Permutation Tests for Classification., COLT, 2005"], "Andr\u00e1s Antos": ["Improved Minimax Bounds on the Test and Training Distortion of Empirically Designed Vector Quantizers., COLT, 2005"], "Adi Shraibman": ["Rank, Trace-Norm and Max-Norm., COLT, 2005"], "Jiang Chen": ["Learning a Hidden Hypergraph., COLT, 2005"], "Vitaly Feldman": ["On Attribute Efficient and Non-adaptive Learning of Parities and DNF Expressions., COLT, 2005"], "Manfred K. Warmuth": ["Unlabeled Compression Schemes for Maximum Classes, ., COLT, 2005", "Optimum Follow the Leader Algorithm., COLT, 2005"], "Michael J. Kearns": ["Trading in Markovian Price Models., COLT, 2005"], "Yishay Mansour": ["From External to Internal Regret., COLT, 2005"], "Andrew Wan": ["Separating Models of Learning from Correlated and Uncorrelated Data., COLT, 2005"], "Steven de Rooij": ["Asymptotic Log-Loss of Prequential Maximum Likelihood Codes., COLT, 2005"], "Frank J. Balbach": ["Teaching Classes with High Teaching Dimension Using Few Examples., COLT, 2005"], "John Langford": ["The Cross Validation Problem., COLT, 2005"], "Wei Luo": ["Compute Inclusion Depth of a Pattern., COLT, 2005"]}