{"Karthik Sridharan": ["Convex Games in Banach Spaces., COLT, 2010"], "John C. Duchi": ["Composite Objective Mirror Descent., COLT, 2010", "Adaptive Subgradient Methods for Online Learning and Stochastic Optimization., COLT, 2010"], "Noga Alon": ["Voting Paradoxes., COLT, 2010"], "Alekh Agarwal": ["Optimal Algorithms for Online Convex Optimization with Multi-Point Bandit Feedback., COLT, 2010"], "Jean-Yves Audibert": ["Best Arm Identification in Multi-Armed Bandits., COLT, 2010"], "Philippe Rigollet": ["Nonparametric Bandits with Covariates., COLT, 2010"], "Junya Honda": ["An Asymptotically Optimal Bandit Algorithm for Bounded Support Models., COLT, 2010"], "Eyal Even-Dar": ["Learning with Global Cost in Stochastic Environments., COLT, 2010"], "Wouter M. Koolen": ["Hedging Structured Concepts., COLT, 2010"], "Wojciech Kotlowski": ["Following the Flattened Leader., COLT, 2010"], "Daniil Ryabko": ["Sequence Prediction in Realizable and Non-realizable Cases., COLT, 2010"], "Sascha Geulen": ["Regret Minimization for Online Buffering Problems Using the Weighted Majority Algorithm., COLT, 2010"], "Elad Hazan": ["Learning Rotations with Little Regret., COLT, 2010", "On-line Variance Minimization in O(n2) per Trial?, COLT, 2010"], "Varun Kanade": ["Evolution with Drifting Targets., COLT, 2010"], "Koby Crammer": ["Regret Minimization With Concept Drift., COLT, 2010"], "John Case": ["Strongly Non-U-Shaped Learning Results by General Techniques., COLT, 2010"], "Dominik D. Freydenberger": ["Inferring Descriptive Generalisations of Formal Languages., COLT, 2010"], "Dmitry Gavinsky": ["Quantum Predictive Learning and Communication Complexity with Single Input., COLT, 2010"], "Nicol\u00f2 Cesa-Bianchi": ["Online Learning of Noisy Data with Kernels., COLT, 2010", "Active Learning on Trees and Graphs., COLT, 2010"], "Gergely Neu": ["The Online Loop-free Stochastic Shortest-Path Problem., COLT, 2010"], "H. Brendan McMahan": ["Adaptive Bound Optimization for Online Convex Optimization., COLT, 2010"], "Margareta Ackerman": ["Characterization of Linkage-based Clustering., COLT, 2010"], "Maria-Florina Balcan": ["Robust Hierarchical Clustering., COLT, 2010"], "Purnamrita Sarkar": ["Theoretical Justification of Popular Link Prediction Heuristics., COLT, 2010"], "Robert E. Schapire": ["The Convergence Rate of AdaBoost., COLT, 2010"], "Homin K. Lee": ["Learning Talagrand DNF Formulas., COLT, 2010"], "Sven Koenig": ["Open Problem: Analyzing Ant Robot Coverage., COLT, 2010"], "John Langford": ["Robust Efficient Conditional Probability Estimation., COLT, 2010"], "Jacob D. Abernethy": ["Can We Learn to Gamble Efficiently?, COLT, 2010"], "Daniel Golovin": ["Adaptive Submodularity: A New Approach to Active Learning and Stochastic Optimization., COLT, 2010"], "Ofer Dekel": ["Robust Selective Sampling from Single and Multiple Teachers., COLT, 2010"], "Pranjal Awasthi": ["Improved Guarantees for Agnostic Learning of Disjunctions., COLT, 2010"], "Adam R. Klivans": ["Mansour's Conjecture is True for Random DNF Formulas., COLT, 2010"], "Adi Akavia": ["Deterministic Sparse Fourier Approximation via Fooling Arithmetic Progressions., COLT, 2010"], "Anupam Gupta": ["Forest Density Estimation., COLT, 2010"], "Mikhail Belkin": ["Toward Learning Gaussian Mixtures with Arbitrary Separation., COLT, 2010"], "Vladimir Koltchinskii": ["Sparse Recovery in Convex Hulls of Infinite Dictionaries., COLT, 2010"], "Lee-Ad Gottlieb": ["Efficient Classification for Metric Data., COLT, 2010"], "Shai Shalev-Shwartz": ["Learning Kernel-Based Halfspaces with the Zero-One Loss., COLT, 2010"], "Risi Kondor": ["Ranking with Kernels in Fourier space., COLT, 2010"], "Bastian Steudel": ["Causal Markov Condition for Submodular Information Measures., COLT, 2010"], "S\u00e9bastien Bubeck": ["Open Loop Optimistic Planning., COLT, 2010"], "Huan Xu": ["Principal Component Analysis with Contaminated Data: The High Dimensional Case., COLT, 2010", "Robustness and Generalization., COLT, 2010"], "David Xiao": ["Learning to Create is as Hard as Learning to Appreciate., COLT, 2010"]}