{"Adam Tauman Kalai": ["The Isotron Algorithm: High-Dimensional Isotonic Regression., COLT, 2009", "Reliable Agnostic Learning., COLT, 2009"], "Ravi Sastry": ["The Isotron Algorithm: High-Dimensional Isotonic Regression., COLT, 2009"], "Nader H. Bshouty": ["Linear Classifiers are Nearly Optimal When Hidden Variables Have Diverse Effect., COLT, 2009", "Optimal Algorithms for the Coin Weighing Problem with a Spring Scale., COLT, 2009"], "Philip M. Long": ["Linear Classifiers are Nearly Optimal When Hidden Variables Have Diverse Effect., COLT, 2009"], "Yishay Mansour": ["Domain Adaptation: Learning Bounds and Algorithms., COLT, 2009", "Online Learning for Global Cost Functions., COLT, 2009", "Reliable Agnostic Learning., COLT, 2009"], "Mehryar Mohri": ["Domain Adaptation: Learning Bounds and Algorithms., COLT, 2009"], "Afshin Rostamizadeh": ["Domain Adaptation: Learning Bounds and Algorithms., COLT, 2009"], "Eyal Even-Dar": ["Online Learning for Global Cost Functions., COLT, 2009"], "Robert Kleinberg": ["Online Learning for Global Cost Functions., COLT, 2009", "The K-armed Dueling Bandits Problem., COLT, 2009"], "Shie Mannor": ["Online Learning for Global Cost Functions., COLT, 2009"], "Yisong Yue": ["The K-armed Dueling Bandits Problem., COLT, 2009"], "Josef Broder": ["The K-armed Dueling Bandits Problem., COLT, 2009"], "Thorsten Joachims": ["The K-armed Dueling Bandits Problem., COLT, 2009"], "G\u00e1bor Lugosi": ["Online Multi-task Learning with Hard Constraints., COLT, 2009", "Combinatorial Bandits., COLT, 2009"], "Omiros Papaspiliopoulos": ["Online Multi-task Learning with Hard Constraints., COLT, 2009"], "Gilles Stoltz": ["Online Multi-task Learning with Hard Constraints., COLT, 2009"], "Karim Lounici": ["Taking Advantage of Sparsity in Multi-Task Learning., COLT, 2009"], "Massimiliano Pontil": ["Taking Advantage of Sparsity in Multi-Task Learning., COLT, 2009", "Empirical Bernstein Bounds and Sample-Variance Penalization., COLT, 2009"], "Alexandre B. Tsybakov": ["Taking Advantage of Sparsity in Multi-Task Learning., COLT, 2009", "Sparse Regression Learning by Aggregation and Langevin Monte-Carlo., COLT, 2009"], "Sara A. van de Geer": ["Taking Advantage of Sparsity in Multi-Task Learning., COLT, 2009"], "Arnak S. Dalalyan": ["Sparse Regression Learning by Aggregation and Langevin Monte-Carlo., COLT, 2009"], "Sivan Sabato": ["Homogeneous Multi-Instance Learning with Arbitrary Dependence., COLT, 2009"], "Naftali Tishby": ["Homogeneous Multi-Instance Learning with Arbitrary Dependence., COLT, 2009"], "Daniel J. Hsu": ["A Spectral Algorithm for Learning Hidden Markov Models., COLT, 2009"], "Sham M. Kakade": ["A Spectral Algorithm for Learning Hidden Markov Models., COLT, 2009"], "Tong Zhang": ["A Spectral Algorithm for Learning Hidden Markov Models., COLT, 2009"], "Andreas Maurer": ["Empirical Bernstein Bounds and Sample-Variance Penalization., COLT, 2009"], "Mark D. Reid": ["Generalised Pinsker Inequalities., COLT, 2009"], "Robert C. Williamson": ["Generalised Pinsker Inequalities., COLT, 2009"], "Sanjay Jain": ["Consistent Partial Identification., COLT, 2009"], "Frank Stephan": ["Consistent Partial Identification., COLT, 2009"], "Nicol\u00f2 Cesa-Bianchi": ["Fast and Optimal Prediction on a Labeled Tree., COLT, 2009", "Combinatorial Bandits., COLT, 2009"], "Claudio Gentile": ["Fast and Optimal Prediction on a Labeled Tree., COLT, 2009"], "Fabio Vitale": ["Fast and Optimal Prediction on a Labeled Tree., COLT, 2009"], "Mark Herbster": ["Predicting the Labelling of a Graph via Minimum $p$-Seminorm Interpolation., COLT, 2009"], "Guy Lever": ["Predicting the Labelling of a Graph via Minimum $p$-Seminorm Interpolation., COLT, 2009"], "Maria-Florina Balcan": ["Finding Low Error Clusterings., COLT, 2009", "Better Guarantees for Sparsest Cut Clustering., COLT, 2009"], "Mark Braverman": ["Finding Low Error Clusterings., COLT, 2009"], "Shai Shalev-Shwartz": ["Stochastic Convex Optimization., COLT, 2009", "Agnostic Online Learning., COLT, 2009", "Learnability and Stability in the General Learning Setting., COLT, 2009", "The Complexity of Improperly Learning Large Margin Halfspaces., COLT, 2009"], "Ohad Shamir": ["Stochastic Convex Optimization., COLT, 2009", "Learnability and Stability in the General Learning Setting., COLT, 2009", "Vox Populi: Collecting High-Quality Labels from a Crowd., COLT, 2009", "The Complexity of Improperly Learning Large Margin Halfspaces., COLT, 2009"], "Nathan Srebro": ["Stochastic Convex Optimization., COLT, 2009", "Learnability and Stability in the General Learning Setting., COLT, 2009"], "Karthik Sridharan": ["Stochastic Convex Optimization., COLT, 2009", "Learnability and Stability in the General Learning Setting., COLT, 2009", "The Complexity of Improperly Learning Large Margin Halfspaces., COLT, 2009"], "Samory Kpotufe": ["Escaping the Curse of Dimensionality with a Tree-based Regressor., COLT, 2009"], "Hariharan Narayanan": ["On the Sample Complexity of Learning Smooth Cuts on a Manifold., COLT, 2009"], "Partha Niyogi": ["On the Sample Complexity of Learning Smooth Cuts on a Manifold., COLT, 2009"], "Hans Ulrich Simon": ["SVM-Optimization and Steepest-Descent Line Search., COLT, 2009"], "Nikolas List": ["SVM-Optimization and Steepest-Descent Line Search., COLT, 2009"], "Jean-Yves Audibert": ["Minimax Policies for Adversarial and Stochastic Bandits., COLT, 2009"], "S\u00e9bastien Bubeck": ["Minimax Policies for Adversarial and Stochastic Bandits., COLT, 2009"], "H. Brendan McMahan": ["Tighter Bounds for Multi-Armed Bandits with Expert Advice., COLT, 2009"], "Matthew J. Streeter": ["Tighter Bounds for Multi-Armed Bandits with Expert Advice., COLT, 2009"], "Jacob D. Abernethy": ["Beating the Adaptive Bandit with High Probability., COLT, 2009", "A Stochastic View of Optimal Regret through Minimax Duality., COLT, 2009", "An Efficient Bandit Algorithm for sqrt(T) Regret in Online Multiclass Prediction?., COLT, 2009", "Minimax Games with Bandits., COLT, 2009"], "Alexander Rakhlin": ["Beating the Adaptive Bandit with High Probability., COLT, 2009", "A Stochastic View of Optimal Regret through Minimax Duality., COLT, 2009", "An Efficient Bandit Algorithm for sqrt(T) Regret in Online Multiclass Prediction?., COLT, 2009"], "Alekh Agarwal": ["A Stochastic View of Optimal Regret through Minimax Duality., COLT, 2009"], "Peter L. Bartlett": ["A Stochastic View of Optimal Regret through Minimax Duality., COLT, 2009"], "Jeffrey C. Jackson": ["New Results for Random Walk Learning., COLT, 2009"], "Karl Wimmer": ["New Results for Random Walk Learning., COLT, 2009"], "Vitaly Feldman": ["Robustness of Evolvability., COLT, 2009"], "Hayato Kobayashi": ["Complexity of Teaching by a Restricted Number of Examples., COLT, 2009"], "Ayumi Shinohara": ["Complexity of Teaching by a Restricted Number of Examples., COLT, 2009"], "Luis Rademacher": ["Learning Convex Bodies is Hard., COLT, 2009"], "Navin Goyal": ["Learning Convex Bodies is Hard., COLT, 2009"], "Varun Kanade": ["Reliable Agnostic Learning., COLT, 2009"], "Shai Ben-David": ["Agnostic Online Learning., COLT, 2009"], "D\u00e1vid P\u00e1l": ["Agnostic Online Learning., COLT, 2009"], "Alessandro Lazaric": ["Hybrid Stochastic-Adversarial On-line Learning., COLT, 2009"], "R\u00e9mi Munos": ["Hybrid Stochastic-Adversarial On-line Learning., COLT, 2009"], "Eric Friedman": ["Active Learning for Smooth Problems., COLT, 2009"], "Steve Hanneke": ["Adaptive Rates of Convergence in Active Learning., COLT, 2009"], "Ofer Dekel": ["Vox Populi: Collecting High-Quality Labels from a Crowd., COLT, 2009"], "Ingo Steinwart": ["Optimal Rates for Regularized Least Squares Regression., COLT, 2009"], "Don R. Hush": ["Optimal Rates for Regularized Least Squares Regression., COLT, 2009"], "Clint Scovel": ["Optimal Rates for Regularized Least Squares Regression., COLT, 2009"], "Lorenzo Rosasco": ["A Note on Learning with Integral Operators., COLT, 2009"], "Mikhail Belkin": ["A Note on Learning with Integral Operators., COLT, 2009"], "Ernesto De Vito": ["A Note on Learning with Integral Operators., COLT, 2009"], "Yiming Ying": ["Generalization Bounds for Learning the Kernel Problem., COLT, 2009"], "Colin Campbell": ["Generalization Bounds for Learning the Kernel Problem., COLT, 2009"], "Manfred K. Warmuth": ["Minimax Games with Bandits., COLT, 2009"]}