{"Ohad Shamir": ["On the Complexity of Bandit and Derivative-Free Stochastic Convex Optimization., COLT, 2013", "Online Learning for Time Series Prediction., COLT, 2013"], "Yining Wang": ["A Theoretical Analysis of NDCG Type Ranking Measures., COLT, 2013"], "Liwei Wang": ["A Theoretical Analysis of NDCG Type Ranking Measures., COLT, 2013"], "Yuanzhi Li": ["A Theoretical Analysis of NDCG Type Ranking Measures., COLT, 2013"], "Di He": ["A Theoretical Analysis of NDCG Type Ranking Measures., COLT, 2013"], "Tie-Yan Liu": ["A Theoretical Analysis of NDCG Type Ranking Measures., COLT, 2013"], "Massimiliano Pontil": ["Excess risk bounds for multitask learning with trace norm regularization., COLT, 2013"], "Andreas Maurer": ["Excess risk bounds for multitask learning with trace norm regularization., COLT, 2013"], "Roi Livni": ["Honest Compressions and Their Application to Compression Schemes., COLT, 2013"], "Pierre Simon": ["Honest Compressions and Their Application to Compression Schemes., COLT, 2013"], "Amit Daniely": ["The price of bandit information in multiclass online classification., COLT, 2013"], "Tom Helbertal": ["The price of bandit information in multiclass online classification., COLT, 2013"], "Stanislav Minsker": ["Estimation of Extreme Values and Associated Level Sets of a Regression Function via Selective Sampling., COLT, 2013"], "S\u00e9bastien Bubeck": ["Bounded regret in stochastic multi-armed bandits., COLT, 2013"], "Vianney Perchet": ["Bounded regret in stochastic multi-armed bandits., COLT, 2013", "Approachability, fast and slow., COLT, 2013"], "Philippe Rigollet": ["Bounded regret in stochastic multi-armed bandits., COLT, 2013", "Complexity Theoretic Lower Bounds for Sparse Principal Component Detection., COLT, 2013"], "Lijun Zhang": ["Recovering the Optimal Solution by Dual Random Projection., COLT, 2013"], "Mehrdad Mahdavi": ["Recovering the Optimal Solution by Dual Random Projection., COLT, 2013", "Passive Learning with Target Risk., COLT, 2013"], "Rong Jin": ["Recovering the Optimal Solution by Dual Random Projection., COLT, 2013", "Passive Learning with Target Risk., COLT, 2013"], "Tianbao Yang": ["Recovering the Optimal Solution by Dual Random Projection., COLT, 2013"], "Shenghuo Zhu": ["Recovering the Optimal Solution by Dual Random Projection., COLT, 2013"], "Andrey Bernstein": ["Opportunistic Strategies for Generalized No-Regret Problems., COLT, 2013"], "Shie Mannor": ["Opportunistic Strategies for Generalized No-Regret Problems., COLT, 2013", "Online Learning for Time Series Prediction., COLT, 2013", "Approachability, fast and slow., COLT, 2013"], "Nahum Shimkin": ["Opportunistic Strategies for Generalized No-Regret Problems., COLT, 2013"], "Oren Anava": ["Online Learning for Time Series Prediction., COLT, 2013"], "Elad Hazan": ["Online Learning for Time Series Prediction., COLT, 2013"], "Francis R. Bach": ["Sharp analysis of low-rank kernel matrix approximations., COLT, 2013"], "Chao-Kai Chiang": ["Beating Bandits in Gradually Evolving Worlds., COLT, 2013"], "Chia-Jung Lee": ["Beating Bandits in Gradually Evolving Worlds., COLT, 2013"], "Chi-Jen Lu": ["Beating Bandits in Gradually Evolving Worlds., COLT, 2013"], "Emilie Kaufmann": ["Information Complexity in Bandit Subset Selection., COLT, 2013"], "Shivaram Kalyanakrishnan": ["Information Complexity in Bandit Subset Selection., COLT, 2013"], "Mikhail Belkin": ["Blind Signal Separation in the Presence of Gaussian Noise., COLT, 2013"], "Luis Rademacher": ["Blind Signal Separation in the Presence of Gaussian Noise., COLT, 2013", "Efficient Learning of Simplices., COLT, 2013"], "James R. Voss": ["Blind Signal Separation in the Presence of Gaussian Noise., COLT, 2013"], "Maria-Florina Balcan": ["Active and passive learning of linear separators under log-concave distributions., COLT, 2013"], "Philip M. Long": ["Active and passive learning of linear separators under log-concave distributions., COLT, 2013"], "Sanjoy Dasgupta": ["Randomized partition trees for exact nearest neighbor search., COLT, 2013"], "Kaushik Sinha": ["Randomized partition trees for exact nearest neighbor search., COLT, 2013"], "Shivani Agarwal": ["Surrogate Regret Bounds for the Area Under the ROC Curve via Strongly Proper Losses., COLT, 2013"], "Moritz Hardt": ["Algorithms and Hardness for Robust Subspace Recovery., COLT, 2013"], "Ankur Moitra": ["Algorithms and Hardness for Robust Subspace Recovery., COLT, 2013"], "Ruth Urner": ["PLAL: Cluster-based active learning., COLT, 2013"], "Sharon Wulff": ["PLAL: Cluster-based active learning., COLT, 2013"], "Shai Ben-David": ["PLAL: Cluster-based active learning., COLT, 2013"], "Pranjal Awasthi": ["Learning Using Local Membership Queries., COLT, 2013"], "Vitaly Feldman": ["Learning Using Local Membership Queries., COLT, 2013", "Representation, Approximation and Learning of Submodular Functions Using Low-rank Decision Trees., COLT, 2013"], "Varun Kanade": ["Learning Using Local Membership Queries., COLT, 2013"], "Marcus Hutter": ["Sparse Adaptive Dirichlet-Multinomial-like Processes., COLT, 2013"], "Luc Devroye": ["Prediction by random-walk perturbation., COLT, 2013"], "G\u00e1bor Lugosi": ["Prediction by random-walk perturbation., COLT, 2013"], "Gergely Neu": ["Prediction by random-walk perturbation., COLT, 2013"], "Clayton Scott": ["Classification with Asymmetric Label Noise: Consistency and Maximal Denoising., COLT, 2013"], "Gilles Blanchard": ["Classification with Asymmetric Label Noise: Consistency and Maximal Denoising., COLT, 2013"], "Gregory Handy": ["Classification with Asymmetric Label Noise: Consistency and Maximal Denoising., COLT, 2013"], "Cheng Li": ["General Oracle Inequalities for Gibbs Posterior with Application to Ranking., COLT, 2013"], "Wenxin Jiang": ["General Oracle Inequalities for Gibbs Posterior with Application to Ranking., COLT, 2013"], "Martin A. Tanner": ["General Oracle Inequalities for Gibbs Posterior with Application to Ranking., COLT, 2013"], "Daniel M. Kane": ["Learning Halfspaces Under Log-Concave Densities: Polynomial Approximations and Moment Matching., COLT, 2013"], "Adam R. Klivans": ["Learning Halfspaces Under Log-Concave Densities: Polynomial Approximations and Moment Matching., COLT, 2013"], "Raghu Meka": ["Learning Halfspaces Under Log-Concave Densities: Polynomial Approximations and Moment Matching., COLT, 2013"], "David P. Woodruff": ["Subspace Embeddings and \\(\\ell_p\\)-Regression Using Exponential Random Variables., COLT, 2013"], "Qin Zhang": ["Subspace Embeddings and \\(\\ell_p\\)-Regression Using Exponential Random Variables., COLT, 2013"], "Robert A. Vandermeulen": ["Consistency of Robust Kernel Density Estimators., COLT, 2013"], "Clayton D. Scott": ["Consistency of Robust Kernel Density Estimators., COLT, 2013"], "Yuchen Zhang": ["Divide and Conquer Kernel Ridge Regression., COLT, 2013"], "John C. Duchi": ["Divide and Conquer Kernel Ridge Regression., COLT, 2013"], "Martin J. Wainwright": ["Divide and Conquer Kernel Ridge Regression., COLT, 2013"], "Eyal Gofer": ["Regret Minimization for Branching Experts., COLT, 2013"], "Nicol\u00f2 Cesa-Bianchi": ["Regret Minimization for Branching Experts., COLT, 2013"], "Claudio Gentile": ["Regret Minimization for Branching Experts., COLT, 2013", "Online Similarity Prediction of Networked Data from Known and Unknown Graphs., COLT, 2013"], "Yishay Mansour": ["Regret Minimization for Branching Experts., COLT, 2013"], "Peter L. Bartlett": ["Horizon-Independent Optimal Prediction with Log-Loss in Exponential Families., COLT, 2013", "Open Problem: Adversarial Multiarmed Bandits with Limited Advice., COLT, 2013"], "Peter Gr\u00fcnwald": ["Horizon-Independent Optimal Prediction with Log-Loss in Exponential Families., COLT, 2013"], "Peter Harremo\u00ebs": ["Horizon-Independent Optimal Prediction with Log-Loss in Exponential Families., COLT, 2013"], "Fares Hedayati": ["Horizon-Independent Optimal Prediction with Log-Loss in Exponential Families., COLT, 2013"], "Wojciech Kotlowski": ["Horizon-Independent Optimal Prediction with Log-Loss in Exponential Families., COLT, 2013"], "Mark Herbster": ["Online Similarity Prediction of Networked Data from Known and Unknown Graphs., COLT, 2013"], "Stephen Pasteris": ["Online Similarity Prediction of Networked Data from Known and Unknown Graphs., COLT, 2013"], "G\u00e1bor Bart\u00f3k": ["A near-optimal algorithm for finite partial-monitoring games against adversarial opponents., COLT, 2013"], "Pravesh Kothari": ["Representation, Approximation and Learning of Submodular Functions Using Low-rank Decision Trees., COLT, 2013"], "Jan Vondr\u00e1k": ["Representation, Approximation and Learning of Submodular Functions Using Low-rank Decision Trees., COLT, 2013"], "Lachlan L. H. Andrew": ["A Tale of Two Metrics: Simultaneous Bounds on Competitiveness and Regret., COLT, 2013"], "Siddharth Barman": ["A Tale of Two Metrics: Simultaneous Bounds on Competitiveness and Regret., COLT, 2013"], "Katrina Ligett": ["A Tale of Two Metrics: Simultaneous Bounds on Competitiveness and Regret., COLT, 2013"], "Minghong Lin": ["A Tale of Two Metrics: Simultaneous Bounds on Competitiveness and Regret., COLT, 2013"], "Adam Meyerson": ["A Tale of Two Metrics: Simultaneous Bounds on Competitiveness and Regret., COLT, 2013"], "Alan Roytman": ["A Tale of Two Metrics: Simultaneous Bounds on Competitiveness and Regret., COLT, 2013"], "Adam Wierman": ["A Tale of Two Metrics: Simultaneous Bounds on Competitiveness and Regret., COLT, 2013"], "Jayadev Acharya": ["Optimal Probability Estimation with Applications to Prediction and Classification., COLT, 2013"], "Ashkan Jafarpour": ["Optimal Probability Estimation with Applications to Prediction and Classification., COLT, 2013"], "Alon Orlitsky": ["Optimal Probability Estimation with Applications to Prediction and Classification., COLT, 2013"], "Ananda Theertha Suresh": ["Optimal Probability Estimation with Applications to Prediction and Classification., COLT, 2013"], "Sung-Soon Choi": ["Polynomial Time Optimal Query Algorithms for Finding Graphs with Arbitrary Real Weights., COLT, 2013"], "Abhradeep Thakurta": ["Differentially Private Feature Selection via Stability Arguments, and the Robustness of the Lasso., COLT, 2013"], "Adam D. Smith": ["Differentially Private Feature Selection via Stability Arguments, and the Robustness of the Lasso., COLT, 2013"], "Wouter M. Koolen": ["Learning a set of directions., COLT, 2013"], "Jiazhong Nie": ["Learning a set of directions., COLT, 2013", "Open Problem: Lower bounds for Boosting with Hadamard Matrices., COLT, 2013"], "Manfred K. Warmuth": ["Learning a set of directions., COLT, 2013", "Open Problem: Lower bounds for Boosting with Hadamard Matrices., COLT, 2013"], "Animashree Anandkumar": ["A Tensor Spectral Approach to Learning Mixed Membership Community Models., COLT, 2013"], "Rong Ge": ["A Tensor Spectral Approach to Learning Mixed Membership Community Models., COLT, 2013"], "Daniel J. Hsu": ["A Tensor Spectral Approach to Learning Mixed Membership Community Models., COLT, 2013"], "Sham Kakade": ["A Tensor Spectral Approach to Learning Mixed Membership Community Models., COLT, 2013"], "Ittai Abraham": ["Adaptive Crowdsourcing Algorithms for the Bandit Survey Problem., COLT, 2013"], "Omar Alonso": ["Adaptive Crowdsourcing Algorithms for the Bandit Survey Problem., COLT, 2013"], "Vasilis Kandylas": ["Adaptive Crowdsourcing Algorithms for the Bandit Survey Problem., COLT, 2013"], "Aleksandrs Slivkins": ["Adaptive Crowdsourcing Algorithms for the Bandit Survey Problem., COLT, 2013"], "Matus Telgarsky": ["Boosting with the Logistic Loss is Consistent., COLT, 2013"], "Wei Han": ["Competing With Strategies., COLT, 2013"], "Alexander Rakhlin": ["Competing With Strategies., COLT, 2013", "Online Learning with Predictable Sequences., COLT, 2013"], "Karthik Sridharan": ["Competing With Strategies., COLT, 2013", "Online Learning with Predictable Sequences., COLT, 2013"], "Joseph Anderson": ["Efficient Learning of Simplices., COLT, 2013"], "Navin Goyal": ["Efficient Learning of Simplices., COLT, 2013"], "Quentin Berthet": ["Complexity Theoretic Lower Bounds for Sparse Principal Component Detection., COLT, 2013"], "Yevgeny Seldin": ["Open Problem: Adversarial Multiarmed Bandits with Limited Advice., COLT, 2013"], "Koby Crammer": ["Open Problem: Adversarial Multiarmed Bandits with Limited Advice., COLT, 2013"], "Tomer Koren": ["Open Problem: Fast Stochastic Exp-Concave Optimization., COLT, 2013"], "S. V. N. Vishwanathan": ["Open Problem: Lower bounds for Boosting with Hadamard Matrices., COLT, 2013"], "Xinhua Zhang": ["Open Problem: Lower bounds for Boosting with Hadamard Matrices., COLT, 2013"]}