{"Alexander Rakhlin": ["Conference on Learning Theory 2016: Preface., COLT, 2016"], "Lihong Li": ["An efficient algorithm for contextual bandits with knapsacks, and an extension to concave objectives., COLT, 2016"], "Ronitt Rubinfeld": ["Learning and Testing Junta Distributions., COLT, 2016"], "Amir Yehudayoff": ["Sign rank versus VC dimension., COLT, 2016"], "Rong Ge": ["Efficient approaches for escaping higher order saddle points in non-convex optimization., COLT, 2016"], "Alireza Rezaei": ["Monte Carlo Markov Chain Algorithms for Sampling Strongly Rayleigh Distributions and Determinantal Point Processes., COLT, 2016"], "Chao-Kai Chiang": ["An algorithm with nearly optimal pseudo-regret for both stochastic and adversarial bandits., COLT, 2016"], "Bernardo \u00c1vila Pires": ["Policy Error Bounds for Model-Based Reinforcement Learning with Factored Linear Models., COLT, 2016"], "Hongyang Zhang": ["Learning and 1-bit Compressed Sensing under Asymmetric Noise., COLT, 2016"], "Animashree Anandkumar": ["Reinforcement Learning of POMDPs using Spectral Methods., COLT, 2016", "Open Problem: Approximate Planning of POMDPs in the class of Memoryless Policies., COLT, 2016"], "Vianney Perchet": ["Highly-Smooth Zero-th Order Online Optimization., COLT, 2016", "Online Learning and Blackwell Approachability in Quitting Games., COLT, 2016"], "Adams Wei Yu": ["An Improved Gap-Dependency Analysis of the Noisy Power Method., COLT, 2016"], "Colin White": ["Learning Combinatorial Functions from Pairwise Comparisons., COLT, 2016"], "Masrour Zoghi": ["Instance-dependent Regret Bounds for Dueling Bandits., COLT, 2016"], "Vladislav Voroninski": ["On the low-rank approach for semidefinite programs arising in synchronization and community detection., COLT, 2016"], "Praneeth Netrapalli": ["Information-theoretic thresholds for community detection in sparse networks., COLT, 2016"], "Ankur Moitra": ["Noisy Tensor Completion via the Sum-of-Squares Hierarchy., COLT, 2016"], "James R. Voss": ["Basis Learning as an Algorithmic Primitive., COLT, 2016"], "Pierre C. Bellec": ["Aggregation of supports along the Lasso path., COLT, 2016"], "Sujay Sanghavi": ["Dropping Convexity for Faster Semi-definite Optimization., COLT, 2016"], "Ronen Eldan": ["Multi-scale exploration of convex functions and bandit convex optimization., COLT, 2016"], "Andrea Locatelli": ["Tight (Lower) Bounds for the Fixed Budget Best Arm Identification Bandit Problem., COLT, 2016"], "Alberto Minora": ["Delay and Cooperation in Nonstochastic Bandits., COLT, 2016"], "Aviad Rubinstein": ["On the Approximability of Sparse PCA., COLT, 2016"], "Jian Li": ["Pure Exploration of Multi-armed Bandit Under Matroid Constraints., COLT, 2016", "Open Problem: Best Arm Identification: Almost Instance-Wise Optimality and the Gap Entropy Conjecture., COLT, 2016"], "Paul Christiano": ["Provably manipulation-resistant reputation systems., COLT, 2016"], "Amnon Shashua": ["On the Expressive Power of Deep Learning: A Tensor Analysis., COLT, 2016"], "Jan Pfeifer": ["A Light Touch for Heavily Constrained SGD., COLT, 2016"], "Zhiwei Steven Wu": ["Adaptive Learning with Robust Generalization Guarantees., COLT, 2016"], "Shai Shalev-Shwartz": ["Complexity Theoretic Limitations on Learning DNF's., COLT, 2016"], "Alistair Stewart": ["Optimal Learning via the Fourier Transform for Sums of Independent Integer Random Variables., COLT, 2016", "Properly Learning Poisson Binomial Distributions in Almost Polynomial Time., COLT, 2016"], "Ahmed El Alaoui": ["Asymptotic behavior of \\(\\ell_p\\)-based Laplacian regularization in semi-supervised learning., COLT, 2016"], "Ohad Shamir": ["The Power of Depth for Feedforward Neural Networks., COLT, 2016"], "Will Perkins": ["Spectral thresholds in the bipartite stochastic block model., COLT, 2016"], "Howard J. Karloff": ["Online Sparse Linear Regression., COLT, 2016"], "Sandra Zilles": ["Preference-based Teaching., COLT, 2016"], "Emilie Kaufmann": ["Optimal Best Arm Identification with Fixed Confidence., COLT, 2016"], "Wouter M. Koolen": ["Maximin Action Identification: A New Bandit Framework for Games., COLT, 2016"], "Jiaming Xu": ["Semidefinite Programs for Exact Recovery of a Hidden Community., COLT, 2016", "Density Evolution in the Degree-correlated Stochastic Block Model., COLT, 2016"], "Yishay Mansour": ["Online Learning with Low Rank Experts., COLT, 2016"], "Jan-Christian H\u00fc": ["Optimal rates for total variation denoising., COLT, 2016"], "Aaron Sidford": ["Streaming PCA: Matching Matrix Bernstein and Near-Optimal Finite Sample Guarantees for Oja's Algorithm., COLT, 2016"], "Wojciech Kotlowski": ["Online Isotonic Regression., COLT, 2016"], "Mehryar Mohri": ["Time series prediction and online learning., COLT, 2016"], "Tor Lattimore": ["Regret Analysis of the Finite-Horizon Gittins Index Strategy for Multi-Armed Bandits., COLT, 2016"], "Benjamin Recht": ["Gradient Descent Only Converges to Minimizers., COLT, 2016", "Best-of-K-bandits., COLT, 2016"], "Aravindan Vijayaraghavan": ["Learning Communities in the Presence of Errors., COLT, 2016"], "Kuang Xu": ["On the capacity of information processing systems., COLT, 2016"], "Tim Roughgarden": ["Learning Simple Auctions., COLT, 2016"], "Santosh Vempala": ["Cortical Computation via Iterative Constructions., COLT, 2016"], "Shivani Agarwal": ["When can we rank well from comparisons of \\(O(n\\log(n))\\) non-actively chosen pairs?, COLT, 2016"], "Andrej Risteski": ["How to calculate partition functions using convex programming hierarchies: provable bounds for variational methods., COLT, 2016"], "Daniel Russo": ["Simple Bayesian Algorithms for Best Arm Identification., COLT, 2016"], "Tom Hess": ["Interactive Algorithms: from Pool to Stream., COLT, 2016"], "Stefan Wager": ["Memory, Communication, and Statistical Queries., COLT, 2016"], "Matus Telgarsky": ["benefits of depth in neural networks., COLT, 2016"], "Ilya Volkovich": ["A Guide to Learning Arithmetic Circuits., COLT, 2016"], "Philippe Rigollet": ["Online learning in repeated auctions., COLT, 2016"], "Kamalika Chaudhuri": ["The Extended Littlestone's Dimension for Learning with Mistakes and Abstentions., COLT, 2016"], "Suvrit Sra": ["First-order Methods for Geodesically Convex Optimization., COLT, 2016"], "S\u00f8ren Hauberg": ["Open Problem: Kernel methods on manifolds and metric spaces. What is the probability of a positive definite geodesic exponential kernel?, COLT, 2016"], "Yoav Freund": ["Open Problem: Second order regret bounds based on scaling time., COLT, 2016"], "Stephen Becker": ["Open Problem: Property Elicitation and Elicitation Complexity., COLT, 2016"], "D\u00e1vid P\u00e1l": ["Open Problem: Parameter-Free and Scale-Free Online Algorithms., COLT, 2016"]}