{"Shie Mannor": ["Preface., COLT, 2012"], "Zohar Shay Karnin": ["Unsupervised SVMs: On the Complexity of the Furthest Hyperplane Problem., COLT, 2012"], "Elad Hazan": ["(weak) Calibration is Computationally Hard., COLT, 2012", "Near-Optimal Algorithms for Online Matrix Prediction., COLT, 2012"], "Maria-Florina Balcan": ["Learning Valuation Functions., COLT, 2012", "Robust Interactive Learning., COLT, 2012", "Distributed Learning, Communication Complexity and Privacy., COLT, 2012"], "Niv Buchbinder": ["Unified Algorithms for Online Learning and Competitive Analysis., COLT, 2012"], "Chao-Kai Chiang": ["Online Optimization with Gradual Variations., COLT, 2012"], "Satyen Kale": ["Commentary on \"Online Optimization with Gradual Variations\"., COLT, 2012"], "Fares Hedayati": ["The Optimality of Jeffreys Prior for Online Density Estimation and the Asymptotic Normality of Maximum Likelihood Estimators., COLT, 2012"], "Peter Gr\u00fcnwald": ["Commentary on \"The Optimality of Jeffreys Prior for Online Density Estimation and the Asymptotic Normality of Maximum Likelihood Estimators\"., COLT, 2012"], "Taiji Suzuki": ["PAC-Bayesian Bound for Gaussian Process Regression and Multiple Kernel Additive Model., COLT, 2012"], "Daniel J. Hsu": ["Random Design Analysis of Ridge Regression., COLT, 2012"], "Mark Rudelson": ["Reconstruction from Anisotropic Random Measurements., COLT, 2012"], "Benjamin Recht": ["Toward a Noncommutative Arithmetic-geometric Mean Inequality: Conjectures, Case-studies, and Consequences., COLT, 2012"], "John C. Duchi": ["Commentary on \"Toward a Noncommutative Arithmetic-geometric Mean Inequality: Conjectures, Case-studies, and Consequences\"., COLT, 2012"], "Adityanand Guntuboyina": ["L1 Covering Numbers for Uniformly Bounded Convex Functions., COLT, 2012"], "Yuyang Wang": ["Generalization Bounds for Online Learning Algorithms with Pairwise Loss Functions., COLT, 2012"], "Rocco A. Servedio": ["Attribute-Efficient Learning and Weight-Degree Tradeoffs for Polynomial Threshold Functions., COLT, 2012"], "Parikshit Gopalan": ["Learning Functions of Halfspaces using Prefix Covers., COLT, 2012"], "Vitaly Feldman": ["Computational Bounds on Statistical Query Learning., COLT, 2012", "Learning DNF Expressions from Fourier Spectrum., COLT, 2012"], "Sanjoy Dasgupta": ["Consistency of Nearest Neighbor Classification under Selective Sampling., COLT, 2012"], "Nir Ailon": ["Active Learning Using Smooth Relative Regret Approximations with Applications., COLT, 2012"], "Mesrob I. Ohannessian": ["Rare Probability Estimation under Regularly Varying Heavy Tails., COLT, 2012"], "Jayadev Acharya": ["Competitive Classification and Closeness Testing., COLT, 2012"], "Magalie Fromont": ["Kernels Based Tests with Non-asymptotic Bootstrap Approaches for Two-sample Problems., COLT, 2012"], "Prateek Jain": ["Differentially Private Online Learning., COLT, 2012"], "Daniel Kifer": ["Private Convex Optimization for Empirical Risk Minimization with Applications to High-dimensional Regression., COLT, 2012"], "Jacob D. Abernethy": ["A Characterization of Scoring Rules for Linear Properties., COLT, 2012"], "Dario Garc\u00eda-Garc\u00eda": ["Divergences and Risks for Multiclass Experiments., COLT, 2012"], "Takafumi Kanamori": ["A Conjugate Property between Loss Functions and Uncertainty Sets in Classification Problems., COLT, 2012"], "David P. Helmbold": ["New Bounds for Learning Intervals with Implications for Semi-Supervised Learning., COLT, 2012"], "Lisa Hellerstein": ["Tight Bounds on Proper Equivalence Query Learning of DNF., COLT, 2012"], "Nakul Verma": ["Distance Preserving Embeddings for General n-Dimensional Manifolds., COLT, 2012"], "Animashree Anandkumar": ["A Method of Moments for Mixture Models and Hidden Markov Models., COLT, 2012"], "Nicol\u00f2 Cesa-Bianchi": ["A Correlation Clustering Approach to Link Classification in Signed Networks., COLT, 2012"], "Kamalika Chaudhuri": ["Spectral Clustering of Graphs with General Degrees in the Extended Planted Partition Model., COLT, 2012"], "Mikhail Belkin": ["Toward Understanding Complex Spaces: Graph Laplacians on Manifolds with Singularities and Boundaries., COLT, 2012"], "Daniel A. Spielman": ["Exact Recovery of Sparsely-Used Dictionaries., COLT, 2012"], "Rina Foygel": ["Commentary on \"Near-Optimal Algorithms for Online Matrix Prediction\"., COLT, 2012"], "Shipra Agrawal": ["Analysis of Thompson Sampling for the Multi-armed Bandit Problem., COLT, 2012"], "Shiau Hong Lim": ["Autonomous Exploration For Navigating In MDPs., COLT, 2012"], "S\u00e9bastien Bubeck": ["Towards Minimax Policies for Online Linear Optimization with Bandit Feedback., COLT, 2012", "The Best of Both Worlds: Stochastic and Adversarial Bandits., COLT, 2012"], "Lihong Li": ["Open Problem: Regret Bounds for Thompson Sampling., COLT, 2012"], "H. Brendan McMahan": ["Open Problem: Better Bounds for Online Logistic Regression., COLT, 2012"], "Jan Ramon": ["Open Problem: Learning Dynamic Network Models from a Static Snapshot., COLT, 2012"], "Cynthia Rudin": ["Open Problem: Does AdaBoost Always Cycle?, COLT, 2012"], "Ohad Shamir": ["Open Problem: Is Averaging Needed for Strongly Convex Stochastic Gradient Descent?, COLT, 2012"]}