{"Shahar Mendelson": ["Agnostic Learning Nonconvex Function Classes., COLT, 2002", "Entropy, Combinatorial Dimensions and Random Averages., COLT, 2002", "Geometric Parameters of Kernel Machines., COLT, 2002", "Localized Rademacher Complexities., COLT, 2002"], "Robert C. Williamson": ["Agnostic Learning Nonconvex Function Classes., COLT, 2002"], "Roman Vershynin": ["Entropy, Combinatorial Dimensions and Random Averages., COLT, 2002"], "Peter L. Bartlett": ["Localized Rademacher Complexities., COLT, 2002"], "Olivier Bousquet": ["Localized Rademacher Complexities., COLT, 2002", "Some Local Measures of Complexity of Convex Hulls and Generalization Bounds., COLT, 2002"], "Vladimir Koltchinskii": ["Some Local Measures of Complexity of Convex Hulls and Generalization Bounds., COLT, 2002"], "Dmitriy Panchenko": ["Some Local Measures of Complexity of Convex Hulls and Generalization Bounds., COLT, 2002"], "Eiji Takimoto": ["Path Kernels and Multiplicative Updates., COLT, 2002"], "Manfred K. Warmuth": ["Path Kernels and Multiplicative Updates., COLT, 2002", "Maximizing the Margin with Boosting., COLT, 2002"], "Michael V. Vyugin": ["Predictive Complexity and Information., COLT, 2002", "Mixability and the Existence of Weak Complexities., COLT, 2002"], "Vladimir V. V'yugin": ["Predictive Complexity and Information., COLT, 2002"], "Yuri Kalnishkan": ["Mixability and the Existence of Weak Complexities., COLT, 2002"], "Nicol\u00f2 Cesa-Bianchi": ["A Second-Order Perceptron Algorithm., COLT, 2002"], "Alex Conconi": ["A Second-Order Perceptron Algorithm., COLT, 2002"], "Claudio Gentile": ["A Second-Order Perceptron Algorithm., COLT, 2002"], "Chris Mesterharm": ["Tracking Linear-Threshold Concepts with Winnow., COLT, 2002"], "Henning Fernau": ["Learning Tree Languages from Text., COLT, 2002"], "Yusuke Suzuki": ["Polynomial Time Inductive Inference of Ordered Tree Patterns with Internal Structured Variables from Positive Data., COLT, 2002"], "Ryuta Akanuma": ["Polynomial Time Inductive Inference of Ordered Tree Patterns with Internal Structured Variables from Positive Data., COLT, 2002"], "Takayoshi Shoudai": ["Polynomial Time Inductive Inference of Ordered Tree Patterns with Internal Structured Variables from Positive Data., COLT, 2002"], "Tetsuhiro Miyahara": ["Polynomial Time Inductive Inference of Ordered Tree Patterns with Internal Structured Variables from Positive Data., COLT, 2002"], "Tomoyuki Uchida": ["Polynomial Time Inductive Inference of Ordered Tree Patterns with Internal Structured Variables from Positive Data., COLT, 2002"], "Colin de la Higuera": ["Inferring Deterministic Linear Languages., COLT, 2002"], "Jos\u00e9 Oncina": ["Inferring Deterministic Linear Languages., COLT, 2002"], "Sandra Zilles": ["Merging Uniform Inductive Learners., COLT, 2002"], "J\u00fcrgen Schmidhuber": ["The Speed Prior: A New Simplicity Measure Yielding Near-Optimal Computable Predictions., COLT, 2002"], "Ke Yang": ["New Lower Bounds for Statistical Query Learning., COLT, 2002"], "Nader H. Bshouty": ["Exploring Learnability between Exact and PAC., COLT, 2002", "Bounds for the Minimum Disagreement Problem with Applications to Learning Theory., COLT, 2002", "On the Proper Learning of Axis Parallel Concepts., COLT, 2002"], "Jeffrey C. Jackson": ["Exploring Learnability between Exact and PAC., COLT, 2002"], "Christino Tamon": ["Exploring Learnability between Exact and PAC., COLT, 2002"], "Eyal Even-Dar": ["PAC Bounds for Multi-armed Bandit and Markov Decision Processes., COLT, 2002"], "Shie Mannor": ["PAC Bounds for Multi-armed Bandit and Markov Decision Processes., COLT, 2002", "The Consistency of Greedy Algorithms for Classification., COLT, 2002"], "Yishay Mansour": ["PAC Bounds for Multi-armed Bandit and Markov Decision Processes., COLT, 2002"], "Lynn Burroughs": ["Bounds for the Minimum Disagreement Problem with Applications to Learning Theory., COLT, 2002", "On the Proper Learning of Axis Parallel Concepts., COLT, 2002"], "G\u00e1bor Lugosi": ["A Consistent Strategy for Boosting Algorithms., COLT, 2002"], "Nicolas Vayatis": ["A Consistent Strategy for Boosting Algorithms., COLT, 2002"], "Ron Meir": ["The Consistency of Greedy Algorithms for Classification., COLT, 2002"], "Tong Zhang": ["The Consistency of Greedy Algorithms for Classification., COLT, 2002"], "Gunnar R\u00e4tsch": ["Maximizing the Margin with Boosting., COLT, 2002"], "Sanjoy Dasgupta": ["Performance Guarantees for Hierarchical Clustering., COLT, 2002"], "Marcus Hutter": ["Self-Optimizing and Pareto-Optimal Policies in General Environments Based on Bayes-Mixtures., COLT, 2002"], "Lance Fortnow": ["Prediction and Dimension., COLT, 2002"], "Jack H. Lutz": ["Prediction and Dimension., COLT, 2002"], "Christos H. Papadimitriou": ["Learning the Internet., COLT, 2002"]}