{"Stephen Muggleton": ["Bayesian Inductive Logic Programming., COLT, 1994"], "Fernando C. N. Pereira": ["Frequencies vs Biases: Machine Learning Problems in Natural Language Processing (Extended Abstract)., COLT, 1994"], "Michael I. Jordan": ["A Statistical Approach to Decision Tree Modeling., COLT, 1994"], "Leonard Pitt": ["CLASSIC Learning., COLT, 1994", "Learning from a Consistently Ignorant Teacher., COLT, 1994"], "Naftali Tishby": ["Learning Probabilistic Automata with Variable Memory Length., COLT, 1994", "Rigorous Learning Curve Bounds from Statistical Mechanics., COLT, 1994"], "Eduardo D. Sontag": ["On a Learnability Question Associated to Neural Networks with Continuous Activations (Extended Abstract)., COLT, 1994"], "Martins Krikis": ["Learning with Malicious Membership Queries and Exceptions (Extended Abstract)., COLT, 1994"], "Wolfgang Maass": ["Efficient Agnostic PAC-Learning with Simple Hypothesis., COLT, 1994"], "Claude-Nicolas Fiechter": ["Efficient Reinforcement Learning., COLT, 1994"], "V. G. Vovk": ["An Optimal-Control Application of Two Paradigms of On-Line Learning., COLT, 1994"], "Dan Roth": ["On Learning Read-k-Satisfy-j DNF., COLT, 1994"], "Vijay Raghavan": ["On the Limits of Proper Learnability of Subclasses of DNF Formulas., COLT, 1994"], "Christino Tamon": ["Oracles and Queries that are Sufficient for Exact Learning (Extended Abstract)., COLT, 1994"], "Andrey Burago": ["Learning Structurally Reversible Context-Free Grammars from Queries and Counterexamples in Polynomial Time., COLT, 1994"], "Michael Sipser": ["Inference and Minimization of Hidden Markov Chains., COLT, 1994"], "Barak A. Pearlmutter": ["Playing the Matching-Shoulders Lob-Pass Game with Logarithmic Regret., COLT, 1994"], "Akira Maruoka": ["Learning Monotone Log-Term DNF Formulas., COLT, 1994"], "Kenji Yamanishi": ["The Minimum L-Complexity Algorithm and its Applications to Learning Non-Parametric Rules., COLT, 1994"], "Thomas H. Chung": ["Approximate Methods for Sequential Decision Making Using Expert Advice., COLT, 1994"], "Carl H. Smith": ["Co-Learning of Total Recursive Functions., COLT, 1994"], "H. David Mathias": ["Learning Unions of Boxes with Membership and Equivalence Queries., COLT, 1994"], "Osamu Watanabe": ["An Optimal Parallel Algorithm for Learning DFA., COLT, 1994"], "Steven Homer": ["On Learning Counting Functions with Queries., COLT, 1994"], "Tibor Heged\u00fcs": ["Geometrical Concept Learning and Convex Polytopes., COLT, 1994"], "Gy\u00f6rgy Tur\u00e1n": ["Learning with Queries but Incomplete Information (Extended Abstract)., COLT, 1994"], "Sally A. Goldman": ["Learning One-Dimensional Geometric Patterns Under One-Sided Random Misclassification Noise., COLT, 1994"], "Steffen Lange": ["The Representation of Recursive Languages and Its Impact on the Efficiency of Learning., COLT, 1994"], "Martin Kummer": ["The Strength of Noninclusions for Teams of Finite Learners (Extended Abstract)., COLT, 1994"], "Arun Sharma": ["On the Intrinsic Complexity of Language Identification., COLT, 1994"], "Frank Stephan": ["Inclusion Problems in Parallel Learning and Games (Extended Abstract)., COLT, 1994"], "Robert C. Williamson": ["Fat-Shattering and the Learnability of Real-Valued Functions., COLT, 1994", "Lower Bounds on the VC-Dimension of Smoothly Parametrized Function Classes., COLT, 1994"], "Nader H. Bshouty": ["On Learning Arithmetic Read-Once Formulas with Exponentiation (Extended Abstract)., COLT, 1994"], "Klaus-Uwe H\u00f6ffgen": ["Exploiting Random Walks for Learning., COLT, 1994"], "Tom Bylander": ["Learning Linear Threshold Functions in the Presence of Classification Noise., COLT, 1994"], "Pascal Koiran": ["Efficient Learning of Continuous Neural Networks., COLT, 1994"], "Jong-Hoon Oh": ["Generalization in Partially Connected Layered Neural Networks., COLT, 1994"]}