{"Stephen Muggleton": ["Bayesian Inductive Logic Programming., COLT, 1994"], "Fernando C. N. Pereira": ["Frequencies vs Biases: Machine Learning Problems in Natural Language Processing (Extended Abstract)., COLT, 1994"], "Michael I. Jordan": ["A Statistical Approach to Decision Tree Modeling., COLT, 1994"], "Michael Frazier": ["CLASSIC Learning., COLT, 1994", "Learning from a Consistently Ignorant Teacher., COLT, 1994"], "Dana Ron": ["Learning Probabilistic Automata with Variable Memory Length., COLT, 1994"], "Bhaskar DasGupta": ["On a Learnability Question Associated to Neural Networks with Continuous Activations (Extended Abstract)., COLT, 1994"], "Dana Angluin": ["Learning with Malicious Membership Queries and Exceptions (Extended Abstract)., COLT, 1994"], "Wolfgang Maass": ["Efficient Agnostic PAC-Learning with Simple Hypothesis., COLT, 1994"], "David Haussler": ["Rigorous Learning Curve Bounds from Statistical Mechanics., COLT, 1994"], "Claude-Nicolas Fiechter": ["Efficient Reinforcement Learning., COLT, 1994"], "V. G. Vovk": ["An Optimal-Control Application of Two Paradigms of On-Line Learning., COLT, 1994"], "Avrim Blum": ["On Learning Read-k-Satisfy-j DNF., COLT, 1994"], "Krishnan Pillaipakkamnatt": ["On the Limits of Proper Learnability of Subclasses of DNF Formulas., COLT, 1994"], "Nader H. Bshouty": ["Oracles and Queries that are Sufficient for Exact Learning (Extended Abstract)., COLT, 1994"], "Andrey Burago": ["Learning Structurally Reversible Context-Free Grammars from Queries and Counterexamples in Polynomial Time., COLT, 1994"], "David Gillman": ["Inference and Minimization of Hidden Markov Chains., COLT, 1994"], "Joe Kilian": ["Playing the Matching-Shoulders Lob-Pass Game with Logarithmic Regret., COLT, 1994"], "Yoshifumi Sakai": ["Learning Monotone Log-Term DNF Formulas., COLT, 1994"], "Kenji Yamanishi": ["The Minimum L-Complexity Algorithm and its Applications to Learning Non-Parametric Rules., COLT, 1994"], "Thomas H. Chung": ["Approximate Methods for Sequential Decision Making Using Expert Advice., COLT, 1994"], "Rusins Freivalds": ["Co-Learning of Total Recursive Functions., COLT, 1994"], "Paul W. Goldberg": ["Learning Unions of Boxes with Membership and Equivalence Queries., COLT, 1994", "Learning One-Dimensional Geometric Patterns Under One-Sided Random Misclassification Noise., COLT, 1994"], "Jos\u00e9 L. Balc\u00e1zar": ["An Optimal Parallel Algorithm for Learning DFA., COLT, 1994"], "Zhixiang Chen": ["On Learning Counting Functions with Queries., COLT, 1994"], "Tibor Heged\u00fcs": ["Geometrical Concept Learning and Convex Polytopes., COLT, 1994"], "Robert H. Sloan": ["Learning with Queries but Incomplete Information (Extended Abstract)., COLT, 1994"], "Steffen Lange": ["The Representation of Recursive Languages and Its Impact on the Efficiency of Learning., COLT, 1994"], "Martin Kummer": ["The Strength of Noninclusions for Teams of Finite Learners (Extended Abstract)., COLT, 1994", "Inclusion Problems in Parallel Learning and Games (Extended Abstract)., COLT, 1994"], "Sanjay Jain": ["On the Intrinsic Complexity of Language Identification., COLT, 1994"], "Peter L. Bartlett": ["Fat-Shattering and the Learnability of Real-Valued Functions., COLT, 1994", "Exploiting Random Walks for Learning., COLT, 1994"], "Daoud Bshouty": ["On Learning Arithmetic Read-Once Formulas with Exponentiation (Extended Abstract)., COLT, 1994"], "Tom Bylander": ["Learning Linear Threshold Functions in the Presence of Classification Noise., COLT, 1994"], "Pascal Koiran": ["Efficient Learning of Continuous Neural Networks., COLT, 1994"], "Kyung-Hoon Kwon": ["Generalization in Partially Connected Layered Neural Networks., COLT, 1994"], "Wee Sun Lee": ["Lower Bounds on the VC-Dimension of Smoothly Parametrized Function Classes., COLT, 1994"]}