{"Nathan Srebro": ["Preface., COLT, 2012"], "Omri Weinstein": ["Unsupervised SVMs: On the Complexity of the Furthest Hyperplane Problem., COLT, 2012"], "Sham M. Kakade": ["(weak) Calibration is Computationally Hard., COLT, 2012", "A Method of Moments for Mixture Models and Hidden Markov Models., COLT, 2012", "Towards Minimax Policies for Online Linear Optimization with Bandit Feedback., COLT, 2012"], "Lei Wang": ["Learning Valuation Functions., COLT, 2012"], "Ohad Shamir": ["Unified Algorithms for Online Learning and Competitive Analysis., COLT, 2012", "Open Problem: Is Averaging Needed for Strongly Convex Stochastic Gradient Descent?, COLT, 2012"], "Shenghuo Zhu": ["Online Optimization with Gradual Variations., COLT, 2012"], "Satyen Kale": ["Commentary on \"Online Optimization with Gradual Variations\"., COLT, 2012"], "Peter L. Bartlett": ["The Optimality of Jeffreys Prior for Online Density Estimation and the Asymptotic Normality of Maximum Likelihood Estimators., COLT, 2012"], "Peter Gr\u00fcnwald": ["Commentary on \"The Optimality of Jeffreys Prior for Online Density Estimation and the Asymptotic Normality of Maximum Likelihood Estimators\"., COLT, 2012"], "Taiji Suzuki": ["PAC-Bayesian Bound for Gaussian Process Regression and Multiple Kernel Additive Model., COLT, 2012", "A Conjugate Property between Loss Functions and Uncertainty Sets in Classification Problems., COLT, 2012"], "Tong Zhang": ["Random Design Analysis of Ridge Regression., COLT, 2012"], "Shuheng Zhou": ["Reconstruction from Anisotropic Random Measurements., COLT, 2012"], "Christopher R\u00e9": ["Toward a Noncommutative Arithmetic-geometric Mean Inequality: Conjectures, Case-studies, and Consequences., COLT, 2012"], "John C. Duchi": ["Commentary on \"Toward a Noncommutative Arithmetic-geometric Mean Inequality: Conjectures, Case-studies, and Consequences\"., COLT, 2012"], "Bodhisattva Sen": ["L1 Covering Numbers for Uniformly Bounded Convex Functions., COLT, 2012"], "Rosie Jones": ["Generalization Bounds for Online Learning Algorithms with Pairwise Loss Functions., COLT, 2012"], "Justin Thaler": ["Attribute-Efficient Learning and Weight-Degree Tradeoffs for Polynomial Threshold Functions., COLT, 2012"], "Raghu Meka": ["Learning Functions of Halfspaces using Prefix Covers., COLT, 2012"], "Varun Kanade": ["Computational Bounds on Statistical Query Learning., COLT, 2012"], "Vitaly Feldman": ["Learning DNF Expressions from Fourier Spectrum., COLT, 2012"], "Sanjoy Dasgupta": ["Consistency of Nearest Neighbor Classification under Selective Sampling., COLT, 2012"], "Esther Ezra": ["Active Learning Using Smooth Relative Regret Approximations with Applications., COLT, 2012"], "Steve Hanneke": ["Robust Interactive Learning., COLT, 2012"], "Munther A. Dahleh": ["Rare Probability Estimation under Regularly Varying Heavy Tails., COLT, 2012"], "Ananda Theertha Suresh": ["Competitive Classification and Closeness Testing., COLT, 2012"], "Patricia Reynaud-Bouret": ["Kernels Based Tests with Non-asymptotic Bootstrap Approaches for Two-sample Problems., COLT, 2012"], "Abhradeep Thakurta": ["Differentially Private Online Learning., COLT, 2012", "Private Convex Optimization for Empirical Risk Minimization with Applications to High-dimensional Regression., COLT, 2012"], "Yishay Mansour": ["Distributed Learning, Communication Complexity and Privacy., COLT, 2012"], "Rafael M. Frongillo": ["A Characterization of Scoring Rules for Linear Properties., COLT, 2012"], "Robert C. Williamson": ["Divergences and Risks for Multiclass Experiments., COLT, 2012"], "Philip M. Long": ["New Bounds for Learning Intervals with Implications for Semi-Supervised Learning., COLT, 2012"], "Rocco A. Servedio": ["Tight Bounds on Proper Equivalence Query Learning of DNF., COLT, 2012"], "Nakul Verma": ["Distance Preserving Embeddings for General n-Dimensional Manifolds., COLT, 2012"], "Giovanni Zappella": ["A Correlation Clustering Approach to Link Classification in Signed Networks., COLT, 2012"], "Alexander Tsiatas": ["Spectral Clustering of Graphs with General Degrees in the Extended Planted Partition Model., COLT, 2012"], "Xueyuan Zhou": ["Toward Understanding Complex Spaces: Graph Laplacians on Manifolds with Singularities and Boundaries., COLT, 2012"], "John Wright": ["Exact Recovery of Sparsely-Used Dictionaries., COLT, 2012"], "Shai Shalev-Shwartz": ["Near-Optimal Algorithms for Online Matrix Prediction., COLT, 2012"], "Rina Foygel": ["Commentary on \"Near-Optimal Algorithms for Online Matrix Prediction\"., COLT, 2012"], "Navin Goyal": ["Analysis of Thompson Sampling for the Multi-armed Bandit Problem., COLT, 2012"], "Peter Auer": ["Autonomous Exploration For Navigating In MDPs., COLT, 2012"], "Aleksandrs Slivkins": ["The Best of Both Worlds: Stochastic and Adversarial Bandits., COLT, 2012"], "Olivier Chapelle": ["Open Problem: Regret Bounds for Thompson Sampling., COLT, 2012"], "Matthew J. Streeter": ["Open Problem: Better Bounds for Online Logistic Regression., COLT, 2012"], "Constantin Comendant": ["Open Problem: Learning Dynamic Network Models from a Static Snapshot., COLT, 2012"], "Ingrid Daubechies": ["Open Problem: Does AdaBoost Always Cycle?, COLT, 2012"]}