{"David A. McAllester": ["On the Convergence Rate of Good-Turing Estimators., COLT, 2000"], "Jeffrey C. Jackson": ["On the Efficiency of Noise-Tolerant PAC Algorithms Derived from Statistical Queries., COLT, 2000"], "Dinesh P. Mehta": ["Decision Tree Approximations of Boolean Functions., COLT, 2000"], "John Langford": ["Computable Shell Decomposition Bounds., COLT, 2000"], "Koby Crammer": ["On the Learnability and Design of Output Codes for Multiclass Problems., COLT, 2000"], "Sanjay Jain": ["Language Learning From Texts: Degrees of Instrinsic Complexity and Their Characterizations., COLT, 2000"], "Frank Stephan": ["Average-Case Complexity of Learning Polynomials., COLT, 2000"], "Yishay Mansour": ["Generalization Bounds for Decision Trees., COLT, 2000", "Boosting Using Branching Programs., COLT, 2000"], "Nicolas Vayatis": ["The Role of Critical Sets in Vapnik-Chervonenkis Theory., COLT, 2000"], "Shahar Mendelson": ["Statistical Sufficiency for Classes in Empirical L2 Spaces., COLT, 2000"], "J\u00fcrgen Forster": ["Relative Expected Instantaneous Loss Bounds., COLT, 2000"], "Eiji Takimoto": ["The Minimax Strategy for Gaussian Density Estimation. pp., COLT, 2000"], "Peter Auer": ["Adaptive and Self-Confident On-Line Learning Algorithms., COLT, 2000", "An Improved On-line Algorithm for Learning Linear Evaluation Functions., COLT, 2000"], "Yoav Freund": ["Continuous Drifting Games., COLT, 2000"], "Peter L. Bartlett": ["Estimation and Approximation Bounds for Gradient-Based Reinforcement Learning., COLT, 2000", "Model Selection and Error Estimation., COLT, 2000"], "Michael J. Kearns": ["Bias-Variance Error Bounds for Temporal Difference Updates., COLT, 2000"], "Rocco A. Servedio": ["PAC Analogues of Perceptron and Winnow via Boosting the Margin., COLT, 2000"], "Michael Collins": ["Logistic Regression, AdaBoost and Bregman Distances., COLT, 2000"], "Gunnar R\u00e4tsch": ["Barrier Boosting., COLT, 2000"], "Carlos Domingo": ["MadaBoost: A Modification of AdaBoost., COLT, 2000"], "Ron Meir": ["Localized Boosting., COLT, 2000"], "Javed A. Aslam": ["Improving Algorithms for Boosting., COLT, 2000"], "Nigel Duffy": ["Leveraging for Regression., COLT, 2000"], "Paul W. Goldberg": ["The Precision of Query Points as a Resource for Learning Convex Polytopes with Membership Queries., COLT, 2000"], "Judy Goldsmith": ["Improved Algorithms for Theory Revision with Queries., COLT, 2000"], "Jos\u00e9 L. Balc\u00e1zar": ["Abstract Combinatorial Characterizations of Exact Learning via Queries., COLT, 2000"], "Shai Ben-David": ["The Computational Complexity of Densest Region Detection., COLT, 2000", "On the Difficulty of Approximately Maximizing Agreements., COLT, 2000"], "Christian Kuhlmann": ["Hardness Results for General Two-Layer Neural Networks., COLT, 2000"], "Thore Graepel": ["Generalisation Error Bounds for Sparse Linear Classifiers., COLT, 2000"], "Ralf Herbrich": ["Sparsity vs. Large Margins for Linear Classifiers., COLT, 2000"], "Robert C. Williamson": ["Entropy Numbers of Linear Function Classes., COLT, 2000"]}