{"Claude Cr\u00e9peau": ["Weakening Security Assumptions and Oblivious Transfer (Abstract)., CRYPTO, 1988"], "Russell Impagliazzo": ["Limits on the Provable Consequences of One-way Permutations., CRYPTO, 1988"], "Josh Cohen Benaloh": ["Generalized Secret Sharing and Monotone Functions., CRYPTO, 1988"], "Michael Ben-Or": ["Everything Provable is Provable in Zero-Knowledge., CRYPTO, 1988"], "Oded Goldreich": ["A Perfect Zero-Knowledge Proof for a Problem Equivalent to Discrete Logarithm., CRYPTO, 1988", "On the Existence of Pseudorandom Generators., CRYPTO, 1988"], "Cynthia Dwork": ["Zero-Knowledge With Finite State Verifiers., CRYPTO, 1988"], "Eric Bach": ["Intractable Problems in Number Theory., CRYPTO, 1988"], "Neal Koblitz": ["A Family of Jacobians Suitable for Discrete Log Cryptosystems., CRYPTO, 1988"], "Marc Girault": ["Computation of Approximate L-th Roots Modulo n and Application to Cryptography., CRYPTO, 1988"], "Johan van Tilburg": ["On the McEliece Public-Key Cryptosystem., CRYPTO, 1988"], "Michael Lucks": ["A Constraint Satisfaction Algorithm for the Automated Decryption of Simple Substitution Ciphers., CRYPTO, 1988"], "Ivan Damg\u00e5rd": ["On the Randomness of Legendre and Jacobi Sequences., CRYPTO, 1988", "Payment Systems and Credential Mechanisms with Provable Security Against Abuse by Individuals., CRYPTO, 1988"], "Silvio Micali": ["Efficient, Perfect Random Number Generators., CRYPTO, 1988", "An Improvement of the Fiat-Shamir Identification and Signature Scheme., CRYPTO, 1988"], "Mihir Bellare": ["How To Sign Given Any Trapdoor Function., CRYPTO, 1988"], "Louis C. Guillou": ["A \"Paradoxical\" Indentity-Based Signature Scheme Resulting from Zero-Knowledge., CRYPTO, 1988"], "Kazuo Ohta": ["A Modification of the Fiat-Shamir Scheme., CRYPTO, 1988"], "Charles Rackoff": ["A Basic Theory of Public and Private Cryptosystems., CRYPTO, 1988"], "Manuel Blum": ["Proving Security Against Chosen Cyphertext Attacks., CRYPTO, 1988"], "Alfredo De Santis": ["Non-Interactive Zero-Knowledge with Preprocessing., CRYPTO, 1988"], "Uriel Feige": ["The Noisy Oracle Problem., CRYPTO, 1988"], "Mart\u00edn Abadi": ["On Generating Solved Instances of Computational Problems., CRYPTO, 1988"], "Marijke De Soete": ["Bounds and Constructions for Authentication-Secrecy Codes with Splitting., CRYPTO, 1988"], "David Chaum": ["Untraceable Electronic Cash., CRYPTO, 1988"], "Ming-Deh A. Huang": ["A Universal Problem in Secure and Verifiable Distributed Computation., CRYPTO, 1988"], "Leonard M. Adleman": ["An Abstract Theory of Computer Viruses., CRYPTO, 1988"], "Yvo Desmedt": ["Abuses in Cryptography and How to Fight Them., CRYPTO, 1988"], "Gustavus J. Simmons": ["How to (Really) Share a Secret., CRYPTO, 1988"], "R\u00e9jane Forr\u00e9": ["The Strict Avalanche Criterion: Spectral Properties of Boolean Functions and an Extended Definition., CRYPTO, 1988"], "Kencheng Zeng": ["On the Linear Syndrome Method in Cryptanalysis., CRYPTO, 1988"], "Richard T. C. Kwok": ["Aperiodic Linear Complexities of de Bruijn Sequences., CRYPTO, 1988"], "J. R. Sherwood": ["The Application of Smart Cards for RSA Digital Signatures in a Network Comprising both Interactive and Store-and-Foreward Facilities., CRYPTO, 1988"], "Tsutomu Matsumoto": ["Speeding Up Secret Computations with Insecure Auxiliary Devices., CRYPTO, 1988"], "B. J. Herbison": ["Developing Ethernet Enhanced-Security System., CRYPTO, 1988"], "David G. Steer": ["A Secure Audio Teleconference System., CRYPTO, 1988"], "Bert den Boer": ["Diffie-Hillman is as Strong as Discrete Log for Certain Primes., CRYPTO, 1988"], "Tzonelih Hwang": ["Secret Error-Correcting Codes (SECC)., CRYPTO, 1988"], "Ernest F. Brickell": ["The Detection of Cheaters in Threshold Schemes., CRYPTO, 1988"], "Stuart A. Kurtz": ["On the Power of 1-way Functions (Abstract)., CRYPTO, 1988"], "Gilles Brassard": ["\"Practical IP\" <= MA., CRYPTO, 1988"], "J\u00f8rgen Brandt": ["Zero-Knowledge Authentication Scheme with Secret Key Exchange (Extended Abstract)., CRYPTO, 1988"]}