{"Adi Shamir": ["The Generation of Cryptographically Strong Pseudo-Random Sequences., CRYPTO, 1981"], "Martin E. Hellman": ["On the Necessity of Exhaustive Search for System-Invariant Cryptanalysis., CRYPTO, 1981", "Time-Memory-Processor Tradeoffs., CRYPTO, 1981"], "Ehud D. Karnin": ["On the Necessity of Exhaustive Search for System-Invariant Cryptanalysis., CRYPTO, 1981", "A Polynomial Time Solution for Compact Knapsacks., CRYPTO, 1981"], "Justin M. Reyneri": ["On the Necessity of Exhaustive Search for System-Invariant Cryptanalysis., CRYPTO, 1981", "A Polynomial Time Solution for Compact Knapsacks., CRYPTO, 1981"], "Hamid R. Amirazizi": ["Time-Memory-Processor Tradeoffs., CRYPTO, 1981", "A Polynomial Time Solution for Compact Knapsacks., CRYPTO, 1981"], "Leonard M. Adleman": ["Primality Testing., CRYPTO, 1981"], "Manuel Blum": ["Coin Flipping by Telephone., CRYPTO, 1981"], "Paul S. Henry": ["High-Speed Hardware Implementation of the Knapsack Cipher., CRYPTO, 1981"], "R. D. Nash": ["High-Speed Hardware Implementation of the Knapsack Cipher., CRYPTO, 1981"], "Ingemar Ingemarsson": ["Some Comments on the Knapsack Problem., CRYPTO, 1981"], "John P. Jordan": ["Variant of a Public Key Cryptosystem Based on Goppa Codes., CRYPTO, 1981"], "Gustavus J. Simmons": ["A System for Point-of-Sale or Access User Authentication and Identification., CRYPTO, 1981", "Software Protection Using \"Communal Key Cryptosystems\"., CRYPTO, 1981"], "Alan G. Konheim": ["One-way Sequence for Transaction Verification., CRYPTO, 1981"], "Miles E. Smid": ["DES '81: An Update., CRYPTO, 1981"], "Donald W. Davies": ["Some Regular Properties of the DES., CRYPTO, 1981"], "Don R. Morrison": ["Subtractive Encryptors - Alternatives to the DES., CRYPTO, 1981"], "J. A. Gordon": ["Towards a Design Procedure for Cryptosecure Substitution Boxes., CRYPTO, 1981"], "Gilles Brassard": ["An Optimally Secure Relativized Cryptosystem., CRYPTO, 1981"], "Subhash C. Kak": ["Scrambling and Randomization., CRYPTO, 1981"], "Brian P. Schanning": ["Memo: A Hybrid Approach to Encrypted Electronic Mail., CRYPTO, 1981"], "J. Kowalchuk": ["Memo: A Hybrid Approach to Encrypted Electronic Mail., CRYPTO, 1981"], "Henk Meijer": ["Digital Signature Scheme for Computer Communication Networks., CRYPTO, 1981"], "Selim G. Akl": ["Digital Signature Scheme for Computer Communication Networks., CRYPTO, 1981"], "Richard A. DeMillo": ["The Design and Analysis of Cryptographic Protocols., CRYPTO, 1981"], "Nancy A. Lynch": ["The Design and Analysis of Cryptographic Protocols., CRYPTO, 1981"], "Michael Merritt": ["The Design and Analysis of Cryptographic Protocols., CRYPTO, 1981"], "Thomas A. Berson": ["Local Network Cryptosystem Architecture., CRYPTO, 1981"], "George B. Purdy": ["Software Protection Using \"Communal Key Cryptosystems\"., CRYPTO, 1981"], "James Studier": ["Software Protection Using \"Communal Key Cryptosystems\"., CRYPTO, 1981"], "Stephen T. Kent": ["Some Cryptographic Techniques for File Protection., CRYPTO, 1981"], "Sig Porter": ["A Password Extension for Improved Human Factors., CRYPTO, 1981"], "G. R. Blakley": ["Key Management from a Security Viewpoint., CRYPTO, 1981"], "Y. Alfred Lau": ["Implementation of a Hybrid {RSA/DES} Key Management System., CRYPTO, 1981"], "Tom McPherson": ["Implementation of a Hybrid {RSA/DES} Key Management System., CRYPTO, 1981"], "Whitfield Diffie": ["Cryptography, the Next Two Decades., CRYPTO, 1981", "National Security and Commercial Security: Division of Responsibility., CRYPTO, 1981"], "Stephen B. Weinstein": ["Security Mechanisms in Electronic Cards., CRYPTO, 1981"], "J. Michael Nye": ["Current Market: Products, Costs, Trends., CRYPTO, 1981", "The Import/Export Dilemma., CRYPTO, 1981"], "Lin-Shan Lee": ["Results on Sampling-based Scrambling for Secure Speech Communication., CRYPTO, 1981"], "Ger-Chih Chou": ["Results on Sampling-based Scrambling for Secure Speech Communication., CRYPTO, 1981"], "Aaron D. Wyner": ["Some Thoughts on Speech Encryption., CRYPTO, 1981"], "H. J. Beker": ["Nonlinear Feedback Shift Register Sequences., CRYPTO, 1981"], "Albert L. Lang": ["Evaluating Relative Security of Commercial ComSec Devices., CRYPTO, 1981"], "Janet T. Vasek": ["Evaluating Relative Security of Commercial ComSec Devices., CRYPTO, 1981"], "Morrie Gasser": ["Limitations on the Use of Encryption to Enforce Mandatory Security., CRYPTO, 1981"], "David Chaum": ["Verification by Anonymous Monitors., CRYPTO, 1981"], "Ernst Henze": ["A General Public Key System., CRYPTO, 1981"], "Tore Herlestam": ["Discussion of Adleman's Subexponential Algorithm for Computing Discrete Logarithms., CRYPTO, 1981"], "Shimon Even": ["Protocol for Signing Contracts., CRYPTO, 1981"], "Melville Klein": ["National Security and Commercial Security: Division of Responsibility., CRYPTO, 1981"], "Michael L. Dertouzos": ["National Security and Commercial Security: Division of Responsibility., CRYPTO, 1981"], "Andrew Gleason": ["National Security and Commercial Security: Division of Responsibility., CRYPTO, 1981"], "Dean Smith": ["National Security and Commercial Security: Division of Responsibility., CRYPTO, 1981"]}