{"Martin E. Hellman": ["Fast Computation of Discrete Logarithms in GF(q)., CRYPTO, 1982", "Drainage and the DES., CRYPTO, 1982"], "Justin M. Reyneri": ["Fast Computation of Discrete Logarithms in GF(q)., CRYPTO, 1982", "Drainage and the DES., CRYPTO, 1982"], "Ernest F. Brickell": ["Some Remarks on the Herlestam-Johannesson Algorithm for Computing Logarithms over GF(2p)., CRYPTO, 1982", "A Fast Modular Multiplication Algorithm With Application To Two Key Cryptography., CRYPTO, 1982", "A Preliminary Report on the Cryptanalysis of Merkle-Hellman Knapsack Cryptosystems., CRYPTO, 1982"], "Judy H. Moore": ["Some Remarks on the Herlestam-Johannesson Algorithm for Computing Logarithms over GF(2p)., CRYPTO, 1982"], "Ravi Janardan": ["A Public-Key Cryptosystem Based on the Matrix Cover NP-Complete Problem., CRYPTO, 1982"], "K. B. Lakshmanan": ["A Public-Key Cryptosystem Based on the Matrix Cover NP-Complete Problem., CRYPTO, 1982"], "G. R. Blakley": ["Infinite Structures in Information Theory., CRYPTO, 1982"], "Laif Swanson": ["Infinite Structures in Information Theory., CRYPTO, 1982"], "Lenore Blum": ["Comparison of Two Pseudo-Random Number Generators., CRYPTO, 1982"], "Manuel Blum": ["Comparison of Two Pseudo-Random Number Generators., CRYPTO, 1982"], "Mike Shub": ["Comparison of Two Pseudo-Random Number Generators., CRYPTO, 1982"], "Gilles Brassard": ["On Computationally Secure Authentication Tags Requiring Short Secret Shared Keys., CRYPTO, 1982", "Quantum Cryptography, or Unforgeable Subway Tokens., CRYPTO, 1982"], "Donald W. Davies": ["Some Regular Properties of the 'Data Encryption Standard' Algorithm., CRYPTO, 1982", "The Average Cycle Size of the Key Stream in Output Feedback Encipherment., CRYPTO, 1982"], "Graeme I. P. Parkin": ["The Average Cycle Size of the Key Stream in Output Feedback Encipherment., CRYPTO, 1982"], "Robert R. Jueneman": ["Analysis of Certain Aspects of Output Feedback Mode., CRYPTO, 1982"], "Robert S. Winternitz": ["Security of a Keystream Cipher with Secret Initial Value., CRYPTO, 1982"], "G. M. Avis": ["Using Data Uncertainty to Increase the Crypto-Complexity of Simple Private Key Enciphering Schemes., CRYPTO, 1982"], "Stafford E. Tavares": ["Using Data Uncertainty to Increase the Crypto-Complexity of Simple Private Key Enciphering Schemes., CRYPTO, 1982"], "Ronald L. Rivest": ["Randomized Encryption Techniques., CRYPTO, 1982", "A Short Report on the RSA Chip., CRYPTO, 1982"], "Alan T. Sherman": ["Randomized Encryption Techniques., CRYPTO, 1982"], "Danny Dolev": ["On the Security of Multi-Party Protocols in Distributed Systems., CRYPTO, 1982", "On the Security of Ping-Pong Protocols., CRYPTO, 1982"], "Avi Wigderson": ["On the Security of Multi-Party Protocols in Distributed Systems., CRYPTO, 1982"], "Shimon Even": ["On the Security of Ping-Pong Protocols., CRYPTO, 1982", "A Randomized Protocol for Signing Contracts., CRYPTO, 1982", "On the Security of Multi-Party Ping-Pong Protocols., CRYPTO, 1982"], "Richard M. Karp": ["On the Security of Ping-Pong Protocols., CRYPTO, 1982"], "Luc Longpr\u00e9": ["The Use of Public-Key Cryptography for Signing Checks., CRYPTO, 1982"], "David Chaum": ["Blind Signatures for Untraceable Payments., CRYPTO, 1982"], "Oded Goldreich": ["A Randomized Protocol for Signing Contracts., CRYPTO, 1982", "On the Security of Multi-Party Ping-Pong Protocols., CRYPTO, 1982"], "Abraham Lempel": ["A Randomized Protocol for Signing Contracts., CRYPTO, 1982"], "Shafi Goldwasser": ["On Signatures and Authentication., CRYPTO, 1982"], "Silvio Micali": ["On Signatures and Authentication., CRYPTO, 1982"], "Andrew Chi-Chih Yao": ["On Signatures and Authentication., CRYPTO, 1982"], "Christian M\u00fcller-Schloer": ["Cryptographic Protection of Personal Data Cards., CRYPTO, 1982"], "Neal R. Wagner": ["Cryptographic Protection of Personal Data Cards., CRYPTO, 1982"], "Rolf Blom": ["Non-Public Key Distribution., CRYPTO, 1982"], "Selim G. Akl": ["Cryptographic Solution to a Multilevel Security Problem., CRYPTO, 1982"], "Peter D. Taylor": ["Cryptographic Solution to a Multilevel Security Problem., CRYPTO, 1982"], "Thomas A. Berson": ["Local Network Cryptosystem Architecture: Access Control., CRYPTO, 1982", "Long Key Variants of DES., CRYPTO, 1982"], "Leonard M. Adleman": ["Implementing an Electronic Notary Public., CRYPTO, 1982", "On Breaking the Iterated Merkle-Hellman Public-Key Cryptosystem., CRYPTO, 1982"], "Charles H. Bennett": ["Quantum Cryptography, or Unforgeable Subway Tokens., CRYPTO, 1982"], "Seth Breidbart": ["Quantum Cryptography, or Unforgeable Subway Tokens., CRYPTO, 1982"], "Stephen Wiesner": ["Quantum Cryptography, or Unforgeable Subway Tokens., CRYPTO, 1982"], "Adi Shamir": ["A Polynomial Time Algorithm for Breaking the Basic Merkle-Hellman Cryptosystem., CRYPTO, 1982"], "James A. Davis": ["A Preliminary Report on the Cryptanalysis of Merkle-Hellman Knapsack Cryptosystems., CRYPTO, 1982"], "Gustavus J. Simmons": ["A Preliminary Report on the Cryptanalysis of Merkle-Hellman Knapsack Cryptosystems., CRYPTO, 1982"], "Joan B. Plumstead": ["Inferring a Sequence Produced by a Linear Congruence., CRYPTO, 1982"], "Michael Merritt": ["Key Reconstruction., CRYPTO, 1982"], "Carl Nicolai": ["Nondeterministic Cryptography., CRYPTO, 1982"]}