{"J. C. Lagarias": ["Knapsack Public Key Cryptosystems and Diophantine Approximation., CRYPTO, 1983", "Evaluation of the Adleman Attack on Multiply Iterated Knapsack Cryptosystems., CRYPTO, 1983"], "Ernest F. Brickell": ["Solving Low Density Knapsacks., CRYPTO, 1983", "Evaluation of the Adleman Attack on Multiply Iterated Knapsack Cryptosystems., CRYPTO, 1983"], "Andrew M. Odlyzko": ["Evaluation of the Adleman Attack on Multiply Iterated Knapsack Cryptosystems., CRYPTO, 1983"], "Shimon Even": ["On the Power of Cascade Ciphers., CRYPTO, 1983", "Electronic Wallet., CRYPTO, 1983"], "Oded Goldreich": ["On the Power of Cascade Ciphers., CRYPTO, 1983", "A Simple Protocol for Signing Contracts., CRYPTO, 1983", "Electronic Wallet., CRYPTO, 1983"], "Gustavus J. Simmons": ["The Prisoners' Problem and the Subliminal Channel., CRYPTO, 1983"], "Hugh C. Williams": ["An Overview of Factoring., CRYPTO, 1983"], "Carl Pomerance": ["New Ideas for Factoring Large Integers., CRYPTO, 1983"], "Jeffrey W. Smith": ["New Ideas for Factoring Large Integers., CRYPTO, 1983"], "Samuel S. Wagstaff Jr.": ["New Ideas for Factoring Large Integers., CRYPTO, 1983"], "Marvin C. Wunderlich": ["Factoring Numbers on the Massively Parallel Computer., CRYPTO, 1983"], "James A. Davis": ["Factorization Using the Quadratic Sieve Algorithm., CRYPTO, 1983"], "Diane B. Holdridge": ["Factorization Using the Quadratic Sieve Algorithm., CRYPTO, 1983"], "H. Ong": ["Signatures through Approximate Representation by Quadratic Forms., CRYPTO, 1983"], "Claus-Peter Schnorr": ["Signatures through Approximate Representation by Quadratic Forms., CRYPTO, 1983"], "Manuel Blum": ["Reducibility Among Protocols., CRYPTO, 1983"], "Umesh V. Vazirani": ["Reducibility Among Protocols., CRYPTO, 1983", "RSA Bits are 732+epsilon Secure., CRYPTO, 1983"], "Vijay V. Vazirani": ["Reducibility Among Protocols., CRYPTO, 1983", "RSA Bits are 732+epsilon Secure., CRYPTO, 1983"], "Tom Tedrick": ["How to Exchange Half a Bit., CRYPTO, 1983"], "David Chaum": ["Blind Signature System., CRYPTO, 1983", "Design Concepts for Tamper Responding Systems., CRYPTO, 1983"], "M. E. Spencerr": ["A Layered Broadcast Cryptographic System., CRYPTO, 1983"], "S. E. Travares": ["A Layered Broadcast Cryptographic System., CRYPTO, 1983"], "Marc Davio": ["Analytical Characteristics of the DES., CRYPTO, 1983"], "Yvo Desmedt": ["Analytical Characteristics of the DES., CRYPTO, 1983"], "Marc Fosseprez": ["Analytical Characteristics of the DES., CRYPTO, 1983"], "Ren\u00e9 Govaerts": ["Analytical Characteristics of the DES., CRYPTO, 1983"], "Jan Hulsbosch": ["Analytical Characteristics of the DES., CRYPTO, 1983"], "Patrik Neutjens": ["Analytical Characteristics of the DES., CRYPTO, 1983"], "Philippe Piret": ["Analytical Characteristics of the DES., CRYPTO, 1983"], "Jean-Jacques Quisquater": ["Analytical Characteristics of the DES., CRYPTO, 1983"], "Joos Vandewalle": ["Analytical Characteristics of the DES., CRYPTO, 1983"], "Pascal Wouters": ["Analytical Characteristics of the DES., CRYPTO, 1983"], "Robert S. Winternitz": ["Producing a One-Way Hash Function from DES., CRYPTO, 1983"], "Selim G. Akl": ["On the Security of Compressed Encodings., CRYPTO, 1983"], "Dorothy E. Denning": ["Field Encryption and Authentication., CRYPTO, 1983"], "James A. Reeds": ["Shift-Register Synthesis (Modula m)., CRYPTO, 1983"], "N. J. A. Sloane": ["Shift-Register Synthesis (Modula m)., CRYPTO, 1983"], "Joel E. Sachs": ["Probabilistic Analysis and Performance Modelling of the 'Swedish' Algorithm and Modifications., CRYPTO, 1983"], "Shimshon Berkovits": ["Probabilistic Analysis and Performance Modelling of the 'Swedish' Algorithm and Modifications., CRYPTO, 1983"], "Taher El Gamal": ["A Subexponential-Time Algorithm for Computing Discrete Logarithms over GF(p\u00b2)., CRYPTO, 1983"], "Rudolf Lidl": ["Permutation Polynomials in RSA-Cryptosystems., CRYPTO, 1983"], "Winfried B. M\u00fcller": ["Permutation Polynomials in RSA-Cryptosystems., CRYPTO, 1983"], "Helmut J\u00fcrgensen": ["Some Results on the Information Theoretic Analysis of Cryptosystems., CRYPTO, 1983"], "D. E. Matthew": ["Some Results on the Information Theoretic Analysis of Cryptosystems., CRYPTO, 1983"], "Bahaa W. Fam": ["Improving the Security of Exponential Key Exchange., CRYPTO, 1983"], "Donald W. Davies": ["Use of the 'Signature Token' to Create a Negotiable Document., CRYPTO, 1983"]}