{"Joe Kilian": ["Weakening Security Assumptions and Oblivious Transfer (Abstract)., CRYPTO, 1988"], "Steven Rudich": ["Limits on the Provable Consequences of One-way Permutations., CRYPTO, 1988"], "Jerry Leichter": ["Generalized Secret Sharing and Monotone Functions., CRYPTO, 1988"], "Phillip Rogaway": ["Everything Provable is Provable in Zero-Knowledge., CRYPTO, 1988"], "Eyal Kushilevitz": ["A Perfect Zero-Knowledge Proof for a Problem Equivalent to Discrete Logarithm., CRYPTO, 1988"], "Larry J. Stockmeyer": ["Zero-Knowledge With Finite State Verifiers., CRYPTO, 1988"], "Eric Bach": ["Intractable Problems in Number Theory., CRYPTO, 1988"], "Neal Koblitz": ["A Family of Jacobians Suitable for Discrete Log Cryptosystems., CRYPTO, 1988"], "Brigitte Vall\u00e9e": ["Computation of Approximate L-th Roots Modulo n and Application to Cryptography., CRYPTO, 1988"], "Johan van Tilburg": ["On the McEliece Public-Key Cryptosystem., CRYPTO, 1988"], "Michael Lucks": ["A Constraint Satisfaction Algorithm for the Automated Decryption of Simple Substitution Ciphers., CRYPTO, 1988"], "Michael Luby": ["On the Existence of Pseudorandom Generators., CRYPTO, 1988"], "Ivan Damg\u00e5rd": ["On the Randomness of Legendre and Jacobi Sequences., CRYPTO, 1988", "Payment Systems and Credential Mechanisms with Provable Security Against Abuse by Individuals., CRYPTO, 1988", "\"Practical IP\" <= MA., CRYPTO, 1988"], "Claus-Peter Schnorr": ["Efficient, Perfect Random Number Generators., CRYPTO, 1988"], "Silvio Micali": ["How To Sign Given Any Trapdoor Function., CRYPTO, 1988", "Proving Security Against Chosen Cyphertext Attacks., CRYPTO, 1988"], "Jean-Jacques Quisquater": ["A \"Paradoxical\" Indentity-Based Signature Scheme Resulting from Zero-Knowledge., CRYPTO, 1988"], "Tatsuaki Okamoto": ["A Modification of the Fiat-Shamir Scheme., CRYPTO, 1988"], "Adi Shamir": ["An Improvement of the Fiat-Shamir Identification and Signature Scheme., CRYPTO, 1988"], "Charles Rackoff": ["A Basic Theory of Public and Private Cryptosystems., CRYPTO, 1988"], "Giuseppe Persiano": ["Non-Interactive Zero-Knowledge with Preprocessing., CRYPTO, 1988"], "Moshe Tennenholtz": ["The Noisy Oracle Problem., CRYPTO, 1988"], "Lane A. Hemachandra": ["On Generating Solved Instances of Computational Problems., CRYPTO, 1988"], "Marijke De Soete": ["Bounds and Constructions for Authentication-Secrecy Codes with Splitting., CRYPTO, 1988"], "Moni Naor": ["Untraceable Electronic Cash., CRYPTO, 1988"], "Shang-Hua Teng": ["A Universal Problem in Secure and Verifiable Distributed Computation., CRYPTO, 1988"], "Leonard M. Adleman": ["An Abstract Theory of Computer Viruses., CRYPTO, 1988"], "Yvo Desmedt": ["Abuses in Cryptography and How to Fight Them., CRYPTO, 1988"], "Gustavus J. Simmons": ["How to (Really) Share a Secret., CRYPTO, 1988"], "R\u00e9jane Forr\u00e9": ["The Strict Avalanche Criterion: Spectral Properties of Boolean Functions and an Extended Definition., CRYPTO, 1988"], "Minqiang Huang": ["On the Linear Syndrome Method in Cryptanalysis., CRYPTO, 1988"], "Maurice Beale": ["Aperiodic Linear Complexities of de Bruijn Sequences., CRYPTO, 1988"], "V. A. Gallo": ["The Application of Smart Cards for RSA Digital Signatures in a Network Comprising both Interactive and Store-and-Foreward Facilities., CRYPTO, 1988"], "Hideki Imai": ["Speeding Up Secret Computations with Insecure Auxiliary Devices., CRYPTO, 1988"], "B. J. Herbison": ["Developing Ethernet Enhanced-Security System., CRYPTO, 1988"], "Michael J. Wiener": ["A Secure Audio Teleconference System., CRYPTO, 1988"], "Bert den Boer": ["Diffie-Hillman is as Strong as Discrete Log for Certain Primes., CRYPTO, 1988"], "T. R. N. Rao": ["Secret Error-Correcting Codes (SECC)., CRYPTO, 1988"], "Douglas R. Stinson": ["The Detection of Cheaters in Threshold Schemes., CRYPTO, 1988"], "James S. Royer": ["On the Power of 1-way Functions (Abstract)., CRYPTO, 1988"], "Torben P. Pedersen": ["Zero-Knowledge Authentication Scheme with Secret Key Exchange (Extended Abstract)., CRYPTO, 1988"]}