{"David Kahn": ["Keying the German Navy's Enigma., CRYPTO, 1989"], "Yvo Desmedt": ["Making Conditionally Secure Cryptosystems Unconditionally Abuse-Free in a General Context., CRYPTO, 1989", "Threshold Cryptosystems., CRYPTO, 1989"], "Ivan Damg\u00e5rd": ["On the Existence of Bit Commitment Schemes and Zero-Knowledge Proofs., CRYPTO, 1989", "A Design Principle for Hash Functions., CRYPTO, 1989"], "Russell L. Brand": ["Problems with the Normal Use of Cryptography for Providing Security on Unclassified Networks., CRYPTO, 1989"], "John T. Kohl": ["The use of Encryption in Kerberos for Network Authentication., CRYPTO, 1989"], "David C. Feldmeier": ["UNIX Password Security - Ten Years Later., CRYPTO, 1989"], "Jonathan M. Smith": ["Practical Problems with a Cryptographic Protection Scheme., CRYPTO, 1989"], "Paul Barrett": ["The Smart Siskette - A Universal User Token and Personal Crypto-Engine., CRYPTO, 1989"], "Agnes Hui Chan": ["On the Quadratic Spans of Periodic Sequences., CRYPTO, 1989"], "Cees J. A. Jansen": ["The Shortest Feedback Shift Register That Can Generate A Given Sequence., CRYPTO, 1989"], "Ueli M. Maurer": ["Perfect Local Randomness in Pseudo-Random Sequences., CRYPTO, 1989"], "Oded Goldreich": ["Sparse Pseudorandom Distributions., CRYPTO, 1989"], "Moni Naor": ["Bit Commitment Using Pseudo-Randomness., CRYPTO, 1989"], "Hugo Krawczyk": ["How to Predict Congruential Generators., CRYPTO, 1989"], "Bart Preneel": ["A Chosen Text Attack on The Modified Cryptographic Checksum Algorithm of Cohen and Huang., CRYPTO, 1989"], "Kencheng Zeng": ["On the Linear Consistency Test (LCT) in Cryptanalysis with Applications., CRYPTO, 1989"], "Amos Fiat": ["Batch RSA., CRYPTO, 1989"], "Andreas Bender": ["On the Implementation of Elliptic Curve Cryptosystems., CRYPTO, 1989"], "Mihir Bellare": ["New Paradigms for Digital Signatures and Message Authentication Based on Non-Interative Zero Knowledge Proofs., CRYPTO, 1989", "Non-Interactive Oblivious Transfer and Spplications., CRYPTO, 1989", "On the Structure of Secret Key Exchange Protocols., CRYPTO, 1989"], "David Chaum": ["Undeniable Signatures., CRYPTO, 1989", "The Spymasters Double-Agent Problem: Multiparty Computations Secure Unconditionally from Minorities and Cryptographically from Majorities., CRYPTO, 1989"], "Ralph C. Merkle": ["A Certified Digital Signature., CRYPTO, 1989", "One Way Hash Functions and DES., CRYPTO, 1989"], "Claus-Peter Schnorr": ["Efficient Identification and Signatures for Smart Cards., CRYPTO, 1989"], "Marijke De Soete": ["A Signature with Shared Verification Scheme., CRYPTO, 1989"], "Shimon Even": ["On-Line/Off-Line Digital Schemes., CRYPTO, 1989"], "Ernest F. Brickell": ["On the Classification of Idea Secret Sharing Schemes., CRYPTO, 1989", "A Survey of Hardware Implementation of RSA (Abstract)., CRYPTO, 1989"], "Chi-Sung Laih": ["Dynamic Threshold Scheme Based on the Definition of Cross-Product in an N-Dimentional Linear Space., CRYPTO, 1989"], "Benny Chor": ["Secret Sharing Over Infinite Domains (Extended Abstract)., CRYPTO, 1989"], "Gerald C. Chick": ["Flexible Access Control with Master Keys., CRYPTO, 1989"], "Makoto Tatebayashi": ["Key Distribution Protocol for Digital Mobile Communication Systems., CRYPTO, 1989"], "Johannes A. Buchmann": ["A Key Exchange System Based on Real Quadratic Fields., CRYPTO, 1989"], "Yacov Yacobi": ["On Key Distribution Systems., CRYPTO, 1989"], "Ruth Nelson": ["SDNS Architecture and End-to-End Encryption., CRYPTO, 1989"], "Paul A. Findlay": ["Modular Exponentiation Using Recursive Sums of Residues., CRYPTO, 1989"], "Hikaru Morita": ["A Fast Modular-multiplication Algorithm based on a Higher Radix., CRYPTO, 1989"], "Jurjen N. Bos": ["Addition Chain Heuristics., CRYPTO, 1989"], "Jean-Jacques Quisquater": ["How Easy is Collision Search. New Results and Applications to DES., CRYPTO, 1989", "How to Explain Zero-Knowledge Protocols to Your Children., CRYPTO, 1989"], "Spyros S. Magliveras": ["Properties of Cryptosystem PGM., CRYPTO, 1989"], "Yuliang Zheng": ["On the Construction of Block Ciphers Provably Secure and Not Relying on Any Unproved Hypotheses., CRYPTO, 1989"], "Tatsuaki Okamoto": ["Disposable Zero-Knowledge Authentications and Their Applications to Untraceable Electronic Cash., CRYPTO, 1989"], "Michael Ben-Or": ["Efficient Identification Schemes Using Two Prover Interactive Proofs., CRYPTO, 1989"], "Joan Boyar": ["On the Concrete Complexity of Zero-Knowledge Proofs., CRYPTO, 1989"], "Uriel Feige": ["Zero Knowledge Proofs of Knowledge in Two Rounds., CRYPTO, 1989"], "Joe Kilian": ["Minimum Resource Zero-Knowledge Proofs (Extended Abstract)., CRYPTO, 1989"], "Donald Beaver": ["Multiparty Protocols Tolerating Half Faulty Processors., CRYPTO, 1989", "Multiparty Computation with Faulty Majority., CRYPTO, 1989"], "Richard Cleve": ["Controlled Gradual Disclosure Schemes for Random Bits and Their Applications., CRYPTO, 1989"], "Adi Shamir": ["An Efficient Identification Scheme Based on Permuted Kernels (Extended Abstract)., CRYPTO, 1989"], "Rafail Ostrovsky": ["An Efficient Software Protection Scheme., CRYPTO, 1989"], "Carlisle M. Adams": ["Good S-Boxes Are Easy To Find., CRYPTO, 1989"], "Steve R. White": ["Covert Distributed Processing with Computer Viruses., CRYPTO, 1989"], "Wyn L. Price": ["Progress in Data Security Standardization., CRYPTO, 1989"], "Shoji Miyaguchi": ["The FEAL-8 Cryptosystem and a Call for Attack., CRYPTO, 1989"]}