{"C. Lee Giles": ["Scholarly big data: information extraction and data mining., CIKM, 2013", "Can back-of-the-book indexes be automatically created?, CIKM, 2013"], "Ronald Fagin": ["Applying theory to practice., CIKM, 2013"], "Carlos Guestrin": ["Usability in machine learning at scale with graphlab., CIKM, 2013"], "Alon Y. Halevy": ["Structured data in web search., CIKM, 2013"], "Am\u00e9lie Marian": ["One size does not fit all: multi-granularity search of web forums., CIKM, 2013"], "De-Nian Yang": ["Spatial search for K diverse-near neighbors., CIKM, 2013"], "Gautam Das": ["Mining a search engine's corpus without a query pool., CIKM, 2013"], "Lizhu Zhou": ["G-tree: an efficient index for KNN search on road networks., CIKM, 2013"], "Arvind Arasu": ["Efficient parsing-based search over structured data., CIKM, 2013"], "Michalis Vazirgiannis": ["Graph-of-word and TW-IDF: new approach to ad hoc IR., CIKM, 2013", "To stay or not to stay: modeling engagement dynamics in social graphs., CIKM, 2013", "Automated snippet generation for online advertising., CIKM, 2013"], "Xuanjing Huang": ["Map search via a factor graph model., CIKM, 2013"], "Eric Nyberg": ["A phased ranking model for question answering., CIKM, 2013", "Building optimal information systems automatically: configuration space exploration for biomedical information systems., CIKM, 2013"], "Richard S. Zemel": ["CRF framework for supervised preference aggregation., CIKM, 2013"], "Zhong Chen": ["CQArank: jointly model topics and expertise in community question answering., CIKM, 2013"], "Mounia Lalmas": ["Penguins in sweaters, or serendipitous entity search on user-generated content., CIKM, 2013", "Social media news communities: gatekeeping, coverage, and statement bias., CIKM, 2013"], "Kevin Chen-Chuan Chang": ["Entity-centric document filtering: boosting feature mapping through meta-features., CIKM, 2013"], "Wai Lam": ["Structured positional entity language model for enterprise entity retrieval., CIKM, 2013"], "Salvatore Trani": ["Learning relatedness measures for entity linking., CIKM, 2013"], "Gerhard Weikum": ["Gem-based entity-knowledge maintenance., CIKM, 2013", "Robust question answering over the web of linked data., CIKM, 2013", "Human computing games for knowledge acquisition., CIKM, 2013"], "Qiang Yang": ["Predicting user activity level in social networks., CIKM, 2013"], "Ke Xu": ["On popularity prediction of videos shared in online social networks., CIKM, 2013"], "Philip S. Yu": ["Inferring anchor links across multiple heterogeneous social networks., CIKM, 2013", "An effective latent networks fusion based model for event recommendation in offline ephemeral social networks., CIKM, 2013", "Predicting trends in social networks via dynamic activeness model., CIKM, 2013"], "Haoji Hu": ["Community-based user recommendation in uni-directional social networks., CIKM, 2013"], "Li Guo": ["Personalized influence maximization on social networks., CIKM, 2013"], "Riddhiman Ghosh": ["Discovering coherent topics using general knowledge., CIKM, 2013", "Compact explanatory opinion summarization., CIKM, 2013"], "Sipat Triukose": ["Spatio-temporal and events based analysis of topic popularity in twitter., CIKM, 2013"], "Takashi Matsumoto": ["Domain-dependent/independent topic switching model for online reviews with numerical ratings., CIKM, 2013"], "Anindya Datta": ["A partially supervised cross-collection topic model for cross-domain text classification., CIKM, 2013"], "Jiawei Han": ["Content coverage maximization on word networks for hierarchical topic summarization., CIKM, 2013"], "Ji-Rong Wen": ["Mining frequent neighborhood patterns in a large labeled graph., CIKM, 2013"], "Li Xiong": ["A two-phase algorithm for mining sequential patterns with differential privacy., CIKM, 2013"], "Alok N. Choudhary": ["Mining diabetes complication and treatment patterns for clinical decision support., CIKM, 2013", "Bootstrapping active name disambiguation with crowdsourcing., CIKM, 2013", "Feedback-driven multiclass active learning for data streams., CIKM, 2013"], "Takeaki Uno": ["Mining-based compression approach of propositional formulae., CIKM, 2013"], "Jimmy Xiangji Huang": ["Correlating medical-dependent query features with image retrieval models using association rules., CIKM, 2013"], "Xiangliang Zhang": ["Local correlation detection with linearity enhancement in streaming data., CIKM, 2013"], "Yi Lu": ["Efficient processing of streaming graphs for evolution-aware clustering., CIKM, 2013"], "Shunzhi Zhu": ["Searching similar segments over textual event sequences., CIKM, 2013"], "Franz F\u00e4rber": ["RWS-Diff: flexible and efficient change detection in hierarchical data., CIKM, 2013"], "Lei Chen": ["Causality and responsibility: probabilistic queries revisited in uncertain databases., CIKM, 2013"], "Thomas Gottron": ["Locality sensitive hashing for scalable structural classification and clustering of web documents., CIKM, 2013"], "Bj\u00f6rn Buchhold": ["An index for efficient semantic full-text search., CIKM, 2013"], "Nicola Tonellotto": ["Load-sensitive selective pruning for distributed search., CIKM, 2013"], "Marcus A. Maloof": ["Rank-energy selective query forwarding for distributed search systems., CIKM, 2013"], "Falk Scholer": ["Augmenting web search surrogates with images., CIKM, 2013", "Users versus models: what observation tells us about effectiveness metrics., CIKM, 2013"], "Joemon M. Jose": ["Building a large-scale corpus for evaluating event detection on twitter., CIKM, 2013", "On the reliability and intuitiveness of aggregated search metrics., CIKM, 2013"], "Iadh Ounis": ["On sparsity and drift for effective real-time filtering in microblogs., CIKM, 2013", "Using historical click data to increase interleaving sensitivity., CIKM, 2013", "Learning to handle negated language in medical records search., CIKM, 2013", "Learning to selectively rank patients' medical history., CIKM, 2013", "Intent models for contextualising and diversifying query suggestions., CIKM, 2013"], "Enhong Chen": ["Probabilistic solutions of influence propagation on social networks., CIKM, 2013", "Ranking fraud detection for mobile apps: a holistic view., CIKM, 2013"], "Kuniaki Uehara": ["Improving pseudo-relevance feedback via tweet selection., CIKM, 2013"], "Zhen Yue": ["Supporting exploratory people search: a study of factor transparency and user control., CIKM, 2013"], "Zhiyuan Cheng": ["Location prediction in social media based on tie strength., CIKM, 2013"], "Yihong Eric Zhao": ["UNIK: unsupervised social network spam detection., CIKM, 2013"], "Peter Christen": ["Modeling dynamics of meta-populations with a probabilistic approach: global diffusion in social media., CIKM, 2013", "Identifying multilingual Wikipedia articles based on cross language similarity and activity., CIKM, 2013", "GeCo: an online personal data generator and corruptor., CIKM, 2013"], "Qiaozhu Mei": ["Diffusion of innovations revisited: from social network to innovation network., CIKM, 2013"], "Xueqi Cheng": ["StaticGreedy: solving the scalability-accuracy dilemma in influence maximization., CIKM, 2013", "Is top-k sufficient for ranking?, CIKM, 2013"], "Ricardo A. Baeza-Yates": ["Online multitasking and user engagement., CIKM, 2013"], "Madhav V. Marathe": ["PATRIC: a parallel algorithm for counting triangles in massive networks., CIKM, 2013"], "Chin-Wan Chung": ["An efficient MapReduce algorithm for counting triangles in a very large graph., CIKM, 2013"], "Panos Kalnis": ["Parallel motif extraction from very long sequences., CIKM, 2013"], "Ulrike Sattler": ["The logical diversity of explanations in OWL ontologies., CIKM, 2013"], "Chiara Ghidini": ["Ontology authoring with FORZA., CIKM, 2013"], "Wolfgang Nejdl": ["Aligning freebase with the YAGO ontology., CIKM, 2013"], "Tom M. Mitchell": ["PIDGIN: ontology alignment using web text as interlingua., CIKM, 2013"], "Chantal Reynaud-Dela\u00eetre": ["Mapping adaptation actions for the automatic reconciliation of dynamic ontologies., CIKM, 2013"], "Po-Ruey Lei": ["On mining mobile apps usage behavior for predicting apps usage in smartphones., CIKM, 2013"], "Dirk Grunwald": ["AnchorMF: towards effective event context identification., CIKM, 2013"], "Dimitrios Gunopulos": ["How the live web feels about events., CIKM, 2013"], "Yakoub Salhi": ["Boolean satisfiability for sequence mining., CIKM, 2013"], "Maarten de Rijke": ["Evaluating aggregated search using interleaving., CIKM, 2013", "Modeling clicks beyond the first result page., CIKM, 2013", "Inside the world's playlist., CIKM, 2013"], "Seyed M. M. Tahaghoghi": ["User intent and assessor disagreement in web search evaluation., CIKM, 2013"], "Marti A. Hearst": ["The water filling model and the cube test: multi-dimensional evaluation for professional search., CIKM, 2013"], "Hector Garcia-Molina": ["Disinformation techniques for entity resolution., CIKM, 2013"], "Wang-Chien Lee": ["Location recommendation for out-of-town users in location-based social networks., CIKM, 2013"], "Xiaochen Zhang": ["Short text classification by detecting information path., CIKM, 2013"], "Chunyan Miao": ["Personalized point-of-interest recommendation by mining users' preference transition., CIKM, 2013"], "Michael Gertz": ["Proximity2-aware ranking for textual, temporal, and geographic queries., CIKM, 2013"], "Pavel Serdyukov": ["Timely crawling of high-quality ephemeral new content., CIKM, 2013", "Speller performance prediction for query autocorrection., CIKM, 2013", "Predicting the impact of expansion terms using semantic and user interaction features., CIKM, 2013", "Through-the-looking glass: utilizing rich post-search trail statistics for web search., CIKM, 2013", "Personalization of web-search using short-term browsing context., CIKM, 2013"], "Fabrizio Silvestri": ["LearNext: learning to predict tourists movements., CIKM, 2013"], "Chiara Renso": ["Where shall we go today?: planning touristic tours with tripbuilder., CIKM, 2013"], "Hiroyuki Kitagawa": ["Efficient filtering and ranking schemes for finding inclusion dependencies on the web., CIKM, 2013"], "Christof Lutteroth": ["A generic front-stage for semi-stream processing., CIKM, 2013"], "Mohamed A. Sharaf": ["Scalable diversification of multiple search results., CIKM, 2013"], "Srikanta Tirthapura": ["Parallel triangle counting in massive streaming graphs., CIKM, 2013"], "Adam Silberstein": ["Cache refreshing for online social news feeds., CIKM, 2013"], "Bela Stantic": ["A new operator for efficient stream-relation join processing in data streaming engines., CIKM, 2013"], "Lakshmish Ramaswamy": ["SCISSOR: scalable and efficient reachability query processing in time-evolving hierarchies., CIKM, 2013"], "Qing Zhang": ["Towards metric fusion on multi-view data: a cross-view based graph random walk approach., CIKM, 2013"], "Kotagiri Ramamohanarao": ["Discovering latent blockmodels in sparse and noisy graphs using non-negative matrix factorisation., CIKM, 2013"], "Xingquan Zhu": ["Understanding the roles of sub-graph features for graph classification: an empirical study perspective., CIKM, 2013", "Active exploration: simultaneous sampling and labeling for large graphs., CIKM, 2013", "Graph hashing and factorization for fast graph stream classification., CIKM, 2013"], "Lin Ma": ["PAGE: a partition aware graph computation engine., CIKM, 2013"], "Margo I. Seltzer": ["Local clustering in provenance graphs., CIKM, 2013"], "Jaideep Srivastava": ["Content-centric flow mining for influence analysis in social streams., CIKM, 2013"], "David W. Aha": ["Labels or attributes?: rethinking the neighbors for collective classification in sparsely-labeled networks., CIKM, 2013"], "Michail Vlachos": ["Fast parameterless density-based clustering via random projections., CIKM, 2013"], "Kuansan Wang": ["Mining entity attribute synonyms via compact clustering., CIKM, 2013"], "Jing Jiang": ["Modeling interaction features for debate side clustering., CIKM, 2013"], "Wilfred Ng": ["Dynamic multi-faceted topic discovery in twitter., CIKM, 2013"], "Daniel Diermeier": ["Mining causal topics in text data: iterative topic modeling with time series feedback., CIKM, 2013"], "Andrea Passerini": ["Navigating the topical structure of academic search results via the Wikipedia category network., CIKM, 2013"], "Rohini K. Srihari": ["A multimodal framework for unsupervised feature fusion., CIKM, 2013"], "Shojiro Nishio": ["Probabilistic semantic similarity measurements for noisy short texts using Wikipedia entities., CIKM, 2013"], "Yuichi Yoshida": ["Linear-time enumeration of maximal K-edge-connected subgraphs in large networks by random contraction., CIKM, 2013", "Fast and scalable reachability queries on graphs by pruned labeling with landmarks and paths., CIKM, 2013"], "Paul De Bra": ["External memory K-bisimulation reduction of big graphs., CIKM, 2013"], "Giuseppe Pirr\u00f2": ["Querying graphs with preferences., CIKM, 2013"], "Bogdan Cautis": ["Network-aware search in social tagging applications: instance optimality versus efficiency., CIKM, 2013", "Context-aware top-K processing using views., CIKM, 2013"], "Jason Yap": ["A comparison of two physical data designs for interactive social networking actions., CIKM, 2013"], "Wei Wang": ["Community question topic categorization via hierarchical kernelized classification., CIKM, 2013"], "Alessandro Moschitti": ["Building structures from classifiers for passage reranking., CIKM, 2013"], "Chong Long": ["Uncovering collusive spammers in Chinese review websites., CIKM, 2013"], "Douglas W. Oard": ["Towards minimizing the annotation cost of certified text classification., CIKM, 2013"], "Xiaolin Wang": ["A heterogenous automatic feedback semi-supervised method for image reranking., CIKM, 2013"], "Ambuj K. Singh": ["Accurate and scalable nearest neighbors in large networks based on effective importance., CIKM, 2013"], "Ming-Syan Chen": ["Spatial-temporal query homogeneity for KNN object search on road networks., CIKM, 2013"], "Paul J. Kennedy": ["Discovering influential authors in heterogeneous academic networks by a co-ranking method., CIKM, 2013"], "Devdatt P. Dubhashi": ["Entity disambiguation in anonymized graphs using graph kernels., CIKM, 2013"], "Panayiotis Tsaparas": ["Estimating the relative utility of networks for predicting user activities., CIKM, 2013", "Using micro-reviews to select an efficient set of reviews., CIKM, 2013"], "Xiaoyan Zhu": ["Exploring weakly supervised latent sentiment explanations for aspect-level review analysis., CIKM, 2013", "Functional dirichlet process., CIKM, 2013"], "Heiko Ehrig": ["Automatic construction of domain and aspect specific sentiment lexicons for customer review mining., CIKM, 2013"], "Haixun Wang": ["Wikification via link co-occurrence., CIKM, 2013"], "Malik Magdon-Ismail": ["Manipulation among the arbiters of collective intelligence: how wikipedia administrators mold public opinion., CIKM, 2013"], "Hamid Beigy": ["Expertise retrieval in bibliographic network: a topic dominance learning approach., CIKM, 2013"], "Alexander J. Smola": ["Instant foodie: predicting expert ratings from grassroots., CIKM, 2013"], "Mohammad Al Hasan": ["On segmentation of eCommerce queries., CIKM, 2013"], "Zhongfei (Mark) Zhang": ["Scientific articles recommendation., CIKM, 2013", "Discriminative feature selection for multi-view cross-domain learning., CIKM, 2013"], "Shuai Ma": ["MRPacker: an SQL to mapreduce optimizer., CIKM, 2013"], "Qinghua Zheng": ["A hybrid approach for privacy-preserving processing of knn queries in mobile database systems., CIKM, 2013"], "Dinusha Vatsalan": ["Flexible and extensible generation and corruption of personal data., CIKM, 2013"], "Yonglong Luo": ["An efficient and robust privacy protection technique for massive streaming choice-based information., CIKM, 2013"], "Debjyoti Paul": ["RCached-tree: an index structure for efficiently answering popular queries., CIKM, 2013"], "Srikanta J. Bedathur": ["Label constrained shortest path estimation., CIKM, 2013"], "Dietrich Klakow": ["Feature-based models for improving the quality of noisy training data for relation extraction., CIKM, 2013"], "Luo Si": ["Weighted hashing for fast large scale similarity search., CIKM, 2013", "Learning compact hashing codes for efficient tag completion and prediction., CIKM, 2013"], "Laurianne Sitbon": ["Term associations in query expansion: a structural linguistic perspective., CIKM, 2013"], "Aixin Sun": ["Predicting event-relatedness of popular queries., CIKM, 2013"], "Jian-Yun Nie": ["Modeling latent topic interactions using quantum interference for information retrieval., CIKM, 2013", "Diversified query expansion using conceptnet., CIKM, 2013"], "W. Bruce Croft": ["Generalizing diversity detection in blog feed retrieval., CIKM, 2013", "Retrieving opinions from discussion forums., CIKM, 2013"], "Cong Li": ["Dynamic query intent mining from a search log stream., CIKM, 2013"], "Xiaoguang Liu": ["Latency-aware strategy for static list caching in flash-based web search engines., CIKM, 2013"], "Richard A. O'Keefe": ["Maintaining discriminatory power in quantized indexes., CIKM, 2013"], "Ingemar J. Cox": ["Retrieval of trending keywords in a peer-to-peer micro-blogging OSN., CIKM, 2013"], "Ming Zhou": ["Trustable aggregation of online ratings., CIKM, 2013"], "Maofu Liu": ["Exploiting proximity feature in statistical translation models for information retrieval., CIKM, 2013"], "Oren Kurland": ["Position-based contextualization for passage retrieval., CIKM, 2013"], "Martin Margala": ["High throughput filtering using FPGA-acceleration., CIKM, 2013"], "Ann-Marie Eklund": ["On challenges with mobile e-health: lessons from a game-theoretic perspective., CIKM, 2013"], "Eugene Agichtein": ["Improving entity search over linked data by modeling latent semantics., CIKM, 2013", "The importance of being socially-savvy: quantifying the influence of social networks on microblog retrieval., CIKM, 2013"], "Hugh Williams": ["Challenges in commerce search., CIKM, 2013"], "Rich Caruana": ["Clustering: probably approximately useless?, CIKM, 2013"], "Vagelis Hristidis": ["How fresh do you want your search results?, CIKM, 2013", "Generating informative snippet to maximize item visibility., CIKM, 2013"], "Martin Gaedke": ["TellMyRelevance!: predicting the relevance of web search results from cursor interactions., CIKM, 2013"], "Paavo Arvola": ["Selection fusion in semi-structured retrieval., CIKM, 2013"], "Kuo Zhang": ["Incorporating user preferences into click models., CIKM, 2013"], "James Caverlee": ["Spatio-temporal meme prediction: learning what hashtags will be popular where., CIKM, 2013"], "David Warren": ["Cost-sensitive learning for large-scale hierarchical classification., CIKM, 2013"], "Charles L. A. Clarke": ["Effective measures for inter-document similarity., CIKM, 2013"], "Ian Davidson": ["Efficient hierarchical clustering of large high dimensional datasets., CIKM, 2013"], "Klemens B\u00f6hm": ["Flexible and adaptive subspace search for outlier analysis., CIKM, 2013"], "Daniel Schuster": ["Query matching for report recommendation., CIKM, 2013"], "Xindong Wu": ["Computing term similarity by large probabilistic isA knowledge., CIKM, 2013", "Assessing sparse information extraction using semantic contexts., CIKM, 2013", "Web news extraction via path ratios., CIKM, 2013"], "Jun Wang": ["Interactive collaborative filtering., CIKM, 2013"], "Lide Wu": ["A pattern-based selective recrawling approach for object-level vertical search., CIKM, 2013"], "Daniel J. Liebling": ["Robust models of mouse movement on dynamic web search results pages., CIKM, 2013"], "Halima Bensmail": ["Cross-domain sparse coding., CIKM, 2013"], "Sunil Gandhi": ["Motif discovery in spatial trajectories using grammar inference., CIKM, 2013"], "Xueming Qian": ["LCMKL: latent-community and multi-kernel learning based image annotation., CIKM, 2013", "Recommendation via user's personality and social contextual., CIKM, 2013"], "Lu Liu": ["Random walk-based graphical sampling in unbalanced heterogeneous bipartite social graphs., CIKM, 2013"], "Hong Chen": ["Modeling information diffusion over social networks for temporal dynamic prediction., CIKM, 2013"], "R. Manmatha": ["Predicting retweet count using visual cues., CIKM, 2013"], "Mostafa Haghir Chehreghani": ["An efficient algorithm for approximate betweenness centrality computation., CIKM, 2013"], "Baobao Chang": ["Exploiting collaborative filtering techniques for automatic assessment of student free-text responses., CIKM, 2013"], "Thore Graepel": ["Automated probabilistic modeling for relational data., CIKM, 2013"], "Wensheng Wu": ["Semantic discovery from web comparison queries., CIKM, 2013"], "Chu-Ren Huang": ["Joint learning on sentiment and emotion classification., CIKM, 2013"], "Yuexian Hou": ["A unified graph model for personalized query-oriented reference paper recommendation., CIKM, 2013"], "Ron Tzur": ["Probabilistic latent class models for predicting student performance., CIKM, 2013"], "Atsuhiro Takasu": ["Timeline adaptation for text classification., CIKM, 2013"], "Veerabhadran Baladandayuthapani": ["A fast convergence clustering algorithm merging MCMC and EM methods., CIKM, 2013"], "James Bailey": ["Discrimination aware classification for imbalanced datasets., CIKM, 2013"], "Amit Awekar": ["Incremental shared nearest neighbor density-based clustering., CIKM, 2013"], "Aleksandar Stupar": ["The essence of knowledge (bases) through entity rankings., CIKM, 2013"], "Dechun Yin": ["Chinese syntactic parsing based on linguistic entity-relationship model., CIKM, 2013"], "Tomoharu Iwata": ["Clustering-based anomaly detection in multi-view data., CIKM, 2013"], "Pauli Miettinen": ["Discovering relations using matrix factorization methods., CIKM, 2013", "Discovering facts with boolean tensor tucker decomposition., CIKM, 2013"], "Dong-Jin Kim": ["On exploiting content and citations together to compute similarity of scientific papers., CIKM, 2013"], "Hsin-Hsi Chen": ["Taxonomy-based regression model for cross-domain sentiment classification., CIKM, 2013"], "Srujana Merugu": ["Reconciliation of categorical opinions from multiple sources., CIKM, 2013"], "Enrique Amig\u00f3": ["An unsupervised transfer learning approach to discover topics for online reputation management., CIKM, 2013"], "Chanik Park": ["Intelligent SSD: a turbo for big data mining., CIKM, 2013"], "Eul Gyu Im": ["Software plagiarism detection: a graph-based approach., CIKM, 2013"], "Yuen-Hsien Tseng": ["Objectionable content filtering by click-through data., CIKM, 2013"], "Deepak Agarwal": ["Computational advertising: the linkedin way., CIKM, 2013", "Automatic ad format selection via contextual bandits., CIKM, 2013"], "Dongyan Zhao": ["Graph similarity search with edit distance constraint in large graph databases., CIKM, 2013"], "Xiaochun Yang": ["Efficiently anonymizing social networks with reachability preservation., CIKM, 2013"], "Guntram Berti": ["ImG-complex: graph data model for topology of unstructured meshes., CIKM, 2013"], "Yuqing Wu": ["ROU: advanced keyword search on graph., CIKM, 2013"], "Jing Li": ["Hotness-aware buffer management for flash-based hybrid storage systems., CIKM, 2013"], "Shahram Ghandeharizadeh": ["Expedited rating of data stores using agile data loading techniques., CIKM, 2013"], "Li Li": ["Social recommendation incorporating topic mining and social trust analysis., CIKM, 2013"], "Xiaoming Li": ["Originator or propagator?: incorporating social role theory into topic models for twitter content analysis., CIKM, 2013"], "Hongyuan Zha": ["Dyadic event attribution in social networks with mixtures of hawkes processes., CIKM, 2013"], "Huan Liu": ["Modeling temporal effects of human mobile behavior on location-based social networks., CIKM, 2013", "Seeking provenance of information using social media., CIKM, 2013", "A tool for assisting provenance search in social media., CIKM, 2013"], "Nilam Ram": ["Discovering health-related knowledge in social media using ensembles of heterogeneous features., CIKM, 2013"], "Yan Zhang": ["Towards an enhanced and adaptable ontology by distilling and assembling online encyclopedias., CIKM, 2013"], "Krishnaram Kenthapadi": ["Studying from electronic textbooks., CIKM, 2013"], "Masatoshi Yoshikawa": ["Assessing quality score of Wikipedia article using mutual evaluation of editors and texts., CIKM, 2013"], "Dan Roth": ["Concept-based analysis of scientific literature., CIKM, 2013"], "P. Krishna Gummadi": ["On sampling the wisdom of crowds: random vs. expert sampling of the twitter stream., CIKM, 2013"], "Samuel Kaski": ["Directing exploratory search with interactive intent modeling., CIKM, 2013"], "Tao Li": ["FRec: a novel framework of recommending users and communities in social media., CIKM, 2013"], "Tam\u00e1s Sarl\u00f3s": ["Permutation indexing: fast approximate retrieval from large corpora., CIKM, 2013"], "Jungang Xu": ["Clustering-based transduction for learning a ranking model with limited human labels., CIKM, 2013"], "Jianwu Yang": ["Exploiting ranking factorization machines for microblog retrieval., CIKM, 2013"], "Shaoping Ma": ["How do users grow up along with search engines?: a study of long-term users' behavior., CIKM, 2013"], "Maria Luisa Sapino": ["LR-PPR: locality-sensitive, re-use promoting, approximate personalized pagerank computation., CIKM, 2013"], "Tat-Seng Chua": ["Multimedia summarization for trending topics in microblogs., CIKM, 2013"], "Hanqing Lu": ["Semi-supervised discriminative preference elicitation for cold-start recommendation., CIKM, 2013"], "Fan Zhang": ["Exploiting query term correlation for list caching in web search engines., CIKM, 2013"], "Marcin Sydow": ["QBEES: query by entity examples., CIKM, 2013"], "Faramarz Fekri": ["A belief propagation approach for detecting shilling attacks in collaborative filtering., CIKM, 2013"], "James Allan": ["Detecting controversy on the web., CIKM, 2013", "Improving passage ranking with user behavior information., CIKM, 2013"], "Frank Shipman": ["Mining user interest from search tasks and annotations., CIKM, 2013"], "Thorsten Joachims": ["Generating comparative summaries from reviews., CIKM, 2013"], "Pranav Mirajkar": ["Zero-shot video retrieval using content and concepts., CIKM, 2013"], "Xiaoxue Zhao": ["An empirical study of top-n recommendation for venture finance., CIKM, 2013"], "Victor Perez": ["Interest mining from user tweets., CIKM, 2013"], "Javed A. Aslam": ["An analysis of crowd workers mistakes for specific and complex relevance assessment task., CIKM, 2013"], "Zhaoxin Zhang": ["Combining prestige and relevance ranking for personalized recommendation., CIKM, 2013"], "\u00d6zg\u00fcr Ulusoy": ["Strategies for setting time-to-live values in result caches., CIKM, 2013"], "Xianpei Han": ["Learning to detect task boundaries of query session., CIKM, 2013"], "Xu Chen": ["Early prediction on imbalanced multivariate time series., CIKM, 2013"], "Ho Jin Choi": ["Exploiting trustors as well as trustees in trust-based recommendation., CIKM, 2013"], "Archana Godavarthy": ["Topical authority propagation on microblogs., CIKM, 2013"], "Sutanu Chakraborti": ["Flexible and dynamic compromises for effective recommendations., CIKM, 2013"], "Andrew Y. Ng": ["The online revolution: education for everyone., CIKM, 2013"], "Jeff Hawkins": ["Online learning from streaming data., CIKM, 2013"], "Kevin Murphy": ["From big data to big knowledge., CIKM, 2013"], "Volker Markl": ["\"All roads lead to Rome\": optimistic recovery for distributed iterative data processing., CIKM, 2013"], "Eric Lo": ["Optimizing plurality for human intelligence tasks., CIKM, 2013"], "Cyrus Shahabi": ["Entropy-based histograms for selectivity estimation., CIKM, 2013"], "Vassilios S. Verykios": ["Efficient two-party private blocking based on sorted nearest neighborhood clustering., CIKM, 2013"], "Davood Rafiei": ["Locality sensitive hashing revisited: filling the gap between theory and algorithm analysis., CIKM, 2013"], "Wan-Ching Wu": ["Factors affecting aggregated search coherence and search behavior., CIKM, 2013"], "Ryen W. White": ["Personalized models of search satisfaction., CIKM, 2013"], "Bill Ramsey": ["Beyond clicks: query reformulation as a predictor of search satisfaction., CIKM, 2013"], "ChengXiang Zhai": ["Unsupervised identification of synonymous query intent templates for attribute intents., CIKM, 2013"], "Sung-Hyon Myaeng": ["Toward advice mining: conditional random fields for extracting advice-revealing text units., CIKM, 2013"], "Gregor Engels": ["Information extraction as a filtering task., CIKM, 2013"], "Zhenyu Liu": ["Lead-lag analysis via sparse co-projection in correlated text streams., CIKM, 2013"], "Huawei Shen": ["Adaptive co-training SVM for sentiment classification on tweets., CIKM, 2013"], "Dongwon Lee": ["On handling textual errors in latent document modeling., CIKM, 2013"], "Inderjit S. Dhillon": ["Overlapping community detection using seed set expansion., CIKM, 2013"], "Ramayya Krishnan": ["TODMIS: mining communities from trajectories., CIKM, 2013"], "Ramiro Jordan": ["Archiving the relaxed consistency web., CIKM, 2013"], "William W. Cohen": ["Programming with personalized pagerank: a locally groundable first-order probabilistic logic., CIKM, 2013"], "Jun Zhao": ["Towards faster and better retrieval models for question search., CIKM, 2013"], "Sotirios Chatzis": ["Nonparametric bayesian multitask collaborative filtering., CIKM, 2013"], "Khalid Benabdeslem": ["Local-to-global semi-supervised feature selection., CIKM, 2013"], "Amit Dhurandhar": ["Intelligently querying incomplete instances for improving classification performance., CIKM, 2013"], "Abhishek Gattani": ["A probabilistic mixture model for mining and analyzing product search log., CIKM, 2013"], "Shizhong Liao": ["Eigenvalues perturbation of integral operator for kernel selection., CIKM, 2013"], "Xavier Amatriain": ["Beyond data: from user information to business value through personalized recommendations and consumer science., CIKM, 2013", "Beyond data: from user information to business value through personalized recommendations and consumer science., CIKM, 2013"], "Chris Farmer": ["Leveraging data to change industry paradigms., CIKM, 2013"], "Kai Yu": ["Large-scale deep learning at Baidu., CIKM, 2013"], "Melanie Herschel": ["Wondering why data are missing from query results?: ask conseil why-not., CIKM, 2013"], "Reynold Cheng": ["Fast evaluation of iceberg pattern-based aggregate queries., CIKM, 2013"], "Jeffrey Xu Yu": ["Top-down keyword query processing on XML data., CIKM, 2013"], "Ling Feng": ["Efficient pruning algorithm for top-K ranking on dataset with value uncertainty., CIKM, 2013"], "Jie Wang": ["Query execution timing: taming real-time anytime queries on multicore processors., CIKM, 2013"], "Yan Huang": ["Merged aggregate nearest neighbor query processing in road networks., CIKM, 2013"], "Ken Friis Larsen": ["SkyView: a user evaluation of the skyline operator., CIKM, 2013"], "Divesh Srivastava": ["UMicS: from anonymized data to usable microdata., CIKM, 2013"], "Alan Hanjalic": ["GAPfm: optimal top-n recommendations for graded relevance domains., CIKM, 2013"], "Miha Grcar": ["URL tree: efficient unsupervised content extraction from streams of web documents., CIKM, 2013"], "Katsumi Tanaka": ["Estimating document focus time., CIKM, 2013"], "Weiyi Meng": ["Faceted models of blog feeds., CIKM, 2013"], "Sebastian Michel": ["SRbench-a benchmark for soundtrack recommendation systems., CIKM, 2013"], "John Yen": ["CV-PCR: a context-guided value-driven framework for patent citation recommendation., CIKM, 2013"], "Kalervo J\u00e4rvelin": ["Modeling behavioral factors ininteractive information retrieval., CIKM, 2013"], "Mark James Carman": ["Building user profiles from topic models for personalised search., CIKM, 2013"], "\u00c9ric Gaussier": ["Transferring knowledge with source selection to learn IR functions on unlabeled collections., CIKM, 2013"], "Dmitry Lagun": ["Understanding how people interact with web search results that change in real-time using implicit feedback., CIKM, 2013"], "Uzay Kaymak": ["Facet selection algorithms for web product search., CIKM, 2013"], "Larry P. Heck": ["Learning deep structured semantic models for web search using clickthrough data., CIKM, 2013"], "Ning Liu": ["Learning open-domain comparable entity graphs from user search queries., CIKM, 2013"], "Subbarao Kambhampati": ["RAProp: ranking tweets by exploiting the tweet/user/web ecosystem and inter-tweet agreement., CIKM, 2013"], "Cevdet Aykanat": ["Incorporating the surfing behavior of web users into pagerank., CIKM, 2013"], "Barton A. Smith": ["Question routing to user communities., CIKM, 2013"], "Bin Wang": ["Learning to rank for question routing in community question answering., CIKM, 2013"], "Alexander Yates": ["Re-ranking for joint named-entity recognition and linking., CIKM, 2013"], "Patrick Pantel": ["Identifying salient entities in web pages., CIKM, 2013"], "Tobias Ley": ["Recommending tags with a model of human categorization., CIKM, 2013"], "Junghoo Cho": ["Automatically generating descriptions for resources by tag modeling., CIKM, 2013"], "Arno J. Knobbe": ["Mining characteristic multi-scale motifs in sensor-based time series., CIKM, 2013"], "Gregor Hackenbroich": ["Efficient forecasting for hierarchical time series., CIKM, 2013", "pEDM: online-forecasting for smart energy analytics., CIKM, 2013"], "Michael R. Genesereth": ["Extraction and integration of web data by end-users., CIKM, 2013"], "Milos Hauskrecht": ["An efficient probabilistic framework for multi-dimensional classification., CIKM, 2013"], "Aidong Zhang": ["OMS-TL: a framework of online multiple source transfer learning., CIKM, 2013"], "Tingjian Ge": ["Discovering and managing quantitative association rules., CIKM, 2013"], "Yuval Elovici": ["Combining one-class classifiers via meta learning., CIKM, 2013"], "Armando Fox": ["Scalable bootstrapping for python., CIKM, 2013"], "Matthew O. Ward": ["FIRE: interactive visual support for parameter space-driven rule mining., CIKM, 2013", "SPHINX: rich insights into evidence-hypotheses relationships via parameter space-based exploration., CIKM, 2013"], "Anna Liu": ["Consumer-centric SLA manager for cloud-hosted databases., CIKM, 2013"], "Naphtali Rishe": ["TerraFly GeoCloud: online spatial data analysis system., CIKM, 2013"], "Xiaolu Zhang": ["MetKB: enriching RDF knowledge bases with web entity-attribute tables., CIKM, 2013"], "Anna Pyayt": ["READFAST: high-relevance search-engine for big text., CIKM, 2013"], "Mohamed Y. Eltabakh": ["FusionDB: conflict management system for small-science databases., CIKM, 2013"], "Wolfgang Lehner": ["DeExcelerator: a framework for extracting relational data from partially structured documents., CIKM, 2013"], "Pierre Senellart": ["Demonstrating intelligent crawling and archiving of web applications., CIKM, 2013"], "Jian Wu": ["iNewsBox: modeling and exploiting implicit feedback for building personalized news radio., CIKM, 2013"], "Heiko Schuldt": ["SportSense: using motion queries to find scenes in sports videos., CIKM, 2013"], "Ka Hou Chan": ["PredictionIO: a distributed machine learning server for practical software development., CIKM, 2013"], "Tok Wang Ling": ["Exploring XML data is as easy as using maps., CIKM, 2013"], "Thomas Seidl": ["Detecting and exploring clusters in attributed graphs: a plugin for the gephi platform., CIKM, 2013"], "Jeriel Law": ["Cloud Armor: a platform for credibility-based trust management of cloud services., CIKM, 2013"], "Eero Vainikko": ["Search excavator: the knowledge discovery tool., CIKM, 2013"], "Maya Ramanath": ["ESTHETE: a news browsing system to visualize the context and evolution of news stories., CIKM, 2013"], "Christopher Fan": ["WordSeer: a knowledge synthesis environment for textual data., CIKM, 2013"], "Jure Leskovec": ["Channeling the deluge: research challenges for big data and information systems., CIKM, 2013"], "Partha Pratim Talukdar": ["AKBC 2013: third workshop on automated knowledge base construction., CIKM, 2013"], "Il-Yeol Song": ["DOLAP 2013 workshop summary., CIKM, 2013"], "Jussi Karlgren": ["Sixth workshop on exploiting semantic annotations in information retrieval (ESAIR'13)., CIKM, 2013"], "Xiaozhong Liu": ["2013 international workshop on computational scientometrics: theory and applications., CIKM, 2013"], "Min Song": ["Workshop summary for the 2013 international workshop on mining unstructured big data using natural language processing., CIKM, 2013", "DTMBIO 2013: international workshop on data and text mining in biomedical informatics., CIKM, 2013"], "Cong Yu": ["CloudDB 2013: fifth international workshop on cloud data management., CIKM, 2013"], "John O'Donovan": ["DUBMOD13: international workshop on data-driven user behavioral modelling and mining from social media., CIKM, 2013"], "Marco Pennacchiotti": ["PLEAD 2013: politics, elections and data., CIKM, 2013"], "Mark D. Smucker": ["CIKM 2013 workshop on living labs for information retrieval evaluation., CIKM, 2013"], "Shuang-Hong Yang": ["The first workshop on user engagement optimization., CIKM, 2013"], "Anisoara Nica": ["PIKM 2013: the 6th ACM workshop for ph.d. students in information and knowledge management., CIKM, 2013"], "Zhisheng Huang": ["Web-KR 2013: the 4th international workshop on web-scale knowledge representation, retrieval and reasoning., CIKM, 2013"], "Niranjan Thirumale": ["Data management & analytics for healthcare (DARE 2013)., CIKM, 2013"]}