{"Michael C. Mulder": ["Educating the Next Generation of Information and Knowledge Experts, in Collaboration with Industry (Keynote Address)., CIKM, 1996"], "Arie Shoshani": ["OLAP and Statistical Databases: Similarities and Differences., CIKM, 1996"], "Daniel Wu": ["Efficient Retrieval for Browsing Large Image Databases., CIKM, 1996"], "Andreas Henrich": ["Adapting a Spatial Access Structure for Document Representations in Vector Space., CIKM, 1996"], "Mahdi Abdelguerfi": ["A Terrain Database Representation Based on an Extended Vector Product Format., CIKM, 1996"], "Estrella Pulido": ["Recursive Query Processing Using Graph Traversal Techniques., CIKM, 1996"], "Roberto J. Bayardo Jr.": ["Processing Queries for First Few Answers., CIKM, 1996"], "Yong-Ju Lee": ["Spatial Query Processing Using Object Decomposition Method., CIKM, 1996"], "Scott Fortin": ["An Object-Oriented Approach to Multi-Level Association Rule Mining., CIKM, 1996"], "Jia Liang Han": ["Background for Association Rules and Cost Estimate of Selected Mining Algorithms., CIKM, 1996"], "Chang Li": ["A Data Model for Supporting On-Line Analytical Processing., CIKM, 1996"], "Ibrahim Kamel": ["Fast Retrieval of Cursive Handwriting., CIKM, 1996"], "Scott B. Huffman": ["Notes Explorer: Entity-Based Retrieval in Shared, Semi-Structured Information Spaces., CIKM, 1996", "Learning to Extract Information From Text Based on User-Provided Examples., CIKM, 1996"], "Robert J. Hall": ["Infomod: A Knowledge-Based Moderator for Electronic Mail Help Lists., CIKM, 1996"], "Fatma Ozcan": ["Dynamic Query Optimization on a Distributed Object Management Platform., CIKM, 1996"], "Neil Ching": ["A Model of Object Database Applications and its Use in Cost Estimation., CIKM, 1996"], "Jie Lin": ["Processing OODB Queries by O-Algebra., CIKM, 1996"], "Inien Syu": ["Incorporating Latent Semantic Indexing into a Neural Network Model for Information Retrieval., CIKM, 1996"], "Norbert Fuhr": ["Object-Oriented and Database Concepts for the Design of Networked Information Retrieval Systems., CIKM, 1996"], "Li-min Liu": ["Modeling a Vocabulary in an Object-Oriented Database., CIKM, 1996"], "Chabane Oussalah": ["Integrating Constraints in Complex Objects., CIKM, 1996"], "Wen-Syan Li": ["Constructing Information Systems Based on Schema Reuse., CIKM, 1996"], "Hakgene Shin": ["S-signature: A New Scheme for Efficient Query Processing of Complex Objects in OODB., CIKM, 1996"], "Yun-Wu Huang": ["Effective Graph Clustering for Path Queries in Digital Map Databases., CIKM, 1996"], "Ling Lin": ["Indexing Values of Time Sequences., CIKM, 1996"], "Chengwen Liu": ["Performance Evaluation of G-tree and Its Application in Fuzzy Databases., CIKM, 1996"], "Michael Ehrmanntraut": ["The Personal Electronic Program Guide - Towards the Pre-Selection of Individual TV Programs., CIKM, 1996"], "Wolfgang Lehner": ["CROSS-DB: A Feature-Extended Multidimensional Data Model for Statistical and Scientific Databases., CIKM, 1996"], "Ning Jing": ["Hierarchical Optimization of Optimal Path Finding for Transportation Applications., CIKM, 1996"], "Jian Tang": ["Handling Uncertainties in Workflow Applications., CIKM, 1996"], "Sungkil Lee": ["Distributed Processing of Time-Constrained Queries in CASE-DB., CIKM, 1996"], "SangKeun Lee": ["A New Conflict Relation for Concurrency Control and Recovery in object-based Databases., CIKM, 1996"], "Chanda Dharap": ["Information Agents for Automated Browsing., CIKM, 1996"], "Alanoly Andrews": ["On Implementing SchemaLog - A Database Programming Language., CIKM, 1996"], "Lane Warshaw": ["A Case Study of Venus and a Declarative Basis for Rule Modules., CIKM, 1996"], "Sergio Greco": ["Optimal Unification of Bounded Simple Set Terms., CIKM, 1996"], "Bruce Cottman": ["Web, Distributed Object Management, and Component Software (Panel)., CIKM, 1996"], "V. S. Subrahmanian": ["Smart Mediators and Intelligent Agents (Panel)., CIKM, 1996"]}