{"David R. Karger": ["Creating user interfaces that entice people to manage better information., CIKM, 2011"], "Justin Zobel": ["Data, health, and algorithmics: computational challenges for biomedicine., CIKM, 2011"], "Maurizio Lenzerini": ["Ontology-based data management., CIKM, 2011"], "Yuanhua Lv": ["Lower-bounding term frequency normalization., CIKM, 2011", "Adaptive term frequency normalization for BM25., CIKM, 2011"], "Jae Hyun Park": ["A quasi-synchronous dependence model for information retrieval., CIKM, 2011"], "Maryam Karimzadehgan": ["Improving retrieval accuracy of difficult queries through generalizing negative document language models., CIKM, 2011"], "Steffen Metzger": ["S3K: seeking statement-supporting top-K witnesses., CIKM, 2011"], "Xitong Liu": ["Finding relevant information of certain types from enterprise data., CIKM, 2011"], "Yuchen Liu": ["Unsupervised transactional query classification based on webpage form understanding., CIKM, 2011"], "Roi Blanco": ["Assigning documents to master sites in distributed search., CIKM, 2011"], "Xiao Bai": ["Discovering URLs through user feedback., CIKM, 2011"], "Minghai Liu": ["User browsing behavior-driven web crawling., CIKM, 2011"], "Mouna Kacimi": ["Diversifying search results of controversial queries., CIKM, 2011"], "Kai Hui": ["Relevance weighting using within-document term statistics., CIKM, 2011"], "Umut Ozertem": ["Suggestion set utility maximization using session logs., CIKM, 2011"], "Minmin Chen": ["Improving context-aware query classification via adaptive self-training., CIKM, 2011"], "Ahmed Hassan Awadallah": ["A task level metric for measuring web search satisfaction and its application on improving relevance estimation., CIKM, 2011"], "Jianwei Cui": ["Multi-view random walk framework for search task discovery from click-through log., CIKM, 2011"], "Ting-Chu Lin": ["Query sampling for learning data fusion., CIKM, 2011"], "Matthias Hagen": ["Query session detection as a cascade., CIKM, 2011"], "Xing Yi": ["Discovering missing click-through query language information for web search., CIKM, 2011"], "Alexander Kotov": ["Interactive sense feedback for difficult queries., CIKM, 2011"], "Elif Aktolga": ["Reranking search results for sparse queries., CIKM, 2011"], "Nasir Naveed": ["Searching microblogs: coping with sparsity and document quality., CIKM, 2011"], "Bilyana Taneva": ["Finding images of difficult entities in the long tail., CIKM, 2011"], "Giorgos Giannopoulos": ["Learning to rank user intent., CIKM, 2011"], "Jaime Arguello": ["Learning to aggregate vertical results into web search results., CIKM, 2011"], "Jeffrey Dalton": ["Coreference aware web object retrieval., CIKM, 2011", "Passage retrieval for incorporating global evidence in sequence labeling., CIKM, 2011"], "Dimitrios Skoutas": ["Tag clouds revisited., CIKM, 2011"], "Hany Azzam": ["Ranking-based processing of SQL queries., CIKM, 2011"], "Shady Elbassuoni": ["Keyword search over RDF graphs., CIKM, 2011"], "Dustin Lange": ["Frequency-aware similarity measures: why Arnold Schwarzenegger is always a duplicate., CIKM, 2011", "Efficient similarity search: arbitrary similarity measures, arbitrary composition., CIKM, 2011"], "Katja Hofmann": ["A probabilistic method for inferring preferences from clicks., CIKM, 2011"], "Jiafeng Guo": ["Intent-aware query similarity., CIKM, 2011"], "Martin Szummer": ["Semi-supervised learning to rank with preference regularization., CIKM, 2011"], "Hua Wang": ["Simultaneous clustering of multi-type relational data via symmetric nonnegative matrix tri-factorization., CIKM, 2011"], "Guangxia Li": ["Collaborative online learning of user generated content., CIKM, 2011"], "Karthik Raman": ["Structured learning of two-level dynamic rankings., CIKM, 2011"], "Marc-Allen Cartright": ["Efficiency optimizations for interpolating subqueries., CIKM, 2011"], "Marcus Fontoura": ["Efficiently encoding term co-occurrences in inverted indexes., CIKM, 2011"], "Alexander A. Stepanov": ["SIMD-based decoding of posting lists., CIKM, 2011"], "George Beskales": ["Factorization-based lossless compression of inverted indices., CIKM, 2011"], "Shlomo Geva": ["TOPSIG: topology preserving document signatures., CIKM, 2011"], "Roger B. Bradford": ["Implementation techniques for large-scale latent semantic indexing applications., CIKM, 2011"], "Nico Schlaefer": ["Statistical source expansion for question answering., CIKM, 2011"], "Jos\u00e9 M. Chenlo": ["Effective and efficient polarity estimation in blogs based on sentence-level evidence., CIKM, 2011"], "Dmitriy Bespalov": ["Sentiment classification based on supervised latent n-gram analysis., CIKM, 2011"], "Qiang Lu": ["Legal document clustering with built-in topic segmentation., CIKM, 2011"], "Sergio Duarte Torres": ["What and how children search on the web., CIKM, 2011"], "Kevyn Collins-Thompson": ["Personalizing web search results by reading level., CIKM, 2011"], "Dimitrios Lymberopoulos": ["Location-aware click prediction in mobile local search., CIKM, 2011"], "Maria Christoforaki": ["Text vs. space: efficient geo-search query processing., CIKM, 2011"], "Georgia Koloniari": ["One is enough: distributed filtering for duplicate elimination., CIKM, 2011"], "Lu\u00eds Leit\u00e3o": ["Duplicate detection through structure optimization., CIKM, 2011"], "Chen Chen": ["SISP: a new framework for searching the informative subgraph based on PSO., CIKM, 2011"], "Francisco Claude": ["Indexes for highly repetitive document collections., CIKM, 2011", "Practical representations for web and social graphs., CIKM, 2011"], "Ismet Zeki Yalniz": ["Partial duplicate detection for large book collections., CIKM, 2011"], "Faidon Loumakis": ["This image smells good: effects of image information scent in search engine results pages., CIKM, 2011"], "Songhua Xu": ["Retrieving and ranking unannotated images through collaboratively mining online search results., CIKM, 2011"], "George Teodoro": ["Adaptive parallel approximate similarity search for responsive multimedia retrieval., CIKM, 2011"], "Min-Hee Jang": ["A linear-time approximation of the earth mover's distance., CIKM, 2011"], "Arlind Kopliku": ["Towards a framework for attribute retrieval., CIKM, 2011"], "Denis Helic": ["Building directories for social tagging systems., CIKM, 2011"], "Truls Amundsen Bj\u00f8rklund": ["Workload-aware indexing for keyword search in social networks., CIKM, 2011"], "Giovanni Quattrone": ["Effective retrieval of resources in folksonomies using a new tag similarity measure., CIKM, 2011"], "Kyumin Lee": ["Content-driven detection of campaigns in social media., CIKM, 2011"], "Peng Li": ["Exploring categorization property of social annotations for information retrieval., CIKM, 2011"], "Di Jiang": ["Context-aware search personalization with concept preference., CIKM, 2011"], "David C. Anastasiu": ["A framework for personalized and collaborative clustering of search results., CIKM, 2011"], "Lidong Bing": ["Using query log and social tagging to refine queries based on latent topics., CIKM, 2011", "Towards a unified solution: data record region detection and segmentation., CIKM, 2011"], "Sarah K. Tyler": ["Retrieval models for audience selection in display advertising., CIKM, 2011"], "Lei Wang": ["A language model approach to capture commercial intent and information relevance for sponsored search., CIKM, 2011"], "Jian Tang": ["Learning to rank audience for behavioral targeting in display ads., CIKM, 2011"], "Ben Carterette": ["Simulating simple user behavior for system effectiveness evaluation., CIKM, 2011"], "Tetsuya Sakai": ["Click the search button and be happy: evaluating direct and immediate information access., CIKM, 2011"], "Marco Bressan": ["Local computation of PageRank: the ranking side., CIKM, 2011"], "Mehdi Hosseini": ["Prioritizing relevance judgments to improve the construction of IR test collections., CIKM, 2011"], "Jinyoung Kim": ["Evaluating an associative browsing model for personal information., CIKM, 2011"], "Sathiya Keerthi Selvaraj": ["Semi-supervised SVMs for classification with unknown class proportions and a small labeled dataset., CIKM, 2011"], "Sundararajan Sellamanickam": ["A pairwise ranking based approach to learning with positive and unlabeled examples., CIKM, 2011"], "Deguang Kong": ["Robust nonnegative matrix factorization using L21-norm., CIKM, 2011"], "Ye Xu": ["TAKES: a fast method to select features in the kernel space., CIKM, 2011"], "Bhanukiran Vinzamuri": ["Designing an ensemble classifier over subspace classifiers using iterative convergence routine., CIKM, 2011"], "Morgan Harvey": ["Bayesian latent variable models for collaborative item rating prediction., CIKM, 2011"], "Rakesh Agrawal": ["Timing when to buy., CIKM, 2011", "Enriching textbooks with images., CIKM, 2011"], "Chi-Hoon Lee": ["Assisting web search users by destination reachability., CIKM, 2011"], "Shinjae Yoo": ["Modeling personalized email prioritization: classification-based and regression-based approaches., CIKM, 2011"], "Rubi Boim": ["Diversification and refinement in collaborative filtering recommender., CIKM, 2011"], "Shiva Prasad Kasiviswanathan": ["Emerging topic detection using dictionary learning., CIKM, 2011"], "Luciano Barbosa": ["Focusing on novelty: a crawling strategy to build diverse language models., CIKM, 2011"], "Yexi Jiang": ["Natural event summarization., CIKM, 2011"], "Ou Jin": ["Transferring topical knowledge from auxiliary long texts for short text clustering., CIKM, 2011"], "Liang Tang": ["LogSig: generating system events from raw textual logs., CIKM, 2011"], "Ying-Ju Chen": ["Coupling or decoupling for KNN search on road networks?: a hybrid framework on user query patterns., CIKM, 2011"], "Zhiyuan Cheng": ["Toward traffic-driven location-based web search., CIKM, 2011"], "Di Yang": ["CLUES: a unified framework supporting interactive exploration of density-based clusters in streams., CIKM, 2011"], "Xiangjun Dong": ["e-NSP: efficient negative sequential pattern mining based on identified positive patterns without database rescanning., CIKM, 2011"], "Yuan Ren": ["Optimising ontology stream reasoning with truth maintenance system., CIKM, 2011"], "Yafang Wang": ["Harvesting facts from textual web sources by constrained label propagation., CIKM, 2011"], "Xiaofeng Yu": ["Towards a top-down and bottom-up bidirectional approach to joint information extraction., CIKM, 2011"], "Anja Pilz": ["From names to entities using thematic context distance., CIKM, 2011"], "Jie Liu": ["Learning conditional random fields with latent sparse features for acronym expansion finding., CIKM, 2011"], "Dongwoo Kim": ["Accounting for data dependencies within a hierarchical dirichlet process mixture model., CIKM, 2011"], "Zhaochun Ren": ["Summarizing web forum threads based on a latent topic propagation process., CIKM, 2011"], "Muzammil M. Baig": ["Cloning for privacy protection in multiple independent data publications., CIKM, 2011"], "Nikos Pelekis": ["Privacy-aware querying over sensitive trajectory data., CIKM, 2011"], "Yuzhe Tang": ["Privacy preserving indexing for eHealth information networks., CIKM, 2011"], "Jyh-Ren Shieh": ["Recommendation in the end-to-end encrypted domain., CIKM, 2011"], "Chih-Ming Hsu": ["Privacy preservation by independent component analysis and variance control., CIKM, 2011"], "Haiqin Yang": ["Can irrelevant data help semi-supervised learning, why and how?, CIKM, 2011"], "Gregory Druck": ["Toward interactive training and evaluation., CIKM, 2011"], "Paramveer S. Dhillon": ["Semi-supervised multi-task learning of structured prediction models for web information extraction., CIKM, 2011"], "Niwan Wattanakitrungroj": ["Memory-less unsupervised clustering for data streaming by versatile ellipsoidal function., CIKM, 2011"], "Can Wang": ["Coupled nominal similarity in unsupervised learning., CIKM, 2011"], "Huawen Liu": ["Feature selection using hierarchical feature clustering., CIKM, 2011"], "Mehdi Kargar": ["Discovering top-k teams of experts with/without a leader in social networks., CIKM, 2011"], "Hongliang Fei": ["Content based social behavior prediction: a multi-task learning approach., CIKM, 2011"], "Zhen Wen": ["Improving user interest inference from social neighbors., CIKM, 2011"], "Hui Li": ["CASINO: towards conformity-aware social influence analysis in online social networks., CIKM, 2011"], "David Lo": ["Mining direct antagonistic communities in explicit trust networks., CIKM, 2011"], "Xufei Wang": ["Connecting users with similar interests via tag network inference., CIKM, 2011"], "Barbara Poblete": ["Do all birds tweet the same?: characterizing twitter around the world., CIKM, 2011"], "Xiaolong Wang": ["Topic sentiment analysis in twitter: a graph-based hashtag sentiment classification approach., CIKM, 2011"], "Zheng Lin": ["Language-independent sentiment classification using three common words., CIKM, 2011"], "Sheng Gao": ["A cross-domain adaptation method for sentiment classification using probabilistic latent analysis., CIKM, 2011", "Temporal link prediction by integrating content and structure information., CIKM, 2011"], "Albert Weichselbraun": ["Using games with a purpose and bootstrapping to create domain-specific sentiment lexicons., CIKM, 2011"], "Bas Heerschop": ["Polarity analysis of texts using discourse structure., CIKM, 2011"], "Maria Soledad Pera": ["A query-based multi-document sentiment summarizer., CIKM, 2011", "A personalized recommendation system on scholarly publications., CIKM, 2011"], "Emmanuel M\u00fcller": ["Scalable density-based subspace clustering., CIKM, 2011"], "Quanquan Gu": ["Correlated multi-label feature selection., CIKM, 2011", "Towards feature selection in network., CIKM, 2011"], "Yi Xu": ["Pattern change discovery between high dimensional data sets., CIKM, 2011"], "Avani Shastri": ["MTopS: scalable processing of continuous top-k multi-query workloads., CIKM, 2011"], "Sadhan Sood": ["Probabilistic near-duplicate detection using simhash., CIKM, 2011"], "Xiaoxiao Shi": ["Collective prediction with latent graphs., CIKM, 2011"], "John E. Hopcroft": ["Who will follow you back?: reciprocal relationship prediction., CIKM, 2011"], "Rong-Hua Li": ["Link prediction: the power of maximal entropy random walk., CIKM, 2011"], "Kai-Yang Chiang": ["Exploiting longer cycles for link prediction in signed networks., CIKM, 2011"], "Dawei Yin": ["Structural link analysis and prediction in microblogs., CIKM, 2011"], "Frank W. Takes": ["Determining the diameter of small world networks., CIKM, 2011"], "Michael Davis": ["Detecting anomalies in graphs with numeric labels., CIKM, 2011"], "Ching-man Au Yeung": ["Extracting multi-dimensional relations: a generative model of groups of entities in a corpus., CIKM, 2011", "Studying how the past is remembered: towards computational history through large scale text mining., CIKM, 2011"], "Anne-Marie Kermarrec": ["Distributed social graph embedding., CIKM, 2011"], "Yann Jacob": ["Classification and annotation in social corpora using multiple relations., CIKM, 2011"], "Efstathios Stamatatos": ["Plagiarism detection based on structural information., CIKM, 2011"], "Ya-nan Qian": ["Combining machine learning and human judgment in author disambiguation., CIKM, 2011"], "Rui Yan": ["Citation count prediction: learning to estimate future citations for literature., CIKM, 2011"], "Anja Bachmann": ["Extracting cross references from life science databases for search result ranking., CIKM, 2011"], "Adam Jatowt": ["Extracting collective expectations about the future from large text collections., CIKM, 2011"], "Claudio Schifanella": ["Fast metadata-driven multiresolution tensor decomposition., CIKM, 2011"], "Falk Brauer": ["Enabling information extraction by inference of regular expressions from sample entities., CIKM, 2011"], "Jinhan Kim": ["Mining entity translations from comparable corpora: a holistic graph mapping approach., CIKM, 2011"], "Bin Zhao": ["Max margin learning on domain-independent web information extraction., CIKM, 2011"], "Zhicheng Dou": ["Finding dimensions for queries., CIKM, 2011"], "Li Cai": ["Large-scale question classification in cQA by leveraging Wikipedia semantic knowledge., CIKM, 2011"], "Yang Song": ["Hierarchical tag visualization and application for tag recommendations., CIKM, 2011"], "Xin Chen": ["Perspective hierarchical dirichlet process for user-tagged image modeling., CIKM, 2011"], "Marius Pasca": ["Asking what no one has asked before: using phrase similarities to generate synthetic web search queries., CIKM, 2011", "Web-based open-domain information extraction., CIKM, 2011"], "Pradipto Das": ["Simultaneous joint and conditional modeling of documents tagged from two perspectives., CIKM, 2011"], "Stephan G\u00fcnnemann": ["External evaluation measures for subspace clustering., CIKM, 2011"], "Luca Maria Aiello": ["Behavior-driven clustering of queries into topics., CIKM, 2011"], "Ullas Nambiar": ["Discovering customer intent in real-time for streamlining service desk conversations., CIKM, 2011"], "Xinquan Qu": ["Sparse structured probabilistic projections for factorized latent spaces., CIKM, 2011"], "Weiwei Cheng": ["Automated feature generation from structured knowledge., CIKM, 2011"], "Wei Wang": ["Filtering and clustering relations for unsupervised information extraction in open domain., CIKM, 2011"], "Yunyao Li": ["Facilitating pattern discovery for relation extraction with semantic-signature-based clustering., CIKM, 2011"], "Gang Wu": ["Finding all justifications of OWL entailments using TMS and MapReduce., CIKM, 2011"], "Hai Huang": ["Estimating selectivity for joined RDF triple patterns., CIKM, 2011"], "Andreas Brodt": ["Efficient resource attribute retrieval in RDF triple stores., CIKM, 2011"], "Fan Wang": ["Effective stratification for low selectivity queries on deep web data sources., CIKM, 2011"], "Lijun Chang": ["Finding information nebula over large networks., CIKM, 2011"], "Da Yan": ["Efficient methods for finding influential locations with adaptive grids., CIKM, 2011"], "Giuseppe Ottaviano": ["Semi-indexing semi-structured data in tiny space., CIKM, 2011"], "Quoc Trung Tran": ["Evaluation of set-based queries with aggregation constraints., CIKM, 2011"], "G\u00fcnter Ladwig": ["Index structures and top-k join algorithms for native keyword search databases., CIKM, 2011"], "Shenoda Guirguis": ["Optimized processing of multiple aggregate continuous queries., CIKM, 2011"], "Jes\u00fas Manuel Almendros-Jim\u00e9nez": ["XQuery optimization based on program slicing., CIKM, 2011"], "Zhixu Li": ["Learning-based relevance feedback for web-based relation completion., CIKM, 2011"], "Rafael S. Gon\u00e7alves": ["Categorising logical differences between OWL ontologies., CIKM, 2011"], "Marina Drosou": ["ReDRIVE: result-driven database exploration through recommendations., CIKM, 2011"], "Tangjian Deng": ["Information re-finding by context: a brain memory inspired approach., CIKM, 2011"], "Roberto De Virgilio": ["Semantic data markets: a flexible environment for knowledge management., CIKM, 2011", "RFID data analysis using tensor calculus for supply chain management., CIKM, 2011"], "Ziawasch Abedjan": ["Advancing the discovery of unique column combinations., CIKM, 2011"], "Yueguo Chen": ["Continuously monitoring the correlations of massive discrete streams., CIKM, 2011"], "Felipe da C. Hummel": ["Multiple keyword-based queries over XML streams., CIKM, 2011"], "Xin Lin": ["Authentication of location-based skyline queries., CIKM, 2011"], "Chunyang Ma": ["Matching query processing in high-dimensional space., CIKM, 2011"], "Kun Xu": ["Answering label-constraint reachability in large graphs., CIKM, 2011"], "Silvia Rota": ["The list Viterbi training algorithm and its application to keyword search over databases., CIKM, 2011"], "Cheng-Te Li": ["Context-based people search in labeled social networks., CIKM, 2011"], "Carlos R. Rivero": ["On benchmarking data translation systems for semantic-web ontologies., CIKM, 2011"], "Chun Kit Chui": ["I/O-efficient algorithms for answering pattern-based aggregate queries in a sequence OLAP system., CIKM, 2011"], "Rada Chirkova": ["Tractable XML data exchange via relations., CIKM, 2011"], "Nicolas Hanusse": ["A parallel algorithm for computing borders., CIKM, 2011"], "Siarhei Bykau": ["Supporting queries spanning across phases of evolving artifacts using Steiner forests., CIKM, 2011"], "Robert Ikeda": ["Provenance-based refresh in data-oriented workflows., CIKM, 2011"], "Veli Bicer": ["Ranking support for keyword search on structured data using relevance models., CIKM, 2011"], "Joel Coffman": ["Learning to rank results in relational keyword search., CIKM, 2011"], "Xueyao Liang": ["Adding structure to top-k: from items to expansions., CIKM, 2011"], "Bo Zhao": ["TEXplorer: keyword-based object search and exploration in multidimensional text databases., CIKM, 2011"], "Steven Grijzenhout": ["The quality of the XML web., CIKM, 2011"], "Lingli Li": ["Context-based entity description rule for entity resolution., CIKM, 2011"], "Xiang Lian": ["Cost-efficient repair in inconsistent probabilistic databases., CIKM, 2011"], "Mijung Kim": ["Approximate tensor decomposition within a tensor-relational algebraic framework., CIKM, 2011"], "Vu Hung": ["Spreadsheet-based complex data transformation., CIKM, 2011"], "Yuanyuan Zhu": ["High efficiency and quality: large graphs matching., CIKM, 2011"], "Jiong Yang": ["DELTA: indexing and querying multi-labeled graphs., CIKM, 2011"], "Huiping Cao": ["Skynets: searching for minimum trees in graphs with incomparable edge weights., CIKM, 2011"], "Konstantin Tretyakov": ["Fast fully dynamic landmark-based estimation of shortest path distances in very large graphs., CIKM, 2011"], "Yan Xie": ["CP-index: on the efficient indexing of large graphs., CIKM, 2011"], "Sandeep Pandey": ["Learning to target: what works for behavioral targeting., CIKM, 2011"], "Kun Liu": ["Large-scale behavioral targeting with a social twist., CIKM, 2011"], "Bastian Karweg": ["Evolving social search based on bookmarks and status messages from social networks., CIKM, 2011"], "Shrey Sahay": ["Social ranking for spoken web search., CIKM, 2011"], "Victor Hu": ["Effects of search success on search engine re-use., CIKM, 2011"], "Hassan H. Malik": ["Exploring the corporate ecosystem with a semi-supervised entity graph., CIKM, 2011", "Accurate information extraction for quantitative financial events., CIKM, 2011"], "Jiyin He": ["Generating links to background knowledge: a case study using narrative radiology reports., CIKM, 2011"], "David Mart\u00ednez": ["Information extraction from pathology reports in a hospital setting., CIKM, 2011"], "Yingqin Gu": ["Extract knowledge from semi-structured websites for search task simplification., CIKM, 2011"], "Debapriyo Majumdar": ["Privacy protected knowledge management in services with emphasis on quality data., CIKM, 2011"], "Wei Zheng": ["Search result diversification for enterprise data., CIKM, 2011"], "Alessandro Bozzon": ["Diversification for multi-domain result sets., CIKM, 2011"], "Raynor Vliegendhart": ["A peer's-eye view: network term clouds in a peer-to-peer system., CIKM, 2011"], "Takehiro Yamamoto": ["RerankEverything: a reranking interface for exploring search results., CIKM, 2011", "Extracting adjective facets from community Q&A corpus., CIKM, 2011"], "Luis Fern\u00e1ndez-Luque": ["HealthTrust: trust-based retrieval of you tube's diabetes channels., CIKM, 2011"], "Dan Shen": ["Item categorization in the e-commerce domain., CIKM, 2011"], "Walid Magdy": ["An efficient method for using machine translation technologies in cross-language patent search., CIKM, 2011"], "Ahmet Aker": ["Understanding the types of information humans associate with geographic objects., CIKM, 2011"], "Bruno Cardoso": ["Google, bing and a new perspective on ranking similarity., CIKM, 2011"], "Rodrygo L. T. Santos": ["Effectiveness beyond the first crawl tier., CIKM, 2011", "Large-scale information retrieval experimentation with terrier., CIKM, 2011"], "Gabriella Kazai": ["Worker types and personality traits in crowdsourcing relevance labels., CIKM, 2011", "BooksOnline'11: 4th workshop on online books, complementary social media, and crowdsourcing., CIKM, 2011"], "Shahzad Rajput": ["A nugget-based test collection construction paradigm., CIKM, 2011"], "Andrey Styskin": ["Recency ranking by diversification of result set., CIKM, 2011"], "Debasis Ganguly": ["Patent query reduction using pseudo relevance feedback., CIKM, 2011"], "Chang Wang": ["Relevance feedback exploiting query-specific document manifolds., CIKM, 2011"], "Thomas Gottron": ["Insights into explicit semantic analysis., CIKM, 2011"], "Qianli Xing": ["On bias problem in relevance feedback., CIKM, 2011"], "Yunlong Ma": ["Selecting related terms in query-logs using two-stage SimRank., CIKM, 2011"], "Giuseppe Amodeo": ["On relevance, time and query expansion., CIKM, 2011", "Hybrid models for future event prediction., CIKM, 2011"], "Scott Sanner": ["Diverse retrieval via greedy optimization of expected 1-call@k in a latent subtopic relevance model., CIKM, 2011"], "Shoaib Jameel": ["An unsupervised ranking method based on a technical difficulty terrain., CIKM, 2011"], "Tamer Elsayed": ["When close enough is good enough: approximate positional indexes for efficient ranked retrieval., CIKM, 2011"], "Sairam Gurajada": ["Index tuning for query-log based on-line index maintenance., CIKM, 2011"], "Dongdong Shan": ["Efficient phrase querying with flat position index., CIKM, 2011"], "Saeedeh Momtazi": ["Trained trigger language model for sentence retrieval in QA: bridging the vocabulary gap., CIKM, 2011"], "Xiaobing Xue": ["Topic modeling for named entity queries., CIKM, 2011"], "Danilo Croce": ["Semantic convolution kernels over dependency trees: smoothed partial tree kernel., CIKM, 2011"], "Yang Lu": ["Recommending citations with translation model., CIKM, 2011"], "Deyu Zhou": ["A novel framework of training hidden markov support vector machines from lightly-annotated data., CIKM, 2011"], "Jun Wang": ["Learning to recommend questions based on public interest., CIKM, 2011", "Statistical information retrieval modelling: from the probability ranking principle to recent advances in diversity, portfolio theory, and beyond., CIKM, 2011"], "Amit Singh": ["CQC: classifying questions in CQA websites., CIKM, 2011"], "Huizhong Duan": ["Automatic query reformulation with syntactic operators to alleviate search difficulty., CIKM, 2011"], "Baichuan Li": ["Question routing in community question answering: putting category in its place., CIKM, 2011", "Question identification on twitter., CIKM, 2011"], "Aditya Kalyanpur": ["Fact-based question decomposition for candidate answer re-ranking., CIKM, 2011"], "Emre Varol": ["CoDet: sentence-based containment detection in news corpora., CIKM, 2011"], "Andrey Kustarev": ["Smoothing NDCG metrics using tied scores., CIKM, 2011"], "Yuan Lin": ["Learning to rank with cross entropy., CIKM, 2011"], "Mostafa Keikha": ["Predicting document effectiveness in pseudo relevance feedback., CIKM, 2011"], "Prashant Ullegaddi": ["Learning to rank categories for web queries., CIKM, 2011"], "Abhimanu Kumar": ["Supervised language modeling for temporal resolution of texts., CIKM, 2011"], "Xiaohui Yan": ["Context-aware query recommendation by learning high-order relation in query logs., CIKM, 2011"], "Shuhui Wang": ["Efficient lp-norm multiple feature metric learning for image categorization., CIKM, 2011"], "Bahjat Safadi": ["Re-ranking by local re-scoring for video indexing and retrieval., CIKM, 2011"], "Muhammad Asiful Islam": ["Tightly coupling visual and linguistic features for enriching audio-based web browsing experience., CIKM, 2011"], "Jungho Lee": ["Robust video fingerprinting based on hierarchical symmetric difference feature., CIKM, 2011"], "Luca Costantini": ["Image clustering fusion technique based on BFS., CIKM, 2011"], "Raoul Wessel": ["Efficient retrieval of 3D building models using embeddings of attributed subgraphs., CIKM, 2011"], "Duck-Ho Bae": ["Constructing seminal paper genealogy., CIKM, 2011"], "Zongda Wu": ["Leveraging Wikipedia concept and category information to enhance contextual advertising., CIKM, 2011"], "Nish Parikh": ["Beyond relevance in marketplace search., CIKM, 2011", "Marco Polo: a system for brand-based shopping and exploration., CIKM, 2011"], "Timothy Jones": ["Relative effect of spam and irrelevant documents on user interaction with search engines., CIKM, 2011"], "Van Dang": ["Inferring query aspects from reformulations using clustering., CIKM, 2011"], "Sungchul Kim": ["Advertiser-centric approach to understand user click behavior in sponsored search., CIKM, 2011"], "Dyut Kumar Sil": ["Supervised matching of comments with news article segments., CIKM, 2011"], "Anlei Dong": ["User action interpretation for personalized content optimization in recommender systems., CIKM, 2011"], "Naoki Tani": ["Collaborative exploratory search in real-world context., CIKM, 2011"], "Benno Stein": ["Beyond precision@10: clustering the long tail of web search results., CIKM, 2011"], "Sang-Wook Kim": ["Spectral analysis of a blogosphere., CIKM, 2011"], "Timothy Cribbin": ["Citation chain aggregation: an interaction model to support citation cycling., CIKM, 2011"], "Lung-Hao Lee": ["Collaborative blacklist generation via searches-and-clicks., CIKM, 2011"], "Himabindu Lakkaraju": ["Attention prediction on social media brand pages., CIKM, 2011"], "Yifan Fu": ["Do they belong to the same class: active learning by querying pairwise label homogeneity., CIKM, 2011"], "Paolo Garza": ["Structured data classification by means of matrix factorization., CIKM, 2011"], "Zhenfeng Zhu": ["Transfer active learning., CIKM, 2011"], "Nenad Tomasev": ["A probabilistic approach to nearest-neighbor classification: naive hubness bayesian kNN., CIKM, 2011"], "Yujing Wang": ["Representing document as dependency graph for document clustering., CIKM, 2011"], "Michele Berlingerio": ["Finding redundant and complementary communities in multidimensional networks., CIKM, 2011"], "Yan Zhang": ["Promotional subspace mining with EProbe framework., CIKM, 2011"], "Bruno A. Pimentel": ["A partitioning method for symbolic interval data based on kernelized metric., CIKM, 2011"], "Xiaoguang Qi": ["Hierarchy evolution for improved classification., CIKM, 2011"], "Chaokun Wang": ["Using random walks for multi-label classification., CIKM, 2011"], "Shin Ando": ["Latent feature encoding using dyadic and relational data., CIKM, 2011"], "Yong Liu": ["Learning kernels with upper bounds of leave-one-out error., CIKM, 2011"], "Guoqiong Liao": ["KLEAP: an efficient cleaning method to remove cross-reads in RFID streams., CIKM, 2011"], "Narayan Bhamidipati": ["A diversity measure leveraging domain specific auxiliary information., CIKM, 2011"], "Julia Kiseleva": ["Mining query structure from click data: a case study of product queries., CIKM, 2011"], "Hengshu Zhu": ["Towards expert finding by leveraging relevant categories in authority ranking., CIKM, 2011"], "Qi Li": ["Joint inference for cross-document information extraction., CIKM, 2011"], "Anish Das Sarma": ["Building a generic debugger for information extraction pipelines., CIKM, 2011"], "Amara Tariq": ["Fast supervised feature extraction by term discrimination information pooling., CIKM, 2011"], "Henning Wachsmuth": ["Constructing efficient information extraction pipelines., CIKM, 2011"], "Chen Wang": ["CoRankBayes: bayesian learning to rank under the co-training framework and its application in keyphrase extraction., CIKM, 2011"], "Krishna Yeswanth Kamath": ["Discovering trending phrases on information streams., CIKM, 2011"], "Samaneh Moghaddam": ["Review recommendation: personalized prediction of the quality of online reviews., CIKM, 2011"], "Fidel Cacheda": ["Improving k-nearest neighbors algorithms: practical application of dataset analysis., CIKM, 2011"], "Alejandro Bellog\u00edn": ["Structured collaborative filtering., CIKM, 2011"], "Ibrahim Uysal": ["User oriented tweet ranking: a filtering approach to microblogs., CIKM, 2011"], "Julie S\u00e9gu\u00e9la": ["A semi-supervised hybrid system to enhance the recommendation of channels in terms of campaign roi., CIKM, 2011"], "Dongsheng Li": ["YANA: an efficient privacy-preserving recommender system for online social communities., CIKM, 2011"], "Mirwaes Wahabzada": ["More influence means less work: fast latent dirichlet allocation by influence scheduling., CIKM, 2011"], "Mingqiang Xue": ["Utility-driven anonymization in data publishing., CIKM, 2011"], "Madhushri Banerjee": ["Privacy preserving feature selection for distributed data using virtual dimension., CIKM, 2011"], "Hamid Turab Mirza": ["Switch detector: an activity spotting system for desktop., CIKM, 2011"], "Madhuchand Rushi Pillutla": ["LSH based outlier detection and its application in distributed setting., CIKM, 2011"], "Henning Weiler": ["Authormagic: an approach to author disambiguation in large-scale digital libraries., CIKM, 2011"], "Xiang Niu": ["DIGRank: using global degree to facilitate ranking in an incomplete graph., CIKM, 2011"], "Chuan Shi": ["On selection of objective functions in multi-objective community detection., CIKM, 2011"], "Manos Papagelis": ["Suggesting ghost edges for a smaller world., CIKM, 2011"], "Karl Gyllstrom": ["Examining the \"leftness\" property of Wikipedia categories., CIKM, 2011"], "Maik Anderka": ["Detection of text quality flaws as a one-class classification problem., CIKM, 2011"], "Roberto Navigli": ["Two birds with one stone: learning semantic models for text categorization and word sense disambiguation., CIKM, 2011"], "Deepak P": ["More or better: on trade-offs in compacting textual problem solution repositories., CIKM, 2011"], "Jing Guo": ["Mining frequent patterns across multiple data streams., CIKM, 2011"], "Ermelinda Oro": ["SILA: a spatial instance learning approach for deep webpages., CIKM, 2011"], "Jeffrey McGee": ["A geographic study of tie strength in social media., CIKM, 2011"], "Changki Lee": ["Named entity recognition using a modified Pegasos algorithm., CIKM, 2011"], "Tadashi Nomoto": ["WikiLabel: an encyclopedic approach to labeling documents en masse., CIKM, 2011"], "Tao Yang": ["Towards noise-resilient document modeling., CIKM, 2011"], "Mrinmaya Sachan": ["Probabilistic model for discovering topic based communities in social networks., CIKM, 2011"], "Sanghoon Lee": ["Scalable entity matching computation with materialization., CIKM, 2011"], "Jintian Deng": ["Predicting the optimal ad-hoc index for reachability queries on graph databases., CIKM, 2011"], "Andrew Peel": ["Collection-based compression using discovered long matching strings., CIKM, 2011"], "Dominic Tsang": ["A robust index for regular expression queries., CIKM, 2011"], "Carlos Garcia-Alvarado": ["Integrating and querying web databases and documents., CIKM, 2011", "ONTOCUBE: efficient ontology extraction using OLAP cubes., CIKM, 2011"], "Martin Krulis": ["Processing the signature quadratic form distance on many-core GPU architectures., CIKM, 2011"], "Jin Huang": ["Top-k most influential locations selection., CIKM, 2011"], "Johann Gamper": ["Defining isochrones in multimodal spatial networks., CIKM, 2011"], "Ioannis Konstantinou": ["On the elasticity of NoSQL databases over cloud management platforms., CIKM, 2011"], "Jun Li": ["Continuous data stream query in the cloud., CIKM, 2011"], "He Li": ["A cluster based mobile peer to peer architecture in wireless ad hoc networks., CIKM, 2011"], "Lars Kolb": ["Block-based load balancing for entity resolution with MapReduce., CIKM, 2011"], "Shen Gao": ["PCMLogging: reducing transaction logging overhead with PCM., CIKM, 2011"], "Hong Kyu Park": ["A continuous query evaluation scheme for a detection-only query over data streams., CIKM, 2011"], "Junling Liu": ["Subject-oriented top-k hot region queries in spatial dataset., CIKM, 2011"], "Yonghun Park": ["k-Nearest neighbor query processing method based on distance relation pattern., CIKM, 2011"], "Sreenivas Gollapudi": ["Efficient query rewrite for structured web queries., CIKM, 2011"], "Eric Peukert": ["Rule-based construction of matching processes., CIKM, 2011"], "Jiang Bian": ["A taxonomy of local search: semi-supervised query classification driven by information needs., CIKM, 2011"], "Xiaojun Cheng": ["An algorithm for axiom pinpointing in EL+ and its incremental variant., CIKM, 2011"], "David Carmel": ["Folksonomy-based term extraction for word cloud generation., CIKM, 2011"], "Mo Zhou": ["Efficient association discovery with keyword-based constraints on large graph data., CIKM, 2011", "Conkar: constraint keyword-based association discovery., CIKM, 2011"], "Xu Pu": ["AWETO: efficient incremental update and querying in rdf storage system., CIKM, 2011"], "Canwei Zhuang": ["Insert-friendly XML containment labeling scheme., CIKM, 2011"], "Guillaume Cleuziou": ["A pretopological framework for the automatic construction of lexical-semantic structures from texts., CIKM, 2011"], "Raymond Yiu-Keung Lau": ["Leveraging web 2.0 data for scalable semi-supervised learning of domain-specific sentiment lexicons., CIKM, 2011"], "Arkaitz Zubiaga": ["Classifying trending topics: a typology of conversation triggers on Twitter., CIKM, 2011"], "Xia Hu": ["Enhancing accessibility of microblogging messages using semantic knowledge., CIKM, 2011"], "Shoushan Li": ["Imbalanced sentiment classification., CIKM, 2011"], "Wen Li": ["The where in the tweet., CIKM, 2011"], "Rawia Awadallah": ["OpinioNetIt: understanding the opinions-people network for politically controversial topics., CIKM, 2011"], "Mitra Mohtarami": ["Predicting the uncertainty of sentiment adjectives in indirect answers., CIKM, 2011"], "Tao Liu": ["Sentiment classification via l2-norm deep belief network., CIKM, 2011"], "Honglei Guo": ["Domain customization for aspect-oriented opinion analysis with multi-level latent sentiment clues., CIKM, 2011"], "Liang Zhang": ["A machine-learned proactive moderation system for auction fraud detection., CIKM, 2011"], "Sameep Mehta": ["Simultaneously improving CSAT and profit in a retail banking organization., CIKM, 2011"], "Meizhu Liu": ["Coarse-to-fine classification via parametric and nonparametric models for computer-aided diagnosis., CIKM, 2011"], "Haggai Roitman": ["Exploratory search over social-medical data., CIKM, 2011", "Search and mining entity-relationship data., CIKM, 2011"], "Johannes Lorey": ["Black swan: augmenting statistics with event data., CIKM, 2011"], "Carlos Ordonez": ["A data mining system based on SQL queries and UDFs for relational databases., CIKM, 2011"], "Lukas Blunschi": ["Data-thirsty business analysts need SODA: search over data warehouse., CIKM, 2011"], "Aba-Sah Dadzie": ["An integrated environment for semantic knowledge work., CIKM, 2011"], "Francesco Ronzano": ["Editing knowledge resources: the wiki way., CIKM, 2011"], "Kazufumi Watanabe": ["Jasmine: a real-time local-event detection system based on geolocation information propagated to microblogs., CIKM, 2011"], "Omar U. Florez": ["Scalable similarity search of timeseries with variable dimensionality., CIKM, 2011"], "Jordi Creus Tom\u00e0s": ["RoSeS: a continuous query processor for large-scale RSS filtering and aggregation., CIKM, 2011"], "Timm Meiser": ["Interactive reasoning in uncertain RDF knowledge bases., CIKM, 2011"], "Carly O'Neil": ["Fu-Finder: a game for studying querying behaviours., CIKM, 2011"], "David Aum\u00fcller": ["PDFMeat: managing publications on the semantic desktop., CIKM, 2011"], "H\u00e9ctor Montaner": ["MEMSCALE: in-cluster-memory databases., CIKM, 2011"], "Lucantonio Ghionna": ["H-DB: a hybrid quantitative-structural sql optimizer., CIKM, 2011"], "Wilson Wong": ["Health conversational system based on contextual matching of community-driven question-answer pairs., CIKM, 2011"], "Masayuki Okamoto": ["Annotating knowledge work lifelog: term extraction from sensor and operation history., CIKM, 2011"], "Arturas Mazeika": ["Entity timelines: visual analytics and named entity evolution., CIKM, 2011"], "Aleksandar Stupar": ["PICASSO: automated soundtrack suggestion for multi-modal data., CIKM, 2011"], "Fady Draidi": ["P2Prec: a social-based P2P recommendation system., CIKM, 2011"], "Vanessa Murdock": ["Computational geography., CIKM, 2011"], "Peter Baumann": ["Large-scale array analytics: taming the data tsunami., CIKM, 2011"], "Shonali Krishnaswamy": ["Advances in data stream mining for mobile and ubiquitous environments., CIKM, 2011"], "Divyakant Agrawal": ["Information diffusion in social networks: observing and affecting what society cares about., CIKM, 2011"], "Andrei Z. Broder": ["Information retrieval challenges in computational advertising., CIKM, 2011"], "Roelof van Zwol": ["Object ranking., CIKM, 2011"], "Avigdor Gal": ["Uncertain schema matching: the power of not knowing., CIKM, 2011"], "Sophia Ananiadou": ["DTMBIO 2011: international workshop on data and textmining in biomedical informatics., CIKM, 2011"], "Sergej Sizov": ["Detect'11: international workshop on DETecting and Exploiting Cultural diversiTy on the social web., CIKM, 2011"], "Mihai Lupu": ["4th international workshop on patent information retrieval (PaIR'11)., CIKM, 2011"], "Iv\u00e1n Cantador": ["Overview of the third international workshop on search and mining user-generated contents., CIKM, 2011"], "Kerstin Denecke": ["Web science and information exchange in the medical web., CIKM, 2011"], "Gene Golovchinsky": ["3rd international workshop on collaborative information retrieval (CIR2011)., CIKM, 2011"], "Maristella Agosti": ["DESIRE 2011: first international workshop on data infrastructures for supporting information retrieval evaluation., CIKM, 2011"], "Anisoara Nica": ["PIKM 2011: the 4th ACM workshop for Ph.D. students in information and knowledge management., CIKM, 2011"], "Matt-Mouley Bouamrane": ["Managing interoperability and complexity inhealth systems: MIXHS'11 workshop summary., CIKM, 2011"], "Xiaofeng Meng": ["Report on the third international workshop on cloud datamanagement (CloudDB 2011)., CIKM, 2011"], "Omar Alonso": ["Fourth workshop on exploiting semantic annotations in information retrieval (ESAIR)., CIKM, 2011"], "Claudio Lucchese": ["LSDS-IR'11: the 9th workshop on large-scale and distributed systems for information retrieval., CIKM, 2011"], "Alfredo Cuzzocrea": ["DOLAP 2011: overview of the 14th international workshop on data warehousing and olap., CIKM, 2011"], "Jeremy Pickens": ["Social and collaborative information seeking: panel., CIKM, 2011"]}