{"Ralph D. Semmel": ["Discovering Context in a Conceptual Schema., CIKM, 1992"], "Jeffrey R. Bach": ["An Interactive Image Management System for Face Information Retrieval., CIKM, 1992"], "Reda Alhajj": ["Queries in Object-Oriented Database Systems., CIKM, 1992"], "Herv\u00e9 Martin": ["Consistency Checking in Object Oriented Databases: a Behavioral Approach., CIKM, 1992"], "Anna Formica": ["Integrity Constraints Representation in Object-Oriented Databases., CIKM, 1992"], "Niki Pissinou": ["A Framework for Temporal Object Databases., CIKM, 1992"], "Debby Keen": ["Inductive Dependencies and Approximate Databases., CIKM, 1992"], "Il-Yeol Song": ["Object-Oriented Database Design Methodologies: A Survey., CIKM, 1992"]}