{"Kyu-Young Whang": ["DB-IR integration and its application to a massively-parallel search engine., CIKM, 2009"], "Edward Y. Chang": ["Confucius and \"its\" intelligent disciples., CIKM, 2009"], "Clement T. Yu": ["Advanced metasearch engines., CIKM, 2009"], "Xin Liu": ["StereoTrust: a group based personalized trust model., CIKM, 2009"], "Ritu Khare": ["An empirical study on using hidden markov model for search interface segmentation., CIKM, 2009"], "Makoto P. Kato": ["Query by analogical example: relational search using web search engine indices., CIKM, 2009"], "Ye-Yi Wang": ["Semi-supervised learning of semantic classes for query understanding: from the web and for the web., CIKM, 2009"], "Shuyi Zheng": ["Efficient record-level wrapper induction., CIKM, 2009", "Graph-based seed selection for web-scale crawlers., CIKM, 2009"], "Hila Becker": ["What happens after an ad click?: quantifying the impact of landing pages in web advertising., CIKM, 2009"], "Azin Ashkan": ["Characterizing commercial intent., CIKM, 2009"], "Jeff Huang": ["Analyzing and evaluating query reformulation strategies in web search logs., CIKM, 2009"], "Ryen W. White": ["Characterizing and predicting search engine switching behavior., CIKM, 2009"], "Omar Alonso": ["Clustering and exploring search results using timeline constructions., CIKM, 2009"], "Arash Termehchy": ["Effective, design-independent XML keyword search., CIKM, 2009"], "Jian Liu": ["Efficient processing of twig pattern matching in fuzzy XML., CIKM, 2009"], "Yuan Ni": ["Dissemination of heterogeneous XML data in publish/subscibe systems., CIKM, 2009"], "Dario Colazzo": ["Linear inclusion for XML regular expression types., CIKM, 2009"], "Xiping Liu": ["Effective XML content and structure retrieval with relevance ranking., CIKM, 2009"], "Jen-Hao Hsiao": ["Intention-focused active reranking for image object retrieval., CIKM, 2009"], "Nilesh N. Dalvi": ["A translation model for matching reviews to objects., CIKM, 2009"], "Jeff Pasternack": ["Learning better transliterations., CIKM, 2009"], "Bing Bai": ["Supervised semantic indexing., CIKM, 2009"], "Bo Geng": ["Ranking model adaptation for domain-specific search., CIKM, 2009"], "Sanjeet Khaitan": ["Data-driven compound splitting method for english compounds in domain names., CIKM, 2009"], "Xianpei Han": ["Named entity disambiguation by leveraging wikipedia semantic knowledge., CIKM, 2009"], "Vishnu Vyas": ["Helping editors choose better seed sets for entity set expansion., CIKM, 2009"], "Daya C. Wimalasuriya": ["Using multiple ontologies in information extraction., CIKM, 2009"], "Xiaozhong Liu": ["Computational community interest for ranking., CIKM, 2009"], "Yuanhua Lv": ["Adaptive relevance feedback in information retrieval., CIKM, 2009", "A comparative study of methods for estimating query language models with pseudo feedback., CIKM, 2009"], "Xin Cao": ["The use of categorization information in language models for question retrieval., CIKM, 2009"], "Hao Ma": ["Improving search engines using human computation games., CIKM, 2009", "Semi-nonnegative matrix factorization with global statistical consistency for collaborative filtering., CIKM, 2009"], "Nan Tang": ["Space-economical partial gram indices for exact substring matching., CIKM, 2009"], "C\u00e9dric du Mouza": ["AS-index: a structure for string search using n-grams and algebraic signatures., CIKM, 2009"], "Timothy de Vries": ["Robust record linkage blocking using suffix arrays., CIKM, 2009"], "Jiaheng Lu": ["Efficient algorithms for approximate member extraction using signature-based inverted lists., CIKM, 2009"], "Xiaofeng Yu": ["An integrated discriminative probabilistic approach to information extraction., CIKM, 2009"], "Sheng Guo": ["Mining linguistic cues for query expansion: applications to drug interaction search., CIKM, 2009"], "Yarui Chen": ["Message family propagation for ising mean field based on iteration tree., CIKM, 2009"], "Chuancong Gao": ["Efficient itemset generator discovery over a stream sliding window., CIKM, 2009"], "Deepa Paranjpe": ["Learning document aboutness from implicit user feedback and document structure., CIKM, 2009"], "Chenghua Lin": ["Joint sentiment/topic model for sentiment analysis., CIKM, 2009"], "Hyun Duk Kim": ["Generating comparative summaries of contradictory opinions in text., CIKM, 2009"], "Xiaoxun Zhang": ["sDoc: exploring social wisdom for document enhancement in web mining., CIKM, 2009"], "Magnus Sahlgren": ["Terminology mining in social media., CIKM, 2009"], "Jinru He": ["Compact full-text indexing of versioned document collections., CIKM, 2009"], "Ricardo A. Baeza-Yates": ["On the feasibility of multi-site web search engines., CIKM, 2009"], "Sairam Gurajada": ["On-line index maintenance using horizontal partitioning., CIKM, 2009"], "Dirk Ahlers": ["Adaptive geospatially focused crawling., CIKM, 2009"], "Giorgos Margaritis": ["Low-cost management of inverted files for online full-text search., CIKM, 2009"], "Kyong-Ha Lee": ["Bitmap indexes for relational XML twig query processing., CIKM, 2009"], "Xiaoying Wu": ["Answering XML queries using materialized views revisited., CIKM, 2009"], "Anton Dries": ["A query language for analyzing networks., CIKM, 2009"], "Xin Chen": ["Probabilistic models for topic learning from images and captions in online biomedical literatures., CIKM, 2009"], "Xue-wen Chen": ["Learning to rank with a novel kernel perceptron method., CIKM, 2009"], "Gerard de Melo": ["Towards a universal wordnet by learning from combined evidence., CIKM, 2009"], "Ling Chen": ["Event detection from flickr data through wavelet-based spatial analysis., CIKM, 2009"], "Shaomin Shi": ["Msuggest: a semantic recommender framework for traditional chinese medicine book search engine., CIKM, 2009"], "Shixia Liu": ["Interactive, topic-based visual text summarization and analysis., CIKM, 2009"], "Peixiang Zhao": ["P-Rank: a comprehensive structural similarity measure over information networks., CIKM, 2009"], "Bingjun Sun": ["Independent informative subgraph mining for graph information retrieval., CIKM, 2009", "Learning to rank graphs for online similar graph search., CIKM, 2009"], "Ning Jin": ["Graph classification based on pattern co-occurrence., CIKM, 2009"], "Zhaonian Zou": ["Frequent subgraph pattern mining on uncertain graph data., CIKM, 2009"], "Hongliang Fei": ["L2 norm regularized feature kernel regression for graph data., CIKM, 2009"], "Timothy G. Armstrong": ["Improvements that don't add up: ad-hoc retrieval results since 1998., CIKM, 2009"], "Evangelos Kanoulas": ["Empirical justification of the gain and discount function for nDCG., CIKM, 2009"], "Olivier Chapelle": ["Expected reciprocal rank for graded relevance., CIKM, 2009"], "Leif Azzopardi": ["Usage based effectiveness measures: monitoring application performance in information retrieval., CIKM, 2009"], "Chao Liu": ["Post-rank reordering: resolving preference misalignments between search engines and end users., CIKM, 2009"], "Christian B\u00f6hm": ["Probabilistic skyline queries., CIKM, 2009", "Density-based clustering using graphics processors., CIKM, 2009"], "Bin Yang": ["Scalable continuous range monitoring of moving objects in symbolic indoor space., CIKM, 2009"], "Anastasios Kementsietsidis": ["Provenance query evaluation: what's so special about it?, CIKM, 2009"], "Ken C. K. Lee": ["Navigational path privacy protection: navigational path privacy protection., CIKM, 2009"], "Ali Dasdan": ["Automatic retrieval of similar content using search engine query interface., CIKM, 2009"], "Anand Ranganathan": ["Mashup-based information retrieval for domain experts., CIKM, 2009"], "Lichun Yang": ["A study of information retrieval on accumulative social descriptions using the generation features., CIKM, 2009"], "Jidong Chen": ["iMecho: an associative memory based desktop search system., CIKM, 2009"], "Dou Shen": ["Product query classification., CIKM, 2009", "Exploiting term relationship to boost text classification., CIKM, 2009"], "Ke Sun": ["Learning to recommend questions based on user ratings., CIKM, 2009"], "Nathan Nan Liu": ["Probabilistic latent preference analysis for collaborative filtering., CIKM, 2009"], "Paolo Boldi": ["Voting in social networks., CIKM, 2009"], "Ching-man Au Yeung": ["User-induced links in collaborative tagging systems., CIKM, 2009"], "Avi Arampatzis": ["A signal-to-noise approach to score normalization., CIKM, 2009"], "Shuming Shi": ["Nonlinear static-rank computation., CIKM, 2009"], "Chenguang Zhu": ["A general magnitude-preserving boosting algorithm for search ranking., CIKM, 2009"], "Jen-Wei Kuo": ["Learning to rank from Bayesian decision inference., CIKM, 2009"], "Kevyn Collins-Thompson": ["Reducing the risk of query expansion via robust constrained optimization., CIKM, 2009"], "Bugra Gedik": ["A code generation approach to optimizing high-performance distributed data stream processing., CIKM, 2009"], "Xiang Lian": ["Efficient join processing on uncertain data streams., CIKM, 2009"], "Michalis Potamias": ["Fast shortest path distance estimation in large networks., CIKM, 2009"], "Parisa Haghani": ["Evaluating top-k queries over incomplete data streams., CIKM, 2009"], "Yingying Tao": ["Mining data streams with periodically changing distributions., CIKM, 2009", "Mining frequent itemsets in time-varying data streams., CIKM, 2009"], "Davood Rafiei": ["Information extraction meets relation databases., CIKM, 2009", "Data extraction from the web using wild card queries., CIKM, 2009"], "John S. Whissell": ["Clustering web queries., CIKM, 2009"], "Flavio Figueiredo": ["Evidence of quality of textual features on the web 2.0., CIKM, 2009"], "Xia Hu": ["Exploiting internal and external semantics for the clustering of short texts using world knowledge., CIKM, 2009"], "Likun Qiu": ["SELC: a self-supervised model for sentiment classification., CIKM, 2009"], "Jingrui He": ["Graph-based transfer learning., CIKM, 2009"], "Xuanjing Huang": ["A unified relevance model for opinion retrieval., CIKM, 2009"], "Qi He": ["Detecting topic evolution in scientific literature: how can citations help?, CIKM, 2009"], "Lijiang Chen": ["Efficient information retrieval in mobile peer-to-peer networks., CIKM, 2009"], "Shady Elbassuoni": ["Language-model-based ranking for queries on RDF-graphs., CIKM, 2009"], "Bo Wang": ["Heterogeneous cross domain ranking in latent space., CIKM, 2009"], "Chun Kit Chui": ["Supporting ranking pattern-based aggregate queries in sequence data cubes., CIKM, 2009"], "Fu Zhang": ["Fuzzy semantic web ontology learning from fuzzy UML model., CIKM, 2009"], "Kamesh Madduri": ["Efficient joins with compressed bitmap indexes., CIKM, 2009"], "Oktie Hassanzadeh": ["A framework for semantic link discovery over relational data., CIKM, 2009"], "Rinku Dewri": ["POkA: identifying pareto-optimal k-anonymous nodes in a domain hierarchy lattice., CIKM, 2009"], "Ye Chen": ["Practical lessons of data mining at Yahoo!, CIKM, 2009"], "Thomas Piton": ["Domain driven data mining to improve promotional campaign ROI and select marketing channels., CIKM, 2009"], "Alex Penev": ["Framework for timely and accurate ads on mobile devices., CIKM, 2009"], "Soo-Min Kim": ["Improving web page classification by label-propagation over click graphs., CIKM, 2009"], "Honglei Guo": ["Product feature categorization with multilevel latent semantic association., CIKM, 2009"], "Robert West": ["Completing wikipedia's hyperlink structure through dimensionality reduction., CIKM, 2009"], "Lei Tang": ["Scalable learning of collective behavior based on sparse social dimensions., CIKM, 2009"], "Hui Li": ["Blog cascade affinity: analysis and prediction., CIKM, 2009"], "Eduarda Mendes Rodrigues": ["Socializing or knowledge sharing?: characterizing social intent in community question answering., CIKM, 2009"], "Quang-Khai Pham": ["Time sequence summarization to scale up chronology-dependent applications., CIKM, 2009"], "Matthijs van Leeuwen": ["Compressing tags to find interesting media groups., CIKM, 2009"], "Hwanjo Yu": ["Efficient feature weighting methods for ranking., CIKM, 2009", "RefMed: relevance feedback retrieval system fo PubMed., CIKM, 2009"], "Felix Halim": ["Fast and effective histogram construction., CIKM, 2009"], "Sujay Parekh": ["Characterizing, constructing and managing resource usage profiles of system S applications: challenges and experience., CIKM, 2009"], "Matthias Nicola": ["Generating SQL/XML query and update statements., CIKM, 2009"], "Waraporn Viyanon": ["A system for detecting xml similarity in content and structure using relational database., CIKM, 2009"], "Asad B. Sayeed": ["Characteristics of document similarity measures for compliance analysis., CIKM, 2009"], "Bin Cao": ["PQC: personalized query classification., CIKM, 2009"], "David Carmel": ["Personalized social search based on the user's social network., CIKM, 2009", "Who tags the tags?: a framework for bookmark weighting., CIKM, 2009"], "Xuanhui Wang": ["Beyond hyperlinks: organizing information footprints in search logs to support effective browsing., CIKM, 2009"], "Xin Xin": ["A social recommendation framework based on multi-scale continuous conditional random fields., CIKM, 2009"], "Huanhuan Cao": ["Enhancing recommender systems under volatile userinterest drifts., CIKM, 2009"], "Chia-Jung Lee": ["A term dependency-based approach for query terms ranking., CIKM, 2009"], "Jaime Arguello": ["Classification-based resource selection., CIKM, 2009"], "Ben Carterette": ["Probabilistic models of ranking novel documents for faceted topic retrieval., CIKM, 2009"], "Jinyoung Kim": ["Retrieval experiments using pseudo-desktop collections., CIKM, 2009"], "Ao Feng": ["Incident threading for news passages., CIKM, 2009"], "Stephan G\u00fcnnemann": ["Detection of orthogonal concepts in subspaces of high dimensional data., CIKM, 2009"], "Brian Quanz": ["Large margin transductive transfer learning., CIKM, 2009"], "Quanquan Gu": ["Subspace maximum margin clustering., CIKM, 2009"], "Bo Long": ["A risk minimization framework for domain adaptation., CIKM, 2009"], "Lei Ji": ["ExSearch: a novel vertical search engine for online barter business., CIKM, 2009"], "Yiming Ma": ["iLoc: a framework for incremental location-state acquisition and prediction based on mobile sensors., CIKM, 2009"], "Xiaoyuan Wu": ["Predicting the conversion probability for items on C2C ecommerce sites., CIKM, 2009"], "Youngja Park": ["Towards real-time measurement of customer satisfaction using automatically generated call transcripts., CIKM, 2009"], "Bin Zhang": ["ROSE: retail outlet site evaluation by learning with both sample and feature preference., CIKM, 2009"], "Ming Zhong": ["3se: a semi-structured search engine for heterogeneous data in graph model., CIKM, 2009"], "Junhu Wang": ["Minimal common container of tree patterns., CIKM, 2009"], "Yu Gu": ["Probabilistic moving range query over RFID spatio-temporal data streams., CIKM, 2009"], "Marina Barsky": ["Suffix trees for very large genomic sequences., CIKM, 2009"], "Shaoxu Song": ["Discovering matching dependencies., CIKM, 2009"], "Yuqing Wu": ["Workload-aware trie indices for XML., CIKM, 2009", "XQGen: an algebra-based XPath query generator for micro-benchmarking., CIKM, 2009", "ASIC: algebra-based structural index comparison., CIKM, 2009"], "Julia Stoyanovich": ["Rank-aware clustering of structured datasets., CIKM, 2009"], "Ming-Hay Luk": ["Group-by skyline query processing in relational engines., CIKM, 2009"], "Yukun Li": ["Supporting context-based query in personal DataSpace., CIKM, 2009"], "Noman Mohammed": ["Walking in the crowd: anonymizing trajectory data for pattern analysis., CIKM, 2009"], "Baichen Chen": ["Progressive skyline query evaluation and maintenance in wireless sensor networks., CIKM, 2009"], "Dongbo Dai": ["Incremental similarity joins with edit distance constraints., CIKM, 2009"], "Guoliang Li": ["Structure-aware indexing for keyword search in databases., CIKM, 2009"], "Da Zhou": ["RS-Wrapper: random write optimization for solid state drive., CIKM, 2009"], "Muhua Zhu": ["Label correspondence learning for part-of-speech annotation transformation., CIKM, 2009"], "Yuan Hong": ["Effective anonymization of query logs., CIKM, 2009"], "Abhinav Parate": ["A framework for safely publishing communication traces., CIKM, 2009"], "Aijun An": ["Diverging patterns: discovering significant frequency change dissimilarities in large databases., CIKM, 2009"], "Huanliang Sun": ["Matching stream patterns of various lengths and tolerances., CIKM, 2009"], "James Cheng": ["Efficient processing of group-oriented connection queries in a large graph., CIKM, 2009"], "Gap-Joo Na": ["Dynamic in-page logging for flash-aware B-tree index., CIKM, 2009"], "Christos Doulkeridis": ["Multidimensional routing indices for efficient distributed query processing., CIKM, 2009"], "Dengcheng He": ["Cluster based rank query over multidimensional data streams., CIKM, 2009"], "Yabo Xu": ["Online anonymity for personalized web services., CIKM, 2009"], "Sourav S. Bhowmick": ["Towards non-directional Xpath evaluation in a RDBMS., CIKM, 2009"], "Lipyeow Lim": ["Semantic queries in databases: problems and challenges., CIKM, 2009"], "Truls Amundsen Bj\u00f8rklund": ["Inverted indexes vs. bitmap indexes in decision support systems., CIKM, 2009"], "George H. L. Fletcher": ["Scalable indexing of RDF graphs for efficient join processing., CIKM, 2009"], "Yitao Duan": ["Privacy without noise., CIKM, 2009"], "Byron J. Gao": ["The gardener's problem for web information monitoring., CIKM, 2009"], "Seok-Ho Yoon": ["Extraction of a latent blog community based on subject., CIKM, 2009"], "Lijun Chang": ["Context-sensitive document ranking., CIKM, 2009"], "Fabien Duchateau": ["(Not) yet another matcher., CIKM, 2009", "YAM: a schema matcher factory., CIKM, 2009"], "Xiaoxun Sun": ["Injecting purpose and trust into data anonymisation., CIKM, 2009"], "Caimei Lu": ["Exploit the tripartite network of social tagging for web clustering., CIKM, 2009"], "Jing Bai": ["Multi-task learning for learning to rank in web search., CIKM, 2009"], "Hemant Misra": ["Text segmentation via topic modeling: an analytical study., CIKM, 2009"], "Furu Wei": ["iRANK: an interactive ranking framework and its application in query-focused summarization., CIKM, 2009"], "Lei Shi": ["Adaptive web mining of bilingual lexicons for cross language information retrieval., CIKM, 2009"], "Peter Christen": ["Similarity-aware indexing for real-time entity resolution., CIKM, 2009"], "Yi Liu": ["Clustering queries for better document ranking., CIKM, 2009"], "Le Zhao": ["Effective and efficient structured retrieval., CIKM, 2009"], "Tapas Kanungo": ["Web search result summarization: title selection algorithms and user satisfaction., CIKM, 2009"], "Xing Wei": ["Context sensitive synonym discovery for web search queries., CIKM, 2009"], "Hiroya Takamura": ["Text summarization model based on the budgeted median problem., CIKM, 2009"], "Shuo Chen": ["Instance- and bag-level manifold regularization for aggregate outputs classification., CIKM, 2009"], "Eyal Krikon": ["Utilizing inter-passage and inter-document similarities for re-ranking search results., CIKM, 2009"], "Keke Chen": ["On domain similarity and effectiveness of adapting-to-rank., CIKM, 2009"], "Abdulmohsen Algarni": ["An effective model of using negative relevance feedback for information filtering., CIKM, 2009"], "Xiaojun Wan": ["Topic analysis for topic-focused multi-document summarization., CIKM, 2009"], "Zhenjiang Lin": ["MatchSim: a novel neighbor-based similarity measure with maximum neighborhood matching., CIKM, 2009"], "Ronald T. Fern\u00e1ndez": ["Using opinion-based features to boost sentence retrieval., CIKM, 2009"], "Marc Wichterich": ["Exploring multimedia databases via optimization-based relevance feedback and the earth mover's distance., CIKM, 2009"], "Richard G\u00f6bel": ["A hybrid index structure for geo-textual searches., CIKM, 2009"], "Wenhui Liao": ["Feature engineering on event-centric surrogate documents to improve search results., CIKM, 2009"], "Chih-Chieh Hung": ["Clustering object moving patterns for prediction-based object tracking sensor networks., CIKM, 2009"], "Marc Holze": ["Consistent on-line classification of dbs workload events., CIKM, 2009"], "Yingju Xia": ["Automatic web data extraction using tree alignment., CIKM, 2009"], "Hans-Peter Kriegel": ["LoOP: local outlier probabilities., CIKM, 2009", "OSSOBOOK: database and knowledgemanagement techniques for archaeozoology., CIKM, 2009"], "Gjergji Kasneci": ["MING: mining informative entity relationship subgraphs., CIKM, 2009"], "Willy Yap": ["Experiments on pattern-based relation learning., CIKM, 2009"], "Alpa Jain": ["Identifying comparable entities on the web., CIKM, 2009"], "Mingjie Qian": ["Efficient multi-class unlabeled constrained semi-supervised SVM., CIKM, 2009"], "Jie Hu": ["Modeling context-dependent information., CIKM, 2009"], "Hanghang Tong": ["iPoG: fast interactive proximity querying on graphs., CIKM, 2009"], "Nizar R. Mabroukeh": ["Using domain ontology for semantic web usage mining and next page prediction., CIKM, 2009"], "Palakorn Achananuparp": ["Using negative voting to diversify answers in non-factoid question answering., CIKM, 2009"], "Eduardo Sany Laber": ["A fast and simple method for extracting relevant content from news webpages., CIKM, 2009"], "Aminul Islam": ["Real-word spelling correction using Google web 1Tn-gram data set., CIKM, 2009"], "Shicong Feng": ["Acronym extraction and disambiguation in large-scale organizational web pages., CIKM, 2009"], "Maryam Karimzadehgan": ["Constrained multi-aspect expertise matching for committee review assignment., CIKM, 2009"], "James J. Gardner": ["Automatic link detection: a sequence labeling approach., CIKM, 2009"], "Yexin Wang": ["MagicCube: choosing the best snippet for each aspect of an entity., CIKM, 2009"], "Robert Gwadera": ["Mining and ranking streams of news stories using cross-stream sequential patterns., CIKM, 2009"], "Adrian Popescu": ["Mining tourist information from user-supplied collections., CIKM, 2009"], "Kang Liu": ["Cross-domain sentiment classification using a two-stage method., CIKM, 2009"], "Laurence Anthony F. Park": ["Kernel latent semantic analysis using an information retrieval based kernel., CIKM, 2009"], "Katja Hofmann": ["The impact of document structure on keyphrase extraction., CIKM, 2009"], "Sangeetha Kutty": ["XCFS: an XML documents clustering approach using both the structure and the content., CIKM, 2009"], "Hongbo Deng": ["Enhancing expertise retrieval using community-aware strategies., CIKM, 2009"], "Yanjun Qi": ["Combining labeled and unlabeled data with word-class distribution learning., CIKM, 2009"], "Aditya Ramana Rachakonda": ["Finding the topical anchors of a context using lexical cooccurrence data., CIKM, 2009"], "Na Dai": ["Vetting the links of the web., CIKM, 2009"], "Weifu Du": ["Building domain-oriented sentiment lexicon by improved information bottleneck., CIKM, 2009"], "Lo\u00efc Cerf": ["Agglomerating local patterns hierarchically with ALPHA., CIKM, 2009"], "Yangqiu Song": ["Topic and keyword re-ranking for LDA-based topic modeling., CIKM, 2009"], "Hamed Chok": ["Spatio-temporal association rule mining framework for real-time sensor network applications., CIKM, 2009"], "Manos Tsagkias": ["Predicting the volume of comments on online news stories., CIKM, 2009"], "Nimit Pattanasri": ["ComprehEnRank: estimating comprehension in classroom by absorbing random walks on a cognitive graph., CIKM, 2009"], "Vipin Balachandran": ["Interpretable and reconfigurable clustering of document datasets by deriving word-based rules., CIKM, 2009"], "Sourish Dasgupta": ["CAOFES: an ontological framework for web service retrieval., CIKM, 2009"], "Priyanka Garg": ["Active learning in partially supervised classification., CIKM, 2009"], "Thomas Lin": ["Identifying interesting assertions from the web., CIKM, 2009"], "Takeshi S. Kobayakawa": ["Opinion classification with tree kernel SVM using linguistic modality analysis., CIKM, 2009"], "Ou Wu": ["Fragment-based clustering ensembles., CIKM, 2009"], "Jingbo Zhu": ["Multi-aspect opinion polling from textual reviews., CIKM, 2009"], "Teng-Kai Fan": ["Blogger-centric contextual advertising., CIKM, 2009"], "Feilong Chen": ["A co-classification framework for detecting web spam and spammers in social media web sites., CIKM, 2009"], "Krysta Marie Svore": ["A machine learning approach for improved BM25 retrieval., CIKM, 2009"], "Danzhou Liu": ["Incremental query evaluation for support vector machines., CIKM, 2009"], "Ye Xu": ["To obtain orthogonal feature extraction using training data selection., CIKM, 2009"], "Nilanjan Banerjee": ["User interests in social media sites: an exploration with micro-blogs., CIKM, 2009"], "Lifeng Jia": ["The effect of negation on sentiment analysis and retrieval effectiveness., CIKM, 2009"], "Tomonari Masada": ["Dynamic hyperparameter optimization for bayesian topical trend analysis., CIKM, 2009"], "Bin Gao": ["A general markov framework for page importance computation., CIKM, 2009"], "Yan Zhang": ["Exploiting bidirectional links: making spamming detection easier., CIKM, 2009"], "Tieyun Qian": ["What's behind topic formation and development: a perspective of community core groups., CIKM, 2009"], "Rongwei Cen": ["Exploring relevance for clicks., CIKM, 2009"], "Lei Wang": ["An efficient clustering algorithm for large-scale topical web pages., CIKM, 2009"], "Wei Wang": ["HyperSum: hypergraph based semi-supervised sentence ranking for query-oriented summarization., CIKM, 2009"], "Claudia Hauff": ["Relying on topic subsets for system ranking estimation., CIKM, 2009"], "Shariq Bashir": ["Improving retrievability of patents with cluster-based pseudo-relevance feedback documents selection., CIKM, 2009"], "Suleyman Cetintas": ["Learning from past queries for resource selection., CIKM, 2009"], "Jun Gong": ["Matching person names through name transformation., CIKM, 2009"], "Shuaiqiang Wang": ["Learning to rank using evolutionary computation: immune programming or genetic programming?, CIKM, 2009"], "Zeyuan Allen Zhu": ["To divide and conquer search ranking by learning query difficulty., CIKM, 2009"], "Hisashi Kurasawa": ["Maximal metric margin partitioning for similarity search indexes., CIKM, 2009"], "Aixin Sun": ["What makes categories difficult to classify?: a study on predicting classification performance for categories., CIKM, 2009"], "Deepak Agarwal": ["Translating relevance scores to probabilities for contextual advertising., CIKM, 2009"], "Edgar Meij": ["A query model based on normalized log-likelihood., CIKM, 2009"], "Jangwon Seo": ["Online community search using thread structure., CIKM, 2009"], "Saeedeh Momtazi": ["A word clustering approach for language model-based sentence retrieval in question answering systems., CIKM, 2009"], "Michael R. Berthold": ["Pure spreading activation is pointless., CIKM, 2009"], "Bin Bi": ["Collaborative resource discovery in social tagging systems., CIKM, 2009"], "Mingrui Wu": ["Smoothing DCG for learning to rank: a novel approach using smoothed hinge functions., CIKM, 2009"], "Tasos Anastasakos": ["A collaborative filtering approach to ad recommendation using the query-ad click graph., CIKM, 2009"], "Qiang Pu": ["Pseudo relevance feedback using semantic clustering in relevance language model., CIKM, 2009"], "Desmond Elliott": ["A proactive personalised retrieval system., CIKM, 2009"], "Yunping Huang": ["Smoothing document language model with local word graph., CIKM, 2009"], "Ranieri Baraglia": ["Aging effects on query flow graphs for query suggestion., CIKM, 2009"], "Ismail Seng\u00f6r Alting\u00f6vde": ["Exploiting query views for static index pruning in web search engines., CIKM, 2009"], "Christopher Pinchak": ["Answer typing for information retrieval., CIKM, 2009"], "Huiping Cao": ["Exploring path query results through relevance feedback., CIKM, 2009"], "Dingding Wang": ["Comparative document summarization via discriminative sentence selection., CIKM, 2009"], "Yeha Lee": ["An improved feedback approach using relevant local posts for blog feed retrieval., CIKM, 2009"], "St\u00e9phane Clinchant": ["Retrieval constraints and word frequency distributions: a log-logistic model for IR., CIKM, 2009"], "Yosi Mass": ["A scalable and effective full-text search in P2P networks., CIKM, 2009"], "Craig Macdonald": ["The influence of the document ranking in expert search., CIKM, 2009"], "Amit Agarwal": ["URL normalization for de-duplication of web pages., CIKM, 2009"], "Qiaozhu Mei": ["An analysis framework for search sequences., CIKM, 2009"], "Mauricio Mar\u00edn": ["Location cache for web queries., CIKM, 2009"], "Jie Peng": ["A study of selective collection enrichment for enterprise search., CIKM, 2009"], "Sumit Bhatia": ["Generating synopses for document-element search., CIKM, 2009"], "Xin Li": ["Incorporating robustness into web ranking evaluation., CIKM, 2009"], "Ben He": ["Finding good feedback documents., CIKM, 2009"], "Deepak Chinavle": ["Ensembles in adversarial classification for spam., CIKM, 2009"], "Justin Martineau": ["Improving binary classification on text problems using differential word features., CIKM, 2009"], "Feng Pan": ["Feature selection for ranking using boosted trees., CIKM, 2009"], "Jing He": ["Evaluation of methods for relative comparison of retrieval systems based on clickthroughs., CIKM, 2009"], "Chung Tong Lee": ["Measuring system performance and topic discernment using generalized adaptive-weight mean., CIKM, 2009"], "Xiaobing Xue": ["Automatic query generation for patent search., CIKM, 2009"], "Iyad Batal": ["Boosting KNN text classification accuracy by using supervised term weighting schemes., CIKM, 2009"], "Leilei Zhu": ["Multidimensional political spectrum identification and analysis., CIKM, 2009"], "Niranjan Balasubramanian": ["Automatic generation of topic pages using query-based aspect models., CIKM, 2009"], "Kalervo J\u00e4rvelin": ["Interactive relevance feedback with graded relevance and sentence extraction: simulated user experiments., CIKM, 2009"], "Makoto Nakatani": ["Easiest-first search: towards comprehension-based web search., CIKM, 2009"], "Jerry Ye": ["Stochastic gradient boosted distributed decision trees., CIKM, 2009"], "Hong Kyu Park": ["M-COPE: a multiple continuous query processing engine., CIKM, 2009"], "Ho Jin Woo": ["DS-Cuber: an integrated OLAP environment for data streams., CIKM, 2009"], "Spyros Sioutas": ["A novel distributed P2P simulator architecture: D-P2P-sim., CIKM, 2009"], "Qiang Wang": ["Demonstration of an RFID middleware: LIT ALE manager., CIKM, 2009"], "Carlos Garcia-Alvarado": ["OLAP with UDFs in digital libraries., CIKM, 2009"], "Rim Moussa": ["HDDBrs middleware for implementing highly available distributed databases., CIKM, 2009"], "Yuhong Xiong": ["OfCourse: web content discovery, classification and information extraction for online course materials., CIKM, 2009"], "Ngo Anh Vien": ["VRIFA: a nonlinear SVM visualization tool using nomogram and localized radial basis function (LRBF) kernels., CIKM, 2009"], "Jinghua Groppe": ["LuposDate: a semantic web database system., CIKM, 2009"], "Junjie Yao": ["Constructing evolutionary taxonomy of collaborative tagging systems., CIKM, 2009"], "Hyunsik Choi": ["SPIDER: a system for scalable, parallel / distributed evaluation of large-scale RDF data., CIKM, 2009"], "Wookey Lee": ["AnchorWoman: top-k structured mobile web search engine., CIKM, 2009"], "Peiquan Jin": ["A flexible simulation environment for flash-aware algorithms., CIKM, 2009"], "Arjan Nusselder": ["Helping people to choose for whom to vote. a web information system for the 2009 European elections., CIKM, 2009"], "Chih-Lin Hu": ["RSS watchdog: an instant event monitor on real online news streams., CIKM, 2009"], "Michael Dittenbach": ["SOIRE: a service-oriented IR evaluation architecture., CIKM, 2009"], "Ho Lam Lau": ["MRM: an adaptive framework for XML searching., CIKM, 2009"], "Sebastian R\u00f6nnau": ["Efficient and reliable merging of XML documents., CIKM, 2009"], "Jihyeon Yeom": ["A graphical browser for XML schema documents., CIKM, 2009"], "Jun Wang": ["Bridging the gap: complex networks meet information and knowledge management., CIKM, 2009"], "Bei Yu": ["TSA'09 workshop summary: topic-sentiment analysis., CIKM, 2009"], "Victor Munt\u00e9s-Mulero": ["Privacy and anonymization for very large datasets., CIKM, 2009"], "Xiaofeng Meng": ["CloudDB workshop summary., CIKM, 2009"]}