{"Mike P. Papazoglou": ["On the Duality of Distributed Databases and Distributed AI Systems., CIKM, 1993"], "Anselm Spoerri": ["InfoCrystal: A Visual Tool for Information Retrieval & Management., CIKM, 1993"], "Wen-Chi Hou": ["Statistical Inference of Unknown Attribute Values in Databases., CIKM, 1993"], "David W. Flater": ["Properties of Networked Information Retrieval with ALIBI., CIKM, 1993"], "Chung-Dak Shum": ["Quick and Incomplete Responses: The Semantic Approach., CIKM, 1993"], "Philippe Mulhem": ["A Way to Compare Objects., CIKM, 1993"], "Il-Yeol Song": ["Binary Relationship Imposition Rules on Ternary Relationships., CIKM, 1993"], "Michael Sussna": ["Word Sense Disambiguation for Free-text Indexing Using a Massive Semantic Network., CIKM, 1993"], "Amy J. Lee": ["An Information Model for Human Genome Map Representation and Assembly., CIKM, 1993"], "Neli Zlatareva": ["An Integrated Approach to Quality Assurance of Expert System Knowledge Bases., CIKM, 1993"], "Thodoros Topaloglou": ["Storage Management for Knowledge Bases., CIKM, 1993"], "Ellen Riloff": ["Using Cases to Represent Context for Text Classification., CIKM, 1993"], "J. F. M. Burg": ["A Data Dictionary as a Lexicon: An Application of Linguistics in Information Systems., CIKM, 1993"], "Jun-Tae Kim": ["PALKA: A System for Lexical Knowledge Acquisition., CIKM, 1993"], "Guy W. Mineau": ["Facilitating the Creation of a Multiple Index on Graph-Described Documents by Transforming Their Descriptions., CIKM, 1993"], "Min Zheng": ["Text-Hypertext Mutual Conversion and Hypertext Interchange through SGML., CIKM, 1993"], "Claudia Pearce": ["Generating a Dynamic Hypertext Environment with n-gram Analysis., CIKM, 1993"], "Michael Anderson": ["A Dynamic Knowledge Based Approach to the Problem of Deduction in a Non-Statistical Multilevel Secure Database., CIKM, 1993"], "Ping Wu": ["Rule Validation Based on Logical Deduction., CIKM, 1993"], "John V. Harrison": ["Active Rules in Deductive Databases., CIKM, 1993"], "Ilias Petrounias": ["Development and Evaluation of an Application in a Deductive Environment., CIKM, 1993"], "Arie Segev": ["Efficient Maintenance of Rule-Derived Data through Join Pattern Indexing., CIKM, 1993"], "Marcia A. Derr": ["Adaptive Query Optimization in a Deductive Database System., CIKM, 1993"], "Paul A. D. de Maine": ["HSGIMS - A Secure High-Speed Tool with Bound Search Times for Transparently Managing and Manipulating Information., CIKM, 1993"], "W. B. Dress": ["On Modeling and Controlling Intelligent Systems., CIKM, 1993"], "Charles L. Karr": ["Genetic Algorithms for Modelling, Design, and Process Control., CIKM, 1993"], "Charles W. Glover": ["Hybrid Pattern Recognition System Capable of Self-Modification., CIKM, 1993"], "Leonie van der Voort": ["Termination and Confluence of Rule Execution., CIKM, 1993"], "Premkumar T. Devanbu": ["Translating Description Logics to Information Server Queries., CIKM, 1993"], "Dongwook Shin": ["HYKIS - An Information Retrieval System Based on a Hybrid Knowledge Base., CIKM, 1993"], "Doheon Lee": ["A Hypothesis Refinement Method for Summary Discovery in Databases., CIKM, 1993"], "Daniela Rus": ["Multi-media RISSC Informatics: Retrieval of Information with Simple Structural Components (Part I: The Architecture)., CIKM, 1993"], "Niki Pissinou": ["Separating Semantics from Representation in a Temporal Object Database Domain., CIKM, 1993", "Towards the Design and Development of a New Model for Geographic Information Systems., CIKM, 1993"], "Christoph F. Eick": ["Learning Bayesian Classification Rules through Genetic Algorithms., CIKM, 1993"], "Philip K. Chan": ["Experiments on Multi-Strategy Learning by Meta-Learning., CIKM, 1993"], "Joachim Thomas": ["Enchancing Knowledge Processing in Client/Server Environments., CIKM, 1993"], "John K. Debenham": ["Normalizing Knowledge Objects., CIKM, 1993"], "Arturo Pizano": ["Automatic Generation of Graphical User Interfaces for Interactive Database Applications., CIKM, 1993"], "Loren G. Terveen": ["Interface Support for Data Archaeology., CIKM, 1993"], "Juliano Lopes de Oliveira": ["Browsing and Querying in Object-Oriented Database., CIKM, 1993"], "Stephan M. Kerpedjiev": ["Model-driven Hypermedia Access to Weather Information., CIKM, 1993"], "Yihong Qian": ["An Object-Oriented Database for the Display Measurement and Analysis System., CIKM, 1993"], "Jim Griffioen": ["An Object-Oriented Model for Image Information Representation., CIKM, 1993"], "Randal J. Peters": ["An Extensible Query Model and Its Languages for a Uniform Behavioral Object Management System., CIKM, 1993"], "Yatin P. Saraiya": ["Projection-Propagation in Complex-Object Query Languages., CIKM, 1993"], "Chun-Nan Hsu": ["Reformulating Query Plans for Multidatabase Systems., CIKM, 1993"], "Ahmet Cosar": ["Multiple Query Optimization with Depth-First Branch-and-Bound and Dynamic Query Ordering., CIKM, 1993"], "Shamim A. Naqvi": ["Speculative Query Evaluation over Databases of Plans., CIKM, 1993"], "Zhaohui Xie": ["Optimization of Object Queries Containing Encapsulated Methods., CIKM, 1993"], "Louiqa Raschid": ["Interoperable Query Processing with Multiple Heterogeneous Knowledge Servers., CIKM, 1993"], "Robert F. Cromp": ["Data Mining of Multi-dimensional Remotely Sensed Images., CIKM, 1993"], "Ningda R. Li": ["An Information Model for Use in Software Management Estimation and Prediction., CIKM, 1993"], "Ibrahim Kamel": ["On Packing R-trees., CIKM, 1993"], "Danilo Montesi": ["Queries, Constraints, Updates and Transactions Within a Logic-Based Language., CIKM, 1993"], "Wafik Farag": ["FunBase: A Function-based Information Management System., CIKM, 1993"], "Anurag Acharya": ["Collection Oriented Match., CIKM, 1993"], "Usama M. Fayyad": ["Automated Cataloging and Analysis of Sky Survey Image Databases: The SKICAT System., CIKM, 1993"], "Ramesh Subramanian": ["The Design and Implementation of an Expert Object-Oriented Geographic Database Model., CIKM, 1993"], "James R. Warren": ["A Knowledge-Based Patient Data Acquisition System for Primary Care Medicine., CIKM, 1993"], "Juergen Haas": ["Analogical Reasoning for Knowledge Discovery in a Molecular Biology Database., CIKM, 1993"], "Ramez Elmasri": ["Temporal Database Modeling: An Object-Oriented Approach., CIKM, 1993"], "Wojciech Cellary": ["Locking Objects and Classes in Multiversion Object-Oriented Databases., CIKM, 1993"], "Ashish Mehta": ["The OODB Path-Method Generator (PMG) Using Precomputed Access Relevance., CIKM, 1993"], "Michael Halper": ["Value Propagation in Object-Oriented Database Part Hierarchies., CIKM, 1993"], "Tsz S. Cheng": ["Object Identity and Dimension Alignment in Parametric Databases., CIKM, 1993"], "Zahir Tari": ["ERC++: A Conceptual Data Model Based on Object and Logic Paradigms., CIKM, 1993"], "Elke A. Rundensteiner": ["Tools for View Generation in Object-Oriented Databases., CIKM, 1993"], "Bharat K. Bhargava": ["Efficient Availability Mechanisms in Distributed Databases Systems., CIKM, 1993"], "Ashish Gupta": ["Distributed Constraint Management for Collaborative Engineering Databases., CIKM, 1993"], "Peter Scheuermann": ["A Recovery Scheme for Multidatabase Systems., CIKM, 1993"], "John K. Lee": ["Precision Locking Algorithm for Nested Transactions Systems., CIKM, 1993"], "Fotios Barlos": ["On the Development of a site Selection Optimizer for Distributed and Parallel Database Systems., CIKM, 1993"], "San-Yih Hwang": ["Concurrency Control in Federated Databases: A Dynamic Approach., CIKM, 1993"], "Abdelsalam Helal": ["Adaptive Transaction Scheduling., CIKM, 1993"], "John R. Rose": ["Knowledge Discovery in Reaction Databases., CIKM, 1993"], "Nina Tayar": ["A Model for Developing Large Shared Knowledge Bases., CIKM, 1993"], "Ee-Peng Lim": ["Query Optimization and Processing in Federated Database Systems., CIKM, 1993"], "Xiaodong Zhang": ["A Method of Using Semijoins to Optimizing Queries with ADT Functions., CIKM, 1993"], "Jian-Yun Nie": ["Adjusting the Performance of an Information Retrieval System., CIKM, 1993"], "Erica J. Wolin": ["Performance Evaluation of MAX - the Maintenance Administrator Expert System., CIKM, 1993"], "Cyrus Azarbod": ["Building Concept Hierarchies for Schema Integration in HDDBS Using Incremental Concept Formation., CIKM, 1993"], "Tu Van Le": ["Representation and Interpretation of Fuzzy Information., CIKM, 1993"], "Sanjiv K. Bhatia": ["A New Approach to Knowledge Acquisition by Repertory Grids., CIKM, 1993"]}