{"C. Lee Giles": ["Searching the Web: Can You Find What You Want?, CIKM, 1999", "Indexing and Retrieval of Scientific Literature., CIKM, 1999", "Architecture of a Metasearch Engine That Supports User Information Needs., CIKM, 1999"], "James T. Scoggins": ["A Practitioners' View of Techniques Used in Data Warehousing for Sifting Through Data to Provide Information., CIKM, 1999"], "Byunggu Yu": ["Simple QSF-Trees: An Efficient and Scalable Spatial Access Method., CIKM, 1999"], "Ratko Orlandic": ["Simple QSF-Trees: An Efficient and Scalable Spatial Access Method., CIKM, 1999"], "Martha W. Evens": ["Simple QSF-Trees: An Efficient and Scalable Spatial Access Method., CIKM, 1999"], "Ju-Won Song": ["Transformation-Based Spatial Join., CIKM, 1999"], "Kyu-Young Whang": ["Transformation-Based Spatial Join., CIKM, 1999"], "Young-Koo Lee": ["Transformation-Based Spatial Join., CIKM, 1999"], "Min-Jae Lee": ["Transformation-Based Spatial Join., CIKM, 1999"], "Sang-Wook Kim": ["Transformation-Based Spatial Join., CIKM, 1999"], "Vasilis Delis": ["Binary String Relations: A Foundation for Spatiotemporal Knowledge Representation., CIKM, 1999"], "Thanasis Hadzilacos": ["Binary String Relations: A Foundation for Spatiotemporal Knowledge Representation., CIKM, 1999"], "Russell C. Swan": ["Extracting Significant Time Varying Features from Text., CIKM, 1999"], "James Allan": ["Extracting Significant Time Varying Features from Text., CIKM, 1999"], "Yasusi Kanada": ["A Method of Geographical Name Extraction from Japanese Text for Thematic Geographical Search., CIKM, 1999"], "Chin-Yew Lin": ["Training a Selection Function for Extraction., CIKM, 1999"], "Birgit Pr\u00f6ll": ["Ready for Prime Time: Pre-Generation of Web Pages in TIScover., CIKM, 1999"], "Heinrich Starck": ["Ready for Prime Time: Pre-Generation of Web Pages in TIScover., CIKM, 1999"], "Werner Retschitzegger": ["Ready for Prime Time: Pre-Generation of Web Pages in TIScover., CIKM, 1999"], "Harald Sighart": ["Ready for Prime Time: Pre-Generation of Web Pages in TIScover., CIKM, 1999"], "Kun-Lung Wu": ["Local Replication for Proxy Web Caches with Hash Routing., CIKM, 1999"], "Philip S. Yu": ["Local Replication for Proxy Web Caches with Hash Routing., CIKM, 1999"], "Dongwon Lee": ["Semantic Caching via Query Matching for Web Sources., CIKM, 1999"], "Wesley W. Chu": ["Semantic Caching via Query Matching for Web Sources., CIKM, 1999"], "Stephen W. Liddle": ["Automatically Extracting Structure and Data from Business Reports., CIKM, 1999"], "Douglas M. Campbell": ["Automatically Extracting Structure and Data from Business Reports., CIKM, 1999"], "Chad Crawford": ["Automatically Extracting Structure and Data from Business Reports., CIKM, 1999"], "Berthier A. Ribeiro-Neto": ["Extracting Semi-Structured Data Through Examples., CIKM, 1999"], "Alberto H. F. Laender": ["Extracting Semi-Structured Data Through Examples., CIKM, 1999"], "Altigran Soares da Silva": ["Extracting Semi-Structured Data Through Examples., CIKM, 1999"], "Mei-Ling Shyu": ["Discovering Quasi-Equivalence Relationships from Database Systems., CIKM, 1999"], "Shu-Ching Chen": ["Discovering Quasi-Equivalence Relationships from Database Systems., CIKM, 1999"], "Rangasami L. Kashyap": ["Discovering Quasi-Equivalence Relationships from Database Systems., CIKM, 1999"], "Katsushi Matsuda": ["Task-Oriented World Wide Web Retrieval by Document Type Classification., CIKM, 1999"], "Toshikazu Fukushima": ["Task-Oriented World Wide Web Retrieval by Document Type Classification., CIKM, 1999"], "Wen-Lin Hsu": ["Classification Algorithms for NETNEWS Articles., CIKM, 1999"], "Sheau-Dong Lang": ["Classification Algorithms for NETNEWS Articles., CIKM, 1999"], "Hang Li": ["Text Classification Using ESC-based Stochastic Decision Lists., CIKM, 1999"], "Kenji Yamanishi": ["Text Classification Using ESC-based Stochastic Decision Lists., CIKM, 1999"], "Waldemar Wieczerzycki": ["Database Model for Web-Based Cooperative Applications., CIKM, 1999"], "Steve Lawrence": ["Indexing and Retrieval of Scientific Literature., CIKM, 1999", "Architecture of a Metasearch Engine That Supports User Information Needs., CIKM, 1999"], "Kurt D. Bollacker": ["Indexing and Retrieval of Scientific Literature., CIKM, 1999"], "Robert B. Allen": ["Metadata and Data Structures for the Historical Newspaper Digital Library., CIKM, 1999"], "John Schalow": ["Metadata and Data Structures for the Historical Newspaper Digital Library., CIKM, 1999"], "Amin Y. Noaman": ["A Horizontal Fragmentation Algorithm for the Fact Relation in a Distributed Data Warehouse., CIKM, 1999"], "Ken Barker": ["A Horizontal Fragmentation Algorithm for the Fact Relation in a Distributed Data Warehouse., CIKM, 1999"], "David Wai-Lok Cheung": ["Requirement-Based Data Cube Schema Design., CIKM, 1999"], "Bo Zhou": ["Requirement-Based Data Cube Schema Design., CIKM, 1999"], "Ben Kao": ["Requirement-Based Data Cube Schema Design., CIKM, 1999", "Updates and View Maintenance in Soft Real-Time Database Systems., CIKM, 1999"], "Hongjun Lu": ["Requirement-Based Data Cube Schema Design., CIKM, 1999", "Mining Inter-Transaction Associations with Templates., CIKM, 1999"], "Tak Wah Lam": ["Requirement-Based Data Cube Schema Design., CIKM, 1999"], "Hing-Fung Ting": ["Requirement-Based Data Cube Schema Design., CIKM, 1999"], "Theodore Johnson": ["Extending Complex Ad-Hoc OLAP., CIKM, 1999"], "Damianos Chatziantoniou": ["Extending Complex Ad-Hoc OLAP., CIKM, 1999"], "Yannis Labrou": ["Yahoo! As an Ontology: Using Yahoo! Categories to Describe Documents., CIKM, 1999"], "Timothy W. Finin": ["Yahoo! As an Ontology: Using Yahoo! Categories to Describe Documents., CIKM, 1999"], "Xiaolan Zhu": ["Ontology-Based Web Site Mapping for Information Exploration., CIKM, 1999"], "Susan Gauch": ["Ontology-Based Web Site Mapping for Information Exploration., CIKM, 1999"], "Lutz Gerhard": ["Ontology-Based Web Site Mapping for Information Exploration., CIKM, 1999"], "Nicholas Kral": ["Ontology-Based Web Site Mapping for Information Exploration., CIKM, 1999"], "Alexander Pretschner": ["Ontology-Based Web Site Mapping for Information Exploration., CIKM, 1999"], "Steven Geffner": ["Browsing Large Digital Library Collections Using Classification Hierarchies., CIKM, 1999"], "Divyakant Agrawal": ["Browsing Large Digital Library Collections Using Classification Hierarchies., CIKM, 1999", "Clustering Declustered Data for Efficient Retrieval., CIKM, 1999"], "Amr El Abbadi": ["Browsing Large Digital Library Collections Using Classification Hierarchies., CIKM, 1999", "Clustering Declustered Data for Efficient Retrieval., CIKM, 1999"], "Terence R. Smith": ["Browsing Large Digital Library Collections Using Classification Hierarchies., CIKM, 1999"], "Yong Lin": ["ZBroker: A Query Routing Broker for Z39.50 Databases., CIKM, 1999"], "Jian Xu": ["ZBroker: A Query Routing Broker for Z39.50 Databases., CIKM, 1999"], "Ee-Peng Lim": ["ZBroker: A Query Routing Broker for Z39.50 Databases., CIKM, 1999"], "Wee Keong Ng": ["ZBroker: A Query Routing Broker for Z39.50 Databases., CIKM, 1999"], "Eric J. Glover": ["Architecture of a Metasearch Engine That Supports User Information Needs., CIKM, 1999"], "William P. Birmingham": ["Architecture of a Metasearch Engine That Supports User Information Needs., CIKM, 1999"], "Clement T. Yu": ["Efficient and Effective Metasearch for a Large Number of Text Databases., CIKM, 1999"], "Weiyi Meng": ["Efficient and Effective Metasearch for a Large Number of Text Databases., CIKM, 1999"], "King-Lup Liu": ["Efficient and Effective Metasearch for a Large Number of Text Databases., CIKM, 1999"], "Wensheng Wu": ["Efficient and Effective Metasearch for a Large Number of Text Databases., CIKM, 1999"], "Naphtali Rishe": ["Efficient and Effective Metasearch for a Large Number of Text Databases., CIKM, 1999"], "Ling Feng": ["Mining Inter-Transaction Associations with Templates., CIKM, 1999"], "Jeffrey Xu Yu": ["Mining Inter-Transaction Associations with Templates., CIKM, 1999"], "Jiawei Han": ["Mining Inter-Transaction Associations with Templates., CIKM, 1999"], "John D. Holt": ["Efficient Mining of Association Rules in Text Databases., CIKM, 1999"], "Soon Myoung Chung": ["Efficient Mining of Association Rules in Text Databases., CIKM, 1999"], "Suk-Chung Yoon": ["Using Domain Knowledge in Knowledge Discovery., CIKM, 1999"], "Lawrence J. Henschen": ["Using Domain Knowledge in Knowledge Discovery., CIKM, 1999"], "E. K. Park": ["Using Domain Knowledge in Knowledge Discovery., CIKM, 1999", "Graph-Based Object-Oriented Approach for Structural and Behavioral Representation of Multimedia Data., CIKM, 1999"], "S. A. M. Makki": ["Using Domain Knowledge in Knowledge Discovery., CIKM, 1999"], "Srinivasan Parthasarathy": ["Incremental and Interactive Sequence Mining., CIKM, 1999"], "Mohammed Javeed Zaki": ["Incremental and Interactive Sequence Mining., CIKM, 1999"], "Mitsunori Ogihara": ["Incremental and Interactive Sequence Mining., CIKM, 1999"], "Sandhya Dwarkadas": ["Incremental and Interactive Sequence Mining., CIKM, 1999"], "Jeong-Oog Lee": ["SemQL: A Semantic Query Language for Multidatabase Systems., CIKM, 1999"], "Doo-Kwon Baik": ["SemQL: A Semantic Query Language for Multidatabase Systems., CIKM, 1999"], "Lane Warshaw": ["Rule-Based Query Optimization, Revisited., CIKM, 1999"], "Daniel P. Miranker": ["Rule-Based Query Optimization, Revisited., CIKM, 1999"], "Andrew Lim": ["Page Access Scheduling in Join Processing., CIKM, 1999", "Word Segmentation and Recognition for Web Document Framework., CIKM, 1999"], "Jennifer Lai-Pheng Kwan": ["Page Access Scheduling in Join Processing., CIKM, 1999"], "Wee-Chong Oon": ["Page Access Scheduling in Join Processing., CIKM, 1999"], "David Tanzer": ["Queryable Acyclic Production Systems., CIKM, 1999"], "Dennis E. Shasha": ["Queryable Acyclic Production Systems., CIKM, 1999"], "Sunil Samtani": ["Self Maintenance of Multiple Views in Data Warehousing., CIKM, 1999"], "Vijay Kumar": ["Self Maintenance of Multiple Views in Data Warehousing., CIKM, 1999"], "Mukesh K. Mohania": ["Self Maintenance of Multiple Views in Data Warehousing., CIKM, 1999"], "Kam-yiu Lam": ["Updates and View Maintenance in Soft Real-Time Database Systems., CIKM, 1999"], "Brad Adelberg": ["Updates and View Maintenance in Soft Real-Time Database Systems., CIKM, 1999"], "Reynold Cheng": ["Updates and View Maintenance in Soft Real-Time Database Systems., CIKM, 1999"], "Tony S. H. Lee": ["Updates and View Maintenance in Soft Real-Time Database Systems., CIKM, 1999"], "John R. Smith": ["An Adaptive View Element Framework for Multi-Dimensional Data Management., CIKM, 1999"], "Chung-Sheng Li": ["An Adaptive View Element Framework for Multi-Dimensional Data Management., CIKM, 1999"], "Fei Song": ["A General Language Model for Information Retrieval., CIKM, 1999"], "W. Bruce Croft": ["A General Language Model for Information Retrieval., CIKM, 1999"], "Ron Dolin": ["Practical evaluation of IR within automated classification systems., CIKM, 1999"], "J. Pierre": ["Practical evaluation of IR within automated classification systems., CIKM, 1999"], "M. Butler": ["Practical evaluation of IR within automated classification systems., CIKM, 1999"], "R. Avedon": ["Practical evaluation of IR within automated classification systems., CIKM, 1999"], "M. Catherine McCabe": ["A Unified Environment for Fusion of Information Retrieval Approaches., CIKM, 1999"], "Abdur Chowdhury": ["A Unified Environment for Fusion of Information Retrieval Approaches., CIKM, 1999"], "David A. Grossman": ["A Unified Environment for Fusion of Information Retrieval Approaches., CIKM, 1999"], "Ophir Frieder": ["A Unified Environment for Fusion of Information Retrieval Approaches., CIKM, 1999"], "Myoung-Ah Kang": ["Indexing field values in field oriented systems: interval Quadtree., CIKM, 1999"], "Sylvie Servigne": ["Indexing field values in field oriented systems: interval Quadtree., CIKM, 1999"], "Ki-Joune Li": ["Indexing field values in field oriented systems: interval Quadtree., CIKM, 1999"], "Robert Laurini": ["Indexing field values in field oriented systems: interval Quadtree., CIKM, 1999"], "Hakan Ferhatosmanoglu": ["Clustering Declustered Data for Efficient Retrieval., CIKM, 1999"], "Qinglong Hu": ["Indexing Techniques for Wireless Data Broadcast Under Data Clustering and Scheduling., CIKM, 1999"], "Wang-Chien Lee": ["Indexing Techniques for Wireless Data Broadcast Under Data Clustering and Scheduling., CIKM, 1999"], "Dik Lun Lee": ["Indexing Techniques for Wireless Data Broadcast Under Data Clustering and Scheduling., CIKM, 1999"], "Franck Ravat": ["Towards Data Warehouse Design., CIKM, 1999"], "Olivier Teste": ["Towards Data Warehouse Design., CIKM, 1999"], "Gilles Zurfluh": ["Towards Data Warehouse Design., CIKM, 1999"], "Avigdor Gal": ["Obsolescent Materialized Views in Query Processing of Enterprise Information Systems., CIKM, 1999"], "Hui Wang": ["Efficient Refreshment of Materialized Views with Multiple Sources., CIKM, 1999"], "Maria E. Orlowska": ["Efficient Refreshment of Materialized Views with Multiple Sources., CIKM, 1999"], "Weifa Liang": ["Efficient Refreshment of Materialized Views with Multiple Sources., CIKM, 1999"], "Hyunchul Jang": ["An Effective Mechanism for Index Update in Structured Documents., CIKM, 1999"], "Youngil Kim": ["An Effective Mechanism for Index Update in Structured Documents., CIKM, 1999"], "Dongwook Shin": ["An Effective Mechanism for Index Update in Structured Documents., CIKM, 1999"], "Conrad T. K. Chang": ["Performance and Implications of Semantic Indexing in a Distributed Environment., CIKM, 1999"], "Bruce R. Schatz": ["Performance and Implications of Semantic Indexing in a Distributed Environment., CIKM, 1999"], "Claudia Rolker": ["Quality of Service Transferred to Information Retrieval: The Adaptive Information Retrieval System., CIKM, 1999"], "Ralf Kramer": ["Quality of Service Transferred to Information Retrieval: The Adaptive Information Retrieval System., CIKM, 1999"], "Dwi H. Widyantoro": ["An Adaptive Algorithm for Learning Changes in User Interests., CIKM, 1999"], "Thomas R. Ioerger": ["An Adaptive Algorithm for Learning Changes in User Interests., CIKM, 1999"], "John Yen": ["An Adaptive Algorithm for Learning Changes in User Interests., CIKM, 1999"], "Eytan Adar": ["Haystack: Per-User Information Environments., CIKM, 1999"], "David R. Karger": ["Haystack: Per-User Information Environments., CIKM, 1999"], "Lynn Andrea Stein": ["Haystack: Per-User Information Environments., CIKM, 1999"], "Thomas Lee": ["Information Integration with Attributio Support for Corporate Profiles., CIKM, 1999"], "Melanie Chams": ["Information Integration with Attributio Support for Corporate Profiles., CIKM, 1999"], "Robert Nado": ["Information Integration with Attributio Support for Corporate Profiles., CIKM, 1999"], "Michael Siegel": ["Information Integration with Attributio Support for Corporate Profiles., CIKM, 1999"], "Stuart E. Madnick": ["Information Integration with Attributio Support for Corporate Profiles., CIKM, 1999"], "Roger Weber": ["Architecture of a Networked Image Search and Retrieval System., CIKM, 1999"], "J\u00fcrg Bolliger": ["Architecture of a Networked Image Search and Retrieval System., CIKM, 1999"], "Thomas R. Gross": ["Architecture of a Networked Image Search and Retrieval System., CIKM, 1999"], "Hans-J\u00f6rg Schek": ["Architecture of a Networked Image Search and Retrieval System., CIKM, 1999"], "Shahram Ghandeharizadeh": ["A Comparison of Alternative Continuous Display Techniques with Heterogeneous Multi-Zone Disks., CIKM, 1999"], "Seon Ho Kim": ["A Comparison of Alternative Continuous Display Techniques with Heterogeneous Multi-Zone Disks., CIKM, 1999"], "Yeon-Jung Kim": ["Spatial Match Representation Scheme Supporting Ranking in Iconic Images Databases., CIKM, 1999"], "Choon-Bo Shim": ["Spatial Match Representation Scheme Supporting Ranking in Iconic Images Databases., CIKM, 1999"], "Jae-Woo Chang": ["Spatial Match Representation Scheme Supporting Ranking in Iconic Images Databases., CIKM, 1999"], "Chi-Hung Chi": ["Word Segmentation and Recognition for Web Document Framework., CIKM, 1999"], "Chen (Cherie) Ding": ["Word Segmentation and Recognition for Web Document Framework., CIKM, 1999"], "Seung Jin Lim": ["An Automated Approach for Retrieving Hierarchical Data from HTML Tables., CIKM, 1999"], "Yiu-Kai Ng": ["An Automated Approach for Retrieving Hierarchical Data from HTML Tables., CIKM, 1999"], "Norbert G\u00f6vert": ["A Probabilistic Description-Oriented Approach for Categorizing Web Documents., CIKM, 1999"], "Mounia Lalmas": ["A Probabilistic Description-Oriented Approach for Categorizing Web Documents., CIKM, 1999"], "Norbert Fuhr": ["A Probabilistic Description-Oriented Approach for Categorizing Web Documents., CIKM, 1999"], "Ke Wang": ["Clustering Transactions Using Large Items., CIKM, 1999"], "Chu Xu": ["Clustering Transactions Using Large Items., CIKM, 1999"], "Bing Liu": ["Clustering Transactions Using Large Items., CIKM, 1999"], "Scott Epter": ["A Multiple-Resolution Method for Edge-Centric Data Clustering., CIKM, 1999"], "Mukkai S. Krishnamoorthy": ["A Multiple-Resolution Method for Edge-Centric Data Clustering., CIKM, 1999"], "Dawn J. Lawrie": ["A Self-Organized File Cabinet., CIKM, 1999"], "Daniela Rus": ["A Self-Organized File Cabinet., CIKM, 1999"], "Martin F. van Bommel": ["Incremental Encoding of Multiple Inheritance Hierarchies., CIKM, 1999"], "T. J. Beck": ["Incremental Encoding of Multiple Inheritance Hierarchies., CIKM, 1999"], "Dalila Tamzalit": ["From Object Evolution to Object Emergence., CIKM, 1999"], "Chabane Oussalah": ["From Object Evolution to Object Emergence., CIKM, 1999"], "Ivan Radev": ["Graph-Based Object-Oriented Approach for Structural and Behavioral Representation of Multimedia Data., CIKM, 1999"], "Niki Pissinou": ["Graph-Based Object-Oriented Approach for Structural and Behavioral Representation of Multimedia Data., CIKM, 1999"], "Kia Makki": ["Graph-Based Object-Oriented Approach for Structural and Behavioral Representation of Multimedia Data., CIKM, 1999"], "Amy W. Apon": ["A Learning Approach to Processor Allocation in Parallel Systems., CIKM, 1999"], "Thomas D. Wagner": ["A Learning Approach to Processor Allocation in Parallel Systems., CIKM, 1999"], "Lawrence W. Dowdy": ["A Learning Approach to Processor Allocation in Parallel Systems., CIKM, 1999"], "Carsten Lanquillon": ["Adaptive Information Filtering: Detecting Changes in Text Streams., CIKM, 1999"], "Ingrid Renz": ["Adaptive Information Filtering: Detecting Changes in Text Streams., CIKM, 1999"], "Constantin Arapis": ["Archiving Telemeetings., CIKM, 1999"]}