{"Dan Suciu": ["Focusing Search in Hierarchical Structures with Directory Sets., CIKM, 1998"], "Dimitra Vista": ["Flexible List Management in a Directory., CIKM, 1998"], "Antonio Si": ["Incremental Maintenance for Dynamic Database-Derived HTML Pages in Digital Libraries., CIKM, 1998"], "Lynn Andrea Stein": ["Just-In-Time Databases and the World-Wide Web., CIKM, 1998"], "Edwina L. Rissland": ["Locating Passages Using a Case-Based of Excerpts., CIKM, 1998"], "Mark Sanderson": ["Accurate User Directed Summarizatiion from Existing Tools., CIKM, 1998"], "Stephen W. Liddle": ["Ontology-Based Extraction and Structuring of Information from Data-Rich Unstructured Documents., CIKM, 1998"], "Brian Grom": ["Information Extraction from Case Low and Retrieval of Prior Cases by Partial Parsing and Query Generation., CIKM, 1998"], "Mohammed Javeed Zaki": ["Efficient Enumeration of Frequent Sequences., CIKM, 1998"], "Riichiro Take": ["Dynamic Skew Handling in Parallel Mining of Association Rules., CIKM, 1998"], "Philip S. Yu": ["Online Algorithms for Finding Profile Association Rules., CIKM, 1998"], "Balakrishna R. Iyer": ["Data Cube Approximation and Histograms via Wavelets., CIKM, 1998"], "Patrick Valduriez": ["Memory-Adaptive Scheduling for Large Query Execution., CIKM, 1998"], "David J. DeWitt": ["Memory Allocation Strategies for Complex Decision Support Queries., CIKM, 1998"], "James Allan": ["Document Classification Using Multiword Features., CIKM, 1998"], "Berthier A. Ribeiro-Neto": ["A Hierarchical Approach to the Automatic Categorization of Medical Documents., CIKM, 1998"], "Aitao Chen": ["A Comparison of Regression, Neural Net, and Pattern Recognition Approaches to IR., CIKM, 1998"], "Mehran Sahami": ["Inductive Learning Algorithms and Representations for Text Categorization., CIKM, 1998"], "Wai Lam": ["A New On-Line Learning Algorithm for Adaptive Text Filtering., CIKM, 1998"], "Chai-Ying Lee": ["Learning Fuzzy Knowledge from Training Examples., CIKM, 1998"], "Sam H. Noh": ["A Database Disk Buffer Management Algorithm Based on Prefetching., CIKM, 1998"], "Eric Horvitz": ["Continual Computation Policies for Utility-Directed Prefetching., CIKM, 1998"], "Hongjun Lu": ["BROOM: Buffer Replacement using Online Optimization by Mining., CIKM, 1998"], "Susan Gauch": ["Associated Biological Information Retrieval from Distributed Databases., CIKM, 1998"], "Chung-Sheng Li": ["Clustering and Singular Value Decomposition for Approximate Indexing in High Dimensional Spaces., CIKM, 1998"], "Daniela Rus": ["Static and Dynamic Information Organization with Star Clusters., CIKM, 1998"], "Ioannis Fudos": ["An Efficient Hierarchical Scheme for Locating Highly Mobile Users., CIKM, 1998"], "Abdelghani Ridaoui": ["Querying Future Telecommunication Networks., CIKM, 1998"], "Gabriele Sonnenberger": ["Informia: A Mediator for Integrated Access to Heterogeneous Information Sources., CIKM, 1998"], "Doron Rotem": ["Integrating Information from Multiple Independently Developed Data Sources., CIKM, 1998"], "Xiaoyang Sean Wang": ["Supporting Fast Search in Time Series for Movement Patterns in Multiple Scales., CIKM, 1998"], "Niki Pissinou": ["Attribute Weighting: A Method of Applying Domain Knowledge in the Decision Tree Process., CIKM, 1998"], "Vittorio Castelli": ["MALM: A Framework for Mining Sequence Database at Multiple Abstraction Levels., CIKM, 1998"], "Jian Tang": ["Using Incremental Pruning to Increase the Efficiency of Dynamic Itemset Counting for Association Rules., CIKM, 1998"], "Arbee L. P. Chen": ["Efficient Repeating Pattern Finding in Music Databases., CIKM, 1998"], "Dimitris Meretakis": ["Image Similarity Retrieval by Spatial Constraints., CIKM, 1998"], "Kevin Kreeger": ["Multi-Resolution Indexing for Shape Images., CIKM, 1998"], "Domenico Ursino": ["An Automatic Techniques for Detecting Type Conflicts in Database Schemes., CIKM, 1998"], "Elke A. Rundensteiner": ["SERF: Schema Evalution through an Extensible, Re-usable and Flexible Framework., CIKM, 1998"], "Can T\u00fcrker": ["An Incremental Approach to Schema Integration by Refining Extensional Relationships., CIKM, 1998"], "Il-Yeol Song": ["An Analysis of the Structural Validity of Ternary Relatinships in Entity Relationship Modeling., CIKM, 1998"], "Christos Faloutsos": ["Selectivity Estimation of Window Queries., CIKM, 1998"], "Amr El Abbadi": ["Iterated DFT Based Techniques for Join Size Estimation., CIKM, 1998"], "Qing Li": ["An Iterative Approach for Rules and Data Allocation in Distributed Deductive Database Systems., CIKM, 1998"], "Klaus R. Dittrich": ["Framboise - An Approach to Framework-Based Active Database Management System Construction., CIKM, 1998"], "Le Gruenwald": ["A Toggle Transaction Management Technique for Mobile Multidatabases., CIKM, 1998"], "Ling Liu": ["Dynamic Restructuring of Transactional Workflow Activities: A Practical Implementation Method., CIKM, 1998"], "Ada Wai-Chee Fu": ["Triple-Node Hierarchies for Object-Oriented Database Indexing., CIKM, 1998"], "Sang Kyun Cha": ["Sibling Clustering of Tree-Based Spatial Indexes for Efficient Spatial Query Processing., CIKM, 1998"], "Karl Aberer": ["Layered Index Structures in Document Database Systems., CIKM, 1998"], "Carlo Combi": ["Temporal Granularity for Unanchored Temporal Data., CIKM, 1998"], "Pierre-Claude Scholl": ["Handling Temporal Grouping and Pattern-Matching Queries in a Temporal Object Model., CIKM, 1998"], "Esteban Zim\u00e1nyi": ["Modeling Time from a Conceptual Perspective., CIKM, 1998"], "Jonghoon Chun": ["Providing Semantics for Indefinite Deductive Databases., CIKM, 1998"]}