{"Michael C. Mulder": ["Educating the Next Generation of Information and Knowledge Experts, in Collaboration with Industry (Keynote Address)., CIKM, 1996"], "Arie Shoshani": ["OLAP and Statistical Databases: Similarities and Differences., CIKM, 1996"], "Daniel Wu": ["Efficient Retrieval for Browsing Large Image Databases., CIKM, 1996"], "Divyakant Agrawal": ["Efficient Retrieval for Browsing Large Image Databases., CIKM, 1996"], "Amr El Abbadi": ["Efficient Retrieval for Browsing Large Image Databases., CIKM, 1996"], "Ambuj K. Singh": ["Efficient Retrieval for Browsing Large Image Databases., CIKM, 1996"], "Terence R. Smith": ["Efficient Retrieval for Browsing Large Image Databases., CIKM, 1996"], "Andreas Henrich": ["Adapting a Spatial Access Structure for Document Representations in Vector Space., CIKM, 1996"], "Mahdi Abdelguerfi": ["A Terrain Database Representation Based on an Extended Vector Product Format., CIKM, 1996"], "Edgar Cooper": ["A Terrain Database Representation Based on an Extended Vector Product Format., CIKM, 1996"], "Christ Wynne": ["A Terrain Database Representation Based on an Extended Vector Product Format., CIKM, 1996"], "Kevin Shaw": ["A Terrain Database Representation Based on an Extended Vector Product Format., CIKM, 1996"], "Vincent Miller": ["A Terrain Database Representation Based on an Extended Vector Product Format., CIKM, 1996"], "Robert Broome": ["A Terrain Database Representation Based on an Extended Vector Product Format., CIKM, 1996"], "Barbara Ray": ["A Terrain Database Representation Based on an Extended Vector Product Format., CIKM, 1996"], "Estrella Pulido": ["Recursive Query Processing Using Graph Traversal Techniques., CIKM, 1996"], "Roberto J. Bayardo Jr.": ["Processing Queries for First Few Answers., CIKM, 1996"], "Daniel P. Miranker": ["Processing Queries for First Few Answers., CIKM, 1996", "A Case Study of Venus and a Declarative Basis for Rule Modules., CIKM, 1996"], "Yong-Ju Lee": ["Spatial Query Processing Using Object Decomposition Method., CIKM, 1996"], "Ho-Hyun Park": ["Spatial Query Processing Using Object Decomposition Method., CIKM, 1996"], "Nam-Hee Hong": ["Spatial Query Processing Using Object Decomposition Method., CIKM, 1996"], "Chin-Wan Chung": ["Spatial Query Processing Using Object Decomposition Method., CIKM, 1996"], "Scott Fortin": ["An Object-Oriented Approach to Multi-Level Association Rule Mining., CIKM, 1996"], "Ling Liu": ["An Object-Oriented Approach to Multi-Level Association Rule Mining., CIKM, 1996"], "Jia Liang Han": ["Background for Association Rules and Cost Estimate of Selected Mining Algorithms., CIKM, 1996"], "Ashley W. Plank": ["Background for Association Rules and Cost Estimate of Selected Mining Algorithms., CIKM, 1996"], "Chang Li": ["A Data Model for Supporting On-Line Analytical Processing., CIKM, 1996"], "Xiaoyang Sean Wang": ["A Data Model for Supporting On-Line Analytical Processing., CIKM, 1996"], "Ibrahim Kamel": ["Fast Retrieval of Cursive Handwriting., CIKM, 1996"], "Scott B. Huffman": ["Notes Explorer: Entity-Based Retrieval in Shared, Semi-Structured Information Spaces., CIKM, 1996", "Learning to Extract Information From Text Based on User-Provided Examples., CIKM, 1996"], "Catherine Baudin": ["Notes Explorer: Entity-Based Retrieval in Shared, Semi-Structured Information Spaces., CIKM, 1996"], "Robert J. Hall": ["Infomod: A Knowledge-Based Moderator for Electronic Mail Help Lists., CIKM, 1996"], "Fatma Ozcan": ["Dynamic Query Optimization on a Distributed Object Management Platform., CIKM, 1996"], "Sena Nural": ["Dynamic Query Optimization on a Distributed Object Management Platform., CIKM, 1996"], "Pinar Koksal": ["Dynamic Query Optimization on a Distributed Object Management Platform., CIKM, 1996"], "Cem Evrendilek": ["Dynamic Query Optimization on a Distributed Object Management Platform., CIKM, 1996"], "Asuman Dogac": ["Dynamic Query Optimization on a Distributed Object Management Platform., CIKM, 1996"], "Neil Ching": ["A Model of Object Database Applications and its Use in Cost Estimation., CIKM, 1996"], "Eric Hughes": ["A Model of Object Database Applications and its Use in Cost Estimation., CIKM, 1996"], "Marianne Winslett": ["A Model of Object Database Applications and its Use in Cost Estimation., CIKM, 1996"], "Jie Lin": ["Processing OODB Queries by O-Algebra., CIKM, 1996"], "Z. Meral \u00d6zsoyoglu": ["Processing OODB Queries by O-Algebra., CIKM, 1996"], "Inien Syu": ["Incorporating Latent Semantic Indexing into a Neural Network Model for Information Retrieval., CIKM, 1996"], "Sheau-Dong Lang": ["Incorporating Latent Semantic Indexing into a Neural Network Model for Information Retrieval., CIKM, 1996"], "Narsingh Deo": ["Incorporating Latent Semantic Indexing into a Neural Network Model for Information Retrieval., CIKM, 1996"], "Norbert Fuhr": ["Object-Oriented and Database Concepts for the Design of Networked Information Retrieval Systems., CIKM, 1996"], "Li-min Liu": ["Modeling a Vocabulary in an Object-Oriented Database., CIKM, 1996"], "Michael Halper": ["Modeling a Vocabulary in an Object-Oriented Database., CIKM, 1996"], "Huanying Gu": ["Modeling a Vocabulary in an Object-Oriented Database., CIKM, 1996"], "James Geller": ["Modeling a Vocabulary in an Object-Oriented Database., CIKM, 1996"], "Yehoshua Perl": ["Modeling a Vocabulary in an Object-Oriented Database., CIKM, 1996"], "Chabane Oussalah": ["Integrating Constraints in Complex Objects., CIKM, 1996"], "V. Puig": ["Integrating Constraints in Complex Objects., CIKM, 1996"], "Wen-Syan Li": ["Constructing Information Systems Based on Schema Reuse., CIKM, 1996"], "Richard D. Holowczak": ["Constructing Information Systems Based on Schema Reuse., CIKM, 1996"], "Hakgene Shin": ["S-signature: A New Scheme for Efficient Query Processing of Complex Objects in OODB., CIKM, 1996"], "KangSeuk Kim": ["S-signature: A New Scheme for Efficient Query Processing of Complex Objects in OODB., CIKM, 1996"], "Jae-Woo Chang": ["S-signature: A New Scheme for Efficient Query Processing of Complex Objects in OODB., CIKM, 1996"], "Yun-Wu Huang": ["Effective Graph Clustering for Path Queries in Digital Map Databases., CIKM, 1996", "Hierarchical Optimization of Optimal Path Finding for Transportation Applications., CIKM, 1996"], "Ning Jing": ["Effective Graph Clustering for Path Queries in Digital Map Databases., CIKM, 1996", "Hierarchical Optimization of Optimal Path Finding for Transportation Applications., CIKM, 1996"], "Elke A. Rundensteiner": ["Effective Graph Clustering for Path Queries in Digital Map Databases., CIKM, 1996", "Hierarchical Optimization of Optimal Path Finding for Transportation Applications., CIKM, 1996"], "Ling Lin": ["Indexing Values of Time Sequences., CIKM, 1996"], "Tore Risch": ["Indexing Values of Time Sequences., CIKM, 1996"], "Martin Sk\u00f6ld": ["Indexing Values of Time Sequences., CIKM, 1996"], "Dushan Z. Badal": ["Indexing Values of Time Sequences., CIKM, 1996"], "Chengwen Liu": ["Performance Evaluation of G-tree and Its Application in Fuzzy Databases., CIKM, 1996"], "Aris M. Ouksel": ["Performance Evaluation of G-tree and Its Application in Fuzzy Databases., CIKM, 1996"], "A. Prasad Sistla": ["Performance Evaluation of G-tree and Its Application in Fuzzy Databases., CIKM, 1996"], "Jing Wu": ["Performance Evaluation of G-tree and Its Application in Fuzzy Databases., CIKM, 1996"], "Clement T. Yu": ["Performance Evaluation of G-tree and Its Application in Fuzzy Databases., CIKM, 1996"], "Naphtali Rishe": ["Performance Evaluation of G-tree and Its Application in Fuzzy Databases., CIKM, 1996"], "Michael Ehrmanntraut": ["The Personal Electronic Program Guide - Towards the Pre-Selection of Individual TV Programs., CIKM, 1996"], "Theo H\u00e4rder": ["The Personal Electronic Program Guide - Towards the Pre-Selection of Individual TV Programs., CIKM, 1996"], "Hartmut Wittig": ["The Personal Electronic Program Guide - Towards the Pre-Selection of Individual TV Programs., CIKM, 1996"], "Ralf Steinmetz": ["The Personal Electronic Program Guide - Towards the Pre-Selection of Individual TV Programs., CIKM, 1996"], "Wolfgang Lehner": ["CROSS-DB: A Feature-Extended Multidimensional Data Model for Statistical and Scientific Databases., CIKM, 1996"], "Thomas Ruf": ["CROSS-DB: A Feature-Extended Multidimensional Data Model for Statistical and Scientific Databases., CIKM, 1996"], "Michael Teschke": ["CROSS-DB: A Feature-Extended Multidimensional Data Model for Statistical and Scientific Databases., CIKM, 1996"], "Jian Tang": ["Handling Uncertainties in Workflow Applications., CIKM, 1996"], "San-Yih Hwang": ["Handling Uncertainties in Workflow Applications., CIKM, 1996"], "Sungkil Lee": ["Distributed Processing of Time-Constrained Queries in CASE-DB., CIKM, 1996"], "Gultekin \u00d6zsoyoglu": ["Distributed Processing of Time-Constrained Queries in CASE-DB., CIKM, 1996"], "SangKeun Lee": ["A New Conflict Relation for Concurrency Control and Recovery in object-based Databases., CIKM, 1996"], "Soon Young Jung": ["A New Conflict Relation for Concurrency Control and Recovery in object-based Databases., CIKM, 1996"], "Chong-Sun Hwang": ["A New Conflict Relation for Concurrency Control and Recovery in object-based Databases., CIKM, 1996"], "Chanda Dharap": ["Information Agents for Automated Browsing., CIKM, 1996"], "Martin Freeman": ["Information Agents for Automated Browsing., CIKM, 1996"], "Alanoly Andrews": ["On Implementing SchemaLog - A Database Programming Language., CIKM, 1996"], "Nematollaah Shiri": ["On Implementing SchemaLog - A Database Programming Language., CIKM, 1996"], "Laks V. S. Lakshmanan": ["On Implementing SchemaLog - A Database Programming Language., CIKM, 1996"], "Iyer N. Subramanian": ["On Implementing SchemaLog - A Database Programming Language., CIKM, 1996"], "Lane Warshaw": ["A Case Study of Venus and a Declarative Basis for Rule Modules., CIKM, 1996"], "Sergio Greco": ["Optimal Unification of Bounded Simple Set Terms., CIKM, 1996"], "Bruce Cottman": ["Web, Distributed Object Management, and Component Software (Panel)., CIKM, 1996"], "Annrai OToole": ["Web, Distributed Object Management, and Component Software (Panel)., CIKM, 1996"], "Mark Ryland": ["Web, Distributed Object Management, and Component Software (Panel)., CIKM, 1996"], "Richard Mark Soley": ["Web, Distributed Object Management, and Component Software (Panel)., CIKM, 1996"], "V. S. Subrahmanian": ["Smart Mediators and Intelligent Agents (Panel)., CIKM, 1996"], "Su-Shing Chen": ["Smart Mediators and Intelligent Agents (Panel)., CIKM, 1996"], "James A. Hendler": ["Smart Mediators and Intelligent Agents (Panel)., CIKM, 1996"], "Richard Hull": ["Smart Mediators and Intelligent Agents (Panel)., CIKM, 1996"], "Val Tannen": ["Smart Mediators and Intelligent Agents (Panel)., CIKM, 1996"]}