{"Jaime G. Carbonell": ["Grand challenges for information management., CIKM, 2003"], "Justin Zobel": ["Query expansion using associated queries., CIKM, 2003"], "Iadh Ounis": ["A study of parameter tuning for term frequency normalization., CIKM, 2003"], "David A. Grossman": ["Using titles and category names from editor-driven taxonomies for automatic evaluation., CIKM, 2003", "Misuse detection for information retrieval systems., CIKM, 2003"], "Patrick Gros": ["Approximate searches: k-neighbors + precision., CIKM, 2003"], "Christine T. Cheng": ["Replication and retrieval strategies of multidimensional data on parallel disks., CIKM, 2003"], "Terence Critchlow": ["Multi-resolution modeling of large scale scientific simulation data., CIKM, 2003"], "Heloisa Vieira da Rocha": ["Visual structures for image browsing., CIKM, 2003"], "Yan Zhao": ["Visualization of Communication Patterns in Collaborative Innovation Networks - Analysis of Some W3C Working Groups., CIKM, 2003"], "Isamu Shioya": ["Similarity among melodies for music information retrieval., CIKM, 2003"], "Michael Mlivoncic": ["Efficient region-based image retrieval., CIKM, 2003"], "Yapin Zhong": ["Speech user interfaces for information retrieval., CIKM, 2003"], "Dimitris Papadias": ["The power-method: a comprehensive estimation technique for multi-dimensional queries., CIKM, 2003"], "Ali Saman Tosun": ["High dimensional reverse nearest neighbor queries., CIKM, 2003"], "Hakan Ferhatosmanoglu": ["Dimensionality reduction using magnitude and shape approximations., CIKM, 2003"], "Ee-Peng Lim": ["Web unit mining: finding and classifying subgraphs of web pages., CIKM, 2003"], "Boris Katz": ["Question answering from the web using knowledge annotation and knowledge mining techniques., CIKM, 2003"], "Dragomir R. Radev": ["Learning cross-document structural relationships using boosting., CIKM, 2003"], "Nicola Orio": ["A novel method for stemmer generation based on hidden markov models., CIKM, 2003"], "Leah S. Larkey": ["Statistical transliteration for english-arabic cross language information retrieval., CIKM, 2003"], "Mark Sanderson": ["Addressing the lack of direct translation resources for cross-language retrieval., CIKM, 2003"], "Shamkant B. Navathe": ["Efficient data access to multi-channel broadcast programs., CIKM, 2003"], "Wen-Chih Peng": ["Exploring group mobility for replica data allocation in a mobile environment., CIKM, 2003"], "Hua Li": ["Lessons from the implementation of an adaptive parts acquisition ePortal., CIKM, 2003"], "Riichiro Take": ["Event analyzer: a tool for sequential data processing., CIKM, 2003"], "Jasmi John": ["XML parsing: a threat to database performance., CIKM, 2003"], "Christophe Nicolle": ["Managing IFC for civil engineering projects., CIKM, 2003"], "Bryan Kisiel": ["Margin-based local regression for adaptive filtering., CIKM, 2003"], "James P. Callan": ["Content-based retrieval in hybrid peer-to-peer networks., CIKM, 2003", "Collaborative filtering with decoupled models for preferences and ratings., CIKM, 2003"], "Antonio S. Cheng": ["A reliable storage management layer for distributed information retrieval systems., CIKM, 2003"], "G\u00fcnther Pernul": ["Towards integrative enterprise knowledge portals., CIKM, 2003"], "Michael Kifer": ["On the complexity of schema inference from web pages in the presence of nullable data attributes., CIKM, 2003"], "Jiawei Han": ["Text classification from positive and unlabeled documents., CIKM, 2003"], "Haym Hirsh": ["Adding numbers to text classification., CIKM, 2003"], "Norbert Roma": ["Boosting support vector machines for text classification through parameter-free threshold relaxation., CIKM, 2003"], "Aya Soffer": ["Multi-resolution disambiguation of term occurrences., CIKM, 2003"], "Alvaro Bolivar": ["Flexible intrinsic evaluation of hierarchical clustering for TDT., CIKM, 2003"], "Sharma Chakravarthy": ["Queueing analysis of relational operators for continuous data streams., CIKM, 2003"], "Elke A. Rundensteiner": ["Raindrop: a uniform and layered algebraic framework for XQueries on XML streams., CIKM, 2003", "MASS: a multi-axis storage structure for large XML documents., CIKM, 2003"], "Aoying Zhou": ["Dynamically maintaining frequent items over a data stream., CIKM, 2003"], "Diego Sona": ["Bootstrapping for hierarchical document classification., CIKM, 2003"], "Claudia Pearce": ["Lattice-based tagging using support vector machines., CIKM, 2003"], "Mitsunori Ogihara": ["Efficient multi-way text categorization via generalized discriminant analysis., CIKM, 2003"], "Richard Lichtenstein": ["Categorizing web queries according to geographical locality., CIKM, 2003"], "Hugh E. Williams": ["Index construction for linear categorisation., CIKM, 2003"], "Makoto Onizuka": ["Light-weight xPath processing of XML stream with deterministic automata., CIKM, 2003"], "Raymond K. Wong": ["Efficient ordering for XML data., CIKM, 2003"], "Jeffrey F. Naughton": ["Building XML statistics for the hidden web., CIKM, 2003"], "Leo Obrst": ["Ontologies for semantically interoperable systems., CIKM, 2003"], "Zo\u00e9 Lacroix": ["The virGIS WFS-based spatial mediation system., CIKM, 2003"], "Jeffrey Hoyt": ["Securely sharing neuroimagery., CIKM, 2003"], "Richard M. Everson": ["Representing interests as a hyperlinked document collection., CIKM, 2003"], "Nicholas Kushmerick": ["Automated index management for distributed web search., CIKM, 2003"], "Marcos Andr\u00e9 Gon\u00e7alves": ["Combining link-based and content-based methods for web document classification., CIKM, 2003"], "Amey V. Laud": ["HyperThesis: the gRNA spell on the curse of bioinformatics applications integration., CIKM, 2003"], "Ravi Kothari": ["Information extraction from biomedical literature: methodology, evaluation and an application., CIKM, 2003"], "Aidong Zhang": ["Mining multiple phenotype structures underlying gene expression profiles., CIKM, 2003"], "Jason Y. Zien": ["Efficient query evaluation using a two-level retrieval process., CIKM, 2003"], "Greg Pass": ["Operational requirements for scalable search systems., CIKM, 2003"], "Cindy P. Schriber": ["Online duplicate document detection: signature reliability in a dynamic retrieval environment., CIKM, 2003"], "Yannis Kotidis": ["Hierarchical graph indexing., CIKM, 2003"], "Michael H. B\u00f6hlen": ["iTopN: incremental extraction of the N most visible objects., CIKM, 2003"], "W. Bruce Croft": ["Time-based language models., CIKM, 2003"], "Rohini K. Srihari": ["Exploiting syntactic structure of queries in a language modeling approach to IR., CIKM, 2003"], "Robert Savell": ["A unified model for metasearch, pooling, and system evaluation., CIKM, 2003"], "Keith Hatchard": ["Intelligent metasearch engine for knowledge management., CIKM, 2003"], "David Holmes": ["SQL text parsing for information retrieval., CIKM, 2003"], "Kristina Stripling": ["Industrial evaluation of a highly-accurate academic IR system., CIKM, 2003"], "Ian Ruthven": ["An approach for implicitly detecting information needs., CIKM, 2003"], "Daniel Tam": ["Summarization evaluation using relative utility., CIKM, 2003"], "Misun Chung": ["Extracting unstructured data from template generated web documents., CIKM, 2003"], "Fred Douglis": ["Techniques for efficient fragment detection in web pages., CIKM, 2003"], "Steve Woods": ["User assisted text classification and knowledge management., CIKM, 2003"], "Byron Dom": ["Expertise identification using email communications., CIKM, 2003"], "Mark Sifer": ["A visual interface technique for exploring OLAP data with coordinated dimension hierarchies., CIKM, 2003"], "Won Suk Lee": ["estWin: adaptively monitoring the recent change of frequent itemsets over online data streams., CIKM, 2003"], "Jane Reid": ["Automatic identification of best entry points for focused structured document retrieval., CIKM, 2003"], "Lee-Feng Chien": ["Auto-generation of topic hierarchies for web images from users' perspectives., CIKM, 2003"], "John Yen": ["Tracking changes in user interests with a few relevance judgments., CIKM, 2003"], "Beat Signer": ["Digital annotation of printed documents., CIKM, 2003"], "Jon M. Kleinberg": ["The link prediction problem for social networks., CIKM, 2003"], "James Allan": ["Relevant query feedback in statistical language modeling., CIKM, 2003"], "E. K. Park": ["Ontology-driven peer profiling in peer-to-peer enabled semantic web., CIKM, 2003"], "Xin Chen": ["Finding more useful information faster from web search results., CIKM, 2003"], "Ratko Orlandic": ["An evaluation of the incorporation of a semantic network into a multidimensional retrieval engine., CIKM, 2003"]}