{"Jaime Teevan": ["Slow Search: Improving Information Retrieval Using Human Assistance., CIKM, 2015"], "Vinayak R. Borkar": ["External Data Access And Indexing In AsterixDB., CIKM, 2015"], "Yongluan Zhou": ["Dynamic Resource Management In a Massively Parallel Stream Processing Engine., CIKM, 2015"], "Bo Yuan": ["A Parallel GPU-Based Approach to Clustering Very Fast Data Streams., CIKM, 2015"], "Dan Meng": ["Scalable Clustering Algorithm via a Triangle Folding Processing for Complex Networks., CIKM, 2015"], "Laure Soulier": ["Understanding the Impact of the Role Factor in Collaborative Information Retrieval., CIKM, 2015"], "Iadh Ounis": ["Experiments with a Venue-Centric Model for Personalisedand Time-Aware Venue Suggestion., CIKM, 2015", "Generalized Team Draft Interleaving., CIKM, 2015", "Modelling the Usefulness of Document Collections for Query Expansion in Patient Search., CIKM, 2015"], "Ji-Rong Wen": ["Search Result Diversification Based on Hierarchical Intents., CIKM, 2015"], "Shaunak Kishore": ["Category-Driven Approach for Local Related Business Recommendations., CIKM, 2015"], "Marcos Andr\u00e9 Gon\u00e7alves": ["A Soft Computing Approach for Learning to Aggregate Rankings., CIKM, 2015"], "Artur Andrzejak": ["Approximate String Matching by End-Users using Active Learning., CIKM, 2015"], "Lidong Bing": ["A Unified Posterior Regularized Topic Model with Maximum Margin for Learning-to-Rank., CIKM, 2015"], "Qing He": ["Collaborating between Local and Global Learning for Distributed Online Multiple Tasks., CIKM, 2015", "Heterogeneous Multi-task Semantic Feature Learning for Classification., CIKM, 2015"], "Sriram Raghavan": ["Lifespan-based Partitioning of Index Structures for Time-travel Text Search., CIKM, 2015"], "Zheng Chen": ["Contextual Text Understanding in Distributional Semantic Space., CIKM, 2015"], "Anthony N. Nguyen": ["External Knowledge and Query Strategies in Active Learning: a Study in Clinical Information Extraction., CIKM, 2015"], "Chris Develder": ["Ranking Deep Web Text Collections for Scalable Information Extraction., CIKM, 2015"], "Ming-Syan Chen": ["Forming Online Support Groups for Internet and Behavior Related Addictions., CIKM, 2015"], "Ramakrishna Akella": ["Concept-Based Relevance Models for Medical and Semantic Information Retrieval., CIKM, 2015"], "Deborah Estrin": ["PlateClick: Bootstrapping Food Preferences Through an Adaptive Visual Interface., CIKM, 2015"], "Fang Chen": ["Data Driven Water Pipe Failure Prediction: A Bayesian Nonparametric Approach., CIKM, 2015"], "Inderjit S. Dhillon": ["Tumblr Blog Recommendation with Boosted Inductive Matrix Completion., CIKM, 2015"], "Wei Niu": ["BiasWatch: A Lightweight System for Discovering and Tracking Topic-Sensitive Opinion Bias in Social Media., CIKM, 2015"], "Gerhard Weikum": ["Knowlywood: Mining Activity Knowledge From Hollywood Narratives., CIKM, 2015", "Leveraging Joint Interactions for Credibility Analysis in News Communities., CIKM, 2015"], "Werner Nutt": ["Entity and Aspect Extraction for Organizing News Comments., CIKM, 2015"], "Giorgio Iacoboni": ["HDRF: Stream-Based Partitioning for Power-Law Graphs., CIKM, 2015"], "Masaru Kitsuregawa": ["Towards Scale-out Capability on Social Graphs., CIKM, 2015"], "Chengfei Liu": ["Identifying Top-k Structural Hole Spanners in Large-Scale Social Networks., CIKM, 2015"], "Mauro Sozio": ["Scalable Facility Location for Massive Graphs on Pregel-like Systems., CIKM, 2015"], "Ariel Raviv": ["Rank by Time or by Relevance?: Revisiting Email Search., CIKM, 2015"], "J. Shane Culpepper": ["On the Cost of Extracting Proximity Features for Term-Dependency Models., CIKM, 2015"], "Daniel Sheldon": ["An Optimization Framework for Merging Multiple Result Lists., CIKM, 2015"], "Heikki Keskustalo": ["Searching and Stopping: An Analysis of Stopping Rules and Strategies., CIKM, 2015"], "Avishek Anand": ["Automated News Suggestions for Populating Wikipedia Entity Pages., CIKM, 2015", "Balancing Novelty and Salience: Adaptive Learning to Rank Entities for Timeline Summarization of High-impact Events., CIKM, 2015"], "ChengXiang Zhai": ["Mining Coordinated Intent Representation for Entity Search and Recommendation., CIKM, 2015"], "Xiaoyan Zhu": ["Sentiment Extraction by Leveraging Aspect-Opinion Association Structure., CIKM, 2015"], "Kamin Whitehouse": ["Clustering-based Active Learning on Sensor Type Classification in Buildings., CIKM, 2015"], "Peixiang Zhao": ["gSparsify: Graph Motif Based Sparsification for Graph Clustering., CIKM, 2015"], "Liang Wang": ["Incomplete Multi-view Clustering via Subspace Learning., CIKM, 2015", "Collaborative Prediction for Multi-entity Interaction With Hierarchical Representation., CIKM, 2015", "A Convolutional Click Prediction Model., CIKM, 2015"], "Qiang Cheng": ["Robust Subspace Clustering via Tighter Rank Approximation., CIKM, 2015"], "Alexandre Termier": ["Interactive User Group Analysis., CIKM, 2015"], "Yi Chen": ["Viewability Prediction for Online Display Ads., CIKM, 2015"], "Huan Liu": ["10 Bits of Surprise: Detecting Malicious Users with Minimum Information., CIKM, 2015", "Unsupervised Streaming Feature Selection in Social Media., CIKM, 2015", "Toward Dual Roles of Users in Recommender Systems., CIKM, 2015"], "Yanjun Qi": ["MAPer: A Multi-scale Adaptive Personalized Model for Temporal Human Behavior Prediction., CIKM, 2015"], "Jiawei Han": ["Classification with Active Learning and Meta-Paths in Heterogeneous Information Networks., CIKM, 2015"], "Bin Wu": ["Semantic Path based Personalized Recommendation on Weighted Heterogeneous Information Networks., CIKM, 2015"], "Wei Wang": ["A Graph-based Recommendation across Heterogeneous Domains., CIKM, 2015", "GLUE: a Parameter-Tuning-Free Map Updating System., CIKM, 2015", "On Gapped Set Intersection Size Estimation., CIKM, 2015"], "Timos K. Sellis": ["Query Relaxation across Heterogeneous Data Sources., CIKM, 2015"], "Tova Milo": ["Approximated Summarization of Data Provenance., CIKM, 2015"], "Xue Li": ["An Integrated Bayesian Approach for Effective Multi-Truth Discovery., CIKM, 2015"], "Lina Yao": ["Approximate Truth Discovery via Problem Scale Reduction., CIKM, 2015"], "Jin-Wook Chung": ["Organic or Organized?: Exploring URL Sharing Behavior., CIKM, 2015"], "Mong-Li Lee": ["Mining Brokers in Dynamic Social Networks., CIKM, 2015", "Node Immunization over Infectious Period., CIKM, 2015"], "Xuanjing Huang": ["Who Will You \"@\"?, CIKM, 2015"], "Rosie Jones": ["Characterizing and Predicting Voice Query Reformulation., CIKM, 2015"], "Jian-Yun Nie": ["A Hierarchical Recurrent Encoder-Decoder for Generative Context-Aware Query Suggestion., CIKM, 2015"], "Hossein Vahabi": ["A Network-Aware Approach for Searching As-You-Type in Social Media., CIKM, 2015"], "Jianwu Yang": ["Improving Microblog Retrieval with Feedback Entity Model., CIKM, 2015"], "Saptarshi Ghosh": ["Extracting Situational Information from Microblogs during Disaster Events: a Classification-Summarization Approach., CIKM, 2015"], "Douglas W. Oard": ["Profession-Based Person Search in Microblogs: Using Seed Sets to Find Journalists., CIKM, 2015", "On Predicting Deletions of Microblog Posts., CIKM, 2015"], "Philip S. Yu": ["Learning Entity Types from Query Logs via Graph-Based Modeling., CIKM, 2015", "Enterprise Social Link Recommendation., CIKM, 2015"], "Jun Zhao": ["Learning to Represent Knowledge Graphs with Gaussian Embedding., CIKM, 2015"], "Osmar R. Za\u00efane": ["Associative Classification with Statistically Significant Positive and Negative Rules., CIKM, 2015"], "Peilin Zhao": ["A Min-Max Optimization Framework For Online Graph Classification., CIKM, 2015"], "Yanghua Xiao": ["An Inference Approach to Basic Level of Categorization., CIKM, 2015"], "Shazia Wasim Sadiq": ["Making Sense of Spatial Trajectories., CIKM, 2015", "Joint Modeling of User Check-in Behaviors for Point-of-Interest Recommendation., CIKM, 2015"], "Balaji Palanisamy": ["ReverseCloak: Protecting Multi-level Location Privacy over Road Networks., CIKM, 2015"], "Jianhua Feng": ["A Cost-based Method for Location-Aware Publish/Subscribe Services., CIKM, 2015"], "Mirco Tribastone": ["Probabilistic Forecasts of Bike-Sharing Systems for Journey Planning., CIKM, 2015"], "Aikaterini Tzompanaki": ["Efficient Computation of Polynomial Explanations of Why-Not Questions., CIKM, 2015"], "Min-Hwee Ang": ["Interruption-Sensitive Empty Result Feedback: Rethinking the Visual Query Feedback Paradigm for Semistructured Data., CIKM, 2015"], "Ognjen Savkovic": ["Implementing Query Completeness Reasoning., CIKM, 2015"], "Jianfeng Du": ["Towards Scalable and Complete Query Explanation with OWL 2 EL Ontologies., CIKM, 2015"], "Gergely V. Z\u00e1ruba": ["Crowdsourcing Pareto-Optimal Object Finding By Pairwise Comparisons., CIKM, 2015"], "Gleb Gusev": ["Practical Aspects of Sensitivity in Online Experimentation with User Engagement Metrics., CIKM, 2015"], "Thomas Hofmann": ["Exploiting Document Content for Efficient Aggregation of Crowdsourcing Votes., CIKM, 2015"], "George Karypis": ["L2Knng: Fast Exact K-Nearest Neighbor Graph Construction with L2-Norm Pruning., CIKM, 2015"], "Li Guo": ["Lingo: Linearized Grassmannian Optimization for Nuclear Norm Minimization., CIKM, 2015"], "Yun Fu": ["Deep Collaborative Filtering via Marginalized Denoising Auto-encoder., CIKM, 2015"], "Irwin King": ["Improving Latent Factor Models via Personalized Feature Projection for One Class Recommendation., CIKM, 2015", "Exploiting Game Theoretic Analysis for Link Recommendation in Social Networks., CIKM, 2015"], "Xiaoyong Du": ["Extracting Interest Tags for Non-famous Users in Social Network., CIKM, 2015"], "Heng Huang": ["Robust Capped Norm Nonnegative Matrix Factorization: Capped Norm NMF., CIKM, 2015", "Weakly Supervised Natural Language Processing Framework for Abstractive Multi-Document Summarization: Weakly Supervised Abstractive Multi-Document Summarization., CIKM, 2015"], "Xi Liu": ["MF-Tree: Matrix Factorization Tree for Large Multi-Class Learning., CIKM, 2015"], "Qiongkai Xu": ["GraRep: Learning Graph Representations with Global Structural Information., CIKM, 2015"], "Xueqi Cheng": ["Context-Adaptive Matrix Factorization for Multi-Context Recommendation., CIKM, 2015", "Modeling Parameter Interactions in Ranking SVM., CIKM, 2015"], "Jianling Sun": ["Personalized Trip Recommendation with POI Availability and Uncertain Traveling Time., CIKM, 2015"], "Xuemin Lin": ["Range Search on Uncertain Trajectories., CIKM, 2015"], "Egemen Tanin": ["Efficient Computation of Trips with Friends and Families., CIKM, 2015"], "Zhi-Li Zhang": ["Sampling Big Trajectory Data., CIKM, 2015"], "Jamie Callan": ["EsdRank: Connecting Query and Documents through External Semi-Structured Data., CIKM, 2015"], "Changsheng Xu": ["A Probabilistic Framework for Temporal User Modeling on Microblogs., CIKM, 2015"], "Nicoleta Preda": ["Deriving Intensional Descriptions for Web Services., CIKM, 2015"], "Pavel Serdyukov": ["An Optimization Framework for Propagation of Query-Document Features by Query Similarity Functions., CIKM, 2015"], "Zhi-Hua Zhou": ["Rank Consistency based Multi-View Learning: A Privacy-Preserving Approach., CIKM, 2015"], "Jinfei Liu": ["Differentially Private Histogram Publication for Dynamic Datasets: an Adaptive Sampling Approach., CIKM, 2015"], "Rada Chirkova": ["WaveCluster with Differential Privacy., CIKM, 2015"], "Bradley Malin": ["Process-Driven Data Privacy., CIKM, 2015"], "Shiva Prasad Kasiviswanathan": ["Unsupervised Feature Selection on Data Streams., CIKM, 2015"], "Sofia Nikitaki": ["Weighted Similarity Estimation in Data Streams., CIKM, 2015"], "Hongxia Jin": ["Private Analysis of Infinite Data Streams via Retroactive Grouping., CIKM, 2015", "Protecting Your Children from Inappropriate Content in Mobile Apps: An Automatic Maturity Rating Framework., CIKM, 2015"], "Leonardo C. da Rocha": ["Parallel Lazy Semi-Naive Bayes Strategies for Effective and Efficient Document Classification., CIKM, 2015"], "Qikang Wei": ["A Novel Class Noise Estimation Method and Application in Classification., CIKM, 2015"], "Jun Huan": ["Learning Task Grouping using Supervised Task Space Partitioning in Lifelong Multitask Learning., CIKM, 2015"], "Paulo Shakarian": ["KSGM: Keynode-driven Scalable Graph Matching., CIKM, 2015"], "Marius Pasca": ["The Role of Query Sessions in Interpreting Compound Noun Phrases., CIKM, 2015"], "Jaewoo Kang": ["Deep Semantic Frame-Based Deceptive Opinion Spam Analysis., CIKM, 2015"], "Gui-Rong Xue": ["Topic Modeling in Semantic Space with Keywords., CIKM, 2015"], "Alexandros Labrinidis": ["F1: Accelerating the Optimization of Aggregate Continuous Queries., CIKM, 2015"], "Karl Aberer": ["Fast Distributed Correlation Discovery Over Streaming Time-Series Data., CIKM, 2015"], "Carolyn Penstein Ros\u00e9": ["Time Series Analysis of Nursing Notes for Mortality Prediction via a State Transition Topic Model., CIKM, 2015"], "Chunyan Miao": ["Learning Relative Similarity from Data Streams: Active Online Learning Approaches., CIKM, 2015"], "Maarten de Rijke": ["Ad Hoc Monitoring of Vocabulary Shifts over Time., CIKM, 2015", "Short Text Similarity with Word Embeddings., CIKM, 2015"], "Junzhou Luo": ["Location-Based Influence Maximization in Social Networks., CIKM, 2015"], "Jianyong Wang": ["Location and Time Aware Social Collaborative Retrieval for New Successive Point-of-Interest Recommendation., CIKM, 2015"], "Shonali Krishnaswamy": ["Where you Instagram?: Associating Your Instagram Photos with Points of Interest., CIKM, 2015"], "Thomas Seidl": ["Gradient-based Signatures for Efficient Similarity Search in Large-scale Multimedia Databases., CIKM, 2015"], "Chunhong Pan": ["Cross-Modal Similarity Learning: A Low Rank Bilinear Formulation., CIKM, 2015"], "Duck-Ho Bae": ["Efficient Sparse Matrix Multiplication on GPU for Large Social Network Analysis., CIKM, 2015"], "Pawan Goyal": ["The Role Of Citation Context In Predicting Long-Term Citation Profiles: An Experimental Study Based On A Massive Bibliographic Text Dataset., CIKM, 2015"], "Changjun Jiang": ["Discovering Canonical Correlations between Topical and Topological Information in Document Networks., CIKM, 2015"], "Liangcai Gao": ["Chronological Citation Recommendation with Information-Need Shifting., CIKM, 2015"], "Ming Zhou": ["Answering Questions with Complex Semantic Constraints on Open Knowledge Bases., CIKM, 2015"], "Sotirios P. Chatzis": ["Inducing Space Dirichlet Process Mixture Large-Margin Entity RelationshipInference in Knowledge Bases., CIKM, 2015"], "Martin L. Kersten": ["Semi-Automated Exploration of Data Warehouses., CIKM, 2015"], "Guanhua Tian": ["Large-scale Knowledge Base Completion: Inferring via Grounding Network Sampling over Selected Instances., CIKM, 2015"], "Andrew Tomkins": ["Large-Scale Analysis of Dynamics of Choice Among Discrete Alternatives., CIKM, 2015"], "Sebastian Link": ["Inclusion Dependencies Reloaded., CIKM, 2015"], "Dorothea Wiesmann": ["Comprehensible Models for Reconfiguring Enterprise Relational Databases to Avoid Incidents., CIKM, 2015"], "Umar Syed": ["An Optimal Online Algorithm For Retrieving Heavily Perturbed Statistical Databases In The Low-Dimensional Querying Model., CIKM, 2015"], "Javed A. Aslam": ["Aggregation of Crowdsourced Ordinal Assessments and Integration with Learning to Rank: A Latent Trait Model., CIKM, 2015"], "Seyed Hamid Mirisaee": ["Building Representative Composite Items., CIKM, 2015"], "Elmar Haussmann": ["More Accurate Question Answering on Freebase., CIKM, 2015"], "Pu-Jen Cheng": ["Improving Ranking Consistency for Web Search by Leveraging a Knowledge Base and Search Logs., CIKM, 2015"], "Alessandro Moschitti": ["Assessing the Impact of Syntactic and Semantic Structures for Answer Passages Reranking., CIKM, 2015"], "Simone Paolo Ponzetto": ["Ranking Entities for Web Queries Through Text and Knowledge., CIKM, 2015"], "Yasushi Kawase": ["What Is a Network Community?: A Novel Quality Function and Detection Algorithms., CIKM, 2015"], "Maria Halkidi": ["DifRec: A Social-Diffusion-Aware Recommender System., CIKM, 2015"], "Sergej Zerr": ["Who With Whom And How?: Extracting Large Social Networks Using Search Engines., CIKM, 2015"], "Nilam Ram": ["Modeling Individual-Level Infection Dynamics Using Social Network Information., CIKM, 2015"], "Jun Luo": ["Finding Probabilistic k-Skyline Sets on Uncertain Data., CIKM, 2015"], "Peter T. Wood": ["Ordering Selection Operators Under Partial Ignorance., CIKM, 2015"], "Vassilis Christophides": ["Querying Temporal Drifts at Multiple Granularities., CIKM, 2015"], "Thomas Timm": ["Efficient Incremental Evaluation of Succinct Regular Expressions., CIKM, 2015"], "Susan T. Dumais": ["Struggling and Success in Web Search., CIKM, 2015"], "Nikita Makarov": ["Behavioral Dynamics from the SERP's Perspective: What are Failed SERPs and How to Fix Them?, CIKM, 2015"], "Benno Stein": ["What Users Ask a Search Engine: Analyzing One Billion Russian Question Queries., CIKM, 2015"], "Shaoping Ma": ["Does Vertical Bring more Satisfaction?: Predicting Search Satisfaction in a Heterogeneous Environment., CIKM, 2015"], "Mohamed Ali K\u00e2afar": ["Characterizing and Predicting Viral-and-Popular Video Content., CIKM, 2015"], "Zhigang Yuan": ["Social Spammer and Spam Message Co-Detection in Microblogging with Social Context Regularization., CIKM, 2015"], "Yanchun Zhang": ["Central Topic Model for Event-oriented Topics Mining in Microblog Stream., CIKM, 2015"], "Tingting He": ["Video Popularity Prediction by Sentiment Propagation via Implicit Network., CIKM, 2015"], "Yu Zheng": ["ORec: An Opinion-Based Point-of-Interest Recommendation Framework., CIKM, 2015"], "Xiao Chen": ["TriRank: Review-aware Explainable Recommendation by Modeling Aspects., CIKM, 2015"], "Md. Saiful Islam": ["RoadRank: Traffic Diffusion and Influence Estimation in Dynamic Urban Road Networks., CIKM, 2015"], "C\u00e9cile Roisin": ["On Query-Update Independence for SPARQL., CIKM, 2015"], "Hosagrahar Visvesvaraya Jagadish": ["A Structured Query Model for the Deep Relational Web., CIKM, 2015"], "Sungchae Lim": ["A Flash-aware Buffering Scheme using On-the-fly Redo., CIKM, 2015"], "Chengqi Zhang": ["Defragging Subgraph Features for Graph Classification., CIKM, 2015"], "Hady Wirawan Lauw": ["Structural Constraints for Multipartite Entity Resolution with Markov Logic Network., CIKM, 2015"], "Berkant Barla Cambazoglu": ["Know Your Onions: Understanding the User Experience with the Knowledge Module in Web Search., CIKM, 2015"], "Shakti Sinha": ["Personalized Federated Search at LinkedIn., CIKM, 2015"], "Dorota Glowacka": ["Balancing Exploration and Exploitation: Empirical Parameterization of Exploratory Search Systems., CIKM, 2015"], "Fabrizio Sebastiani": ["Semi-Automated Text Classification for Sensitivity Identification., CIKM, 2015"], "Antoine Doucet": ["Identification of Microblogs Prominent Users during Events by Learning Temporal Sequences of Features., CIKM, 2015"], "Benyou Wang": ["A Real-Time Eye Tracking Based Query Expansion Approach via Latent Topic Modeling., CIKM, 2015"], "Swapan Kumar Parui": ["Clustered Semi-Supervised Relevance Feedback., CIKM, 2015"], "Aleksandra Lomakina": ["On the Effect of \"Stupid\" Search Components on User Interaction with Search Engines., CIKM, 2015"], "Tieniu Tan": ["Social-Relational Topic Model for Social Networks., CIKM, 2015", "Multi-view Clustering via Structured Low-rank Representation., CIKM, 2015"], "Ryen W. White": ["Building Effective Query Classifiers: A Case Study in Self-harm Intent Detection., CIKM, 2015"], "Yuanhua Lv": ["A Study of Query Length Heuristics in Information Retrieval., CIKM, 2015"], "Kam-Fai Wong": ["Detect Rumors Using Time Series of Social Context Information on Microblogging Websites., CIKM, 2015"], "Nick Craswell": ["Query Auto-Completion for Rare Prefixes., CIKM, 2015"], "Peter Bailey": ["Pooled Evaluation Over Query Variations: Users are as Diverse as Systems., CIKM, 2015"], "Allan Hanbury": ["The Influence of Pre-processing on the Estimation of Readability of Web Documents., CIKM, 2015"], "Kang Li": ["Atypical Queries in eCommerce., CIKM, 2015"], "Mark Sifer": ["Bottom-up Faceted Search: Creating Search Neighbourhoods with Datacube Cells., CIKM, 2015"], "Hanqing Lu": ["Personalized Recommendation Meets Your Next Favorite., CIKM, 2015"], "Young-joo Chung": ["Recommending Short-lived Dynamic Packages for Golf Booking Services., CIKM, 2015"], "Xuedong Huang": ["Large-Scale Question Answering with Joint Embedding and Proof Tree Decoding., CIKM, 2015"], "Leif Azzopardi": ["Query Length, Retrievability Bias and Performance., CIKM, 2015"], "Julie A. McCann": ["Gauging Correct Relative Rankings For Similarity Search., CIKM, 2015"], "Ben Carterette": ["Learning User Preferences for Topically Similar Documents., CIKM, 2015"], "Zhiming Cui": ["Best First Over-Sampling for Multilabel Classification., CIKM, 2015"], "Mohamed Nadif": ["Co-clustering Document-term Matrices by Direct Maximization of Graph Modularity., CIKM, 2015"], "Zubair Shah": ["A Data-Driven Approach to Distinguish Cyber-Attacks from Physical Faults in a Smart Grid., CIKM, 2015"], "Marco Fisichella": ["Improving Event Detection by Automatically Assessing Validity of Event Occurrence in Text., CIKM, 2015"], "Yesol Kim": ["DAAV: Dynamic API Authority Vectors for Detecting Software Theft., CIKM, 2015"], "Rik Van de Walle": ["Towards Multi-level Provenance Reconstruction of Information Diffusion on Social Media., CIKM, 2015"], "Christopher Leckie": ["Profiling Pedestrian Distribution and Anomaly Detection in a Dynamic Environment., CIKM, 2015"], "Leonardo Guerreiro Azevedo": ["A Clustering-based Approach to Detect Probable Outcomes of Lawsuits., CIKM, 2015"], "Mark Tremayne": ["Detecting Check-worthy Factual Claims in Presidential Debates., CIKM, 2015"], "Cheng-Te Li": ["Where You Go Reveals Who You Know: Analyzing Social Ties from Millions of Footprints., CIKM, 2015"], "Lihong Wang": ["Message Clustering based Matrix Factorization Model for Retweeting Behavior Prediction., CIKM, 2015"], "Francesco Bonchi": ["Top-k Reliable Edge Colors in Uncertain Graphs., CIKM, 2015"], "Hiroshi Sawada": ["Probabilistic Non-negative Inconsistent-resolution Matrices Factorization., CIKM, 2015"], "Hitoshi Nishikawa": ["Identifying Attractive News Headlines for Social Media., CIKM, 2015"], "Timothy Baldwin": ["A Probabilistic Rating Auto-encoder for Personalized Recommender Systems., CIKM, 2015"], "Sameena Shah": ["Real-time Rumor Debunking on Twitter., CIKM, 2015"], "Jinhua Fu": ["Fraud Transaction Recognition: A Money Flow Network Approach., CIKM, 2015"], "Dhaval Patel": ["Identifying Top-k Consistent News-Casters on Twitter., CIKM, 2015"], "Eunhee Rhim": ["Mining the Minds of Customers from Online Chat Logs., CIKM, 2015"], "Sang-goo Lee": ["A Fast k-Nearest Neighbor Search Using Query-Specific Signature Selection., CIKM, 2015"], "Saurabh Paul": ["Core-Sets For Canonical Correlation Analysis., CIKM, 2015"], "Chang Xu": ["DeepCamera: A Unified Framework for Recognizing Places-of-Interest based on Deep ConvNets., CIKM, 2015"], "Suju Rajan": ["Structured Sparse Regression for Recommender Systems., CIKM, 2015"], "Nikhil Bellarykar": ["Analyzing Document Intensive Business Processes using Ontology., CIKM, 2015"], "Longin Jan Latecki": ["Transductive Domain Adaptation with Affinity Learning., CIKM, 2015"], "Tao Li": ["Update Summarization using Semi-Supervised Learning Based on Hellinger Distance., CIKM, 2015"], "Xin Gao": ["Partially Labeled Data Tuple Can Optimize Multivariate Performance Measures., CIKM, 2015"], "Guo Li": ["Modeling Infinite Topics on Social Behavior Data with Spatio-temporal Dependence., CIKM, 2015"], "Kai Lei": ["ASEM: Mining Aspects and Sentiment of Events from Microblog., CIKM, 2015"], "Masaaki Nagata": ["Enhanced Word Embeddings from a Hierarchical Neural Language Model., CIKM, 2015"], "Xindong Wu": ["Improving Label Quality in Crowdsourcing Using Noise Correction., CIKM, 2015"], "Houfeng Wang": ["Improving Collaborative Filtering via Hidden Structured Constraint., CIKM, 2015"], "Il-Yeol Song": ["DOLAP 2015 Workshop Summary., CIKM, 2015"], "Karin Verspoor": ["DTMBIO 2015: International Workshop on Data and Text Mining in Biomedical Informatics., CIKM, 2015"], "Lynda Tamine": ["ECol 2015: First international workshop on the Evaluation on Collaborative Information Seeking and Retrieval., CIKM, 2015"], "Yusra Ibrahim": ["Eighth Workshop on Exploiting Semantic Annotations in Information Retrieval (ESAIR'15)., CIKM, 2015"], "Nicola Tonellotto": ["LSDS-IR'15: 2015 Workshop on Large-Scale and Distributed Systems for Information Retrieval., CIKM, 2015"], "Katsumi Tanaka": ["NWSearch 2015: International Workshop on Novel Web Search Interfaces and Systems., CIKM, 2015"], "Maya Ramanath": ["PIKM 2015: The 8th ACM Workshop for Ph.D. Students in Information and Knowledge Management., CIKM, 2015"], "Mark Stevenson": ["TM 2015 - Topic Models: Post-Processing and Applications Workshop., CIKM, 2015"], "Piyushimita Thakuriah": ["UCUI'15: The 1st International Workshop on Understanding the City with Urban Informatics., CIKM, 2015"]}