{"Rakesh Agrawal": ["Humane data mining., CIKM, 2008"], "Debabrata Dash": ["Dynamic faceted search for discovery-driven analysis., CIKM, 2008"], "Jun Rao": ["Dynamic faceted search for discovery-driven analysis., CIKM, 2008"], "Nimrod Megiddo": ["Dynamic faceted search for discovery-driven analysis., CIKM, 2008"], "Anastasia Ailamaki": ["Dynamic faceted search for discovery-driven analysis., CIKM, 2008"], "Guy M. Lohman": ["Dynamic faceted search for discovery-driven analysis., CIKM, 2008"], "Senjuti Basu Roy": ["Minimum-effort driven dynamic faceted search in structured databases., CIKM, 2008"], "Haidong Wang": ["Minimum-effort driven dynamic faceted search in structured databases., CIKM, 2008"], "Gautam Das": ["Minimum-effort driven dynamic faceted search in structured databases., CIKM, 2008"], "Ullas Nambiar": ["Minimum-effort driven dynamic faceted search in structured databases., CIKM, 2008"], "Mukesh K. Mohania": ["Minimum-effort driven dynamic faceted search in structured databases., CIKM, 2008", "Efficient techniques for document sanitization., CIKM, 2008"], "Gloria Bordogna": ["A language for manipulating clustered web documents results., CIKM, 2008"], "Alessandro Campi": ["A language for manipulating clustered web documents results., CIKM, 2008"], "Giuseppe Psaila": ["A language for manipulating clustered web documents results., CIKM, 2008"], "Stefania Ronchi": ["A language for manipulating clustered web documents results., CIKM, 2008"], "Shui-Lung Chuang": ["Integrating web query results: holistic schema matching., CIKM, 2008"], "Kevin Chen-Chuan Chang": ["Integrating web query results: holistic schema matching., CIKM, 2008"], "Filip Radlinski": ["How does clickthrough data reflect retrieval quality?, CIKM, 2008"], "Madhu Kurup": ["How does clickthrough data reflect retrieval quality?, CIKM, 2008"], "Thorsten Joachims": ["How does clickthrough data reflect retrieval quality?, CIKM, 2008"], "Marc Najork": ["Efficient and effective link analysis with precomputed salsa maps., CIKM, 2008"], "Nick Craswell": ["Efficient and effective link analysis with precomputed salsa maps., CIKM, 2008"], "Lian'en Huang": ["Achieving both high precision and high recall in near-duplicate detection., CIKM, 2008"], "Lei Wang": ["Achieving both high precision and high recall in near-duplicate detection., CIKM, 2008"], "Xiaoming Li": ["Achieving both high precision and high recall in near-duplicate detection., CIKM, 2008"], "Zhicheng Dou": ["Are click-through data adequate for learning web search rankings?, CIKM, 2008"], "Ruihua Song": ["Are click-through data adequate for learning web search rankings?, CIKM, 2008"], "Xiaojie Yuan": ["Are click-through data adequate for learning web search rankings?, CIKM, 2008"], "Ji-Rong Wen": ["Are click-through data adequate for learning web search rankings?, CIKM, 2008", "Can phrase indexing help to process non-phrase queries?, CIKM, 2008", "Scalable community discovery on textual data with relations., CIKM, 2008", "Closing the loop in webpage understanding., CIKM, 2008", "Pattern-based semantic class discovery with multi-membership support., CIKM, 2008"], "Jian Huang": ["Error-driven generalist+experts (edge): a multi-stage ensemble framework for text categorization., CIKM, 2008"], "Omid Madani": ["Error-driven generalist+experts (edge): a multi-stage ensemble framework for text categorization., CIKM, 2008"], "C. Lee Giles": ["Error-driven generalist+experts (edge): a multi-stage ensemble framework for text categorization., CIKM, 2008", "A sparse gaussian processes classification framework for fast tag suggestions., CIKM, 2008", "Real-time data pre-processing technique for efficient feature extraction in large scale datasets., CIKM, 2008", "Scalable community discovery on textual data with relations., CIKM, 2008", "Identifying table boundaries in digital documents via sparse line detection., CIKM, 2008", "Metadata extraction and indexing for map search in web documents., CIKM, 2008", "Measuring user preference changes in digital libraries., CIKM, 2008"], "Yang Song": ["A sparse gaussian processes classification framework for fast tag suggestions., CIKM, 2008"], "Lu Zhang": ["A sparse gaussian processes classification framework for fast tag suggestions., CIKM, 2008"], "Ping Luo": ["Transfer learning from multiple source domains via consensus regularization., CIKM, 2008"], "Fuzhen Zhuang": ["Transfer learning from multiple source domains via consensus regularization., CIKM, 2008"], "Hui Xiong": ["Transfer learning from multiple source domains via consensus regularization., CIKM, 2008"], "Yuhong Xiong": ["Transfer learning from multiple source domains via consensus regularization., CIKM, 2008"], "Qing He": ["Transfer learning from multiple source domains via consensus regularization., CIKM, 2008"], "Dell Zhang": ["Classifying networked entities with modularity kernels., CIKM, 2008"], "Robert Mao": ["Classifying networked entities with modularity kernels., CIKM, 2008"], "Casey Whitelaw": ["Web-scale named entity recognition., CIKM, 2008"], "Alexander Kehlenbeck": ["Web-scale named entity recognition., CIKM, 2008"], "Nemanja Petrovic": ["Web-scale named entity recognition., CIKM, 2008"], "Lyle H. Ungar": ["Web-scale named entity recognition., CIKM, 2008", "Using sequence classification for filtering web pages., CIKM, 2008"], "Roy J. Byrd": ["Semi-automated logging of contact center telephone calls., CIKM, 2008"], "Mary S. Neff": ["Semi-automated logging of contact center telephone calls., CIKM, 2008"], "Wilfried Teiken": ["Semi-automated logging of contact center telephone calls., CIKM, 2008"], "Youngja Park": ["Semi-automated logging of contact center telephone calls., CIKM, 2008"], "Keh-Shin F. Cheng": ["Semi-automated logging of contact center telephone calls., CIKM, 2008"], "Stephen C. Gates": ["Semi-automated logging of contact center telephone calls., CIKM, 2008"], "Karthik Visweswariah": ["Semi-automated logging of contact center telephone calls., CIKM, 2008"], "Gang Luo": ["MedSearch: a specialized search engine for medical information retrieval., CIKM, 2008", "Content-based filtering for efficient online materialized view maintenance., CIKM, 2008", "Real-time new event detection for video streams., CIKM, 2008", "Transaction reordering with application to synchronized scans., CIKM, 2008"], "Chunqiang Tang": ["MedSearch: a specialized search engine for medical information retrieval., CIKM, 2008"], "Hao Yang": ["MedSearch: a specialized search engine for medical information retrieval., CIKM, 2008"], "Xing Wei": ["MedSearch: a specialized search engine for medical information retrieval., CIKM, 2008"], "Roger B. Bradford": ["An empirical study of required dimensionality for large-scale latent semantic indexing applications., CIKM, 2008"], "Philip S. Yu": ["Content-based filtering for efficient online materialized view maintenance., CIKM, 2008", "Real-time new event detection for video streams., CIKM, 2008", "Dual encryption for query integrity assurance., CIKM, 2008"], "Gang Qian": ["A step towards incremental maintenance of the composed schema mapping., CIKM, 2008"], "Yisheng Dong": ["A step towards incremental maintenance of the composed schema mapping., CIKM, 2008"], "Mumtaz Ahmad": ["Modeling and exploiting query interactions in database systems., CIKM, 2008"], "Ashraf Aboulnaga": ["Modeling and exploiting query interactions in database systems., CIKM, 2008", "Records retention in relational database systems., CIKM, 2008"], "Shivnath Babu": ["Modeling and exploiting query interactions in database systems., CIKM, 2008"], "Kamesh Munagala": ["Modeling and exploiting query interactions in database systems., CIKM, 2008"], "Humberto Luiz Razente": ["A novel optimization approach to efficiently process aggregate similarity queries in metric access methods., CIKM, 2008"], "Maria Camila Nardini Barioni": ["A novel optimization approach to efficiently process aggregate similarity queries in metric access methods., CIKM, 2008"], "Agma J. M. Traina": ["A novel optimization approach to efficiently process aggregate similarity queries in metric access methods., CIKM, 2008"], "Christos Faloutsos": ["A novel optimization approach to efficiently process aggregate similarity queries in metric access methods., CIKM, 2008", "Fast mining of complex time-stamped events., CIKM, 2008"], "Caetano Traina Jr.": ["A novel optimization approach to efficiently process aggregate similarity queries in metric access methods., CIKM, 2008"], "Kerstin Bischoff": ["Can all tags be used for search?, CIKM, 2008"], "Claudiu S. Firan": ["Can all tags be used for search?, CIKM, 2008"], "Wolfgang Nejdl": ["Can all tags be used for search?, CIKM, 2008", "Wildcards for lightweight information integration in virtual desktops., CIKM, 2008", "A densitometric approach to web page segmentation., CIKM, 2008"], "Raluca Paiu": ["Can all tags be used for search?, CIKM, 2008"], "Anna Ritchie": ["Comparing citation contexts for information retrieval., CIKM, 2008"], "Stephen Robertson": ["Comparing citation contexts for information retrieval., CIKM, 2008"], "Simone Teufel": ["Comparing citation contexts for information retrieval., CIKM, 2008"], "Fabian M. Suchanek": ["Social tags: meaning and suggestions., CIKM, 2008"], "Milan Vojnovic": ["Social tags: meaning and suggestions., CIKM, 2008"], "Dinan Gunawardena": ["Social tags: meaning and suggestions., CIKM, 2008"], "Hao Ma": ["Mining social networks using heat diffusion processes for marketing candidates selection., CIKM, 2008", "Learning latent semantic relations from clickthrough data for query suggestion., CIKM, 2008", "SoRec: social recommendation using probabilistic matrix factorization., CIKM, 2008"], "Haixuan Yang": ["Mining social networks using heat diffusion processes for marketing candidates selection., CIKM, 2008", "Learning latent semantic relations from clickthrough data for query suggestion., CIKM, 2008", "SoRec: social recommendation using probabilistic matrix factorization., CIKM, 2008"], "Michael R. Lyu": ["Mining social networks using heat diffusion processes for marketing candidates selection., CIKM, 2008", "Learning latent semantic relations from clickthrough data for query suggestion., CIKM, 2008", "SoRec: social recommendation using probabilistic matrix factorization., CIKM, 2008", "Semi-supervised text categorization by active search., CIKM, 2008"], "Irwin King": ["Mining social networks using heat diffusion processes for marketing candidates selection., CIKM, 2008", "Learning latent semantic relations from clickthrough data for query suggestion., CIKM, 2008", "SoRec: social recommendation using probabilistic matrix factorization., CIKM, 2008", "Semi-supervised text categorization by active search., CIKM, 2008"], "Leonardo C. da Rocha": ["Exploiting temporal contexts in text classification., CIKM, 2008"], "Fernando Mour\u00e3o": ["Exploiting temporal contexts in text classification., CIKM, 2008"], "Adriano C. M. Pereira": ["Exploiting temporal contexts in text classification., CIKM, 2008"], "Marcos Andr\u00e9 Gon\u00e7alves": ["Exploiting temporal contexts in text classification., CIKM, 2008"], "Wagner Meira Jr.": ["Exploiting temporal contexts in text classification., CIKM, 2008"], "Alessandro Moschitti": ["Kernel methods, syntax and semantics for relational text categorization., CIKM, 2008"], "George Forman": ["BNS feature scaling: an improved representation over tf-idf for svm text classification., CIKM, 2008", "Extremely fast text feature extraction for classification and indexing., CIKM, 2008"], "Guilherme Hoefel": ["Learning a two-stage SVM/CRF sequence classifier., CIKM, 2008"], "Charles Elkan": ["Learning a two-stage SVM/CRF sequence classifier., CIKM, 2008"], "Ziv Bar-Yossef": ["Local approximation of pagerank and reverse pagerank., CIKM, 2008"], "Li-Tal Mashiach": ["Local approximation of pagerank and reverse pagerank., CIKM, 2008"], "Aleksandra Korolova": ["Link privacy in social networks., CIKM, 2008"], "Rajeev Motwani": ["Link privacy in social networks., CIKM, 2008"], "Shubha U. Nabar": ["Link privacy in social networks., CIKM, 2008"], "Ying Xu": ["Link privacy in social networks., CIKM, 2008"], "Chen Chen": ["On effective presentation of graph patterns: a structural representative approach., CIKM, 2008"], "Cindy Xide Lin": ["On effective presentation of graph patterns: a structural representative approach., CIKM, 2008"], "Xifeng Yan": ["On effective presentation of graph patterns: a structural representative approach., CIKM, 2008"], "Jiawei Han": ["On effective presentation of graph patterns: a structural representative approach., CIKM, 2008", "Modeling hidden topics on document manifold., CIKM, 2008"], "Qiankun Zhao": ["Characterizing and predicting community members from evolutionary and heterogeneous networks., CIKM, 2008"], "Sourav S. Bhowmick": ["Characterizing and predicting community members from evolutionary and heterogeneous networks., CIKM, 2008"], "Xin Zheng": ["Characterizing and predicting community members from evolutionary and heterogeneous networks., CIKM, 2008"], "Kai Yi": ["Characterizing and predicting community members from evolutionary and heterogeneous networks., CIKM, 2008"], "Marko A. Rodriguez": ["An algorithm to determine peer-reviewers., CIKM, 2008"], "Johan Bollen": ["An algorithm to determine peer-reviewers., CIKM, 2008"], "Dongmei Jia": ["Spam characterization and detection in peer-to-peer file-sharing systems., CIKM, 2008"], "Wai Gen Yee": ["Spam characterization and detection in peer-to-peer file-sharing systems., CIKM, 2008", "Adaptive distributed indexing for structured peer-to-peer networks., CIKM, 2008"], "Ophir Frieder": ["Spam characterization and detection in peer-to-peer file-sharing systems., CIKM, 2008", "Adaptive distributed indexing for structured peer-to-peer networks., CIKM, 2008", "Yizkor books: a voice for the silent past., CIKM, 2008", "Passage relevance models for genomics search., CIKM, 2008"], "Steve Webb": ["Predicting web spam with HTTP session information., CIKM, 2008"], "James Caverlee": ["Predicting web spam with HTTP session information., CIKM, 2008"], "Calton Pu": ["Predicting web spam with HTTP session information., CIKM, 2008"], "Nish Parikh": ["Inferring semantic query relations from collective user behavior., CIKM, 2008"], "Neel Sundaresan": ["Inferring semantic query relations from collective user behavior., CIKM, 2008"], "George A. Mihaila": ["Anomaly-free incremental output in stream processing., CIKM, 2008"], "Ioana Stanoi": ["Anomaly-free incremental output in stream processing., CIKM, 2008"], "Christian A. Lang": ["Anomaly-free incremental output in stream processing., CIKM, 2008"], "Abhishek Mukherji": ["SNIF TOOL: sniffing for patterns in continuous streams., CIKM, 2008"], "Elke A. Rundensteiner": ["SNIF TOOL: sniffing for patterns in continuous streams., CIKM, 2008"], "David C. Brown": ["SNIF TOOL: sniffing for patterns in continuous streams., CIKM, 2008"], "Venkatesh Raghavan": ["SNIF TOOL: sniffing for patterns in continuous streams., CIKM, 2008"], "Rong Yan": ["Real-time new event detection for video streams., CIKM, 2008"], "Giorgio Ghelli": ["Linear time membership in a class of regular expressions with interleaving and counting., CIKM, 2008"], "Dario Colazzo": ["Linear time membership in a class of regular expressions with interleaving and counting., CIKM, 2008"], "Carlo Sartiani": ["Linear time membership in a class of regular expressions with interleaving and counting., CIKM, 2008"], "Donald Metzler": ["Generalized inverse document frequency., CIKM, 2008", "To swing or not to swing: learning when (not) to advertise., CIKM, 2008"], "Derrick Coetzee": ["TinyLex: static n-gram index pruning with perfect recall., CIKM, 2008"], "David E. Losada": ["Revisiting the relationship between document length and relevance., CIKM, 2008"], "Leif Azzopardi": ["Revisiting the relationship between document length and relevance., CIKM, 2008", "Retrievability: an evaluation measure for higher order information access tasks., CIKM, 2008"], "Mark Baillie": ["Revisiting the relationship between document length and relevance., CIKM, 2008"], "Lixin Shi": ["Relating dependent indexes using dempster-shafer theory., CIKM, 2008"], "Jian-Yun Nie": ["Relating dependent indexes using dempster-shafer theory., CIKM, 2008"], "Guihong Cao": ["Relating dependent indexes using dempster-shafer theory., CIKM, 2008"], "Claudia Hauff": ["Improved query difficulty prediction for the web., CIKM, 2008", "A survey of pre-retrieval query performance predictors., CIKM, 2008"], "Vanessa Murdock": ["Improved query difficulty prediction for the web., CIKM, 2008", "To swing or not to swing: learning when (not) to advertise., CIKM, 2008"], "Ricardo A. Baeza-Yates": ["Improved query difficulty prediction for the web., CIKM, 2008"], "Doug Downey": ["Understanding the relationship between searchers' queries and information goals., CIKM, 2008"], "Susan T. Dumais": ["Understanding the relationship between searchers' queries and information goals., CIKM, 2008"], "Daniel J. Liebling": ["Understanding the relationship between searchers' queries and information goals., CIKM, 2008"], "Eric Horvitz": ["Understanding the relationship between searchers' queries and information goals., CIKM, 2008"], "Zuobing Xu": ["Active relevance feedback for difficult queries., CIKM, 2008"], "Ram Akella": ["Active relevance feedback for difficult queries., CIKM, 2008"], "Qiaozhu Mei": ["Query suggestion using hitting time., CIKM, 2008", "Modeling hidden topics on document manifold., CIKM, 2008"], "Dengyong Zhou": ["Query suggestion using hitting time., CIKM, 2008"], "Kenneth Ward Church": ["Query suggestion using hitting time., CIKM, 2008"], "Xuanhui Wang": ["Mining term association patterns from search logs for effective query reformulation., CIKM, 2008"], "ChengXiang Zhai": ["Mining term association patterns from search logs for effective query reformulation., CIKM, 2008", "Multi-aspect expertise matching for review assignment., CIKM, 2008"], "Krisztian Balog": ["Non-local evidence for expert finding., CIKM, 2008"], "Maarten de Rijke": ["Non-local evidence for expert finding., CIKM, 2008"], "Amit Goyal": ["Discovering leaders from community actions., CIKM, 2008"], "Francesco Bonchi": ["Discovering leaders from community actions., CIKM, 2008", "The query-flow graph: model and applications., CIKM, 2008"], "Laks V. S. Lakshmanan": ["Discovering leaders from community actions., CIKM, 2008"], "David N. Milne": ["Learning to link with wikipedia., CIKM, 2008"], "Ian H. Witten": ["Learning to link with wikipedia., CIKM, 2008"], "Pedro M. Domingos": ["Markov logic: a unifying language for knowledge and information management., CIKM, 2008"], "Alex Thomo": ["Rewriting of visibly pushdown languages for xml data integration., CIKM, 2008", "A new method for indexing genomes using on-disk suffix trees., CIKM, 2008"], "Srinivasan Venkatesh": ["Rewriting of visibly pushdown languages for xml data integration., CIKM, 2008"], "Guangjun Xie": ["Some rewrite optimizations of DB2 XQuery navigation., CIKM, 2008"], "Qi Cheng": ["Some rewrite optimizations of DB2 XQuery navigation., CIKM, 2008"], "Jarek Gryz": ["Some rewrite optimizations of DB2 XQuery navigation., CIKM, 2008"], "Calisto Zuzarte": ["Some rewrite optimizations of DB2 XQuery navigation., CIKM, 2008"], "Bilel Gueni": ["Pruning nested XQuery queries., CIKM, 2008"], "Talel Abdessalem": ["Pruning nested XQuery queries., CIKM, 2008"], "Bogdan Cautis": ["Pruning nested XQuery queries., CIKM, 2008"], "Emmanuel Waller": ["Pruning nested XQuery queries., CIKM, 2008"], "Pawel Placek": ["A heuristic approach for checking containment of generalized tree-pattern queries., CIKM, 2008"], "Dimitri Theodoratos": ["A heuristic approach for checking containment of generalized tree-pattern queries., CIKM, 2008", "Evaluating partial tree-pattern queries on XML streams., CIKM, 2008"], "Stefanos Souldatos": ["A heuristic approach for checking containment of generalized tree-pattern queries., CIKM, 2008"], "Theodore Dalamagas": ["A heuristic approach for checking containment of generalized tree-pattern queries., CIKM, 2008"], "Timos K. Sellis": ["A heuristic approach for checking containment of generalized tree-pattern queries., CIKM, 2008"], "Vishwa Vinay": ["Retrievability: an evaluation measure for higher order information access tasks., CIKM, 2008", "Estimating retrieval effectiveness using rank distributions., CIKM, 2008"], "William Webber": ["Statistical power in retrieval experimentation., CIKM, 2008"], "Alistair Moffat": ["Statistical power in retrieval experimentation., CIKM, 2008"], "Justin Zobel": ["Statistical power in retrieval experimentation., CIKM, 2008"], "Tetsuya Sakai": ["Comparing metrics across TREC and NTCIR: the robustness to system bias., CIKM, 2008"], "Kenneth A. Kinney": ["How evaluator domain expertise affects search result relevance judgments., CIKM, 2008"], "Scott B. Huffman": ["How evaluator domain expertise affects search result relevance judgments., CIKM, 2008"], "Juting Zhai": ["How evaluator domain expertise affects search result relevance judgments., CIKM, 2008"], "Christos Boutsidis": ["Clustered subset selection and its applications on it service metrics., CIKM, 2008"], "Jimeng Sun": ["Clustered subset selection and its applications on it service metrics., CIKM, 2008"], "Nikos Anerousis": ["Clustered subset selection and its applications on it service metrics., CIKM, 2008"], "Paolo Boldi": ["The query-flow graph: model and applications., CIKM, 2008"], "Carlos Castillo": ["The query-flow graph: model and applications., CIKM, 2008", "Dr. Searcher and Mr. Browser: a unified hyperlink-click graph., CIKM, 2008", "Searching the wikipedia with contextual information., CIKM, 2008"], "Debora Donato": ["The query-flow graph: model and applications., CIKM, 2008", "Searching the wikipedia with contextual information., CIKM, 2008"], "Aristides Gionis": ["The query-flow graph: model and applications., CIKM, 2008", "Dr. Searcher and Mr. Browser: a unified hyperlink-click graph., CIKM, 2008", "Searching the wikipedia with contextual information., CIKM, 2008"], "Sebastiano Vigna": ["The query-flow graph: model and applications., CIKM, 2008"], "Arnold P. Boedihardjo": ["A framework for estimating complex probability density structures in data streams., CIKM, 2008"], "Chang-Tien Lu": ["A framework for estimating complex probability density structures in data streams., CIKM, 2008"], "Feng Chen": ["A framework for estimating complex probability density structures in data streams., CIKM, 2008"], "Pinar Donmez": ["Proactive learning: cost-sensitive active learning with multiple imperfect oracles., CIKM, 2008"], "Jaime G. Carbonell": ["Proactive learning: cost-sensitive active learning with multiple imperfect oracles., CIKM, 2008", "Corpus microsurgery: criteria optimization for medical cross-language ir., CIKM, 2008", "Suppressing outliers in pairwise preference ranking., CIKM, 2008"], "David A. Evans": ["E-discovery., CIKM, 2008", "The social (open) workspace., CIKM, 2008"], "Jason R. Baron": ["E-discovery., CIKM, 2008"], "Chris Buckley": ["E-discovery., CIKM, 2008"], "Robert S. Bauer": ["E-discovery., CIKM, 2008"], "Josep Aguilar-Saborit": ["Exploiting pipeline interruptions for efficient memory allocation., CIKM, 2008", "Cache-aware load balancing for question answering., CIKM, 2008"], "Mohammad Jalali": ["Exploiting pipeline interruptions for efficient memory allocation., CIKM, 2008"], "Dave Sharpe": ["Exploiting pipeline interruptions for efficient memory allocation., CIKM, 2008"], "Victor Munt\u00e9s-Mulero": ["Exploiting pipeline interruptions for efficient memory allocation., CIKM, 2008"], "Marina Barsky": ["A new method for indexing genomes using on-disk suffix trees., CIKM, 2008"], "Ulrike Stege": ["A new method for indexing genomes using on-disk suffix trees., CIKM, 2008"], "Chris Upton": ["A new method for indexing genomes using on-disk suffix trees., CIKM, 2008"], "Vuk Ercegovac": ["Supporting sub-document updates and queries in an inverted index., CIKM, 2008"], "Vanja Josifovski": ["Supporting sub-document updates and queries in an inverted index., CIKM, 2008", "To swing or not to swing: learning when (not) to advertise., CIKM, 2008", "Search advertising using web relevance feedback., CIKM, 2008", "A note on search based forecasting of ad volume in contextual advertising., CIKM, 2008"], "Ning Li": ["Supporting sub-document updates and queries in an inverted index., CIKM, 2008"], "Maur\u00edcio R. Mediano": ["Supporting sub-document updates and queries in an inverted index., CIKM, 2008"], "Eugene J. Shekita": ["Supporting sub-document updates and queries in an inverted index., CIKM, 2008"], "Wei Dong": ["Modeling LSH for performance tuning., CIKM, 2008"], "Zhe Wang": ["Modeling LSH for performance tuning., CIKM, 2008"], "William Josephson": ["Modeling LSH for performance tuning., CIKM, 2008"], "Moses Charikar": ["Modeling LSH for performance tuning., CIKM, 2008"], "Kai Li": ["Modeling LSH for performance tuning., CIKM, 2008"], "Mingjie Zhu": ["Can phrase indexing help to process non-phrase queries?, CIKM, 2008"], "Shuming Shi": ["Can phrase indexing help to process non-phrase queries?, CIKM, 2008", "Pattern-based semantic class discovery with multi-membership support., CIKM, 2008"], "Nenghai Yu": ["Can phrase indexing help to process non-phrase queries?, CIKM, 2008"], "Julia Luxenburger": ["Matching task profiles and user needs in personalized web search., CIKM, 2008"], "Shady Elbassuoni": ["Matching task profiles and user needs in personalized web search., CIKM, 2008"], "Gerhard Weikum": ["Matching task profiles and user needs in personalized web search., CIKM, 2008"], "Rosie Jones": ["Beyond the session timeout: automatic hierarchical segmentation of search topics in query logs., CIKM, 2008", "Vanity fair: privacy in querylog bundles., CIKM, 2008"], "Kristina Lisa Klinkner": ["Beyond the session timeout: automatic hierarchical segmentation of search topics in query logs., CIKM, 2008"], "Kristen Parton": ["Simultaneous multilingual search for translingual information retrieval., CIKM, 2008"], "Kathleen R. McKeown": ["Simultaneous multilingual search for translingual information retrieval., CIKM, 2008"], "James Allan": ["Simultaneous multilingual search for translingual information retrieval., CIKM, 2008", "Joke retrieval: recognizing the same joke told differently., CIKM, 2008", "Cross-document cross-lingual coreference retrieval., CIKM, 2008", "Evaluating topic models for information retrieval., CIKM, 2008"], "Enrique Henestroza": ["Simultaneous multilingual search for translingual information retrieval., CIKM, 2008"], "Daqing He": ["Translation enhancement: a new relevance feedback method for cross-language information retrieval., CIKM, 2008"], "Dan Wu": ["Translation enhancement: a new relevance feedback method for cross-language information retrieval., CIKM, 2008"], "Eduardo Valle": ["High-dimensional descriptor indexing for large multimedia databases., CIKM, 2008"], "Matthieu Cord": ["High-dimensional descriptor indexing for large multimedia databases., CIKM, 2008"], "Sylvie Philipp-Foliguet": ["High-dimensional descriptor indexing for large multimedia databases., CIKM, 2008"], "Yu-En Lu": ["On low dimensional random projections and similarity search., CIKM, 2008"], "Pietro Li\u00f2": ["On low dimensional random projections and similarity search., CIKM, 2008"], "Steven Hand": ["On low dimensional random projections and similarity search., CIKM, 2008"], "Hanghang Tong": ["Fast mining of complex time-stamped events., CIKM, 2008"], "Yasushi Sakurai": ["Fast mining of complex time-stamped events., CIKM, 2008"], "Tina Eliassi-Rad": ["Fast mining of complex time-stamped events., CIKM, 2008"], "Darcy A. Davis": ["Predicting individual disease risk based on medical history., CIKM, 2008"], "Nitesh V. Chawla": ["Predicting individual disease risk based on medical history., CIKM, 2008"], "Nicholas Blumm": ["Predicting individual disease risk based on medical history., CIKM, 2008"], "Nicholas A. Christakis": ["Predicting individual disease risk based on medical history., CIKM, 2008"], "Albert-L\u00e1szl\u00f3 Barab\u00e1si": ["Predicting individual disease risk based on medical history., CIKM, 2008"], "Malika Mahoui": ["Identification of gene function using prediction by partial matching (PPM) language models., CIKM, 2008"], "William John Teahan": ["Identification of gene function using prediction by partial matching (PPM) language models., CIKM, 2008"], "Arvind Kumar Thirumalaiswamy Sekhar": ["Identification of gene function using prediction by partial matching (PPM) language models., CIKM, 2008"], "Satyasaibabu Chilukuri": ["Identification of gene function using prediction by partial matching (PPM) language models., CIKM, 2008"], "Philon Nguyen": ["Fast correlation analysis on time series datasets., CIKM, 2008", "Polyhedral transformation for indexed rank order correlation queries., CIKM, 2008"], "Nematollaah Shiri": ["Fast correlation analysis on time series datasets., CIKM, 2008", "Polyhedral transformation for indexed rank order correlation queries., CIKM, 2008"], "Rodolfo Stecher": ["Wildcards for lightweight information integration in virtual desktops., CIKM, 2008"], "Claudia Nieder\u00e9e": ["Wildcards for lightweight information integration in virtual desktops., CIKM, 2008"], "Simona Colucci": ["Finding informative commonalities in concept collections., CIKM, 2008"], "Eugenio Di Sciascio": ["Finding informative commonalities in concept collections., CIKM, 2008"], "Francesco M. Donini": ["Finding informative commonalities in concept collections., CIKM, 2008"], "Eufemia Tinelli": ["Finding informative commonalities in concept collections., CIKM, 2008"], "Masahiro Ito": ["Association thesaurus construction methods based on link co-occurrence analysis for wikipedia., CIKM, 2008"], "Kotaro Nakayama": ["Association thesaurus construction methods based on link co-occurrence analysis for wikipedia., CIKM, 2008"], "Takahiro Hara": ["Association thesaurus construction methods based on link co-occurrence analysis for wikipedia., CIKM, 2008"], "Shojiro Nishio": ["Association thesaurus construction methods based on link co-occurrence analysis for wikipedia., CIKM, 2008"], "Christian H\u00fctter": ["Peer production of structured knowledge -: an empirical study of ratings and incentive mechanisms., CIKM, 2008"], "Conny K\u00fchne": ["Peer production of structured knowledge -: an empirical study of ratings and incentive mechanisms., CIKM, 2008"], "Klemens B\u00f6hm": ["Peer production of structured knowledge -: an empirical study of ratings and incentive mechanisms., CIKM, 2008"], "Venkatesan T. Chakaravarthy": ["Efficient techniques for document sanitization., CIKM, 2008"], "Himanshu Gupta": ["Efficient techniques for document sanitization., CIKM, 2008"], "Prasan Roy": ["Efficient techniques for document sanitization., CIKM, 2008"], "Ravi Kumar": ["Vanity fair: privacy in querylog bundles., CIKM, 2008"], "Bo Pang": ["Vanity fair: privacy in querylog bundles., CIKM, 2008"], "Andrew Tomkins": ["Vanity fair: privacy in querylog bundles., CIKM, 2008"], "Haixun Wang": ["Dual encryption for query integrity assurance., CIKM, 2008"], "Jian Yin": ["Dual encryption for query integrity assurance., CIKM, 2008"], "Chang-Shing Perng": ["Dual encryption for query integrity assurance., CIKM, 2008"], "Ahmed A. Ataullah": ["Records retention in relational database systems., CIKM, 2008"], "Frank Wm. Tompa": ["Records retention in relational database systems., CIKM, 2008"], "Lisa Friedland": ["Joke retrieval: recognizing the same joke told differently., CIKM, 2008"], "Jeremy Pickens": ["Ranked feature fusion models for ad hoc retrieval., CIKM, 2008"], "Gene Golovchinsky": ["Ranked feature fusion models for ad hoc retrieval., CIKM, 2008"], "Jin Zhang": ["AdaSum: an adaptive model for summarization., CIKM, 2008"], "Xueqi Cheng": ["AdaSum: an adaptive model for summarization., CIKM, 2008"], "Gaowei Wu": ["AdaSum: an adaptive model for summarization., CIKM, 2008"], "Hongbo Xu": ["AdaSum: an adaptive model for summarization., CIKM, 2008"], "Deng Cai": ["Modeling hidden topics on document manifold., CIKM, 2008"], "Chengxiang Zhai": ["Modeling hidden topics on document manifold., CIKM, 2008"], "Jinwen Guo": ["Tapping on the potential of q&a community by recommending answer providers., CIKM, 2008"], "Shengliang Xu": ["Tapping on the potential of q&a community by recommending answer providers., CIKM, 2008", "Boosting social annotations using propagation., CIKM, 2008"], "Shenghua Bao": ["Tapping on the potential of q&a community by recommending answer providers., CIKM, 2008", "Boosting social annotations using propagation., CIKM, 2008"], "Yong Yu": ["Tapping on the potential of q&a community by recommending answer providers., CIKM, 2008", "Boosting social annotations using propagation., CIKM, 2008"], "Yun Chi": ["Probabilistic polyadic factorization and its application to personalized recommendation., CIKM, 2008", "Integrating clustering and multi-document summarization to improve document understanding., CIKM, 2008"], "Shenghuo Zhu": ["Probabilistic polyadic factorization and its application to personalized recommendation., CIKM, 2008", "Integrating clustering and multi-document summarization to improve document understanding., CIKM, 2008"], "Yihong Gong": ["Probabilistic polyadic factorization and its application to personalized recommendation., CIKM, 2008", "Integrating clustering and multi-document summarization to improve document understanding., CIKM, 2008"], "Yi Zhang": ["Probabilistic polyadic factorization and its application to personalized recommendation., CIKM, 2008"], "Derry Tanti Wijaya": ["A random walk on the red carpet: rating movies with user reviews and pagerank., CIKM, 2008"], "St\u00e9phane Bressan": ["A random walk on the red carpet: rating movies with user reviews and pagerank., CIKM, 2008"], "Xiang Zhang": ["REDUS: finding reducible subspaces in high dimensional data., CIKM, 2008"], "Feng Pan": ["REDUS: finding reducible subspaces in high dimensional data., CIKM, 2008"], "Wei Wang": ["REDUS: finding reducible subspaces in high dimensional data., CIKM, 2008"], "Elsa Loekito": ["Mining influential attributes that capture class and group contrast behaviour., CIKM, 2008"], "James Bailey": ["Mining influential attributes that capture class and group contrast behaviour., CIKM, 2008"], "Ying Liu": ["Real-time data pre-processing technique for efficient feature extraction in large scale datasets., CIKM, 2008", "Identifying table boundaries in digital documents via sparse line detection., CIKM, 2008"], "Lucian Vlad Lita": ["Real-time data pre-processing technique for efficient feature extraction in large scale datasets., CIKM, 2008"], "Radu Stefan Niculescu": ["Real-time data pre-processing technique for efficient feature extraction in large scale datasets., CIKM, 2008"], "Kun Bai": ["Real-time data pre-processing technique for efficient feature extraction in large scale datasets., CIKM, 2008", "A light weighted damage tracking quarantine and recovery scheme for mission-critical database systems., CIKM, 2008"], "Prasenjit Mitra": ["Real-time data pre-processing technique for efficient feature extraction in large scale datasets., CIKM, 2008", "Identifying table boundaries in digital documents via sparse line detection., CIKM, 2008", "Metadata extraction and indexing for map search in web documents., CIKM, 2008"], "Hongliang Fei": ["Structure feature selection for graph classification., CIKM, 2008"], "Jun Huan": ["Structure feature selection for graph classification., CIKM, 2008"], "Susan Feldman": ["The social (open) workspace., CIKM, 2008"], "Ed H. Chi": ["The social (open) workspace., CIKM, 2008"], "Natasa Milic-Frayling": ["The social (open) workspace., CIKM, 2008", "Estimating retrieval effectiveness using rank distributions., CIKM, 2008", "Trust, authority and popularity in social information retrieval., CIKM, 2008"], "Igor Perisic": ["The social (open) workspace., CIKM, 2008"], "W. Bruce Croft": ["Unsolved problems in search: (and how we approach them)., CIKM, 2008", "Blog site search using resource selection., CIKM, 2008"], "Andrei Z. Broder": ["To swing or not to swing: learning when (not) to advertise., CIKM, 2008", "Search advertising using web relevance feedback., CIKM, 2008", "A note on search based forecasting of ad volume in contextual advertising., CIKM, 2008"], "Massimiliano Ciaramita": ["To swing or not to swing: learning when (not) to advertise., CIKM, 2008"], "Marcus Fontoura": ["To swing or not to swing: learning when (not) to advertise., CIKM, 2008", "Search advertising using web relevance feedback., CIKM, 2008", "A note on search based forecasting of ad volume in contextual advertising., CIKM, 2008"], "Evgeniy Gabrilovich": ["To swing or not to swing: learning when (not) to advertise., CIKM, 2008", "Search advertising using web relevance feedback., CIKM, 2008"], "Vassilis Plachouras": ["To swing or not to swing: learning when (not) to advertise., CIKM, 2008"], "Peter Ciccolo": ["Search advertising using web relevance feedback., CIKM, 2008"], "Lance Riedel": ["Search advertising using web relevance feedback., CIKM, 2008"], "Yuefeng Li": ["A two-stage text mining model for information filtering., CIKM, 2008", "Effective pattern taxonomy mining in text documents., CIKM, 2008"], "Xujuan Zhou": ["A two-stage text mining model for information filtering., CIKM, 2008"], "Peter Bruza": ["A two-stage text mining model for information filtering., CIKM, 2008"], "Yue Xu": ["A two-stage text mining model for information filtering., CIKM, 2008", "Deriving non-redundant approximate association rules from hierarchical datasets., CIKM, 2008"], "Raymond Y. K. Lau": ["A two-stage text mining model for information filtering., CIKM, 2008"], "Canhui Wang": ["Automatic online news topic ranking using media focus and user attention based on aging theory., CIKM, 2008"], "Min Zhang": ["Automatic online news topic ranking using media focus and user attention based on aging theory., CIKM, 2008"], "Liyun Ru": ["Automatic online news topic ranking using media focus and user attention based on aging theory., CIKM, 2008"], "Shaoping Ma": ["Automatic online news topic ranking using media focus and user attention based on aging theory., CIKM, 2008"], "Craig Macdonald": ["Key blog distillation: ranking aggregates., CIKM, 2008", "An effective statistical approach to blog post opinion retrieval., CIKM, 2008"], "Iadh Ounis": ["Key blog distillation: ranking aggregates., CIKM, 2008", "An effective statistical approach to blog post opinion retrieval., CIKM, 2008"], "Jangwon Seo": ["Blog site search using resource selection., CIKM, 2008"], "Ben He": ["An effective statistical approach to blog post opinion retrieval., CIKM, 2008"], "Jiyin He": ["An effective statistical approach to blog post opinion retrieval., CIKM, 2008"], "Chuan Duan": ["A consensus based approach to constrained clustering of software requirements., CIKM, 2008"], "Jane Cleland-Huang": ["A consensus based approach to constrained clustering of software requirements., CIKM, 2008"], "Bamshad Mobasher": ["A consensus based approach to constrained clustering of software requirements., CIKM, 2008"], "Ron Bekkerman": ["Data weaving: scaling up the state-of-the-art in data clustering., CIKM, 2008"], "Martin Scholz": ["Data weaving: scaling up the state-of-the-art in data clustering., CIKM, 2008"], "Ira Assent": ["EDSC: efficient density-based subspace clustering., CIKM, 2008"], "Ralph Krieger": ["EDSC: efficient density-based subspace clustering., CIKM, 2008"], "Emmanuel M\u00fcller": ["EDSC: efficient density-based subspace clustering., CIKM, 2008"], "Thomas Seidl": ["EDSC: efficient density-based subspace clustering., CIKM, 2008"], "Faris Alqadah": ["An effective algorithm for mining 3-clusters in vertically partitioned data., CIKM, 2008", "Detecting significant distinguishing sets among bi-clusters., CIKM, 2008"], "Raj Bhatnagar": ["An effective algorithm for mining 3-clusters in vertically partitioned data., CIKM, 2008", "Detecting significant distinguishing sets among bi-clusters., CIKM, 2008"], "Maryam Karimzadehgan": ["Multi-aspect expertise matching for review assignment., CIKM, 2008"], "Geneva G. Belford": ["Multi-aspect expertise matching for review assignment., CIKM, 2008"], "Barbara Poblete": ["Dr. Searcher and Mr. Browser: a unified hyperlink-click graph., CIKM, 2008"], "Pavel Serdyukov": ["Modeling multi-step relevance propagation for expert finding., CIKM, 2008"], "Henning Rode": ["Modeling multi-step relevance propagation for expert finding., CIKM, 2008"], "Djoerd Hiemstra": ["Modeling multi-step relevance propagation for expert finding., CIKM, 2008", "A survey of pre-retrieval query performance predictors., CIKM, 2008"], "Keke Chen": ["Trada: tree based ranking function adaptation., CIKM, 2008"], "Rongqing Lu": ["Trada: tree based ranking function adaptation., CIKM, 2008"], "C. K. Wong": ["Trada: tree based ranking function adaptation., CIKM, 2008"], "Gordon Sun": ["Trada: tree based ranking function adaptation., CIKM, 2008"], "Larry P. Heck": ["Trada: tree based ranking function adaptation., CIKM, 2008"], "Belle L. Tseng": ["Trada: tree based ranking function adaptation., CIKM, 2008"], "Mir Sadek Ali": ["Structural relevance: a common basis for the evaluation of structured document retrieval., CIKM, 2008"], "Mariano P. Consens": ["Structural relevance: a common basis for the evaluation of structured document retrieval., CIKM, 2008"], "Gabriella Kazai": ["Structural relevance: a common basis for the evaluation of structured document retrieval., CIKM, 2008", "Trust, authority and popularity in social information retrieval., CIKM, 2008"], "Mounia Lalmas": ["Structural relevance: a common basis for the evaluation of structured document retrieval., CIKM, 2008"], "Le Zhao": ["A generative retrieval model for structured documents., CIKM, 2008"], "Jamie Callan": ["A generative retrieval model for structured documents., CIKM, 2008"], "Christian Kohlsch\u00fctter": ["A densitometric approach to web page segmentation., CIKM, 2008"], "Sujith Ravi": ["Using structured text for large-scale attribute extraction., CIKM, 2008"], "Marius Pasca": ["Using structured text for large-scale attribute extraction., CIKM, 2008"], "Anup Chalamalla": ["Identification of class specific discourse patterns., CIKM, 2008", "Exploiting context to detect sensitive information in call center conversations., CIKM, 2008"], "Sumit Negi": ["Identification of class specific discourse patterns., CIKM, 2008", "Exploiting context to detect sensitive information in call center conversations., CIKM, 2008"], "L. Venkata Subramaniam": ["Identification of class specific discourse patterns., CIKM, 2008", "Exploiting context to detect sensitive information in call center conversations., CIKM, 2008"], "Ganesh Ramakrishnan": ["Identification of class specific discourse patterns., CIKM, 2008"], "Huajing Li": ["Scalable community discovery on textual data with relations., CIKM, 2008", "Measuring user preference changes in digital libraries., CIKM, 2008"], "Zaiqing Nie": ["Scalable community discovery on textual data with relations., CIKM, 2008", "Closing the loop in webpage understanding., CIKM, 2008"], "Wang-Chien Lee": ["Scalable community discovery on textual data with relations., CIKM, 2008", "Valid scope computation for location-dependent spatial query in mobile broadcast environments., CIKM, 2008", "ROAD: an efficient framework for location dependentspatial queries on road networks., CIKM, 2008", "Efficient processing of probabilistic spatio-temporal range queries over moving objects., CIKM, 2008", "Measuring user preference changes in digital libraries., CIKM, 2008"], "Chong Long": ["Information shared by many objects., CIKM, 2008"], "Xiaoyan Zhu": ["Information shared by many objects., CIKM, 2008"], "Ming Li": ["Information shared by many objects., CIKM, 2008"], "Bin Ma": ["Information shared by many objects., CIKM, 2008"], "Evan Kirshenbaum": ["Extremely fast text feature extraction for classification and indexing., CIKM, 2008"], "Ken C. K. Lee": ["Valid scope computation for location-dependent spatial query in mobile broadcast environments., CIKM, 2008", "ROAD: an efficient framework for location dependentspatial queries on road networks., CIKM, 2008"], "Josh Schiffman": ["Valid scope computation for location-dependent spatial query in mobile broadcast environments., CIKM, 2008"], "Baihua Zheng": ["Valid scope computation for location-dependent spatial query in mobile broadcast environments., CIKM, 2008", "ROAD: an efficient framework for location dependentspatial queries on road networks., CIKM, 2008"], "Linh Thai Nguyen": ["Adaptive distributed indexing for structured peer-to-peer networks., CIKM, 2008"], "Jon Olav Hauglid": ["PROQID: partial restarts of queries in distributed databases., CIKM, 2008"], "Kjetil N\u00f8rv\u00e5g": ["PROQID: partial restarts of queries in distributed databases., CIKM, 2008"], "Andrew Hickl": ["Answering questions with authority., CIKM, 2008"], "David Dominguez-Sal": ["Cache-aware load balancing for question answering., CIKM, 2008"], "Mihai Surdeanu": ["Cache-aware load balancing for question answering., CIKM, 2008"], "Josep-Llu\u00eds Larriba-Pey": ["Cache-aware load balancing for question answering., CIKM, 2008"], "Wei Zhou": ["A system for finding biological entities that satisfy certain conditions from texts., CIKM, 2008"], "Clement T. Yu": ["A system for finding biological entities that satisfy certain conditions from texts., CIKM, 2008", "Improve the effectiveness of the opinion retrieval and opinion polarity classification., CIKM, 2008"], "Weiyi Meng": ["A system for finding biological entities that satisfy certain conditions from texts., CIKM, 2008", "Improve the effectiveness of the opinion retrieval and opinion polarity classification., CIKM, 2008"], "Andrew Arnold": ["Intra-document structural frequency features for semi-supervised domain adaptation., CIKM, 2008"], "William W. Cohen": ["Intra-document structural frequency features for semi-supervised domain adaptation., CIKM, 2008", "Suppressing outliers in pairwise preference ranking., CIKM, 2008"], "Xin Xin": ["Academic conference homepage understanding using constrained hierarchical conditional random fields., CIKM, 2008"], "Juanzi Li": ["Academic conference homepage understanding using constrained hierarchical conditional random fields., CIKM, 2008"], "Jie Tang": ["Academic conference homepage understanding using constrained hierarchical conditional random fields., CIKM, 2008"], "Qiong Luo": ["Academic conference homepage understanding using constrained hierarchical conditional random fields., CIKM, 2008"], "Pawel Jurczyk": ["Privacy-preserving data publishing for horizontally partitioned databases., CIKM, 2008"], "Li Xiong": ["Privacy-preserving data publishing for horizontally partitioned databases., CIKM, 2008"], "Haofen Wang": ["CE2: towards a large scale hybrid search engine with integrated ranking support., CIKM, 2008"], "Thanh Tran": ["CE2: towards a large scale hybrid search engine with integrated ranking support., CIKM, 2008"], "Chang Liu": ["CE2: towards a large scale hybrid search engine with integrated ranking support., CIKM, 2008"], "Melanie Herschel": ["Scaling up duplicate detection in graph data., CIKM, 2008"], "Felix Naumann": ["Scaling up duplicate detection in graph data., CIKM, 2008"], "Maxim Kormilitsin": ["View and index selection for query-performance improvement: quality-centered algorithms and heuristics., CIKM, 2008", "Query optimization in xml-based information integration., CIKM, 2008"], "Rada Chirkova": ["View and index selection for query-performance improvement: quality-centered algorithms and heuristics., CIKM, 2008", "Query optimization in xml-based information integration., CIKM, 2008"], "Yahya Fathi": ["View and index selection for query-performance improvement: quality-centered algorithms and heuristics., CIKM, 2008"], "Matthias F. Stallmann": ["View and index selection for query-performance improvement: quality-centered algorithms and heuristics., CIKM, 2008"], "Sung Jin Kim": ["SQL extension for exploring multiple tables., CIKM, 2008"], "Junghoo John Cho": ["SQL extension for exploring multiple tables., CIKM, 2008"], "Shaoyi Yin": ["PBFilter: indexing flash-resident data through partitioned summaries., CIKM, 2008"], "Philippe Pucheral": ["PBFilter: indexing flash-resident data through partitioned summaries., CIKM, 2008", "Data degradation: making private data less sensitive over time., CIKM, 2008"], "Xiaofeng Meng": ["PBFilter: indexing flash-resident data through partitioned summaries., CIKM, 2008", "Protecting location privacy against location-dependent attack in mobile services., CIKM, 2008"], "Jeffrey F. Naughton": ["Transaction reordering with application to synchronized scans., CIKM, 2008"], "Curt J. Ellmann": ["Transaction reordering with application to synchronized scans., CIKM, 2008"], "Michael Watzke": ["Transaction reordering with application to synchronized scans., CIKM, 2008"], "Jason J. Soo": ["Yizkor books: a voice for the silent past., CIKM, 2008"], "Rebecca Cathey": ["Yizkor books: a voice for the silent past., CIKM, 2008"], "Michlean J. Amir": ["Yizkor books: a voice for the silent past., CIKM, 2008"], "Gideon Frieder": ["Yizkor books: a voice for the silent past., CIKM, 2008"], "Mihai Stroe": ["An approximate string matching approach for handling incorrectly typed urls., CIKM, 2008"], "Radu Berinde": ["An approximate string matching approach for handling incorrectly typed urls., CIKM, 2008"], "Cosmin Negruseri": ["An approximate string matching approach for handling incorrectly typed urls., CIKM, 2008"], "Dan Popovici": ["An approximate string matching approach for handling incorrectly typed urls., CIKM, 2008"], "Qiang Wang": ["Speed up semantic search in p2p networks., CIKM, 2008"], "Rui Li": ["Speed up semantic search in p2p networks., CIKM, 2008"], "Lei Chen": ["Speed up semantic search in p2p networks., CIKM, 2008"], "Jie Lian": ["Speed up semantic search in p2p networks., CIKM, 2008"], "M. Tamer \u00d6zsu": ["Speed up semantic search in p2p networks., CIKM, 2008"], "Xuerui Wang": ["A note on search based forecasting of ad volume in contextual advertising., CIKM, 2008"], "Young-Min Kim": ["An extension of PLSA for document clustering., CIKM, 2008"], "Jean-Fran\u00e7ois Pessiot": ["An extension of PLSA for document clustering., CIKM, 2008"], "Massih-Reza Amini": ["An extension of PLSA for document clustering., CIKM, 2008"], "Patrick Gallinari": ["An extension of PLSA for document clustering., CIKM, 2008"], "Linhong Zhu": ["Online spam-blog detection through blog search., CIKM, 2008"], "Aixin Sun": ["Online spam-blog detection through blog search., CIKM, 2008", "Representative entry selection for profiling blogs., CIKM, 2008"], "Byron Choi": ["Online spam-blog detection through blog search., CIKM, 2008"], "Katsuya Masuda": ["Nested region algebra extended with variables for tag-annotated text search., CIKM, 2008"], "Jun'ichi Tsujii": ["Nested region algebra extended with variables for tag-annotated text search., CIKM, 2008"], "Antti Ukkonen": ["Searching the wikipedia with contextual information., CIKM, 2008"], "Javier Parapar": ["Winnowing-based text clustering., CIKM, 2008"], "Alvaro Barreiro": ["Winnowing-based text clustering., CIKM, 2008"], "Binyamin Rosenfeld": ["Using sequence classification for filtering web pages., CIKM, 2008"], "Ronen Feldman": ["Using sequence classification for filtering web pages., CIKM, 2008"], "Jay Urbain": ["Passage relevance models for genomics search., CIKM, 2008"], "Nazli Goharian": ["Passage relevance models for genomics search., CIKM, 2008"], "Elif Aktolga": ["Cross-document cross-lingual coreference retrieval., CIKM, 2008"], "Marc-Allen Cartright": ["Cross-document cross-lingual coreference retrieval., CIKM, 2008"], "Karane Vieira": ["Siphon++: a hidden-webcrawler for keyword-based interfaces., CIKM, 2008"], "Luciano Barbosa": ["Siphon++: a hidden-webcrawler for keyword-based interfaces., CIKM, 2008"], "Juliana Freire": ["Siphon++: a hidden-webcrawler for keyword-based interfaces., CIKM, 2008"], "Altigran Soares da Silva": ["Siphon++: a hidden-webcrawler for keyword-based interfaces., CIKM, 2008"], "Tonya Custis": ["Investigating external corpus and clickthrough statistics for query expansion in the legal domain., CIKM, 2008"], "Khalid Al-Kofahi": ["Investigating external corpus and clickthrough statistics for query expansion in the legal domain., CIKM, 2008"], "Monica Rogati": ["Corpus microsurgery: criteria optimization for medical cross-language ir., CIKM, 2008"], "Yiming Yang": ["Corpus microsurgery: criteria optimization for medical cross-language ir., CIKM, 2008"], "Qingzhao Tan": ["Metadata extraction and indexing for map search in web documents., CIKM, 2008"], "Qingliang Miao": ["An integration strategy for mining product features and opinions., CIKM, 2008"], "Qiudan Li": ["An integration strategy for mining product features and opinions., CIKM, 2008"], "Ruwei Dai": ["An integration strategy for mining product features and opinions., CIKM, 2008"], "Nan Du": ["Overlapping community structure detection in networks., CIKM, 2008"], "Bai Wang": ["Overlapping community structure detection in networks., CIKM, 2008"], "Bin Wu": ["Overlapping community structure detection in networks., CIKM, 2008"], "Ki Chan": ["Coreference resolution using expressive logic models., CIKM, 2008"], "Wai Lam": ["Coreference resolution using expressive logic models., CIKM, 2008"], "Xiaofeng Yu": ["Coreference resolution using expressive logic models., CIKM, 2008"], "Ming-Hung Hsu": ["A method to predict social annotations., CIKM, 2008"], "Hsin-Hsi Chen": ["A method to predict social annotations., CIKM, 2008"], "Natwar Modani": ["Large maximal cliques enumeration in sparse graphs., CIKM, 2008"], "Kuntal Dey": ["Large maximal cliques enumeration in sparse graphs., CIKM, 2008"], "Yu-Ru Lin": ["Summarization of social activity over time: people, actions and concepts in dynamic networks., CIKM, 2008"], "Hari Sundaram": ["Summarization of social activity over time: people, actions and concepts in dynamic networks., CIKM, 2008", "Multi-scale characterization of social network dynamics in the blogosphere., CIKM, 2008"], "Aisling Kelliher": ["Summarization of social activity over time: people, actions and concepts in dynamic networks., CIKM, 2008"], "Lizhen Qu": ["Using tag semantic network for keyphrase extraction in blogs., CIKM, 2008"], "Christof M\u00fcller": ["Using tag semantic network for keyphrase extraction in blogs., CIKM, 2008"], "Iryna Gurevych": ["Using tag semantic network for keyphrase extraction in blogs., CIKM, 2008"], "Nuno Cardoso": ["Handling implicit geographic evidence for geographic ir., CIKM, 2008"], "M\u00e1rio J. Silva": ["Handling implicit geographic evidence for geographic ir., CIKM, 2008"], "Diana Santos": ["Handling implicit geographic evidence for geographic ir., CIKM, 2008"], "Richard Bache": ["Estimating real-valued characteristics of criminals from their recorded crimes., CIKM, 2008"], "Fabio Crestani": ["Estimating real-valued characteristics of criminals from their recorded crimes., CIKM, 2008"], "Jinfeng Zhuang": ["Representative entry selection for profiling blogs., CIKM, 2008"], "Steven C. H. Hoi": ["Representative entry selection for profiling blogs., CIKM, 2008"], "Rong Jin": ["Representative entry selection for profiling blogs., CIKM, 2008", "Semi-supervised text categorization by active search., CIKM, 2008"], "Chih-Ming Hsu": ["Efficient web matrix processing based on dual reordering., CIKM, 2008"], "Ming-Syan Chen": ["Efficient web matrix processing based on dual reordering., CIKM, 2008", "A novel email abstraction scheme for spam detection., CIKM, 2008"], "Jyotika Prasad": ["Coreex: content extraction from online news articles., CIKM, 2008"], "Andreas Paepcke": ["Coreex: content extraction from online news articles., CIKM, 2008"], "Chi-Yao Tseng": ["A novel email abstraction scheme for spam detection., CIKM, 2008"], "Pin-Chieh Sung": ["A novel email abstraction scheme for spam detection., CIKM, 2008"], "Pavan Kumar Vatturi": ["Tag-based filtering for personalized bookmark recommendations., CIKM, 2008"], "Werner Geyer": ["Tag-based filtering for personalized bookmark recommendations., CIKM, 2008"], "Casey Dugan": ["Tag-based filtering for personalized bookmark recommendations., CIKM, 2008"], "Michael J. Muller": ["Tag-based filtering for personalized bookmark recommendations., CIKM, 2008"], "Beth Brownholtz": ["Tag-based filtering for personalized bookmark recommendations., CIKM, 2008"], "Chunyu Yang": ["Closing the loop in webpage understanding., CIKM, 2008"], "Yong Cao": ["Closing the loop in webpage understanding., CIKM, 2008"], "Jie Zhou": ["Closing the loop in webpage understanding., CIKM, 2008"], "Bruce S. E. Chung": ["Efficient processing of probabilistic spatio-temporal range queries over moving objects., CIKM, 2008"], "Arbee L. P. Chen": ["Efficient processing of probabilistic spatio-temporal range queries over moving objects., CIKM, 2008"], "Nicolas Anciaux": ["Data degradation: making private data less sensitive over time., CIKM, 2008"], "Luc Bouganim": ["Data degradation: making private data less sensitive over time., CIKM, 2008"], "Harold van Heerde": ["Data degradation: making private data less sensitive over time., CIKM, 2008"], "Peter M. G. Apers": ["Data degradation: making private data less sensitive over time., CIKM, 2008"], "Peng Liu": ["A light weighted damage tracking quarantine and recovery scheme for mission-critical database systems., CIKM, 2008"], "Dongfeng Chen": ["Query optimization in xml-based information integration., CIKM, 2008"], "Fereidoon Sadri": ["Query optimization in xml-based information integration., CIKM, 2008"], "Timo J. Salo": ["Query optimization in xml-based information integration., CIKM, 2008"], "Marcel Karnstedt": ["Estimating the number of answers with guarantees for structured queries in p2p databases., CIKM, 2008"], "Kai-Uwe Sattler": ["Estimating the number of answers with guarantees for structured queries in p2p databases., CIKM, 2008"], "Michael Ha\u00df": ["Estimating the number of answers with guarantees for structured queries in p2p databases., CIKM, 2008"], "Manfred Hauswirth": ["Estimating the number of answers with guarantees for structured queries in p2p databases., CIKM, 2008"], "Brahmananda Sapkota": ["Estimating the number of answers with guarantees for structured queries in p2p databases., CIKM, 2008"], "Roman Schmidt": ["Estimating the number of answers with guarantees for structured queries in p2p databases., CIKM, 2008"], "Xiaoying Wu": ["Evaluating partial tree-pattern queries on XML streams., CIKM, 2008"], "Pranav Vaidya": ["Characterization of TPC-H queries for a column-oriented database on a dual-core amd athlon processor., CIKM, 2008"], "Jaehwan John Lee": ["Characterization of TPC-H queries for a column-oriented database on a dual-core amd athlon processor., CIKM, 2008"], "Petteri Nurmi": ["Natural language retrieval of grocery products., CIKM, 2008"], "Eemil Lagerspetz": ["Natural language retrieval of grocery products., CIKM, 2008"], "Wray L. Buntine": ["Natural language retrieval of grocery products., CIKM, 2008"], "Patrik Flor\u00e9en": ["Natural language retrieval of grocery products., CIKM, 2008"], "Joonas Kukkonen": ["Natural language retrieval of grocery products., CIKM, 2008"], "Peter Peltonen": ["Natural language retrieval of grocery products., CIKM, 2008"], "Wei Zhang": ["Improve the effectiveness of the opinion retrieval and opinion polarity classification., CIKM, 2008"], "Lifeng Jia": ["Improve the effectiveness of the opinion retrieval and opinion polarity classification., CIKM, 2008"], "Qiang Huang": ["A latent variable model for query expansion using the hidden markov model., CIKM, 2008"], "Dawei Song": ["A latent variable model for query expansion using the hidden markov model., CIKM, 2008", "Modeling document features for expert finding., CIKM, 2008"], "Franciska de Jong": ["A survey of pre-retrieval query performance predictors., CIKM, 2008"], "Jianhan Zhu": ["Modeling document features for expert finding., CIKM, 2008"], "Stefan M. R\u00fcger": ["Modeling document features for expert finding., CIKM, 2008"], "Xiangji Huang": ["Modeling document features for expert finding., CIKM, 2008"], "Raghavendra Udupa": ["Mining named entity transliteration equivalents from comparable corpora., CIKM, 2008"], "K. Saravanan": ["Mining named entity transliteration equivalents from comparable corpora., CIKM, 2008"], "A. Kumaran": ["Mining named entity transliteration equivalents from comparable corpora., CIKM, 2008"], "Jagadeesh Jagarlamudi": ["Mining named entity transliteration equivalents from comparable corpora., CIKM, 2008"], "Ingemar J. Cox": ["Estimating retrieval effectiveness using rank distributions., CIKM, 2008"], "Shouchun Chen": ["Semi-supervised ranking aggregation., CIKM, 2008", "Semi-supervised metric learning by maximizing constraint margin., CIKM, 2008"], "Fei Wang": ["Semi-supervised ranking aggregation., CIKM, 2008", "Semi-supervised metric learning by maximizing constraint margin., CIKM, 2008"], "Yangqiu Song": ["Semi-supervised ranking aggregation., CIKM, 2008"], "Changshui Zhang": ["Semi-supervised ranking aggregation., CIKM, 2008", "Semi-supervised metric learning by maximizing constraint margin., CIKM, 2008"], "Fabian Abel": ["Ranking in folksonomy systems: can context help?, CIKM, 2008"], "Nicola Henze": ["Ranking in folksonomy systems: can context help?, CIKM, 2008"], "Daniel Krause": ["Ranking in folksonomy systems: can context help?, CIKM, 2008"], "Xing Yi": ["Evaluating topic models for information retrieval., CIKM, 2008"], "Bo Lin": ["A novel statistical chinese language model and its application in pinyin-to-character conversion., CIKM, 2008"], "Jun Zhang": ["A novel statistical chinese language model and its application in pinyin-to-character conversion., CIKM, 2008"], "Dingding Wang": ["Integrating clustering and multi-document summarization to improve document understanding., CIKM, 2008"], "Tao Li": ["Integrating clustering and multi-document summarization to improve document understanding., CIKM, 2008", "Semi-supervised metric learning by maximizing constraint margin., CIKM, 2008", "Clustering multi-way data via adaptive subspace iteration., CIKM, 2008"], "Wisam Dakka": ["Answering general time sensitive queries., CIKM, 2008"], "Luis Gravano": ["Answering general time sensitive queries., CIKM, 2008"], "Panagiotis G. Ipeirotis": ["Answering general time sensitive queries., CIKM, 2008"], "Jiang-Ming Yang": ["Search-based query suggestion., CIKM, 2008"], "Rui Cai": ["Search-based query suggestion., CIKM, 2008"], "Feng Jing": ["Search-based query suggestion., CIKM, 2008"], "Shuo Wang": ["Search-based query suggestion., CIKM, 2008"], "Lei Zhang": ["Search-based query suggestion., CIKM, 2008"], "Wei-Ying Ma": ["Search-based query suggestion., CIKM, 2008"], "Yang Xu": ["Entity-based query reformulation using wikipedia., CIKM, 2008"], "Fan Ding": ["Entity-based query reformulation using wikipedia., CIKM, 2008"], "Bin Wang": ["Entity-based query reformulation using wikipedia., CIKM, 2008"], "Weijian Ni": ["Group-based learning: a boosting approach., CIKM, 2008"], "Jun Xu": ["Group-based learning: a boosting approach., CIKM, 2008"], "Hang Li": ["Group-based learning: a boosting approach., CIKM, 2008"], "Yalou Huang": ["Group-based learning: a boosting approach., CIKM, 2008"], "Fred S. Annexstein": ["Collaborative partitioning with maximum user satisfaction., CIKM, 2008"], "Svetlana Strunjas": ["Collaborative partitioning with maximum user satisfaction., CIKM, 2008"], "Syed Khairuzzaman Tanbeer": ["Efficient frequent pattern mining over data streams., CIKM, 2008"], "Chowdhury Farhan Ahmed": ["Efficient frequent pattern mining over data streams., CIKM, 2008"], "Byeong-Soo Jeong": ["Efficient frequent pattern mining over data streams., CIKM, 2008"], "Young-Koo Lee": ["Efficient frequent pattern mining over data streams., CIKM, 2008"], "Xiaoming Fan": ["GHOST: an effective graph-based framework for name distinction., CIKM, 2008"], "Jianyong Wang": ["GHOST: an effective graph-based framework for name distinction., CIKM, 2008"], "Bing Lv": ["GHOST: an effective graph-based framework for name distinction., CIKM, 2008"], "Lizhu Zhou": ["GHOST: an effective graph-based framework for name distinction., CIKM, 2008"], "Wei Hu": ["GHOST: an effective graph-based framework for name distinction., CIKM, 2008"], "Gavin Shaw": ["Deriving non-redundant approximate association rules from hierarchical datasets., CIKM, 2008"], "Shlomo Geva": ["Deriving non-redundant approximate association rules from hierarchical datasets., CIKM, 2008"], "Xiaokang Liu": ["Pattern-based semantic class discovery with multi-membership support., CIKM, 2008"], "Rohan Choudhary": ["On quantifying changes in temporally evolving dataset., CIKM, 2008"], "Sameep Mehta": ["On quantifying changes in temporally evolving dataset., CIKM, 2008"], "Amitabha Bagchi": ["On quantifying changes in temporally evolving dataset., CIKM, 2008"], "Zhongshan Lin": ["Fast spatial co-location mining without cliqueness checking., CIKM, 2008"], "SeungJin Lim": ["Fast spatial co-location mining without cliqueness checking., CIKM, 2008"], "Fidelia Ibekwe-Sanjuan": ["Decomposition of terminology graphs for domain knowledge acquisition., CIKM, 2008"], "Eric SanJuan": ["Decomposition of terminology graphs for domain knowledge acquisition., CIKM, 2008"], "Michael S. E. Vogeley": ["Decomposition of terminology graphs for domain knowledge acquisition., CIKM, 2008"], "Francisco M. Carrero": ["In the development of a spanish metamap., CIKM, 2008"], "Jos\u00e9 Carlos Cortizo": ["In the development of a spanish metamap., CIKM, 2008"], "Jos\u00e9 Mar\u00eda G\u00f3mez": ["In the development of a spanish metamap., CIKM, 2008"], "Manuel de Buenaga Rodr\u00edguez": ["In the development of a spanish metamap., CIKM, 2008"], "Leila Kaghazian": ["Scalable complex pattern search in sequential data., CIKM, 2008"], "Dennis McLeod": ["Scalable complex pattern search in sequential data., CIKM, 2008"], "Reza Sadri": ["Scalable complex pattern search in sequential data., CIKM, 2008"], "Chaitanya Chemudugunta": ["Combining concept hierarchies and statistical topic models., CIKM, 2008"], "Padhraic Smyth": ["Combining concept hierarchies and statistical topic models., CIKM, 2008"], "Mark Steyvers": ["Combining concept hierarchies and statistical topic models., CIKM, 2008"], "Weifa Liang": ["Energy-efficient skyline query processing and maintenance in sensor networks., CIKM, 2008"], "Baichen Chen": ["Energy-efficient skyline query processing and maintenance in sensor networks., CIKM, 2008"], "Jeffrey Xu Yu": ["Energy-efficient skyline query processing and maintenance in sensor networks., CIKM, 2008"], "K. Sel\u00e7uk Candan": ["Table summarization with the help of domain lattices., CIKM, 2008"], "Huiping Cao": ["Table summarization with the help of domain lattices., CIKM, 2008"], "Yan Qi": ["Table summarization with the help of domain lattices., CIKM, 2008"], "Maria Luisa Sapino": ["Table summarization with the help of domain lattices., CIKM, 2008"], "Xiao Pan": ["Protecting location privacy against location-dependent attack in mobile services., CIKM, 2008"], "Jianliang Xu": ["Protecting location privacy against location-dependent attack in mobile services., CIKM, 2008"], "Matthias B\u00f6hm": ["Workload-based optimization of integration processes., CIKM, 2008"], "Uwe Wloka": ["Workload-based optimization of integration processes., CIKM, 2008"], "Dirk Habich": ["Workload-based optimization of integration processes., CIKM, 2008"], "Wolfgang Lehner": ["Workload-based optimization of integration processes., CIKM, 2008"], "Vitor R. Carvalho": ["Suppressing outliers in pairwise preference ranking., CIKM, 2008"], "Jonathan L. Elsas": ["Suppressing outliers in pairwise preference ranking., CIKM, 2008"], "Adele E. Howe": ["Re-considering neighborhood-based collaborative filtering parameters in the context of new data., CIKM, 2008"], "Ryan D. Forbes": ["Re-considering neighborhood-based collaborative filtering parameters in the context of new data., CIKM, 2008"], "Jianguo Lu": ["Efficient estimation of the size of text deep web data source., CIKM, 2008"], "\u00c1lvaro Zubizarreta": ["A georeferencing multistage method for locating geographic context in web search., CIKM, 2008"], "Pablo de la Fuente": ["A georeferencing multistage method for locating geographic context in web search., CIKM, 2008"], "Jos\u00e9 Manuel Cantera": ["A georeferencing multistage method for locating geographic context in web search., CIKM, 2008"], "Mario Arias": ["A georeferencing multistage method for locating geographic context in web search., CIKM, 2008"], "Jorge Cabrero Alonso": ["A georeferencing multistage method for locating geographic context in web search., CIKM, 2008"], "Guido Garc\u00eda Bernardo": ["A georeferencing multistage method for locating geographic context in web search., CIKM, 2008"], "C\u00e9sar Llamas": ["A georeferencing multistage method for locating geographic context in web search., CIKM, 2008"], "Jes\u00fas Vegas": ["A georeferencing multistage method for locating geographic context in web search., CIKM, 2008"], "Hiroyuki Toda": ["Incorporating place name extents into geo-ir ranking., CIKM, 2008"], "Norihito Yasuda": ["Incorporating place name extents into geo-ir ranking., CIKM, 2008"], "Yumiko Matsuura": ["Incorporating place name extents into geo-ir ranking., CIKM, 2008"], "Ryoji Kataoka": ["Incorporating place name extents into geo-ir ranking., CIKM, 2008"], "Paavo Arvola": ["The effect of contextualization at different granularity levels in content-oriented xml retrieval., CIKM, 2008"], "Jaana Kek\u00e4l\u00e4inen": ["The effect of contextualization at different granularity levels in content-oriented xml retrieval., CIKM, 2008"], "Marko Junkkari": ["The effect of contextualization at different granularity levels in content-oriented xml retrieval., CIKM, 2008"], "Mandar Rahurkar": ["Using the current browsing context to improve search relevance., CIKM, 2008"], "Silviu Cucerzan": ["Using the current browsing context to improve search relevance., CIKM, 2008"], "Mariam Daoud": ["Using a graph-based ontological user profile for personalizing search., CIKM, 2008"], "Lynda Tamine-Lechani": ["Using a graph-based ontological user profile for personalizing search., CIKM, 2008"], "Mohand Boughanem": ["Using a graph-based ontological user profile for personalizing search., CIKM, 2008"], "Yang Sun": ["Measuring user preference changes in digital libraries., CIKM, 2008"], "Isaac G. Councill": ["Measuring user preference changes in digital libraries., CIKM, 2008"], "Rifat Ozcan": ["Utilization of navigational queries for result presentation and caching in search engines., CIKM, 2008"], "Ismail Seng\u00f6r Alting\u00f6vde": ["Utilization of navigational queries for result presentation and caching in search engines., CIKM, 2008"], "\u00d6zg\u00fcr Ulusoy": ["Utilization of navigational queries for result presentation and caching in search engines., CIKM, 2008"], "Alexander Yates": ["SHOPSMART: product recommendations through technical specifications and user reviews., CIKM, 2008"], "James Joseph": ["SHOPSMART: product recommendations through technical specifications and user reviews., CIKM, 2008"], "Ana-Maria Popescu": ["SHOPSMART: product recommendations through technical specifications and user reviews., CIKM, 2008"], "Alexander D. Cohn": ["SHOPSMART: product recommendations through technical specifications and user reviews., CIKM, 2008"], "Nick Sillick": ["SHOPSMART: product recommendations through technical specifications and user reviews., CIKM, 2008"], "Sreangsu Acharyya": ["A spam resistant family of concavo-convex ranks for link analysis., CIKM, 2008"], "Joydeep Ghosh": ["A spam resistant family of concavo-convex ranks for link analysis., CIKM, 2008"], "Bohai Yang": ["Boosting social annotations using propagation., CIKM, 2008"], "Ben Fei": ["Boosting social annotations using propagation., CIKM, 2008"], "Zhong Su": ["Boosting social annotations using propagation., CIKM, 2008"], "Sheng-Tang Wu": ["Effective pattern taxonomy mining in text documents., CIKM, 2008"], "Xiaohui Tao": ["Effective pattern taxonomy mining in text documents., CIKM, 2008"], "Kyung Soon Lee": ["Incorporating topical support documents into a small training set in text categorization., CIKM, 2008"], "Tanveer A. Faruquie": ["Exploiting context to detect sensitive information in call center conversations., CIKM, 2008"], "Munmun De Choudhury": ["Multi-scale characterization of social network dynamics in the blogosphere., CIKM, 2008"], "Ajita John": ["Multi-scale characterization of social network dynamics in the blogosphere., CIKM, 2008"], "Dor\u00e9e D. Seligmann": ["Multi-scale characterization of social network dynamics in the blogosphere., CIKM, 2008"], "Zenglin Xu": ["Semi-supervised text categorization by active search., CIKM, 2008"], "Kaizhu Huang": ["Semi-supervised text categorization by active search., CIKM, 2008"], "Wei Peng": ["Clustering multi-way data via adaptive subspace iteration., CIKM, 2008"], "Bo Shao": ["Clustering multi-way data via adaptive subspace iteration., CIKM, 2008"], "Jae Woo Lee": ["A coarse-grain grid-based subspace clustering method for online multi-dimensional data streams., CIKM, 2008"], "Won Suk Lee": ["A coarse-grain grid-based subspace clustering method for online multi-dimensional data streams., CIKM, 2008"], "Yanhua Chen": ["A matrix-based approach for semi-supervised document co-clustering., CIKM, 2008"], "Lijun Wang": ["A matrix-based approach for semi-supervised document co-clustering., CIKM, 2008"], "Ming Dong": ["A matrix-based approach for semi-supervised document co-clustering., CIKM, 2008"], "Jiahui Liu": ["Categorizing blogger's interests based on short snippets of blog posts., CIKM, 2008"], "Larry Birnbaum": ["Categorizing blogger's interests based on short snippets of blog posts., CIKM, 2008"], "Bryan Pardo": ["Categorizing blogger's interests based on short snippets of blog posts., CIKM, 2008"]}