{"Hector Garcia-Molina": ["Pair-Wise entity resolution: overview and challenges., CIKM, 2006"], "Gary William Flake": ["How I learned to stop worrying and love the imminent internet singularity., CIKM, 2006"], "Joseph Kielman": ["The real-time nature and value of homeland security information., CIKM, 2006"], "Caetano Traina Jr.": ["Efficient processing of complex similarity queries in RDBMS through query rewriting., CIKM, 2006"], "Agma J. M. Traina": ["Efficient processing of complex similarity queries in RDBMS through query rewriting., CIKM, 2006"], "Marcos R. Vieira": ["Efficient processing of complex similarity queries in RDBMS through query rewriting., CIKM, 2006"], "Adriano S. Arantes": ["Efficient processing of complex similarity queries in RDBMS through query rewriting., CIKM, 2006"], "Christos Faloutsos": ["Efficient processing of complex similarity queries in RDBMS through query rewriting., CIKM, 2006"], "Demetrios Zeinalipour-Yazti": ["Distributed spatio-temporal similarity search., CIKM, 2006"], "Song Lin": ["Distributed spatio-temporal similarity search., CIKM, 2006"], "Dimitrios Gunopulos": ["Distributed spatio-temporal similarity search., CIKM, 2006"], "Keith Marsolo": ["Structure-based querying of proteins using wavelets., CIKM, 2006"], "Srinivasan Parthasarathy": ["Structure-based querying of proteins using wavelets., CIKM, 2006", "TRIPS and TIDES: new algorithms for tree mining., CIKM, 2006", "Robust periodicity detection algorithms., CIKM, 2006"], "Kotagiri Ramamohanarao": ["Structure-based querying of proteins using wavelets., CIKM, 2006"], "Atsuhiro Takasu": ["An approximate multi-word matching algorithm for robust document retrieval., CIKM, 2006"], "Li Zhuang": ["Movie review mining and summarization., CIKM, 2006"], "Feng Jing": ["Movie review mining and summarization., CIKM, 2006", "Ranking web objects from multiple communities., CIKM, 2006"], "Xiaoyan Zhu": ["Movie review mining and summarization., CIKM, 2006"], "Zhu Zhang": ["Utility scoring of product reviews., CIKM, 2006"], "Balaji Varadarajan": ["Utility scoring of product reviews., CIKM, 2006"], "Arun Qamra": ["Mining blog stories using community-based and temporal clustering., CIKM, 2006"], "Belle L. Tseng": ["Mining blog stories using community-based and temporal clustering., CIKM, 2006", "Eigen-trend: trend analysis in the blogosphere based on singular value decompositions., CIKM, 2006"], "Edward Y. Chang": ["Mining blog stories using community-based and temporal clustering., CIKM, 2006", "Adaptive non-linear clustering in data streams., CIKM, 2006"], "Yun Chi": ["Eigen-trend: trend analysis in the blogosphere based on singular value decompositions., CIKM, 2006"], "Jun'ichi Tatemura": ["Eigen-trend: trend analysis in the blogosphere based on singular value decompositions., CIKM, 2006"], "Stephen Robertson": ["On GMAP: and other transformations., CIKM, 2006", "Optimisation methods for ranking functions with multiple parameters., CIKM, 2006"], "Paul Ogilvie": ["Investigating the exhaustivity dimension in content-oriented XML element retrieval evaluation., CIKM, 2006"], "Mounia Lalmas": ["Investigating the exhaustivity dimension in content-oriented XML element retrieval evaluation., CIKM, 2006"], "Paul Thomas": ["Evaluation by comparing result sets in context., CIKM, 2006"], "David Hawking": ["Evaluation by comparing result sets in context., CIKM, 2006", "Secure search in enterprise webs: tradeoffs in efficient implementation for document level security., CIKM, 2006"], "Emine Yilmaz": ["Estimating average precision with incomplete and imperfect judgments., CIKM, 2006"], "Javed A. Aslam": ["Estimating average precision with incomplete and imperfect judgments., CIKM, 2006"], "Adegoke Ojewole": ["Window join approximation over data streams with importance semantics., CIKM, 2006"], "Qiang Zhu": ["Window join approximation over data streams with importance semantics., CIKM, 2006"], "Wen-Chi Hou": ["Window join approximation over data streams with importance semantics., CIKM, 2006", "An efficient one-phase holistic twig join algorithm for XML data., CIKM, 2006"], "Ankur Jain": ["Adaptive non-linear clustering in data streams., CIKM, 2006"], "Zhihua Zhang": ["Adaptive non-linear clustering in data streams., CIKM, 2006"], "Yabo Xu": ["Classification spanning correlated data streams., CIKM, 2006"], "Ke Wang": ["Classification spanning correlated data streams., CIKM, 2006"], "Ada Wai-Chee Fu": ["Classification spanning correlated data streams., CIKM, 2006"], "Rong She": ["Classification spanning correlated data streams., CIKM, 2006"], "Jian Pei": ["Classification spanning correlated data streams., CIKM, 2006"], "Francisco M. Couto": ["Validating associations in biological databases., CIKM, 2006"], "M\u00e1rio J. Silva": ["Validating associations in biological databases., CIKM, 2006"], "Pedro Coutinho": ["Validating associations in biological databases., CIKM, 2006"], "Jian Zhang": ["Finding highly correlated pairs efficiently with powerful pruning., CIKM, 2006"], "Joan Feigenbaum": ["Finding highly correlated pairs efficiently with powerful pruning., CIKM, 2006"], "Hector Gonzalez": ["Mining compressed commodity workflows from massive RFID data sets., CIKM, 2006"], "Jiawei Han": ["Mining compressed commodity workflows from massive RFID data sets., CIKM, 2006"], "Xiaolei Li": ["Mining compressed commodity workflows from massive RFID data sets., CIKM, 2006"], "Sebastian Michel": ["Discovering and exploiting keyword and attribute-value co-occurrences to improve P2P routing indices., CIKM, 2006"], "Matthias Bender": ["Discovering and exploiting keyword and attribute-value co-occurrences to improve P2P routing indices., CIKM, 2006"], "Nikos Ntarmos": ["Discovering and exploiting keyword and attribute-value co-occurrences to improve P2P routing indices., CIKM, 2006"], "Peter Triantafillou": ["Discovering and exploiting keyword and attribute-value co-occurrences to improve P2P routing indices., CIKM, 2006"], "Gerhard Weikum": ["Discovering and exploiting keyword and attribute-value co-occurrences to improve P2P routing indices., CIKM, 2006", "Rank synopses for efficient time travel on the web graph., CIKM, 2006"], "Christian Zimmer": ["Discovering and exploiting keyword and attribute-value co-occurrences to improve P2P routing indices., CIKM, 2006"], "Stefan B\u00fcttcher": ["A document-centric approach to static index pruning in text retrieval systems., CIKM, 2006"], "Charles L. A. Clarke": ["A document-centric approach to static index pruning in text retrieval systems., CIKM, 2006"], "Vo Ngoc Anh": ["Pruning strategies for mixed-mode querying., CIKM, 2006"], "Alistair Moffat": ["Pruning strategies for mixed-mode querying., CIKM, 2006"], "Johannes A\u00dffalg": ["3DString: a feature string kernel for 3D object classification on voxelized data., CIKM, 2006"], "Karsten M. Borgwardt": ["3DString: a feature string kernel for 3D object classification on voxelized data., CIKM, 2006"], "Hans-Peter Kriegel": ["3DString: a feature string kernel for 3D object classification on voxelized data., CIKM, 2006"], "Aris Anagnostopoulos": ["Effective and efficient classification on a search-engine model., CIKM, 2006"], "Andrei Z. Broder": ["Effective and efficient classification on a search-engine model., CIKM, 2006", "Estimating corpus size via queries., CIKM, 2006"], "Kunal Punera": ["Effective and efficient classification on a search-engine model., CIKM, 2006"], "Adriano Veloso": ["Multi-evidence, multi-criteria, lazy associative document classification., CIKM, 2006"], "Wagner Meira Jr.": ["Multi-evidence, multi-criteria, lazy associative document classification., CIKM, 2006"], "Marco Cristo": ["Multi-evidence, multi-criteria, lazy associative document classification., CIKM, 2006"], "Marcos Andr\u00e9 Gon\u00e7alves": ["Multi-evidence, multi-criteria, lazy associative document classification., CIKM, 2006"], "Mohammed Javeed Zaki": ["Multi-evidence, multi-criteria, lazy associative document classification., CIKM, 2006"], "Xiaoguang Qi": ["Knowing a web page by the company it keeps., CIKM, 2006"], "Brian D. Davison": ["Knowing a web page by the company it keeps., CIKM, 2006"], "Xiaoyan Li": ["Improving novelty detection for general topics using sentence level information patterns., CIKM, 2006"], "W. Bruce Croft": ["Improving novelty detection for general topics using sentence level information patterns., CIKM, 2006", "Ranking robustness: a novel framework to predict query performance., CIKM, 2006", "Boosting relevance model performance with query term dependence., CIKM, 2006", "Representing documents with named entities for story link detection (SLD)., CIKM, 2006"], "Ding Zhou": ["Topic evolution and social interactions: how authors effect research., CIKM, 2006", "Multi-task text segmentation and alignment based on weighted mutual information., CIKM, 2006"], "Xiang Ji": ["Topic evolution and social interactions: how authors effect research., CIKM, 2006"], "Hongyuan Zha": ["Topic evolution and social interactions: how authors effect research., CIKM, 2006", "Incorporating query difference for learning retrieval functions in world wide web search., CIKM, 2006", "Multi-task text segmentation and alignment based on weighted mutual information., CIKM, 2006"], "C. Lee Giles": ["Topic evolution and social interactions: how authors effect research., CIKM, 2006"], "Karane Vieira": ["A fast and robust method for web page template detection and removal., CIKM, 2006"], "Altigran Soares da Silva": ["A fast and robust method for web page template detection and removal., CIKM, 2006"], "Nick Pinto": ["A fast and robust method for web page template detection and removal., CIKM, 2006"], "Edleno Silva de Moura": ["A fast and robust method for web page template detection and removal., CIKM, 2006"], "Jo\u00e3o M. B. Cavalcanti": ["A fast and robust method for web page template detection and removal., CIKM, 2006"], "Juliana Freire": ["A fast and robust method for web page template detection and removal., CIKM, 2006", "Automatically constructing collections of online database directories., CIKM, 2006"], "Roxana Girju": ["Out-of-context noun phrase semantic interpretation with cross-linguistic evidence., CIKM, 2006"], "Ois\u00edn Boydell": ["Capturing community search expertise for personalized web search using snippet-indexes., CIKM, 2006"], "Barry Smyth": ["Capturing community search expertise for personalized web search using snippet-indexes., CIKM, 2006"], "Paul-Alexandru Chirita": ["Summarizing local context to personalize global web search., CIKM, 2006"], "Claudiu S. Firan": ["Summarizing local context to personalize global web search., CIKM, 2006"], "Wolfgang Nejdl": ["Summarizing local context to personalize global web search., CIKM, 2006"], "Ryen W. White": ["A study on the effects of personalization and task information on implicit feedback performance., CIKM, 2006"], "Diane Kelly": ["A study on the effects of personalization and task information on implicit feedback performance., CIKM, 2006"], "Zhaohui Zheng": ["Incorporating query difference for learning retrieval functions in world wide web search., CIKM, 2006"], "Haoying Fu": ["Incorporating query difference for learning retrieval functions in world wide web search., CIKM, 2006"], "Gordon Sun": ["Incorporating query difference for learning retrieval functions in world wide web search., CIKM, 2006"], "Mohamed Aly": ["KDDCS: a load-balanced in-network data-centric storage scheme for sensor networks., CIKM, 2006"], "Kirk Pruhs": ["KDDCS: a load-balanced in-network data-centric storage scheme for sensor networks., CIKM, 2006"], "Panos K. Chrysanthis": ["KDDCS: a load-balanced in-network data-centric storage scheme for sensor networks., CIKM, 2006"], "Hao-Ping Hung": ["Efficient range-constrained similarity search on wavelet synopses over multiple streams., CIKM, 2006"], "Ming-Syan Chen": ["Efficient range-constrained similarity search on wavelet synopses over multiple streams., CIKM, 2006", "On subspace clustering with density consciousness., CIKM, 2006", "On progressive sequential pattern mining., CIKM, 2006"], "Yijian Bai": ["A data stream language and system designed for power and extensibility., CIKM, 2006"], "Hetal Thakkar": ["A data stream language and system designed for power and extensibility., CIKM, 2006"], "Haixun Wang": ["A data stream language and system designed for power and extensibility., CIKM, 2006"], "Chang Luo": ["A data stream language and system designed for power and extensibility., CIKM, 2006"], "Carlo Zaniolo": ["A data stream language and system designed for power and extensibility., CIKM, 2006"], "Dina Q. Goldin": ["In search of meaning for time series subsequence clustering: matching algorithms based on a new distance measure., CIKM, 2006"], "Ricardo Mardales": ["In search of meaning for time series subsequence clustering: matching algorithms based on a new distance measure., CIKM, 2006"], "George Nagy": ["In search of meaning for time series subsequence clustering: matching algorithms based on a new distance measure., CIKM, 2006"], "Nachiketa Sahoo": ["Incremental hierarchical clustering of text documents., CIKM, 2006"], "Jamie Callan": ["Incremental hierarchical clustering of text documents., CIKM, 2006"], "Ramayya Krishnan": ["Incremental hierarchical clustering of text documents., CIKM, 2006"], "George T. Duncan": ["Incremental hierarchical clustering of text documents., CIKM, 2006"], "Rema Padman": ["Incremental hierarchical clustering of text documents., CIKM, 2006"], "Hua Yan": ["Efficiently clustering transactional data with weighted coverage density., CIKM, 2006"], "Keke Chen": ["Efficiently clustering transactional data with weighted coverage density., CIKM, 2006"], "Ling Liu": ["Efficiently clustering transactional data with weighted coverage density., CIKM, 2006", "k nearest neighbor classification across multiple private databases., CIKM, 2006"], "Le Chen": ["Ranking web objects from multiple communities., CIKM, 2006"], "Lei Zhang": ["Ranking web objects from multiple communities., CIKM, 2006"], "Kefeng Deng": ["Ranking web objects from multiple communities., CIKM, 2006"], "Wei-Ying Ma": ["Ranking web objects from multiple communities., CIKM, 2006", "A comparative study on classifying the functions of web page blocks., CIKM, 2006"], "Craig Macdonald": ["Voting for candidates: adapting data fusion techniques for an expert search task., CIKM, 2006"], "Iadh Ounis": ["Voting for candidates: adapting data fusion techniques for an expert search task., CIKM, 2006"], "Philip Zigoris": ["Bayesian adaptive user profiling with explicit &amp; implicit feedback., CIKM, 2006"], "Yi Zhang": ["Bayesian adaptive user profiling with explicit &amp; implicit feedback., CIKM, 2006"], "Ilaria Bartolini": ["SaLSa: computing the skyline without scanning the whole sky., CIKM, 2006"], "Paolo Ciaccia": ["SaLSa: computing the skyline without scanning the whole sky., CIKM, 2006"], "Marco Patella": ["SaLSa: computing the skyline without scanning the whole sky., CIKM, 2006"], "Evangelos Dellis": ["Constrained subspace skyline computation., CIKM, 2006"], "Akrivi Vlachou": ["Constrained subspace skyline computation., CIKM, 2006"], "Ilya Vladimirskiy": ["Constrained subspace skyline computation., CIKM, 2006"], "Bernhard Seeger": ["Constrained subspace skyline computation., CIKM, 2006", "Resource-aware kernel density estimators over streaming data., CIKM, 2006"], "Yannis Theodoridis": ["Constrained subspace skyline computation., CIKM, 2006"], "Katja Hose": ["Processing relaxed skylines in PDMS using distributed data summaries., CIKM, 2006"], "Christian Lemke": ["Processing relaxed skylines in PDMS using distributed data summaries., CIKM, 2006"], "Kai-Uwe Sattler": ["Processing relaxed skylines in PDMS using distributed data summaries., CIKM, 2006"], "Amit Anil Nanavati": ["On the structural properties of massive telecom call graphs: findings and implications., CIKM, 2006"], "Siva Gurumurthy": ["On the structural properties of massive telecom call graphs: findings and implications., CIKM, 2006"], "Gautam Das": ["On the structural properties of massive telecom call graphs: findings and implications., CIKM, 2006"], "Dipanjan Chakraborty": ["On the structural properties of massive telecom call graphs: findings and implications., CIKM, 2006"], "Koustuv Dasgupta": ["On the structural properties of massive telecom call graphs: findings and implications., CIKM, 2006"], "Sougata Mukherjea": ["On the structural properties of massive telecom call graphs: findings and implications., CIKM, 2006"], "Anupam Joshi": ["On the structural properties of massive telecom call graphs: findings and implications., CIKM, 2006"], "Dimitri Theodoratos": ["Heuristic containment check of partial tree-pattern queries in the presence of index graphs., CIKM, 2006"], "Stefanos Souldatos": ["Heuristic containment check of partial tree-pattern queries in the presence of index graphs., CIKM, 2006"], "Theodore Dalamagas": ["Heuristic containment check of partial tree-pattern queries in the presence of index graphs., CIKM, 2006"], "Pawel Placek": ["Heuristic containment check of partial tree-pattern queries in the presence of index graphs., CIKM, 2006"], "Timos K. Sellis": ["Heuristic containment check of partial tree-pattern queries in the presence of index graphs., CIKM, 2006", "A combination of trie-trees and inverted files for the indexing of set-valued attributes., CIKM, 2006", "Amnesic online synopses for moving objects., CIKM, 2006"], "Shirish Tatikonda": ["TRIPS and TIDES: new algorithms for tree mining., CIKM, 2006"], "Tahsin M. Kur\u00e7": ["TRIPS and TIDES: new algorithms for tree mining., CIKM, 2006"], "Cai-Nicolas Ziegler": ["Automatic computation of semantic proximity using taxonomic knowledge., CIKM, 2006"], "Kai Simon": ["Automatic computation of semantic proximity using taxonomic knowledge., CIKM, 2006"], "Georg Lausen": ["Automatic computation of semantic proximity using taxonomic knowledge., CIKM, 2006"], "Sreenivas Gollapudi": ["Exploiting asymmetry in hierarchical topic extraction., CIKM, 2006", "A dictionary for approximate string search and longest prefix search., CIKM, 2006"], "Rina Panigrahy": ["Exploiting asymmetry in hierarchical topic extraction., CIKM, 2006", "Estimating corpus size via queries., CIKM, 2006", "A dictionary for approximate string search and longest prefix search., CIKM, 2006"], "Jong Wook Kim": ["CP/CV: concept similarity mining without frequency information from domain describing taxonomies., CIKM, 2006"], "K. Sel\u00e7uk Candan": ["CP/CV: concept similarity mining without frequency information from domain describing taxonomies., CIKM, 2006"], "Peter Bailey": ["Secure search in enterprise webs: tradeoffs in efficient implementation for document level security., CIKM, 2006"], "Brett Matson": ["Secure search in enterprise webs: tradeoffs in efficient implementation for document level security., CIKM, 2006"], "Carlos Ordonez": ["Vector and matrix operations programmed with UDFs in a relational DBMS., CIKM, 2006"], "Javier Garc\u00eda-Garc\u00eda": ["Vector and matrix operations programmed with UDFs in a relational DBMS., CIKM, 2006"], "Nicholas J. Pioch": ["POLESTAR: collaborative knowledge management and sensemaking tools for intelligence analysts., CIKM, 2006"], "John O. Everett": ["POLESTAR: collaborative knowledge management and sensemaking tools for intelligence analysts., CIKM, 2006"], "Harald Holz": ["Task-based process know-how reuse and proactive information delivery in TaskNavigator., CIKM, 2006"], "Oleg Rostanin": ["Task-based process know-how reuse and proactive information delivery in TaskNavigator., CIKM, 2006"], "Andreas Dengel": ["Task-based process know-how reuse and proactive information delivery in TaskNavigator., CIKM, 2006"], "Takeshi Suzuki": ["Task-based process know-how reuse and proactive information delivery in TaskNavigator., CIKM, 2006"], "Kaoru Maeda": ["Task-based process know-how reuse and proactive information delivery in TaskNavigator., CIKM, 2006"], "Katsumi Kanasaki": ["Task-based process know-how reuse and proactive information delivery in TaskNavigator., CIKM, 2006"], "Jieping Ye": ["Efficient model selection for regularized linear discriminant analysis., CIKM, 2006"], "Tao Xiong": ["Efficient model selection for regularized linear discriminant analysis., CIKM, 2006"], "Qi Li": ["Efficient model selection for regularized linear discriminant analysis., CIKM, 2006"], "Ravi Janardan": ["Efficient model selection for regularized linear discriminant analysis., CIKM, 2006"], "Jinbo Bi": ["Efficient model selection for regularized linear discriminant analysis., CIKM, 2006"], "Vladimir Cherkassky": ["Efficient model selection for regularized linear discriminant analysis., CIKM, 2006"], "Chandra Kambhamettu": ["Efficient model selection for regularized linear discriminant analysis., CIKM, 2006"], "Xin Yan": ["Concept-based document readability in domain specific information retrieval., CIKM, 2006"], "Dawei Song": ["Concept-based document readability in domain specific information retrieval., CIKM, 2006"], "Xue Li": ["Concept-based document readability in domain specific information retrieval., CIKM, 2006"], "Azadeh Shakery": ["A probabilistic relevance propagation model for hypertext retrieval., CIKM, 2006"], "ChengXiang Zhai": ["A probabilistic relevance propagation model for hypertext retrieval., CIKM, 2006", "Best-k queries on database systems., CIKM, 2006"], "Jeremy Pickens": ["Term context models for information retrieval., CIKM, 2006"], "Andrew MacFarlane": ["Term context models for information retrieval., CIKM, 2006"], "Yun Zhou": ["Ranking robustness: a novel framework to predict query performance., CIKM, 2006"], "Weifeng Su": ["Query result ranking over e-commerce web databases., CIKM, 2006"], "Jiying Wang": ["Query result ranking over e-commerce web databases., CIKM, 2006"], "Qiong Huang": ["Query result ranking over e-commerce web databases., CIKM, 2006"], "Frederick H. Lochovsky": ["Query result ranking over e-commerce web databases., CIKM, 2006"], "Michael J. Taylor": ["Optimisation methods for ranking functions with multiple parameters., CIKM, 2006"], "Hugo Zaragoza": ["Optimisation methods for ranking functions with multiple parameters., CIKM, 2006"], "Nick Craswell": ["Optimisation methods for ranking functions with multiple parameters., CIKM, 2006"], "Chris Burges": ["Optimisation methods for ranking functions with multiple parameters., CIKM, 2006"], "Marcus Fontoura": ["Estimating corpus size via queries., CIKM, 2006"], "Vanja Josifovski": ["Estimating corpus size via queries., CIKM, 2006"], "Ravi Kumar": ["Estimating corpus size via queries., CIKM, 2006"], "Rajeev Motwani": ["Estimating corpus size via queries., CIKM, 2006"], "Shubha U. Nabar": ["Estimating corpus size via queries., CIKM, 2006"], "Andrew Tomkins": ["Estimating corpus size via queries., CIKM, 2006"], "Ying Xu": ["Estimating corpus size via queries., CIKM, 2006"], "Lawrence H. Reeve": ["Concept frequency distribution in biomedical text summarization., CIKM, 2006"], "Hyoil Han": ["Concept frequency distribution in biomedical text summarization., CIKM, 2006"], "Saya V. Nagori": ["Concept frequency distribution in biomedical text summarization., CIKM, 2006"], "Jonathan C. Yang": ["Concept frequency distribution in biomedical text summarization., CIKM, 2006"], "Tamara A. Schwimmer": ["Concept frequency distribution in biomedical text summarization., CIKM, 2006"], "Ari D. Brooks": ["Concept frequency distribution in biomedical text summarization., CIKM, 2006"], "Heiko M\u00fcller": ["Describing differences between databases., CIKM, 2006"], "Johann Christoph Freytag": ["Describing differences between databases., CIKM, 2006"], "Ulf Leser": ["Describing differences between databases., CIKM, 2006"], "Ramakrishna Varadarajan": ["A system for query-specific document summarization., CIKM, 2006"], "Vagelis Hristidis": ["A system for query-specific document summarization., CIKM, 2006", "Continuous keyword search on multiple text streams., CIKM, 2006"], "Gao Cong": ["Annotation propagation revisited for key preserving views., CIKM, 2006"], "Wenfei Fan": ["Annotation propagation revisited for key preserving views., CIKM, 2006"], "Floris Geerts": ["Annotation propagation revisited for key preserving views., CIKM, 2006"], "Rada Chirkova": ["Query optimization using restructured views., CIKM, 2006"], "Fereidoon Sadri": ["Query optimization using restructured views., CIKM, 2006"], "Xiaoyu Wang": ["Improving query I/O performance by permuting and refining block request sequences., CIKM, 2006"], "Mitch Cherniack": ["Improving query I/O performance by permuting and refining block request sequences., CIKM, 2006"], "Hinrich Sch\u00fctze": ["Performance thresholding in practical text classification., CIKM, 2006"], "Emre Velipasaoglu": ["Performance thresholding in practical text classification., CIKM, 2006"], "Jan O. Pedersen": ["Performance thresholding in practical text classification., CIKM, 2006"], "Dou Shen": ["Text classification improved through multigram models., CIKM, 2006"], "Jian-Tao Sun": ["Text classification improved through multigram models., CIKM, 2006"], "Qiang Yang": ["Text classification improved through multigram models., CIKM, 2006"], "Zheng Chen": ["Text classification improved through multigram models., CIKM, 2006"], "Yumao Lu": ["Coupling feature selection and machine learning methods for navigational query identification., CIKM, 2006"], "Fuchun Peng": ["Coupling feature selection and machine learning methods for navigational query identification., CIKM, 2006"], "Xin Li": ["Coupling feature selection and machine learning methods for navigational query identification., CIKM, 2006"], "Nawaaz Ahmed": ["Coupling feature selection and machine learning methods for navigational query identification., CIKM, 2006"], "Lingpeng Yang": ["Document re-ranking using cluster validation and label propagation., CIKM, 2006"], "Dong-Hong Ji": ["Document re-ranking using cluster validation and label propagation., CIKM, 2006"], "Guodong Zhou": ["Document re-ranking using cluster validation and label propagation., CIKM, 2006"], "Nie Yu": ["Document re-ranking using cluster validation and label propagation., CIKM, 2006"], "Guozheng Xiao": ["Document re-ranking using cluster validation and label propagation., CIKM, 2006"], "Anton Leuski": ["Tracking dragon-hunters with language models., CIKM, 2006"], "Victor Lavrenko": ["Tracking dragon-hunters with language models., CIKM, 2006"], "Aparna S. Varde": ["Designing semantics-preserving cluster representatives for scientific input conditions., CIKM, 2006"], "Elke A. Rundensteiner": ["Designing semantics-preserving cluster representatives for scientific input conditions., CIKM, 2006", "HUX: a schemacentric approach for updating XML views., CIKM, 2006"], "Carolina Ruiz": ["Designing semantics-preserving cluster representatives for scientific input conditions., CIKM, 2006"], "David C. Brown": ["Designing semantics-preserving cluster representatives for scientific input conditions., CIKM, 2006"], "Mohammed Maniruzzaman": ["Designing semantics-preserving cluster representatives for scientific input conditions., CIKM, 2006"], "Richard D. Sisson Jr.": ["Designing semantics-preserving cluster representatives for scientific input conditions., CIKM, 2006"], "Bingsheng He": ["Cache-oblivious nested-loop joins., CIKM, 2006"], "Qiong Luo": ["Cache-oblivious nested-loop joins., CIKM, 2006", "A comparative study on classifying the functions of web page blocks., CIKM, 2006"], "Manolis Terrovitis": ["A combination of trie-trees and inverted files for the indexing of set-valued attributes., CIKM, 2006"], "Spyros Passas": ["A combination of trie-trees and inverted files for the indexing of set-valued attributes., CIKM, 2006"], "Panos Vassiliadis": ["A combination of trie-trees and inverted files for the indexing of set-valued attributes., CIKM, 2006"], "Reynold Cheng": ["Efficient join processing over uncertain data., CIKM, 2006"], "Sarvjeet Singh": ["Efficient join processing over uncertain data., CIKM, 2006"], "Sunil Prabhakar": ["Efficient join processing over uncertain data., CIKM, 2006"], "Rahul Shah": ["Efficient join processing over uncertain data., CIKM, 2006"], "Jeffrey Scott Vitter": ["Efficient join processing over uncertain data., CIKM, 2006"], "Yuni Xia": ["Efficient join processing over uncertain data., CIKM, 2006"], "Aris Gkoulalas-Divanis": ["An integer programming approach for frequent itemset hiding., CIKM, 2006"], "Vassilios S. Verykios": ["An integer programming approach for frequent itemset hiding., CIKM, 2006"], "Vishal Kapoor": ["Privacy preserving sequential pattern mining in distributed databases., CIKM, 2006"], "Pascal Poncelet": ["Privacy preserving sequential pattern mining in distributed databases., CIKM, 2006"], "Fran\u00e7ois Trousset": ["Privacy preserving sequential pattern mining in distributed databases., CIKM, 2006"], "Maguelonne Teisseire": ["Privacy preserving sequential pattern mining in distributed databases., CIKM, 2006"], "Xiangye Xiao": ["A comparative study on classifying the functions of web page blocks., CIKM, 2006"], "Xing Xie": ["A comparative study on classifying the functions of web page blocks., CIKM, 2006"], "Ralitsa Angelova": ["A neighborhood-based approach for clustering of linked document collections., CIKM, 2006"], "Stefan Siersdorfer": ["A neighborhood-based approach for clustering of linked document collections., CIKM, 2006"], "Lobna Hlaoua": ["A structure-oriented relevance feedback method for XML retrieval., CIKM, 2006"], "Karen Sauvagnat": ["A structure-oriented relevance feedback method for XML retrieval., CIKM, 2006"], "Mohand Boughanem": ["A structure-oriented relevance feedback method for XML retrieval., CIKM, 2006"], "Tieyun Qian": ["Adapting association patterns for text categorization: weaknesses and enhancements., CIKM, 2006"], "Hui Xiong": ["Adapting association patterns for text categorization: weaknesses and enhancements., CIKM, 2006"], "Yuanzhen Wang": ["Adapting association patterns for text categorization: weaknesses and enhancements., CIKM, 2006"], "Enhong Chen": ["Adapting association patterns for text categorization: weaknesses and enhancements., CIKM, 2006"], "Michalis Potamias": ["Amnesic online synopses for moving objects., CIKM, 2006"], "Kostas Patroumpas": ["Amnesic online synopses for moving objects., CIKM, 2006"], "Zhewei Jiang": ["An efficient one-phase holistic twig join algorithm for XML data., CIKM, 2006"], "Cheng Luo": ["An efficient one-phase holistic twig join algorithm for XML data., CIKM, 2006"], "Elke Achtert": ["Approximate reverse k-nearest neighbor queries in general metric spaces., CIKM, 2006"], "Christian B\u00f6hm": ["Approximate reverse k-nearest neighbor queries in general metric spaces., CIKM, 2006"], "Peer Kr\u00f6ger": ["Approximate reverse k-nearest neighbor queries in general metric spaces., CIKM, 2006"], "Peter Kunath": ["Approximate reverse k-nearest neighbor queries in general metric spaces., CIKM, 2006"], "Alexey Pryakhin": ["Approximate reverse k-nearest neighbor queries in general metric spaces., CIKM, 2006"], "Matthias Renz": ["Approximate reverse k-nearest neighbor queries in general metric spaces., CIKM, 2006"], "Tao Tao": ["Best-k queries on database systems., CIKM, 2006"], "Koji Eguchi": ["Boosting relevance model performance with query term dependence., CIKM, 2006"], "Olfa Nasraoui": ["Collaborative filtering in dynamic usage environments., CIKM, 2006"], "Jeff Cerwinske": ["Collaborative filtering in dynamic usage environments., CIKM, 2006"], "Carlos Rojas": ["Collaborative filtering in dynamic usage environments., CIKM, 2006"], "Fabio A. Gonz\u00e1lez": ["Collaborative filtering in dynamic usage environments., CIKM, 2006"], "Luciano Barbosa": ["Automatically constructing collections of online database directories., CIKM, 2006"], "J. Scott Olsson": ["Combining feature selectors for text classification., CIKM, 2006"], "Douglas W. Oard": ["Combining feature selectors for text classification., CIKM, 2006"], "Guihong Cao": ["Constructing better document and query models with markov chains., CIKM, 2006"], "Jian-Yun Nie": ["Constructing better document and query models with markov chains., CIKM, 2006", "Filtering or adapting: two strategies to exploit noisy parallel corpora for cross-language information retrieval., CIKM, 2006", "Improving query translation with confidence estimation for cross language information retrieval., CIKM, 2006"], "Jing Bai": ["Constructing better document and query models with markov chains., CIKM, 2006"], "Oscar Valdivia": ["Continuous keyword search on multiple text streams., CIKM, 2006"], "Michail Vlachos": ["Continuous keyword search on multiple text streams., CIKM, 2006"], "Philip S. Yu": ["Continuous keyword search on multiple text streams., CIKM, 2006"], "Yi-Hong Chu": ["On subspace clustering with density consciousness., CIKM, 2006"], "Jen-Wei Huang": ["On subspace clustering with density consciousness., CIKM, 2006", "On progressive sequential pattern mining., CIKM, 2006"], "Kun-Ta Chuang": ["On subspace clustering with density consciousness., CIKM, 2006"], "Yefei Peng": ["Direct comparison of commercial and academic retrieval system: an initial study., CIKM, 2006"], "Daqing He": ["Direct comparison of commercial and academic retrieval system: an initial study., CIKM, 2006"], "Sergio Greco": ["Effective and efficient similarity search in time series., CIKM, 2006"], "Massimiliano Ruffolo": ["Effective and efficient similarity search in time series., CIKM, 2006"], "Andrea Tagarelli": ["Effective and efficient similarity search in time series., CIKM, 2006"], "Daniel Kunkle": ["Efficient mining of max frequent patterns in a generalized environment., CIKM, 2006"], "Donghui Zhang": ["Efficient mining of max frequent patterns in a generalized environment., CIKM, 2006"], "Gene Cooperman": ["Efficient mining of max frequent patterns in a generalized environment., CIKM, 2006"], "Donald Metzler": ["Estimation, sensitivity, and generalization in parameterized retrieval models., CIKM, 2006"], "Lixin Shi": ["Filtering or adapting: two strategies to exploit noisy parallel corpora for cross-language information retrieval., CIKM, 2006"], "Ling Wang": ["HUX: a schemacentric approach for updating XML views., CIKM, 2006"], "Murali Mani": ["HUX: a schemacentric approach for updating XML views., CIKM, 2006"], "Ming Jiang": ["HUX: a schemacentric approach for updating XML views., CIKM, 2006"], "Youssef Kadri": ["Improving query translation with confidence estimation for cross language information retrieval., CIKM, 2006"], "Anand Ranganathan": ["Information retrieval from relational databases using semantic queries., CIKM, 2006"], "Zhen Liu": ["Information retrieval from relational databases using semantic queries., CIKM, 2006"], "Shaorong Liu": ["Integrated RFID data modeling: an approach for querying physical objects in pervasive computing., CIKM, 2006"], "Fusheng Wang": ["Integrated RFID data modeling: an approach for querying physical objects in pervasive computing., CIKM, 2006"], "Peiya Liu": ["Integrated RFID data modeling: an approach for querying physical objects in pervasive computing., CIKM, 2006"], "Xiaohua Hu": ["Integration of cluster ensemble and EM based text mining for microarray gene cluster identification and annotation., CIKM, 2006"], "Xiaodan Zhang": ["Integration of cluster ensemble and EM based text mining for microarray gene cluster identification and annotation., CIKM, 2006"], "Xiaohua Zhou": ["Integration of cluster ensemble and EM based text mining for microarray gene cluster identification and annotation., CIKM, 2006"], "Alireza Mokhtaripour": ["Introduction to a new Farsi stemmer., CIKM, 2006"], "Saber Jahanpour": ["Introduction to a new Farsi stemmer., CIKM, 2006"], "Bing Bai": ["IR principles for content-based indexing and retrieval of functional brain images., CIKM, 2006"], "Paul B. Kantor": ["IR principles for content-based indexing and retrieval of functional brain images., CIKM, 2006"], "Nicu D. Cornea": ["IR principles for content-based indexing and retrieval of functional brain images., CIKM, 2006"], "Deborah Silver": ["IR principles for content-based indexing and retrieval of functional brain images., CIKM, 2006"], "J\u00e9r\u00f4me David": ["Matching directories and OWL ontologies with AROMA., CIKM, 2006"], "Fabrice Guillet": ["Matching directories and OWL ontologies with AROMA., CIKM, 2006"], "Henri Briand": ["Matching directories and OWL ontologies with AROMA., CIKM, 2006"], "Richard Kuntschke": ["Matching and evaluation of disjunctive predicates for data stream sharing., CIKM, 2006"], "Alfons Kemper": ["Matching and evaluation of disjunctive predicates for data stream sharing., CIKM, 2006"], "Ioana Stanoi": ["Maximizing the sustained throughput of distributed continuous queries., CIKM, 2006"], "George A. Mihaila": ["Maximizing the sustained throughput of distributed continuous queries., CIKM, 2006"], "Themis Palpanas": ["Maximizing the sustained throughput of distributed continuous queries., CIKM, 2006"], "Christian A. Lang": ["Maximizing the sustained throughput of distributed continuous queries., CIKM, 2006"], "Bing Liu": ["Measuring the meaning in time series clustering of text search queries., CIKM, 2006"], "Rosie Jones": ["Measuring the meaning in time series clustering of text search queries., CIKM, 2006"], "Kristina Lisa Klinkner": ["Measuring the meaning in time series clustering of text search queries., CIKM, 2006"], "Xiang Zhang": ["Mining coherent patterns from heterogeneous microarray data., CIKM, 2006"], "Wei Wang": ["Mining coherent patterns from heterogeneous microarray data., CIKM, 2006"], "Li Xiong": ["k nearest neighbor classification across multiple private databases., CIKM, 2006"], "Subramanyam Chitti": ["k nearest neighbor classification across multiple private databases., CIKM, 2006"], "Claudine Santos Badue": ["Modeling performance-driven workload characterization of web search systems., CIKM, 2006"], "Ricardo A. Baeza-Yates": ["Modeling performance-driven workload characterization of web search systems., CIKM, 2006"], "Berthier A. Ribeiro-Neto": ["Modeling performance-driven workload characterization of web search systems., CIKM, 2006"], "Artur Ziviani": ["Modeling performance-driven workload characterization of web search systems., CIKM, 2006"], "Nivio Ziviani": ["Modeling performance-driven workload characterization of web search systems., CIKM, 2006"], "Lukasz Golab": ["Multi-query optimization of sliding window aggregates by schedule synchronization., CIKM, 2006"], "Kumar Gaurav Bijay": ["Multi-query optimization of sliding window aggregates by schedule synchronization., CIKM, 2006"], "M. Tamer \u00d6zsu": ["Multi-query optimization of sliding window aggregates by schedule synchronization., CIKM, 2006"], "Bingjun Sun": ["Multi-task text segmentation and alignment based on weighted mutual information., CIKM, 2006"], "John Yen": ["Multi-task text segmentation and alignment based on weighted mutual information., CIKM, 2006"], "Te Li": ["PEPX: a query-friendly probabilistic XML database., CIKM, 2006"], "Qihong Shao": ["PEPX: a query-friendly probabilistic XML database., CIKM, 2006"], "Yi Chen": ["PEPX: a query-friendly probabilistic XML database., CIKM, 2006"], "Chi-Yao Tseng": ["On progressive sequential pattern mining., CIKM, 2006"], "Jian Chih Ou": ["On progressive sequential pattern mining., CIKM, 2006"], "Yanjiang Yang": ["Practical private data matching deterrent to spoofing attacks., CIKM, 2006"], "Robert H. Deng": ["Practical private data matching deterrent to spoofing attacks., CIKM, 2006"], "Feng Bao": ["Practical private data matching deterrent to spoofing attacks., CIKM, 2006"], "Ho Chung Wu": ["Probabilistic document-context based relevance feedback with limited relevance judgments., CIKM, 2006"], "Robert Wing Pong Luk": ["Probabilistic document-context based relevance feedback with limited relevance judgments., CIKM, 2006"], "Kam-Fai Wong": ["Probabilistic document-context based relevance feedback with limited relevance judgments., CIKM, 2006"], "K. L. Kwok": ["Probabilistic document-context based relevance feedback with limited relevance judgments., CIKM, 2006"], "Anthony Tomasic": ["Processing information intent via weak labeling., CIKM, 2006"], "Isaac Simmons": ["Processing information intent via weak labeling., CIKM, 2006"], "John Zimmerman": ["Processing information intent via weak labeling., CIKM, 2006"], "Shuming Shi": ["Pseudo-anchor text extraction for searching vertical objects., CIKM, 2006"], "Fei Xing": ["Pseudo-anchor text extraction for searching vertical objects., CIKM, 2006"], "Mingjie Zhu": ["Pseudo-anchor text extraction for searching vertical objects., CIKM, 2006"], "Zaiqing Nie": ["Pseudo-anchor text extraction for searching vertical objects., CIKM, 2006"], "Ji-Rong Wen": ["Pseudo-anchor text extraction for searching vertical objects., CIKM, 2006"], "Ziming Zhuang": ["Re-ranking search results using query logs., CIKM, 2006"], "Silviu Cucerzan": ["Re-ranking search results using query logs., CIKM, 2006"], "Pu-Jen Cheng": ["Query taxonomy generation for web search., CIKM, 2006"], "Ching-Hsiang Tsai": ["Query taxonomy generation for web search., CIKM, 2006"], "Chen-Ming Hung": ["Query taxonomy generation for web search., CIKM, 2006"], "Lee-Feng Chien": ["Query taxonomy generation for web search., CIKM, 2006"], "Klaus Berberich": ["Rank synopses for efficient time travel on the web graph., CIKM, 2006"], "Srikanta J. Bedathur": ["Rank synopses for efficient time travel on the web graph., CIKM, 2006"], "Massimo Melucci": ["Ranking in context using vector spaces., CIKM, 2006"], "Chirag Shah": ["Representing documents with named entities for story link detection (SLD)., CIKM, 2006"], "David D. Jensen": ["Representing documents with named entities for story link detection (SLD)., CIKM, 2006"], "Christoph Heinz": ["Resource-aware kernel density estimators over streaming data., CIKM, 2006"], "Per Ahlgren": ["Retrieval evaluation with incomplete relevance data: a comparative study of three measures., CIKM, 2006"], "Leif Gr\u00f6nqvist": ["Retrieval evaluation with incomplete relevance data: a comparative study of three measures., CIKM, 2006"], "Sameep Mehta": ["Robust periodicity detection algorithms., CIKM, 2006"], "S. Srinivasan": ["Robust periodicity detection algorithms., CIKM, 2006"], "Krishna Prasad Chitrapura": ["Search result summarization and disambiguation via contextual dimensions., CIKM, 2006"], "Sachindra Joshi": ["Search result summarization and disambiguation via contextual dimensions., CIKM, 2006"], "Raghu Krishnapuram": ["Search result summarization and disambiguation via contextual dimensions., CIKM, 2006"], "Balakrishnan Ramadoss": ["Semi-automatic annotation and MPEG-7 authoring of dance videos., CIKM, 2006"], "Kannan Rajkumar": ["Semi-automatic annotation and MPEG-7 authoring of dance videos., CIKM, 2006"], "Diego Puppin": ["The query-vector document model., CIKM, 2006"], "Fabrizio Silvestri": ["The query-vector document model., CIKM, 2006"], "Shixia Liu": ["The visual funding navigator: analysis of the NSF funding information., CIKM, 2006"], "Nan Cao": ["The visual funding navigator: analysis of the NSF funding information., CIKM, 2006"], "Hao Lv": ["The visual funding navigator: analysis of the NSF funding information., CIKM, 2006"], "Hui Su": ["The visual funding navigator: analysis of the NSF funding information., CIKM, 2006"], "Yi Zhuang": ["Towards interactive indexing for large Chinese calligraphic character databases., CIKM, 2006"], "Yueting Zhuang": ["Towards interactive indexing for large Chinese calligraphic character databases., CIKM, 2006"], "Qing Li": ["Towards interactive indexing for large Chinese calligraphic character databases., CIKM, 2006"], "Lei Chen": ["Towards interactive indexing for large Chinese calligraphic character databases., CIKM, 2006"], "Edward K. F. Dang": ["Query-specific clustering of search results based on document-context similarity scores., CIKM, 2006"], "Robert W. P. Luk": ["Query-specific clustering of search results based on document-context similarity scores., CIKM, 2006"], "Dik Lun Lee": ["Query-specific clustering of search results based on document-context similarity scores., CIKM, 2006"], "Kei Shiu Ho": ["Query-specific clustering of search results based on document-context similarity scores., CIKM, 2006"], "Stephen Chi-fai Chan": ["Query-specific clustering of search results based on document-context similarity scores., CIKM, 2006"]}