{"C. Lee Giles": ["Scholarly big data: information extraction and data mining., CIKM, 2013"], "Ronald Fagin": ["Applying theory to practice., CIKM, 2013"], "Carlos Guestrin": ["Usability in machine learning at scale with graphlab., CIKM, 2013"], "Alon Y. Halevy": ["Structured data in web search., CIKM, 2013"], "Gayatree Ganu": ["One size does not fit all: multi-granularity search of web forums., CIKM, 2013"], "Gregory Ference": ["Spatial search for K diverse-near neighbors., CIKM, 2013", "Location recommendation for out-of-town users in location-based social networks., CIKM, 2013"], "Mingyang Zhang": ["Mining a search engine's corpus without a query pool., CIKM, 2013"], "Ruicheng Zhong": ["G-tree: an efficient index for KNN search on road networks., CIKM, 2013"], "Aditya G. Parameswaran": ["Efficient parsing-based search over structured data., CIKM, 2013"], "Fran\u00e7ois Rousseau": ["Graph-of-word and TW-IDF: new approach to ad hoc IR., CIKM, 2013"], "Qi Zhang": ["Map search via a factor graph model., CIKM, 2013"], "Rui Liu": ["A phased ranking model for question answering., CIKM, 2013"], "Maksims Volkovs": ["CRF framework for supervised preference aggregation., CIKM, 2013"], "Liu Yang": ["CQArank: jointly model topics and expertise in community question answering., CIKM, 2013"], "Ilaria Bordino": ["Penguins in sweaters, or serendipitous entity search on user-generated content., CIKM, 2013"], "Mianwei Zhou": ["Entity-centric document filtering: boosting feature mapping through meta-features., CIKM, 2013"], "Chunliang Lu": ["Structured positional entity language model for enterprise entity retrieval., CIKM, 2013"], "Diego Ceccarelli": ["Learning relatedness measures for entity linking., CIKM, 2013"], "Bilyana Taneva": ["Gem-based entity-knowledge maintenance., CIKM, 2013"], "Yin Zhu": ["Predicting user activity level in social networks., CIKM, 2013"], "Haitao Li": ["On popularity prediction of videos shared in online social networks., CIKM, 2013"], "Xiangnan Kong": ["Inferring anchor links across multiple heterogeneous social networks., CIKM, 2013"], "Gang Zhao": ["Community-based user recommendation in uni-directional social networks., CIKM, 2013"], "Jing Guo": ["Personalized influence maximization on social networks., CIKM, 2013"], "Zhiyuan Chen": ["Discovering coherent topics using general knowledge., CIKM, 2013"], "Sebastien Ardon": ["Spatio-temporal and events based analysis of topic popularity in twitter., CIKM, 2013"], "Yasutoshi Ida": ["Domain-dependent/independent topic switching model for online reviews with numerical ratings., CIKM, 2013"], "Yang Bao": ["A partially supervised cross-collection topic model for cross-domain text classification., CIKM, 2013"], "Chi Wang": ["Content coverage maximization on word networks for hierarchical topic summarization., CIKM, 2013"], "Jialong Han": ["Mining frequent neighborhood patterns in a large labeled graph., CIKM, 2013"], "Luca Bonomi": ["A two-phase algorithm for mining sequential patterns with differential privacy., CIKM, 2013"], "Lu Liu": ["Mining diabetes complication and treatment patterns for clinical decision support., CIKM, 2013"], "Sa\u00efd Jabbour": ["Mining-based compression approach of propositional formulae., CIKM, 2013", "Boolean satisfiability for sequence mining., CIKM, 2013"], "Hajer Ayadi": ["Correlating medical-dependent query features with image retrieval models using association rules., CIKM, 2013"], "Qing Xie": ["Local correlation detection with linearity enhancement in streaming data., CIKM, 2013"], "Mindi Yuan": ["Efficient processing of streaming graphs for evolution-aware clustering., CIKM, 2013"], "Liang Tang": ["Searching similar segments over textual event sequences., CIKM, 2013", "Automatic ad format selection via contextual bandits., CIKM, 2013"], "Jan P. Finis": ["RWS-Diff: flexible and efficient change detection in hierarchical data., CIKM, 2013"], "Xiang Lian": ["Causality and responsibility: probabilistic queries revisited in uncertain databases., CIKM, 2013"], "Christian Hachenberg": ["Locality sensitive hashing for scalable structural classification and clustering of web documents., CIKM, 2013"], "Hannah Bast": ["An index for efficient semantic full-text search., CIKM, 2013"], "Daniele Broccolo": ["Load-sensitive selective pruning for distributed search., CIKM, 2013"], "Amin Y. Teymorian": ["Rank-energy selective query forwarding for distributed search systems., CIKM, 2013"], "Robert Capra": ["Augmenting web search surrogates with images., CIKM, 2013"], "Andrew James McMinn": ["Building a large-scale corpus for evaluating event detection on twitter., CIKM, 2013"], "M-Dyaa Albakour": ["On sparsity and drift for effective real-time filtering in microblogs., CIKM, 2013"], "Miao Zhang": ["Probabilistic solutions of influence propagation on social networks., CIKM, 2013"], "Taiki Miyanishi": ["Improving pseudo-relevance feedback via tweet selection., CIKM, 2013"], "Shuguang Han": ["Supporting exploratory people search: a study of factor transparency and user control., CIKM, 2013"], "Jeffrey McGee": ["Location prediction in social media based on tie strength., CIKM, 2013"], "Fragkiskos D. Malliaros": ["To stay or not to stay: modeling engagement dynamics in social graphs., CIKM, 2013"], "Enhua Tan": ["UNIK: unsupervised social network spam detection., CIKM, 2013"], "Minkyoung Kim": ["Modeling dynamics of meta-populations with a probabilistic approach: global diffusion in social media., CIKM, 2013"], "Xin Rong": ["Diffusion of innovations revisited: from social network to innovation network., CIKM, 2013"], "Suqi Cheng": ["StaticGreedy: solving the scalability-accuracy dilemma in influence maximization., CIKM, 2013"], "Janette Lehmann": ["Online multitasking and user engagement., CIKM, 2013"], "Shaikh Arifuzzaman": ["PATRIC: a parallel algorithm for counting triangles in massive networks., CIKM, 2013"], "Ha-Myung Park": ["An efficient MapReduce algorithm for counting triangles in a very large graph., CIKM, 2013"], "Majed Sahli": ["Parallel motif extraction from very long sequences., CIKM, 2013"], "Samantha Bail": ["The logical diversity of explanations in OWL ontologies., CIKM, 2013"], "C. Maria Keet": ["Ontology authoring with FORZA., CIKM, 2013"], "Elena Demidova": ["Aligning freebase with the YAGO ontology., CIKM, 2013"], "Derry Wijaya": ["PIDGIN: ontology alignment using web text as interlingua., CIKM, 2013"], "J\u00falio Cesar dos Reis": ["Mapping adaptation actions for the automatic reconciliation of dynamic ontologies., CIKM, 2013"], "Zhung-Xun Liao": ["On mining mobile apps usage behavior for predicting apps usage in smartphones., CIKM, 2013"], "Hengshu Zhu": ["Ranking fraud detection for mobile apps: a holistic view., CIKM, 2013"], "Hansu Gu": ["AnchorMF: towards effective event context identification., CIKM, 2013"], "George Valkanas": ["How the live web feels about events., CIKM, 2013"], "Alistair Moffat": ["Users versus models: what observation tells us about effectiveness metrics., CIKM, 2013"], "Aleksandr Chuklin": ["Evaluating aggregated search using interleaving., CIKM, 2013", "Modeling clicks beyond the first result page., CIKM, 2013"], "Eugene Kharitonov": ["Using historical click data to increase interleaving sensitivity., CIKM, 2013", "Intent models for contextualising and diversifying query suggestions., CIKM, 2013"], "Ke Zhou": ["On the reliability and intuitiveness of aggregated search metrics., CIKM, 2013"], "Gabriella Kazai": ["User intent and assessor disagreement in web search evaluation., CIKM, 2013"], "Jiyun Luo": ["The water filling model and the cube test: multi-dimensional evaluation for professional search., CIKM, 2013"], "Steven Euijong Whang": ["Disinformation techniques for entity resolution., CIKM, 2013"], "Shitao Zhang": ["Short text classification by detecting information path., CIKM, 2013"], "Xin Liu": ["Personalized point-of-interest recommendation by mining users' preference transition., CIKM, 2013"], "Jannik Str\u00f6tgen": ["Proximity2-aware ranking for textual, temporal, and geographic queries., CIKM, 2013"], "Damien Lefortier": ["Timely crawling of high-quality ephemeral new content., CIKM, 2013"], "Ranieri Baraglia": ["LearNext: learning to predict tourists movements., CIKM, 2013"], "Igo Ramalho Brilhante": ["Where shall we go today?: planning touristic tours with tripbuilder., CIKM, 2013"], "Atsuyuki Morishima": ["Efficient filtering and ranking schemes for finding inclusion dependencies on the web., CIKM, 2013"], "M. Asif Naeem": ["A generic front-stage for semi-stream processing., CIKM, 2013"], "Hina A. Khan": ["Scalable diversification of multiple search results., CIKM, 2013"], "Kanat Tangwongsan": ["Parallel triangle counting in massive streaming graphs., CIKM, 2013"], "Xiao Bai": ["Cache refreshing for online social news feeds., CIKM, 2013"], "Roozbeh Derakhshan": ["A new operator for efficient stream-relation join processing in data streaming engines., CIKM, 2013"], "Phani Rohit Mullangi": ["SCISSOR: scalable and efficient reachability query processing in time-evolving hierarchies., CIKM, 2013"], "Yang Wang": ["Towards metric fusion on multi-view data: a cross-view based graph random walk approach., CIKM, 2013"], "Jeffrey Chan": ["Discovering latent blockmodels in sparse and noisy graphs using non-negative matrix factorisation., CIKM, 2013"], "Ting Guo": ["Understanding the roles of sub-graph features for graph classification: an empirical study perspective., CIKM, 2013", "Graph hashing and factorization for fast graph stream classification., CIKM, 2013"], "Yingxia Shao": ["PAGE: a partition aware graph computation engine., CIKM, 2013"], "Meng Fang": ["Active exploration: simultaneous sampling and labeling for large graphs., CIKM, 2013"], "Peter Macko": ["Local clustering in provenance graphs., CIKM, 2013"], "Karthik Subbian": ["Content-centric flow mining for influence analysis in social streams., CIKM, 2013"], "Luke K. McDowell": ["Labels or attributes?: rethinking the neighbors for collective classification in sparsely-labeled networks., CIKM, 2013"], "Johannes Schneider": ["Fast parameterless density-based clustering via random projections., CIKM, 2013"], "Yanen Li": ["Mining entity attribute synonyms via compact clustering., CIKM, 2013", "Unsupervised identification of synonymous query intent templates for attribute intents., CIKM, 2013"], "Minghui Qiu": ["Modeling interaction features for debate side clustering., CIKM, 2013"], "Jan Vosecky": ["Dynamic multi-faceted topic discovery in twitter., CIKM, 2013"], "Hyun Duk Kim": ["Mining causal topics in text data: iterative topic modeling with time series feedback., CIKM, 2013", "Compact explanatory opinion summarization., CIKM, 2013"], "Daniil Mirylenka": ["Navigating the topical structure of academic search results via the Wikipedia category network., CIKM, 2013"], "Xiaoyi Li": ["A multimodal framework for unsupervised feature fusion., CIKM, 2013"], "Masumi Shirakawa": ["Probabilistic semantic similarity measurements for noisy short texts using Wikipedia entities., CIKM, 2013"], "Takuya Akiba": ["Linear-time enumeration of maximal K-edge-connected subgraphs in large networks by random contraction., CIKM, 2013"], "Yongming Luo": ["External memory K-bisimulation reduction of big graphs., CIKM, 2013"], "Valeria Fionda": ["Querying graphs with preferences., CIKM, 2013"], "Silviu Maniu": ["Network-aware search in social tagging applications: instance optimality versus efficiency., CIKM, 2013", "Context-aware top-K processing using views., CIKM, 2013"], "Sumita Barahmand": ["A comparison of two physical data designs for interactive social networking actions., CIKM, 2013", "Expedited rating of data stores using agile data loading techniques., CIKM, 2013"], "Wen Chan": ["Community question topic categorization via hierarchical kernelized classification., CIKM, 2013"], "Aliaksei Severyn": ["Building structures from classifiers for passage reranking., CIKM, 2013"], "Chang Xu": ["Uncovering collusive spammers in Chinese review websites., CIKM, 2013"], "Mossaab Bagdouri": ["Towards minimizing the annotation cost of certified text classification., CIKM, 2013"], "Xin-Chao Xu": ["A heterogenous automatic feedback semi-supervised method for image reranking., CIKM, 2013"], "Petko Bogdanov": ["Accurate and scalable nearest neighbors in large networks based on effective importance., CIKM, 2013"], "Ying-Ju Chen": ["Spatial-temporal query homogeneity for KNN object search on road networks., CIKM, 2013"], "Qinxue Meng": ["Discovering influential authors in heterogeneous academic networks by a co-ranking method., CIKM, 2013"], "Linus Hermansson": ["Entity disambiguation in anonymized graphs using graph kernels., CIKM, 2013"], "Nina Mishra": ["Estimating the relative utility of networks for predicting user activities., CIKM, 2013"], "Lei Fang": ["Exploring weakly supervised latent sentiment explanations for aspect-level review analysis., CIKM, 2013"], "Thanh-Son Nguyen": ["Using micro-reviews to select an efficient set of reviews., CIKM, 2013"], "J\u00fcrgen Bro\u00df": ["Automatic construction of domain and aspect specific sentiment lexicons for customer review mining., CIKM, 2013"], "Zhiyuan Cai": ["Wikification via link co-occurrence., CIKM, 2013"], "Sanmay Das": ["Manipulation among the arbiters of collective intelligence: how wikipedia administrators mold public opinion., CIKM, 2013"], "Mohamed Yahya": ["Robust question answering over the web of linked data., CIKM, 2013"], "Seyyed Hadi Hashemi": ["Expertise retrieval in bibliographic network: a topic dominance learning approach., CIKM, 2013"], "Chenhao Tan": ["Instant foodie: predicting expert ratings from grassroots., CIKM, 2013"], "Nish Parikh": ["On segmentation of eCommerce queries., CIKM, 2013"], "Yingming Li": ["Scientific articles recommendation., CIKM, 2013"], "Xuelian Lin": ["MRPacker: an SQL to mapreduce optimizer., CIKM, 2013"], "Shixin Tian": ["A hybrid approach for privacy-preserving processing of knn queries in mobile database systems., CIKM, 2013"], "Peter Christen": ["Flexible and extensible generation and corruption of personal data., CIKM, 2013"], "Ji Zhang": ["An efficient and robust privacy protection technique for massive streaming choice-based information., CIKM, 2013"], "Manash Pal": ["RCached-tree: an index structure for efficiently answering popular queries., CIKM, 2013"], "Ankita Likhyani": ["Label constrained shortest path estimation., CIKM, 2013"], "Benjamin Roth": ["Feature-based models for improving the quality of noisy training data for relation extraction., CIKM, 2013"], "Qifan Wang": ["Weighted hashing for fast large scale similarity search., CIKM, 2013", "Learning compact hashing codes for efficient tag completion and prediction., CIKM, 2013"], "Michael Symonds": ["Term associations in query expansion: a structural linguistic perspective., CIKM, 2013"], "Seyyedeh Newsha Ghoreishi": ["Predicting event-relatedness of popular queries., CIKM, 2013"], "Alessandro Sordoni": ["Modeling latent topic interactions using quantum interference for information retrieval., CIKM, 2013"], "Mostafa Keikha": ["Generalizing diversity detection in blog feed retrieval., CIKM, 2013"], "Ya-nan Qian": ["Dynamic query intent mining from a search log stream., CIKM, 2013"], "Jiancong Tong": ["Latency-aware strategy for static list caching in flash-based web search engines., CIKM, 2013", "Exploiting query term correlation for list caching in web search engines., CIKM, 2013"], "Yu Cheng": ["Bootstrapping active name disambiguation with crowdsourcing., CIKM, 2013", "Feedback-driven multiclass active learning for data streams., CIKM, 2013"], "Matt Crane": ["Maintaining discriminatory power in quantized indexes., CIKM, 2013"], "Laura Dietz": ["Retrieving opinions from discussion forums., CIKM, 2013"], "H. Asthana": ["Retrieval of trending keywords in a peer-to-peer micro-blogging OSN., CIKM, 2013"], "Hyun-Kyo Oh": ["Trustable aggregation of online ratings., CIKM, 2013"], "Xinhui Tu": ["Exploiting proximity feature in statistical translation models for information retrieval., CIKM, 2013"], "David Carmel": ["Position-based contextualization for passage retrieval., CIKM, 2013"], "Wim Vanderbauwhede": ["High throughput filtering using FPGA-acceleration., CIKM, 2013"], "Ann-Marie Eklund": ["On challenges with mobile e-health: lessons from a game-theoretic perspective., CIKM, 2013"], "Nikita Zhiltsov": ["Improving entity search over linked data by modeling latent semantics., CIKM, 2013"], "Hugh Williams": ["Challenges in commerce search., CIKM, 2013"], "Rich Caruana": ["Clustering: probably approximately useless?, CIKM, 2013"], "Yanyan Lan": ["Is top-k sufficient for ranking?, CIKM, 2013"], "Shiwen Cheng": ["How fresh do you want your search results?, CIKM, 2013"], "Maximilian Speicher": ["TellMyRelevance!: predicting the relevance of web search results from cursor interactions., CIKM, 2013"], "Muhammad Ali Norozi": ["Selection fusion in semi-structured retrieval., CIKM, 2013"], "Qianli Xing": ["Incorporating user preferences into click models., CIKM, 2013"], "Zheng Fang": ["Discriminative feature selection for multi-view cross-domain learning., CIKM, 2013"], "Lijing Qin": ["Functional dirichlet process., CIKM, 2013"], "Krishna Yeswanth Kamath": ["Spatio-temporal meme prediction: learning what hashtags will be popular where., CIKM, 2013"], "Jianfu Chen": ["Cost-sensitive learning for large-scale hierarchical classification., CIKM, 2013"], "John S. Whissell": ["Effective measures for inter-document similarity., CIKM, 2013"], "Sean Gilpin": ["Efficient hierarchical clustering of large high dimensional datasets., CIKM, 2013"], "Fabian Keller": ["Flexible and adaptive subspace search for outlier analysis., CIKM, 2013"], "Veronika Thost": ["Query matching for report recommendation., CIKM, 2013"], "Pei-Pei Li": ["Computing term similarity by large probabilistic isA knowledge., CIKM, 2013", "Assessing sparse information extraction using semantic contexts., CIKM, 2013"], "Xiaoxue Zhao": ["Interactive collaborative filtering., CIKM, 2013"], "Zi Yang": ["Building optimal information systems automatically: configuration space exploration for biomedical information systems., CIKM, 2013"], "Nut Limsopatham": ["Learning to handle negated language in medical records search., CIKM, 2013", "Learning to selectively rank patients' medical history., CIKM, 2013"], "Yaqian Zhou": ["A pattern-based selective recrawling approach for object-level vertical search., CIKM, 2013"], "Fernando Diaz": ["Robust models of mouse movement on dynamic web search results pages., CIKM, 2013"], "Jim Jing-Yan Wang": ["Cross-domain sparse coding., CIKM, 2013"], "Tim Oates": ["Motif discovery in spatial trajectories using grammar inference., CIKM, 2013"], "Qing Li": ["LCMKL: latent-community and multi-kernel learning based image annotation., CIKM, 2013"], "Yusheng Xie": ["Random walk-based graphical sampling in unbalanced heterogeneous bipartite social graphs., CIKM, 2013"], "Dong Li": ["Modeling information diffusion over social networks for temporal dynamic prediction., CIKM, 2013"], "Ethem F. Can": ["Predicting retweet count using visual cues., CIKM, 2013"], "Khoi-Nguyen Tran": ["Identifying multilingual Wikipedia articles based on cross language similarity and activity., CIKM, 2013", "GeCo: an online personal data generator and corruptor., CIKM, 2013"], "Mostafa Haghir Chehreghani": ["An efficient algorithm for approximate betweenness centrality computation., CIKM, 2013"], "Tao Ge": ["Exploiting collaborative filtering techniques for automatic assessment of student free-text responses., CIKM, 2013"], "Sameer Singh": ["Automated probabilistic modeling for relational data., CIKM, 2013"], "Tingting Zhong": ["Semantic discovery from web comparison queries., CIKM, 2013"], "Wei Gao": ["Joint learning on sentiment and emotion classification., CIKM, 2013"], "Fanqi Meng": ["A unified graph model for personalized query-oriented reference paper recommendation., CIKM, 2013"], "Suleyman Cetintas": ["Probabilistic latent class models for predicting student performance., CIKM, 2013"], "Fumiyo Fukumoto": ["Timeline adaptation for text classification., CIKM, 2013"], "He Feng": ["Recommendation via user's personality and social contextual., CIKM, 2013"], "David Sergio Matusevich": ["A fast convergence clustering algorithm merging MCMC and EM methods., CIKM, 2013"], "Goce Ristanoski": ["Discrimination aware classification for imbalanced datasets., CIKM, 2013"], "Sumeet Singh": ["Incremental shared nearest neighbor density-based clustering., CIKM, 2013"], "Evica Ilieva": ["The essence of knowledge (bases) through entity rankings., CIKM, 2013"], "Dechun Yin": ["Chinese syntactic parsing based on linguistic entity-relationship model., CIKM, 2013"], "Alejandro Marcos Alvarez": ["Clustering-based anomaly detection in multi-view data., CIKM, 2013"], "Ervina \u00c7ergani": ["Discovering relations using matrix factorization methods., CIKM, 2013"], "Masoud Reyhani Hamedani": ["On exploiting content and citations together to compute similarity of scientific papers., CIKM, 2013"], "Cong-Kai Lin": ["Taxonomy-based regression model for cross-domain sentiment classification., CIKM, 2013"], "Adway Mitra": ["Reconciliation of categorical opinions from multiple sources., CIKM, 2013"], "Tamara Mart\u00edn-Wanton": ["An unsupervised transfer learning approach to discover topics for online reputation management., CIKM, 2013"], "D\u00f3ra Erd\u00f6s": ["Discovering facts with boolean tensor tucker decomposition., CIKM, 2013"], "Duck-Ho Bae": ["Intelligent SSD: a turbo for big data mining., CIKM, 2013"], "Dong-Kyu Chae": ["Software plagiarism detection: a graph-based approach., CIKM, 2013"], "Lung-Hao Lee": ["Objectionable content filtering by click-through data., CIKM, 2013"], "Deepak Agarwal": ["Computational advertising: the linkedin way., CIKM, 2013"], "Weiguo Zheng": ["Graph similarity search with edit distance constraint in large graph databases., CIKM, 2013"], "Yosuke Yano": ["Fast and scalable reachability queries on graphs by pruned labeling with landmarks and paths., CIKM, 2013"], "Xiangyu Liu": ["Efficiently anonymizing social networks with reachability preservation., CIKM, 2013"], "Alireza Rezaei Mahdiraji": ["ImG-complex: graph data model for topology of unstructured meshes., CIKM, 2013"], "Yifan Pan": ["ROU: advanced keyword search on graph., CIKM, 2013"], "Yanfei Lv": ["Hotness-aware buffer management for flash-based hybrid storage systems., CIKM, 2013"], "Tong Zhao": ["Social recommendation incorporating topic mining and social trust analysis., CIKM, 2013"], "Wayne Xin Zhao": ["Originator or propagator?: incorporating social role theory into topic models for twitter content analysis., CIKM, 2013"], "Guoqiong Liao": ["An effective latent networks fusion based model for event recommendation in offline ephemeral social networks., CIKM, 2013"], "Shuyang Lin": ["Predicting trends in social networks via dynamic activeness model., CIKM, 2013"], "Liangda Li": ["Dyadic event attribution in social networks with mixtures of hawkes processes., CIKM, 2013"], "Huiji Gao": ["Modeling temporal effects of human mobile behavior on location-based social networks., CIKM, 2013"], "Diego S\u00e1ez-Trumper": ["Social media news communities: gatekeeping, coverage, and statement bias., CIKM, 2013"], "Suppawong Tuarob": ["Discovering health-related knowledge in social media using ensembles of heterogeneous features., CIKM, 2013"], "Pritam Gundecha": ["Seeking provenance of information using social media., CIKM, 2013"], "Shan Jiang": ["Towards an enhanced and adaptable ontology by distilling and assembling online encyclopedias., CIKM, 2013"], "Rakesh Agrawal": ["Studying from electronic textbooks., CIKM, 2013"], "Mahashweta Das": ["Generating informative snippet to maximize item visibility., CIKM, 2013"], "Yu Suzuki": ["Assessing quality score of Wikipedia article using mutual evaluation of editors and texts., CIKM, 2013"], "Chen-Tse Tsai": ["Concept-based analysis of scientific literature., CIKM, 2013"], "Saptarshi Ghosh": ["On sampling the wisdom of crowds: random vs. expert sampling of the twitter stream., CIKM, 2013"], "Zhaohui Wu": ["Can back-of-the-book indexes be automatically created?, CIKM, 2013"], "Tuukka Ruotsalo": ["Directing exploratory search with interactive intent modeling., CIKM, 2013"], "Lei Li": ["FRec: a novel framework of recommending users and communities in social media., CIKM, 2013"], "Maxim Gurevich": ["Permutation indexing: fast approximate retrieval from large corpora., CIKM, 2013"], "Xin Zhang": ["Clustering-based transduction for learning a ranking model with limited human labels., CIKM, 2013"], "Runwei Qiang": ["Exploiting ranking factorization machines for microblog retrieval., CIKM, 2013"], "Jian Liu": ["How do users grow up along with search engines?: a study of long-term users' behavior., CIKM, 2013"], "Jung Hyun Kim": ["LR-PPR: locality-sensitive, re-use promoting, approximate personalized pagerank computation., CIKM, 2013"], "Jingwen Bian": ["Multimedia summarization for trending topics in microblogs., CIKM, 2013"], "Xi Zhang": ["Semi-supervised discriminative preference elicitation for cold-start recommendation., CIKM, 2013"], "Alexey Baytin": ["Speller performance prediction for query autocorrection., CIKM, 2013"], "Anton Bakhtin": ["Predicting the impact of expansion terms using semantic and user interaction features., CIKM, 2013"], "Steffen Metzger": ["QBEES: query by entity examples., CIKM, 2013"], "Jun Zou": ["A belief propagation approach for detecting shilling attacks in collaborative filtering., CIKM, 2013"], "Stamatina Thomaidou": ["Automated snippet generation for online advertising., CIKM, 2013"], "Shiri Dori-Hacohen": ["Detecting controversy on the web., CIKM, 2013"], "Sampath Jayarathna": ["Mining user interest from search tasks and annotations., CIKM, 2013"], "Ruben Sipos": ["Generating comparative summaries from reviews., CIKM, 2013"], "Jeffrey Dalton": ["Zero-shot video retrieval using content and concepts., CIKM, 2013"], "Arbi Bouchoucha": ["Diversified query expansion using conceptnet., CIKM, 2013"], "Thomas Stone": ["An empirical study of top-n recommendation for venture finance., CIKM, 2013"], "Thuy Vu": ["Interest mining from user tweets., CIKM, 2013"], "Jesse Anderton": ["An analysis of crowd workers mistakes for specific and complex relevance assessment task., CIKM, 2013"], "Xiao Yang": ["Combining prestige and relevance ranking for personalized recommendation., CIKM, 2013"], "Fethi Burak Sazoglu": ["Strategies for setting time-to-live values in result caches., CIKM, 2013"], "Zhenzhong Zhang": ["Learning to detect task boundaries of query session., CIKM, 2013"], "Guoliang He": ["Early prediction on imbalanced multivariate time series., CIKM, 2013"], "Won-Seok Hwang": ["Exploiting trustors as well as trustees in trust-based recommendation., CIKM, 2013"], "Alexey Tolstikov": ["Through-the-looking glass: utilizing rich post-search trail statistics for web search., CIKM, 2013"], "Juan Hu": ["Topical authority propagation on microblogs., CIKM, 2013"], "Alexander Kotov": ["The importance of being socially-savvy: quantifying the influence of social networks on microblog retrieval., CIKM, 2013"], "Saurabh Gupta": ["Flexible and dynamic compromises for effective recommendations., CIKM, 2013"], "Andrew Y. Ng": ["The online revolution: education for everyone., CIKM, 2013"], "Jeff Hawkins": ["Online learning from streaming data., CIKM, 2013"], "Kevin Murphy": ["From big data to big knowledge., CIKM, 2013"], "Sebastian Schelter": ["\"All roads lead to Rome\": optimistic recovery for distributed iterative data processing., CIKM, 2013"], "Luyi Mo": ["Optimizing plurality for human intelligence tasks., CIKM, 2013"], "Hien To": ["Entropy-based histograms for selectivity estimation., CIKM, 2013"], "Dinusha Vatsalan": ["Efficient two-party private blocking based on sorted nearest neighborhood clustering., CIKM, 2013"], "Hongya Wang": ["Locality sensitive hashing revisited: filling the gap between theory and algorithm analysis., CIKM, 2013"], "Yury Ustinovsky": ["Personalization of web-search using short-term browsing context., CIKM, 2013"], "Jaime Arguello": ["Factors affecting aggregated search coherence and search behavior., CIKM, 2013"], "Weize Kong": ["Improving passage ranking with user behavior information., CIKM, 2013"], "Ahmed Hassan Awadallah": ["Personalized models of search satisfaction., CIKM, 2013", "Beyond clicks: query reformulation as a predictor of search satisfaction., CIKM, 2013"], "Alfan Farizki Wicaksono": ["Toward advice mining: conditional random fields for extracting advice-revealing text units., CIKM, 2013"], "Henning Wachsmuth": ["Information extraction as a filtering task., CIKM, 2013"], "Gong-Qing Wu": ["Web news extraction via path ratios., CIKM, 2013"], "Fangzhao Wu": ["Lead-lag analysis via sparse co-projection in correlated text streams., CIKM, 2013"], "Shenghua Liu": ["Adaptive co-training SVM for sentiment classification on tweets., CIKM, 2013"], "Tao Yang": ["On handling textual errors in latent document modeling., CIKM, 2013"], "Joyce Jiyoung Whang": ["Overlapping community detection using seed set expansion., CIKM, 2013"], "Siyuan Liu": ["TODMIS: mining communities from trajectories., CIKM, 2013"], "Zhiwu Xie": ["Archiving the relaxed consistency web., CIKM, 2013"], "William Yang Wang": ["Programming with personalized pagerank: a locally groundable first-order probabilistic logic., CIKM, 2013"], "Guangyou Zhou": ["Towards faster and better retrieval models for question search., CIKM, 2013"], "Sotirios Chatzis": ["Nonparametric bayesian multitask collaborative filtering., CIKM, 2013"], "Mohammed Hindawi": ["Local-to-global semi-supervised feature selection., CIKM, 2013"], "Karthik Sankaranarayanan": ["Intelligently querying incomplete instances for improving classification performance., CIKM, 2013"], "Huizhong Duan": ["A probabilistic mixture model for mining and analyzing product search log., CIKM, 2013"], "Yong Liu": ["Eigenvalues perturbation of integral operator for kernel selection., CIKM, 2013"], "Xavier Amatriain": ["Beyond data: from user information to business value through personalized recommendations and consumer science., CIKM, 2013", "Beyond data: from user information to business value through personalized recommendations and consumer science., CIKM, 2013"], "Chris Farmer": ["Leveraging data to change industry paradigms., CIKM, 2013"], "Kai Yu": ["Large-scale deep learning at Baidu., CIKM, 2013"], "Melanie Herschel": ["Wondering why data are missing from query results?: ask conseil why-not., CIKM, 2013"], "Zhian He": ["Fast evaluation of iceberg pattern-based aggregate queries., CIKM, 2013"], "Junfeng Zhou": ["Top-down keyword query processing on XML data., CIKM, 2013"], "Jianwen Chen": ["Efficient pruning algorithm for top-K ranking on dataset with value uncertainty., CIKM, 2013"], "Chunyao Song": ["Query execution timing: taming real-time anytime queries on multicore processors., CIKM, 2013", "Discovering and managing quantitative association rules., CIKM, 2013"], "Weiwei Sun": ["Merged aggregate nearest neighbor query processing in road networks., CIKM, 2013"], "Matteo Magnani": ["SkyView: a user evaluation of the skyline operator., CIKM, 2013"], "Graham Cormode": ["UMicS: from anonymized data to usable microdata., CIKM, 2013"], "Yue Shi": ["GAPfm: optimal top-n recommendations for graded relevance domains., CIKM, 2013"], "Borut Sluban": ["URL tree: efficient unsupervised content extraction from streams of web documents., CIKM, 2013"], "Adam Jatowt": ["Estimating document focus time., CIKM, 2013"], "Lifeng Jia": ["Faceted models of blog feeds., CIKM, 2013"], "Aleksandar Stupar": ["SRbench-a benchmark for soundtrack recommendation systems., CIKM, 2013"], "Sooyoung Oh": ["CV-PCR: a context-guided value-driven framework for patent citation recommendation., CIKM, 2013"], "Feza Baskaya": ["Modeling behavioral factors ininteractive information retrieval., CIKM, 2013"], "Morgan Harvey": ["Building user profiles from topic models for personalised search., CIKM, 2013"], "Parantapa Goswami": ["Transferring knowledge with source selection to learn IR functions on unlabeled collections., CIKM, 2013"], "Jin Young Kim": ["Understanding how people interact with web search results that change in real-time using implicit feedback., CIKM, 2013"], "Damir Vandic": ["Facet selection algorithms for web product search., CIKM, 2013"], "Po-Sen Huang": ["Learning deep structured semantic models for web search using clickthrough data., CIKM, 2013"], "Ziheng Jiang": ["Learning open-domain comparable entity graphs from user search queries., CIKM, 2013"], "Srijith Ravikumar": ["RAProp: ranking tweets by exploiting the tweet/user/web ecosystem and inter-tweet agreement., CIKM, 2013"], "Shatlyk Ashyralyyev": ["Incorporating the surfing behavior of web users into pagerank., CIKM, 2013"], "Aditya Pal": ["Question routing to user communities., CIKM, 2013"], "Zongcheng Ji": ["Learning to rank for question routing in community question answering., CIKM, 2013"], "Avirup Sil": ["Re-ranking for joint named-entity recognition and linking., CIKM, 2013"], "Michael Gamon": ["Identifying salient entities in web pages., CIKM, 2013"], "Paul Seitlinger": ["Recommending tags with a model of human categorization., CIKM, 2013"], "Bin Bi": ["Automatically generating descriptions for resources by tag modeling., CIKM, 2013"], "Ugo Vespier": ["Mining characteristic multi-scale motifs in sensor-based time series., CIKM, 2013"], "Lars Dannecker": ["Efficient forecasting for hierarchical time series., CIKM, 2013", "pEDM: online-forecasting for smart energy analytics., CIKM, 2013"], "Sudhir Agarwal": ["Extraction and integration of web data by end-users., CIKM, 2013"], "Iyad Batal": ["An efficient probabilistic framework for multi-dimensional classification., CIKM, 2013"], "Liang Ge": ["OMS-TL: a framework of online multiple source transfer learning., CIKM, 2013"], "Eitan Menahem": ["Combining one-class classifiers via meta learning., CIKM, 2013"], "Peter Birsinger": ["Scalable bootstrapping for python., CIKM, 2013"], "Abhishek Mukherji": ["FIRE: interactive visual support for parameter space-driven rule mining., CIKM, 2013", "SPHINX: rich insights into evidence-hypotheses relationships via parameter space-based exploration., CIKM, 2013"], "Liang Zhao": ["Consumer-centric SLA manager for cloud-hosted databases., CIKM, 2013"], "Yun Lu": ["TerraFly GeoCloud: online spatial data analysis system., CIKM, 2013"], "Haoqiong Bian": ["MetKB: enriching RDF knowledge bases with web entity-attribute tables., CIKM, 2013"], "Michael N. Gubanov": ["READFAST: high-relevance search-engine for big text., CIKM, 2013"], "Karim Ibrahim": ["FusionDB: conflict management system for small-science databases., CIKM, 2013"], "Julian Eberius": ["DeExcelerator: a framework for extracting relational data from partially structured documents., CIKM, 2013"], "Muhammad Faheem": ["Demonstrating intelligent crawling and archiving of web applications., CIKM, 2013"], "Yanan Xie": ["iNewsBox: modeling and exploiting implicit feedback for building personalized news radio., CIKM, 2013"], "Ihab Al Kabary": ["SportSense: using motion queries to find scenes in sports videos., CIKM, 2013"], "Simon Chan": ["PredictionIO: a distributed machine learning server for practical software development., CIKM, 2013"], "Yong Zeng": ["Exploring XML data is as easy as using maps., CIKM, 2013"], "Wouter Weerkamp": ["Inside the world's playlist., CIKM, 2013"], "Brigitte Boden": ["Detecting and exploring clusters in attributed graphs: a plugin for the gephi platform., CIKM, 2013"], "Talal H. Noor": ["Cloud Armor: a platform for credibility-based trust management of cloud services., CIKM, 2013"], "Sarath Kumar Kondreddi": ["Human computing games for knowledge acquisition., CIKM, 2013"], "Suhas Ranganath": ["A tool for assisting provenance search in social media., CIKM, 2013"], "Dmitri Danilov": ["Search excavator: the knowledge discovery tool., CIKM, 2013"], "Rahul Goyal": ["ESTHETE: a news browsing system to visualize the context and evolution of news stories., CIKM, 2013"], "Aditi S. Muralidharan": ["WordSeer: a knowledge synthesis environment for textual data., CIKM, 2013"], "Paul Bennett": ["Channeling the deluge: research challenges for big data and information systems., CIKM, 2013"], "Fabian M. Suchanek": ["AKBC 2013: third workshop on automated knowledge base construction., CIKM, 2013", "PIKM 2013: the 6th ACM workshop for ph.d. students in information and knowledge management., CIKM, 2013"], "Ladjel Bellatreche": ["DOLAP 2013 workshop summary., CIKM, 2013"], "Paul N. Bennett": ["Sixth workshop on exploiting semantic annotations in information retrieval (ESAIR'13)., CIKM, 2013"], "Cornelia Caragea": ["2013 international workshop on computational scientometrics: theory and applications., CIKM, 2013"], "Xiaozhong Liu": ["Workshop summary for the 2013 international workshop on mining unstructured big data using natural language processing., CIKM, 2013"], "Feifei Li": ["CloudDB 2013: fifth international workshop on cloud data management., CIKM, 2013"], "Jalal Mahmud": ["DUBMOD13: international workshop on data-driven user behavioral modelling and mining from social media., CIKM, 2013"], "Ingmar Weber": ["PLEAD 2013: politics, elections and data., CIKM, 2013"], "Atul J. Butte": ["DTMBIO 2013: international workshop on data and text mining in biomedical informatics., CIKM, 2013"], "Krisztian Balog": ["CIKM 2013 workshop on living labs for information retrieval evaluation., CIKM, 2013"], "Liangjie Hong": ["The first workshop on user engagement optimization., CIKM, 2013"], "Yi Zeng": ["Web-KR 2013: the 4th international workshop on web-scale knowledge representation, retrieval and reasoning., CIKM, 2013"], "Ullas Nambiar": ["Data management & analytics for healthcare (DARE 2013)., CIKM, 2013"]}