{"Jaime Teevan": ["Slow Search: Improving Information Retrieval Using Human Assistance., CIKM, 2015"], "Abdullah A. Alamoudi": ["External Data Access And Indexing In AsterixDB., CIKM, 2015"], "Kasper Grud Skat Madsen": ["Dynamic Resource Management In a Massively Parallel Stream Processing Engine., CIKM, 2015"], "Pengtao Huang": ["A Parallel GPU-Based Approach to Clustering Very Fast Data Streams., CIKM, 2015"], "Ying Kang": ["Scalable Clustering Algorithm via a Triangle Folding Processing for Complex Networks., CIKM, 2015"], "Lynda Tamine": ["Understanding the Impact of the Role Factor in Collaborative Information Retrieval., CIKM, 2015"], "Romain Deveaud": ["Experiments with a Venue-Centric Model for Personalisedand Time-Aware Venue Suggestion., CIKM, 2015"], "Sha Hu": ["Search Result Diversification Based on Hierarchical Intents., CIKM, 2015"], "Yonathan Perez": ["Category-Driven Approach for Local Related Business Recommendations., CIKM, 2015"], "Javier Alvaro Vargas Mu\u00f1oz": ["A Soft Computing Approach for Learning to Aggregate Rankings., CIKM, 2015"], "Lutz B\u00fcch": ["Approximate String Matching by End-Users using Active Learning., CIKM, 2015"], "Shoaib Jameel": ["A Unified Posterior Regularized Topic Model with Maximum Margin for Learning-to-Rank., CIKM, 2015"], "Xin Jin": ["Collaborating between Local and Global Learning for Distributed Online Multiple Tasks., CIKM, 2015", "Heterogeneous Multi-task Semantic Feature Learning for Classification., CIKM, 2015"], "Animesh Nandi": ["Lifespan-based Partitioning of Index Structures for Time-travel Text Search., CIKM, 2015"], "Jianpeng Cheng": ["Contextual Text Understanding in Distributional Semantic Space., CIKM, 2015"], "Mahnoosh Kholghi": ["External Knowledge and Query Strategies in Active Learning: a Study in Clinical Information Extraction., CIKM, 2015"], "Pablo Barrio": ["Ranking Deep Web Text Collections for Scalable Information Extraction., CIKM, 2015"], "Chih-Ya Shen": ["Forming Online Support Groups for Internet and Behavior Related Addictions., CIKM, 2015"], "Chunye Wang": ["Concept-Based Relevance Models for Medical and Semantic Information Retrieval., CIKM, 2015"], "Longqi Yang": ["PlateClick: Bootstrapping Food Preferences Through an Adaptive Visual Interface., CIKM, 2015"], "Peng Lin": ["Data Driven Water Pipe Failure Prediction: A Bayesian Nonparametric Approach., CIKM, 2015"], "Donghyuk Shin": ["Tumblr Blog Recommendation with Boosted Inductive Matrix Completion., CIKM, 2015"], "Haokai Lu": ["BiasWatch: A Lightweight System for Discovering and Tracking Topic-Sensitive Opinion Bias in Social Media., CIKM, 2015"], "Niket Tandon": ["Knowlywood: Mining Activity Knowledge From Hollywood Narratives., CIKM, 2015"], "Radityo Eko Prasojo": ["Entity and Aspect Extraction for Organizing News Comments., CIKM, 2015"], "Fabio Petroni": ["HDRF: Stream-Based Partitioning for Power-Law Graphs., CIKM, 2015"], "Haichuan Shang": ["Towards Scale-out Capability on Social Graphs., CIKM, 2015"], "Mojtaba Rezvani": ["Identifying Top-k Structural Hole Spanners in Large-Scale Social Networks., CIKM, 2015"], "Kiran Garimella": ["Scalable Facility Location for Massive Graphs on Pregel-like Systems., CIKM, 2015"], "David Carmel": ["Rank by Time or by Relevance?: Revisiting Email Search., CIKM, 2015"], "Xiaolu Lu": ["On the Cost of Extracting Proximity Features for Term-Dependency Models., CIKM, 2015"], "Chia-Jung Lee": ["An Optimization Framework for Merging Multiple Result Lists., CIKM, 2015"], "David Maxwell": ["Searching and Stopping: An Analysis of Stopping Rules and Strategies., CIKM, 2015"], "Besnik Fetahu": ["Automated News Suggestions for Populating Wikipedia Entity Pages., CIKM, 2015"], "Huizhong Duan": ["Mining Coordinated Intent Representation for Entity Search and Recommendation., CIKM, 2015"], "Li Zhao": ["Sentiment Extraction by Leveraging Aspect-Opinion Association Structure., CIKM, 2015"], "Subhabrata Mukherjee": ["Leveraging Joint Interactions for Credibility Analysis in News Communities., CIKM, 2015"], "Dezhi Hong": ["Clustering-based Active Learning on Sensor Type Classification in Buildings., CIKM, 2015"], "Peixiang Zhao": ["gSparsify: Graph Motif Based Sparsification for Graph Clustering., CIKM, 2015"], "Qiyue Yin": ["Incomplete Multi-view Clustering via Subspace Learning., CIKM, 2015"], "Zhao Kang": ["Robust Subspace Clustering via Tighter Rank Approximation., CIKM, 2015"], "Behrooz Omidvar-Tehrani": ["Interactive User Group Analysis., CIKM, 2015"], "Chong Wang": ["Viewability Prediction for Online Display Ads., CIKM, 2015"], "Reza Zafarani": ["10 Bits of Surprise: Detecting Malicious Users with Minimum Information., CIKM, 2015"], "Sarah Masud Preum": ["MAPer: A Multi-scale Adaptive Personalized Model for Temporal Human Behavior Prediction., CIKM, 2015"], "Chang Wan": ["Classification with Active Learning and Meta-Paths in Heterogeneous Information Networks., CIKM, 2015"], "Chuan Shi": ["Semantic Path based Personalized Recommendation on Weighted Heterogeneous Information Networks., CIKM, 2015"], "Deqing Yang": ["A Graph-based Recommendation across Heterogeneous Domains., CIKM, 2015"], "Verena Kantere": ["Query Relaxation across Heterogeneous Data Sources., CIKM, 2015"], "Eleanor Ainy": ["Approximated Summarization of Data Provenance., CIKM, 2015"], "Xianzhi Wang": ["An Integrated Bayesian Approach for Effective Multi-Truth Discovery., CIKM, 2015", "Approximate Truth Discovery via Problem Scale Reduction., CIKM, 2015"], "Cheng Cao": ["Organic or Organized?: Exploring URL Sharing Behavior., CIKM, 2015"], "Chonggang Song": ["Mining Brokers in Dynamic Social Networks., CIKM, 2015", "Node Immunization over Infectious Period., CIKM, 2015"], "Yeyun Gong": ["Who Will You \"@\"?, CIKM, 2015"], "Ahmed Hassan Awadallah": ["Characterizing and Predicting Voice Query Reformulation., CIKM, 2015"], "Alessandro Sordoni": ["A Hierarchical Recurrent Encoder-Decoder for Generative Context-Aware Query Suggestion., CIKM, 2015"], "Paul Lagr\u00e9e": ["A Network-Aware Approach for Searching As-You-Type in Social Media., CIKM, 2015"], "Feifan Fan": ["Improving Microblog Retrieval with Feedback Entity Model., CIKM, 2015"], "Koustav Rudra": ["Extracting Situational Information from Microblogs during Disaster Events: a Classification-Summarization Approach., CIKM, 2015"], "Mossaab Bagdouri": ["Profession-Based Person Search in Microblogs: Using Seed Sets to Find Journalists., CIKM, 2015", "On Predicting Deletions of Microblog Posts., CIKM, 2015"], "Jingyuan Zhang": ["Learning Entity Types from Query Logs via Graph-Based Modeling., CIKM, 2015"], "Qiang Liu": ["Collaborative Prediction for Multi-entity Interaction With Hierarchical Representation., CIKM, 2015", "A Convolutional Click Prediction Model., CIKM, 2015"], "Shizhu He": ["Learning to Represent Knowledge Graphs with Gaussian Embedding., CIKM, 2015"], "Jundong Li": ["Associative Classification with Statistically Significant Positive and Negative Rules., CIKM, 2015", "Unsupervised Streaming Feature Selection in Social Media., CIKM, 2015"], "Peng Yang": ["A Min-Max Optimization Framework For Online Graph Classification., CIKM, 2015"], "Zhongyuan Wang": ["An Inference Approach to Basic Level of Categorization., CIKM, 2015"], "Xiaofang Zhou": ["Making Sense of Spatial Trajectories., CIKM, 2015"], "Chao Li": ["ReverseCloak: Protecting Multi-level Location Privacy over Road Networks., CIKM, 2015"], "Hao Wu": ["GLUE: a Parameter-Tuning-Free Map Updating System., CIKM, 2015"], "Minghe Yu": ["A Cost-based Method for Location-Aware Publish/Subscribe Services., CIKM, 2015"], "Nicolas Gast": ["Probabilistic Forecasts of Bike-Sharing Systems for Journey Planning., CIKM, 2015"], "Nicole Bidoit": ["Efficient Computation of Polynomial Explanations of Why-Not Questions., CIKM, 2015"], "Sourav S. Bhowmick": ["Interruption-Sensitive Empty Result Feedback: Rethinking the Visual Query Feedback Paradigm for Semistructured Data., CIKM, 2015"], "Werner Nutt": ["Implementing Query Completeness Reasoning., CIKM, 2015"], "Zhe Wang": ["Towards Scalable and Complete Query Explanation with OWL 2 EL Ontologies., CIKM, 2015"], "Abolfazl Asudeh": ["Crowdsourcing Pareto-Optimal Object Finding By Pairwise Comparisons., CIKM, 2015"], "Alexey Drutsa": ["Practical Aspects of Sensitivity in Online Experimentation with User Engagement Metrics., CIKM, 2015"], "Eugene Kharitonov": ["Generalized Team Draft Interleaving., CIKM, 2015"], "Martin Davtyan": ["Exploiting Document Content for Efficient Aggregation of Crowdsourcing Votes., CIKM, 2015"], "David C. Anastasiu": ["L2Knng: Fast Exact K-Nearest Neighbor Graph Construction with L2-Norm Pruning., CIKM, 2015"], "Qian Li": ["Lingo: Linearized Grassmannian Optimization for Nuclear Norm Minimization., CIKM, 2015"], "Sheng Li": ["Deep Collaborative Filtering via Marginalized Denoising Auto-encoder., CIKM, 2015"], "Tong Zhao": ["Improving Latent Factor Models via Personalized Feature Projection for One Class Recommendation., CIKM, 2015", "Exploiting Game Theoretic Analysis for Link Recommendation in Social Networks., CIKM, 2015"], "Jiawei Zhang": ["Enterprise Social Link Recommendation., CIKM, 2015"], "Wei He": ["Extracting Interest Tags for Non-famous Users in Social Network., CIKM, 2015"], "Hongchang Gao": ["Robust Capped Norm Nonnegative Matrix Factorization: Capped Norm NMF., CIKM, 2015"], "Lei Liu": ["MF-Tree: Matrix Factorization Tree for Large Multi-Class Learning., CIKM, 2015"], "Shaosheng Cao": ["GraRep: Learning Graph Representations with Global Structural Information., CIKM, 2015"], "Tong Man": ["Context-Adaptive Matrix Factorization for Multi-Context Recommendation., CIKM, 2015"], "Chenyi Zhang": ["Personalized Trip Recommendation with POI Availability and Uncertain Traveling Time., CIKM, 2015"], "Liming Zhan": ["Range Search on Uncertain Trajectories., CIKM, 2015"], "Tanzima Hashem": ["Efficient Computation of Trips with Friends and Families., CIKM, 2015"], "Yanhua Li": ["Sampling Big Trajectory Data., CIKM, 2015"], "Chenyan Xiong": ["EsdRank: Connecting Query and Documents through External Semi-Structured Data., CIKM, 2015"], "Jitao Sang": ["A Probabilistic Framework for Temporal User Modeling on Microblogs., CIKM, 2015"], "Maria Koutraki": ["Deriving Intensional Descriptions for Web Services., CIKM, 2015"], "Maxim Zhukovskiy": ["An Optimization Framework for Propagation of Query-Document Features by Query Similarity Functions., CIKM, 2015"], "Han-Jia Ye": ["Rank Consistency based Multi-View Learning: A Privacy-Preserving Approach., CIKM, 2015"], "Haoran Li": ["Differentially Private Histogram Publication for Dynamic Datasets: an Adaptive Sampling Approach., CIKM, 2015"], "Ling Chen": ["WaveCluster with Differential Privacy., CIKM, 2015"], "Weiyi Xia": ["Process-Driven Data Privacy., CIKM, 2015"], "Hao Huang": ["Unsupervised Feature Selection on Data Streams., CIKM, 2015"], "Konstantin Kutzkov": ["Weighted Similarity Estimation in Data Streams., CIKM, 2015"], "Rui Chen": ["Private Analysis of Infinite Data Streams via Retroactive Grouping., CIKM, 2015"], "Felipe Viegas": ["Parallel Lazy Semi-Naive Bayes Strategies for Effective and Efficient Document Classification., CIKM, 2015"], "Lin Gui": ["A Novel Class Noise Estimation Method and Application in Classification., CIKM, 2015"], "Meenakshi Mishra": ["Learning Task Grouping using Supervised Task Space Partitioning in Lifelong Multitask Learning., CIKM, 2015"], "Xilun Chen": ["KSGM: Keynode-driven Scalable Graph Matching., CIKM, 2015"], "Bing Hu": ["Protecting Your Children from Inappropriate Content in Mobile Apps: An Automatic Maturity Rating Framework., CIKM, 2015"], "Marius Pasca": ["The Role of Query Sessions in Interpreting Compound Noun Phrases., CIKM, 2015"], "Seongsoon Kim": ["Deep Semantic Frame-Based Deceptive Opinion Spam Analysis., CIKM, 2015"], "Xiaojia Pu": ["Topic Modeling in Semantic Space with Keywords., CIKM, 2015"], "Anatoli U. Shein": ["F1: Accelerating the Optimization of Aggregate Continuous Queries., CIKM, 2015"], "Tian Guo": ["Fast Distributed Correlation Discovery Over Streaming Time-Series Data., CIKM, 2015"], "Yohan Jo": ["Time Series Analysis of Nursing Notes for Mortality Prediction via a State Transition Topic Model., CIKM, 2015"], "Shuji Hao": ["Learning Relative Similarity from Data Streams: Active Online Learning Approaches., CIKM, 2015"], "Tom Kenter": ["Ad Hoc Monitoring of Vocabulary Shifts over Time., CIKM, 2015", "Short Text Similarity with Word Embeddings., CIKM, 2015"], "Tuan A. Tran": ["Balancing Novelty and Salience: Adaptive Learning to Rank Entities for Timeline Summarization of High-impact Events., CIKM, 2015"], "Tao Zhou": ["Location-Based Influence Maximization in Social Networks., CIKM, 2015"], "Wei Zhang": ["Location and Time Aware Social Collaborative Retrieval for New Successive Point-of-Interest Recommendation., CIKM, 2015"], "Xutao Li": ["Where you Instagram?: Associating Your Instagram Photos with Points of Interest., CIKM, 2015"], "Christian Beecks": ["Gradient-based Signatures for Efficient Similarity Search in Large-scale Multimedia Databases., CIKM, 2015"], "Cuicui Kang": ["Cross-Modal Similarity Learning: A Low Rank Bilinear Formulation., CIKM, 2015"], "Yong-Yeon Jo": ["Efficient Sparse Matrix Multiplication on GPU for Large Social Network Analysis., CIKM, 2015"], "Mayank Singh": ["The Role Of Citation Context In Predicting Long-Term Citation Profiles: An Experimental Study Based On A Massive Bibliographic Text Dataset., CIKM, 2015"], "Yuan He": ["Discovering Canonical Correlations between Topical and Topological Information in Document Networks., CIKM, 2015"], "Zhuoren Jiang": ["Chronological Citation Recommendation with Information-Need Shifting., CIKM, 2015"], "Pengcheng Yin": ["Answering Questions with Complex Semantic Constraints on Open Knowledge Bases., CIKM, 2015"], "Sotirios P. Chatzis": ["Inducing Space Dirichlet Process Mixture Large-Margin Entity RelationshipInference in Knowledge Bases., CIKM, 2015"], "Thibault Sellam": ["Semi-Automated Exploration of Data Warehouses., CIKM, 2015"], "Zhuoyu Wei": ["Large-scale Knowledge Base Completion: Inferring via Grounding Network Sampling over Selected Instances., CIKM, 2015"], "Andrew Tomkins": ["Large-Scale Analysis of Dynamics of Choice Among Discrete Alternatives., CIKM, 2015"], "Chen Chen": ["On Gapped Set Intersection Size Estimation., CIKM, 2015"], "Henning K\u00f6hler": ["Inclusion Dependencies Reloaded., CIKM, 2015"], "Ioana Giurgiu": ["Comprehensible Models for Reconfiguring Enterprise Relational Databases to Avoid Incidents., CIKM, 2015"], "Krzysztof Marcin Choromanski": ["An Optimal Online Algorithm For Retrieving Heavily Perturbed Statistical Databases In The Low-Dimensional Querying Model., CIKM, 2015"], "Pavel Metrikov": ["Aggregation of Crowdsourced Ordinal Assessments and Integration with Learning to Rank: A Latent Trait Model., CIKM, 2015"], "Peng Li": ["Weakly Supervised Natural Language Processing Framework for Abstractive Multi-Document Summarization: Weakly Supervised Abstractive Multi-Document Summarization., CIKM, 2015"], "Vincent Leroy": ["Building Representative Composite Items., CIKM, 2015"], "Hannah Bast": ["More Accurate Question Answering on Freebase., CIKM, 2015"], "Jyun-Yu Jiang": ["Improving Ranking Consistency for Web Search by Leveraging a Knowledge Base and Search Logs., CIKM, 2015"], "Kateryna Tymoshenko": ["Assessing the Impact of Syntactic and Semantic Structures for Answer Passages Reranking., CIKM, 2015"], "Michael Schuhmacher": ["Ranking Entities for Web Queries Through Text and Knowledge., CIKM, 2015"], "Atsushi Miyauchi": ["What Is a Network Community?: A Novel Quality Function and Detection Algorithms., CIKM, 2015"], "Hossein Vahabi": ["DifRec: A Social-Diffusion-Aware Recommender System., CIKM, 2015"], "Stefan Siersdorfer": ["Who With Whom And How?: Extracting Large Social Networks Using Search Engines., CIKM, 2015"], "Suppawong Tuarob": ["Modeling Individual-Level Infection Dynamics Using Social Network Information., CIKM, 2015"], "Jinfei Liu": ["Finding Probabilistic k-Skyline Sets on Uncertain Data., CIKM, 2015"], "Khaled H. Alyoubi": ["Ordering Selection Operators Under Partial Ignorance., CIKM, 2015"], "Sofia Kleisarchaki": ["Querying Temporal Drifts at Multiple Granularities., CIKM, 2015"], "Henrik Bj\u00f6rklund": ["Efficient Incremental Evaluation of Succinct Regular Expressions., CIKM, 2015"], "Daan Odijk": ["Struggling and Success in Web Search., CIKM, 2015"], "Julia Kiseleva": ["Behavioral Dynamics from the SERP's Perspective: What are Failed SERPs and How to Fix Them?, CIKM, 2015"], "Michael V\u00f6lske": ["What Users Ask a Search Engine: Analyzing One Billion Russian Question Queries., CIKM, 2015"], "Ye Chen": ["Does Vertical Bring more Satisfaction?: Predicting Search Satisfaction in a Heterogeneous Environment., CIKM, 2015"], "David Vallet": ["Characterizing and Predicting Viral-and-Popular Video Content., CIKM, 2015"], "Fangzhao Wu": ["Social Spammer and Spam Message Co-Detection in Microblogging with Social Context Regularization., CIKM, 2015"], "Min Peng": ["Central Topic Model for Event-oriented Topics Mining in Microblog Stream., CIKM, 2015"], "Wanying Ding": ["Video Popularity Prediction by Sentiment Propagation via Implicit Network., CIKM, 2015"], "Hongzhi Yin": ["Joint Modeling of User Check-in Behaviors for Point-of-Interest Recommendation., CIKM, 2015"], "Jia-Dong Zhang": ["ORec: An Opinion-Based Point-of-Interest Recommendation Framework., CIKM, 2015"], "Suhang Wang": ["Toward Dual Roles of Users in Recommender Systems., CIKM, 2015"], "Xiangnan He": ["TriRank: Review-aware Explainable Recommendation by Modeling Aspects., CIKM, 2015"], "Tarique Anwar": ["RoadRank: Traffic Diffusion and Influence Estimation in Dynamic Urban Road Networks., CIKM, 2015"], "Nicola Guido": ["On Query-Update Independence for SPARQL., CIKM, 2015"], "Hasan M. Jamil": ["A Structured Query Model for the Deep Relational Web., CIKM, 2015"], "Kyo-Sung Jeong": ["A Flash-aware Buffering Scheme using On-the-fly Redo., CIKM, 2015"], "Haishuai Wang": ["Defragging Subgraph Features for Graph Classification., CIKM, 2015"], "Tengyuan Ye": ["Structural Constraints for Multipartite Entity Resolution with Markov Logic Network., CIKM, 2015"], "Ioannis Arapakis": ["Know Your Onions: Understanding the User Experience with the Knowledge Module in Web Search., CIKM, 2015"], "Dhruv Arya": ["Personalized Federated Search at LinkedIn., CIKM, 2015"], "Kumaripaba Athukorala": ["Balancing Exploration and Exploitation: Empirical Parameterization of Exploratory Search Systems., CIKM, 2015"], "Giacomo Berardi": ["Semi-Automated Text Classification for Sensitivity Identification., CIKM, 2015"], "Imen Bizid": ["Identification of Microblogs Prominent Users during Events by Learning Temporal Sequences of Features., CIKM, 2015"], "Yongqiang Chen": ["A Real-Time Eye Tracking Based Query Expansion Approach via Latent Topic Modeling., CIKM, 2015"], "Kripabandhu Ghosh": ["Clustered Semi-Supervised Relevance Feedback., CIKM, 2015"], "Lidia Grauer": ["On the Effect of \"Stupid\" Search Components on User Interaction with Search Engines., CIKM, 2015"], "Weiyu Guo": ["Social-Relational Topic Model for Social Networks., CIKM, 2015"], "Ashiqur R. KhudaBukhsh": ["Building Effective Query Classifiers: A Case Study in Self-harm Intent Detection., CIKM, 2015"], "Nut Limsopatham": ["Modelling the Usefulness of Document Collections for Query Expansion in Patient Search., CIKM, 2015"], "Yuanhua Lv": ["A Study of Query Length Heuristics in Information Retrieval., CIKM, 2015"], "Jing Ma": ["Detect Rumors Using Time Series of Social Context Information on Microblogging Websites., CIKM, 2015"], "Bhaskar Mitra": ["Query Auto-Completion for Rare Prefixes., CIKM, 2015"], "Alistair Moffat": ["Pooled Evaluation Over Query Variations: Users are as Diverse as Systems., CIKM, 2015"], "Jo\u00e3o Rafael De Moura Palotti": ["The Influence of Pre-processing on the Estimation of Readability of Web Documents., CIKM, 2015"], "Neeraj Pradhan": ["Atypical Queries in eCommerce., CIKM, 2015"], "Mark Sifer": ["Bottom-up Faceted Search: Creating Search Neighbourhoods with Datacube Cells., CIKM, 2015"], "Qiang Song": ["Personalized Recommendation Meets Your Next Favorite., CIKM, 2015"], "Robin Swezey": ["Recommending Short-lived Dynamic Packages for Golf Booking Services., CIKM, 2015"], "Zhenghao Wang": ["Large-Scale Question Answering with Joint Embedding and Proof Tree Decoding., CIKM, 2015"], "Colin Wilkie": ["Query Length, Retrievability Bias and Performance., CIKM, 2015"], "Weiren Yu": ["Gauging Correct Relative Rankings For Similarity Search., CIKM, 2015"], "Mustafa Zengin": ["Learning User Preferences for Topically Similar Documents., CIKM, 2015"], "Yaogong Zhang": ["Modeling Parameter Interactions in Ranking SVM., CIKM, 2015"], "Xusheng Ai": ["Best First Over-Sampling for Multilabel Classification., CIKM, 2015"], "Melissa Ailem": ["Co-clustering Document-term Matrices by Direct Maximization of Graph Modularity., CIKM, 2015"], "Adnan Anwar": ["A Data-Driven Approach to Distinguish Cyber-Attacks from Physical Faults in a Smart Grid., CIKM, 2015"], "Andrea Ceroni": ["Improving Event Detection by Automatically Assessing Validity of Event Occurrence in Text., CIKM, 2015"], "Dong-Kyu Chae": ["DAAV: Dynamic API Authority Vectors for Detecting Software Theft., CIKM, 2015"], "Tom De Nies": ["Towards Multi-level Provenance Reconstruction of Information Diffusion on Social Media., CIKM, 2015"], "Minh Tuan Doan": ["Profiling Pedestrian Distribution and Anomaly Detection in a Dynamic Environment., CIKM, 2015"], "Daniel Lemes Gribel": ["A Clustering-based Approach to Detect Probable Outcomes of Lawsuits., CIKM, 2015"], "Naeemul Hassan": ["Detecting Check-worthy Factual Claims in Presidential Debates., CIKM, 2015"], "Hsun-Ping Hsieh": ["Where You Go Reveals Who You Know: Analyzing Social Ties from Millions of Footprints., CIKM, 2015"], "Bo Jiang": ["Message Clustering based Matrix Factorization Model for Retweeting Behavior Prediction., CIKM, 2015"], "Arijit Khan": ["Top-k Reliable Edge Colors in Uncertain Graphs., CIKM, 2015"], "Masahiro Kohjima": ["Probabilistic Non-negative Inconsistent-resolution Matrices Factorization., CIKM, 2015"], "Sawa Kourogi": ["Identifying Attractive News Headlines for Social Media., CIKM, 2015"], "Huizhi Liang": ["A Probabilistic Rating Auto-encoder for Personalized Recommender Systems., CIKM, 2015"], "Xiaomo Liu": ["Real-time Rumor Debunking on Twitter., CIKM, 2015"], "Renxin Mao": ["Fraud Transaction Recognition: A Money Flow Network Approach., CIKM, 2015"], "Sahisnu Mazumder": ["Identifying Top-k Consistent News-Casters on Twitter., CIKM, 2015"], "Kunwoo Park": ["Mining the Minds of Customers from Online Chat Logs., CIKM, 2015"], "Youngki Park": ["A Fast k-Nearest Neighbor Search Using Query-Specific Signature Selection., CIKM, 2015"], "Saurabh Paul": ["Core-Sets For Canonical Correlation Analysis., CIKM, 2015"], "Pai Peng": ["DeepCamera: A Unified Framework for Recognizing Places-of-Interest based on Deep ConvNets., CIKM, 2015"], "Mingjie Qian": ["Structured Sparse Regression for Recommender Systems., CIKM, 2015"], "Suman Roychoudhury": ["Analyzing Document Intensive Business Processes using Ontology., CIKM, 2015"], "Le Shu": ["Transductive Domain Adaptation with Affinity Learning., CIKM, 2015"], "Dingding Wang": ["Update Summarization using Semi-Supervised Learning Based on Hellinger Distance., CIKM, 2015"], "Dong Wang": ["Multi-view Clustering via Structured Low-rank Representation., CIKM, 2015"], "Jim Jing-Yan Wang": ["Partially Labeled Data Tuple Can Optimize Multivariate Performance Measures., CIKM, 2015"], "Peng Wang": ["Modeling Infinite Topics on Social Behavior Data with Spatio-temporal Dependence., CIKM, 2015"], "Ruhui Wang": ["ASEM: Mining Aspects and Sentiment of Events from Microblog., CIKM, 2015"], "Xun Wang": ["Enhanced Word Embeddings from a Hierarchical Neural Language Model., CIKM, 2015"], "Jing Zhang": ["Improving Label Quality in Crowdsourcing Using Noise Correction., CIKM, 2015"], "Qing Zhang": ["Improving Collaborative Filtering via Hidden Structured Constraint., CIKM, 2015"], "Carlos Garcia-Alvarado": ["DOLAP 2015 Workshop Summary., CIKM, 2015"], "Min Song": ["DTMBIO 2015: International Workshop on Data and Text Mining in Biomedical Informatics., CIKM, 2015"], "Leif Azzopardi": ["ECol 2015: First international workshop on the Evaluation on Collaborative Information Seeking and Retrieval., CIKM, 2015"], "Krisztian Balog": ["Eighth Workshop on Exploiting Semantic Annotations in Information Retrieval (ESAIR'15)., CIKM, 2015"], "Ismail Sengor Altingovde": ["LSDS-IR'15: 2015 Workshop on Large-Scale and Distributed Systems for Information Retrieval., CIKM, 2015"], "Davood Rafiei": ["NWSearch 2015: International Workshop on Novel Web Search Interfaces and Systems., CIKM, 2015"], "Mouna Kacimi": ["PIKM 2015: The 8th ACM Workshop for Ph.D. Students in Information and Knowledge Management., CIKM, 2015"], "Nikolaos Aletras": ["TM 2015 - Topic Models: Post-Processing and Applications Workshop., CIKM, 2015"], "Yashar Moshfeghi": ["UCUI'15: The 1st International Workshop on Understanding the City with Urban Informatics., CIKM, 2015"]}