{"Tali Brodianskiy": ["Self-correcting queries for xml., CIKM, 2007"], "Sara Cohen": ["Self-correcting queries for xml., CIKM, 2007"], "Stefanos Souldatos": ["Evaluation of partial path queries on xml data., CIKM, 2007"], "Xiaoying Wu": ["Evaluation of partial path queries on xml data., CIKM, 2007"], "Dimitri Theodoratos": ["Evaluation of partial path queries on xml data., CIKM, 2007"], "Theodore Dalamagas": ["Evaluation of partial path queries on xml data., CIKM, 2007"], "Timos K. Sellis": ["Evaluation of partial path queries on xml data., CIKM, 2007"], "Guoliang Li": ["Effective keyword search for valuable lcas over xml documents., CIKM, 2007"], "Jianhua Feng": ["Effective keyword search for valuable lcas over xml documents., CIKM, 2007"], "Jianyong Wang": ["Effective keyword search for valuable lcas over xml documents., CIKM, 2007"], "Lizhu Zhou": ["Effective keyword search for valuable lcas over xml documents., CIKM, 2007"], "Fei Wu": ["Autonomously semantifying wikipedia., CIKM, 2007"], "Daniel S. Weld": ["Autonomously semantifying wikipedia., CIKM, 2007"], "Nicola Fanizzi": ["Randomized metric induction and evolutionary conceptual clustering for semantic knowledge bases., CIKM, 2007"], "Claudia d'Amato": ["Randomized metric induction and evolutionary conceptual clustering for semantic knowledge bases., CIKM, 2007"], "Floriana Esposito": ["Randomized metric induction and evolutionary conceptual clustering for semantic knowledge bases., CIKM, 2007"], "Paul Doran": ["Ontology module extraction for ontology reuse: an ontology engineering perspective., CIKM, 2007"], "Valentina A. M. Tamma": ["Ontology module extraction for ontology reuse: an ontology engineering perspective., CIKM, 2007"], "Luigi Iannone": ["Ontology module extraction for ontology reuse: an ontology engineering perspective., CIKM, 2007"], "Dmitri Roussinov": ["Semantic verification in an online fact seeking environment., CIKM, 2007"], "Ozgur Turetken": ["Semantic verification in an online fact seeking environment., CIKM, 2007"], "Ouyang You": ["Developing learning strategies for topic-based summarization., CIKM, 2007"], "Sujian Li": ["Developing learning strategies for topic-based summarization., CIKM, 2007"], "Wenjie Li": ["Developing learning strategies for topic-based summarization., CIKM, 2007"], "Marius Pasca": ["Lightweight web-based fact repositories for textual question answering., CIKM, 2007", "The role of documents vs. queries in extracting class attributes from text., CIKM, 2007", "Weakly-supervised discovery of named entities using web search queries., CIKM, 2007"], "Ronny Lempel": ["Just in time indexing for up to the second search., CIKM, 2007"], "Yosi Mass": ["Just in time indexing for up to the second search., CIKM, 2007"], "Shila Ofek-Koifman": ["Just in time indexing for up to the second search., CIKM, 2007"], "Dafna Sheinwald": ["Just in time indexing for up to the second search., CIKM, 2007"], "Yael Petruschka": ["Just in time indexing for up to the second search., CIKM, 2007"], "Ron Sivan": ["Just in time indexing for up to the second search., CIKM, 2007"], "Christian Drumm": ["Quickmig: automatic schema matching for data migration projects., CIKM, 2007"], "Matthias Schmitt": ["Quickmig: automatic schema matching for data migration projects., CIKM, 2007"], "Hong Hai Do": ["Quickmig: automatic schema matching for data migration projects., CIKM, 2007"], "Erhard Rahm": ["Quickmig: automatic schema matching for data migration projects., CIKM, 2007"], "Youngja Park": ["Automatic call section segmentation for contact-center calls., CIKM, 2007"], "Seyda Ertekin": ["Learning on the border: active learning in imbalanced data classification., CIKM, 2007"], "Jian Huang": ["Learning on the border: active learning in imbalanced data classification., CIKM, 2007"], "L\u00e9on Bottou": ["Learning on the border: active learning in imbalanced data classification., CIKM, 2007"], "C. Lee Giles": ["Learning on the border: active learning in imbalanced data classification., CIKM, 2007", "Designing clustering-based web crawling policies for search engine crawlers., CIKM, 2007"], "Jun Wang": ["Reconstructing ddc for interactive classification., CIKM, 2007"], "Meng Chen Lee": ["Reconstructing ddc for interactive classification., CIKM, 2007"], "Tao Li": ["Diva: a variance-based clustering approach for multi-type relational data., CIKM, 2007"], "Sarabjot S. Anand": ["Diva: a variance-based clustering approach for multi-type relational data., CIKM, 2007"], "Marc Najork": ["Comparing the effectiveness of hits and salsa., CIKM, 2007"], "David Fernandes de Oliveira": ["Computing block importance for searching on web sites., CIKM, 2007"], "Edleno Silva de Moura": ["Computing block importance for searching on web sites., CIKM, 2007", "A strategy for allowing meaningful and comparable scores in approximate matching., CIKM, 2007"], "Berthier A. Ribeiro-Neto": ["Computing block importance for searching on web sites., CIKM, 2007", "Efficient search ranking in social networks., CIKM, 2007"], "Altigran Soares da Silva": ["Computing block importance for searching on web sites., CIKM, 2007", "A strategy for allowing meaningful and comparable scores in approximate matching., CIKM, 2007"], "Marcos Andr\u00e9 Gon\u00e7alves": ["Computing block importance for searching on web sites., CIKM, 2007"], "Benjamin Piwowarski": ["Predictive user click models based on click-through history., CIKM, 2007"], "Hugo Zaragoza": ["Predictive user click models based on click-through history., CIKM, 2007", "Ranking very many typed entities on wikipedia., CIKM, 2007"], "Reasey Praing": ["Modeling historical and future movements of spatio-temporal objects in moving objects databases., CIKM, 2007"], "Markus Schneider": ["Modeling historical and future movements of spatio-temporal objects in moving objects databases., CIKM, 2007"], "Carlo Combi": ["The t4sql temporal query language., CIKM, 2007"], "Angelo Montanari": ["The t4sql temporal query language., CIKM, 2007"], "Giuseppe Pozzi": ["The t4sql temporal query language., CIKM, 2007"], "Tiancheng Zhang": ["Boolean representation based data-adaptive correlation analysis over time series streams., CIKM, 2007"], "Dejun Yue": ["Boolean representation based data-adaptive correlation analysis over time series streams., CIKM, 2007"], "Yu Gu": ["Boolean representation based data-adaptive correlation analysis over time series streams., CIKM, 2007"], "Ge Yu": ["Boolean representation based data-adaptive correlation analysis over time series streams., CIKM, 2007"], "Anthony Don": ["Discovering interesting usage patterns in text collections: integrating text mining with visualization., CIKM, 2007"], "Elena Zheleva": ["Discovering interesting usage patterns in text collections: integrating text mining with visualization., CIKM, 2007"], "Machon Gregory": ["Discovering interesting usage patterns in text collections: integrating text mining with visualization., CIKM, 2007"], "Sureyya Tarkan": ["Discovering interesting usage patterns in text collections: integrating text mining with visualization., CIKM, 2007"], "Loretta Auvil": ["Discovering interesting usage patterns in text collections: integrating text mining with visualization., CIKM, 2007"], "Tanya E. Clement": ["Discovering interesting usage patterns in text collections: integrating text mining with visualization., CIKM, 2007"], "Ben Shneiderman": ["Discovering interesting usage patterns in text collections: integrating text mining with visualization., CIKM, 2007", "A dual-view approach to interactive network visualization., CIKM, 2007"], "Catherine Plaisant": ["Discovering interesting usage patterns in text collections: integrating text mining with visualization., CIKM, 2007"], "Jonathan Yu": ["Ontology evaluation using wikipedia categories for browsing., CIKM, 2007"], "James A. Thom": ["Ontology evaluation using wikipedia categories for browsing., CIKM, 2007"], "Audrey M. Tam": ["Ontology evaluation using wikipedia categories for browsing., CIKM, 2007"], "Rada Mihalcea": ["Wikify!: linking documents to encyclopedic knowledge., CIKM, 2007"], "Andras Csomai": ["Wikify!: linking documents to encyclopedic knowledge., CIKM, 2007"], "Meiqun Hu": ["Measuring article quality in wikipedia: models and evaluation., CIKM, 2007"], "Ee-Peng Lim": ["Measuring article quality in wikipedia: models and evaluation., CIKM, 2007", "Comments-oriented blog summarization by sentence extraction., CIKM, 2007"], "Aixin Sun": ["Measuring article quality in wikipedia: models and evaluation., CIKM, 2007", "Comments-oriented blog summarization by sentence extraction., CIKM, 2007"], "Hady Wirawan Lauw": ["Measuring article quality in wikipedia: models and evaluation., CIKM, 2007"], "Ba-Quy Vuong": ["Measuring article quality in wikipedia: models and evaluation., CIKM, 2007"], "Donald Metzler": ["Automatic feature selection in the markov random field model for information retrieval., CIKM, 2007"], "Ben He": ["Parameter sensitivity in the probabilistic model for ad-hoc retrieval., CIKM, 2007"], "Iadh Ounis": ["Parameter sensitivity in the probabilistic model for ad-hoc retrieval., CIKM, 2007", "Expertise drift and query expansion in expert search., CIKM, 2007"], "Massimo Melucci": ["Utilizing a geometry of context for enhanced implicit feedback., CIKM, 2007"], "Ryen W. White": ["Utilizing a geometry of context for enhanced implicit feedback., CIKM, 2007"], "Hung-sik Kim": ["Parallel linkage., CIKM, 2007"], "Dongwon Lee": ["Parallel linkage., CIKM, 2007"], "Lu\u00eds Leit\u00e3o": ["Structure-based inference of xml similarity for fuzzy duplicate detection., CIKM, 2007"], "P\u00e1vel Calado": ["Structure-based inference of xml similarity for fuzzy duplicate detection., CIKM, 2007"], "Melanie Weis": ["Structure-based inference of xml similarity for fuzzy duplicate detection., CIKM, 2007"], "Carina F. Dorneles": ["A strategy for allowing meaningful and comparable scores in approximate matching., CIKM, 2007"], "Carlos A. Heuser": ["A strategy for allowing meaningful and comparable scores in approximate matching., CIKM, 2007"], "Viviane Moreira Orengo": ["A strategy for allowing meaningful and comparable scores in approximate matching., CIKM, 2007"], "Gordon V. Cormack": ["Spam filtering for short messages., CIKM, 2007"], "Jos\u00e9 Mar\u00eda G\u00f3mez Hidalgo": ["Spam filtering for short messages., CIKM, 2007"], "Enrique Puertas Sanz": ["Spam filtering for short messages., CIKM, 2007"], "Georgios Paltoglou": ["Hybrid results merging., CIKM, 2007"], "Michail Salampasis": ["Hybrid results merging., CIKM, 2007"], "Maria Satratzemi": ["Hybrid results merging., CIKM, 2007"], "Aris Anagnostopoulos": ["Just-in-time contextual advertising., CIKM, 2007"], "Andrei Z. Broder": ["Just-in-time contextual advertising., CIKM, 2007"], "Evgeniy Gabrilovich": ["Just-in-time contextual advertising., CIKM, 2007"], "Vanja Josifovski": ["Just-in-time contextual advertising., CIKM, 2007"], "Lance Riedel": ["Just-in-time contextual advertising., CIKM, 2007"], "Craig Macdonald": ["Expertise drift and query expansion in expert search., CIKM, 2007"], "Guihong Cao": ["Extending query translation to cross-language query expansion with markov chain models., CIKM, 2007"], "Jianfeng Gao": ["Extending query translation to cross-language query expansion with markov chain models., CIKM, 2007"], "Jian-Yun Nie": ["Extending query translation to cross-language query expansion with markov chain models., CIKM, 2007"], "Jing Bai": ["Extending query translation to cross-language query expansion with markov chain models., CIKM, 2007"], "Rong Yan": ["Query expansion using probabilistic local feedback with application to multimedia retrieval., CIKM, 2007"], "Alexander G. Hauptmann": ["Query expansion using probabilistic local feedback with application to multimedia retrieval., CIKM, 2007"], "Edward P. F. Chan": ["A fast unified optimal route query evaluation algorithm., CIKM, 2007"], "Jie Zhang": ["A fast unified optimal route query evaluation algorithm., CIKM, 2007"], "Manuel Tamashiro": ["Towards practically feasible answering of regular path queries in lav data integration., CIKM, 2007"], "Alex Thomo": ["Towards practically feasible answering of regular path queries in lav data integration., CIKM, 2007"], "Srinivasan Venkatesh": ["Towards practically feasible answering of regular path queries in lav data integration., CIKM, 2007"], "Tao-Young Fu": ["Optimizing parallel itineraries for knn query processing in wireless sensor networks., CIKM, 2007"], "Wen-Chih Peng": ["Optimizing parallel itineraries for knn query processing in wireless sensor networks., CIKM, 2007"], "Wang-Chien Lee": ["Optimizing parallel itineraries for knn query processing in wireless sensor networks., CIKM, 2007"], "Jing Jiang": ["A two-stage approach to domain adaptation for statistical classifiers., CIKM, 2007"], "ChengXiang Zhai": ["A two-stage approach to domain adaptation for statistical classifiers., CIKM, 2007", "Improve retrieval accuracy for difficult queries using negative feedback., CIKM, 2007"], "Benjamin Rosenfeld": ["Clustering for unsupervised relation identification., CIKM, 2007"], "Ronen Feldman": ["Clustering for unsupervised relation identification., CIKM, 2007"], "Mounir Bechchi": ["Merging distributed database summaries., CIKM, 2007"], "Guillaume Raschia": ["Merging distributed database summaries., CIKM, 2007"], "Noureddine Mouaddib": ["Merging distributed database summaries., CIKM, 2007"], "Susan Price": ["Semantic components enhance retrieval of domain-specific documents., CIKM, 2007"], "Marianne Lykke Nielsen": ["Semantic components enhance retrieval of domain-specific documents., CIKM, 2007"], "Lois M. L. Delcambre": ["Semantic components enhance retrieval of domain-specific documents., CIKM, 2007"], "Peter Vedsted": ["Semantic components enhance retrieval of domain-specific documents., CIKM, 2007"], "Trong-Ton Pham": ["Latent semantic fusion model for image retrieval and annotation., CIKM, 2007"], "Nicolas Maillot": ["Latent semantic fusion model for image retrieval and annotation., CIKM, 2007"], "Joo-Hwee Lim": ["Latent semantic fusion model for image retrieval and annotation., CIKM, 2007", "Domain knowledge conceptual inter-media indexing: application to multilingual multimedia medical reports., CIKM, 2007"], "Jean-Pierre Chevallet": ["Latent semantic fusion model for image retrieval and annotation., CIKM, 2007", "Domain knowledge conceptual inter-media indexing: application to multilingual multimedia medical reports., CIKM, 2007"], "David N. Milne": ["A knowledge-based search engine powered by wikipedia., CIKM, 2007"], "Ian H. Witten": ["A knowledge-based search engine powered by wikipedia., CIKM, 2007"], "David M. Nichols": ["A knowledge-based search engine powered by wikipedia., CIKM, 2007"], "Akihiro Inokuchi": ["A method for online analytical processing of text data., CIKM, 2007"], "Koichi Takeda": ["A method for online analytical processing of text data., CIKM, 2007"], "Todd Eavis": ["Mapgraph: efficient methods for complex olap hierarchies., CIKM, 2007", "Rk-hist: an r-tree based histogram for multi-dimensional selectivity estimation., CIKM, 2007"], "Ahmad Taleb": ["Mapgraph: efficient methods for complex olap hierarchies., CIKM, 2007"], "Alex Lopez": ["Rk-hist: an r-tree based histogram for multi-dimensional selectivity estimation., CIKM, 2007"], "Benjamin Van Durme": ["The role of documents vs. queries in extracting class attributes from text., CIKM, 2007"], "Nikesh Garera": ["The role of documents vs. queries in extracting class attributes from text., CIKM, 2007"], "Diem Thi Hoang Le": ["Domain knowledge conceptual inter-media indexing: application to multilingual multimedia medical reports., CIKM, 2007"], "Jennifer Chu-Carroll": ["An experimental study of the impact of information extraction accuracy on semantic search performance., CIKM, 2007", "Type nanotheories: a framework for term comparison., CIKM, 2007"], "John M. Prager": ["An experimental study of the impact of information extraction accuracy on semantic search performance., CIKM, 2007", "Type nanotheories: a framework for term comparison., CIKM, 2007"], "Lida Li": ["Predicting individual priorities of shared activities using support vector machines., CIKM, 2007"], "Michael J. Muller": ["Predicting individual priorities of shared activities using support vector machines., CIKM, 2007"], "Werner Geyer": ["Predicting individual priorities of shared activities using support vector machines., CIKM, 2007"], "Casey Dugan": ["Predicting individual priorities of shared activities using support vector machines., CIKM, 2007"], "Beth Brownholtz": ["Predicting individual priorities of shared activities using support vector machines., CIKM, 2007"], "David R. Millen": ["Predicting individual priorities of shared activities using support vector machines., CIKM, 2007"], "Ahu Sieg": ["Web search personalization with ontological user profiles., CIKM, 2007"], "Bamshad Mobasher": ["Web search personalization with ontological user profiles., CIKM, 2007"], "Robin D. Burke": ["Web search personalization with ontological user profiles., CIKM, 2007"], "Qingzhao Tan": ["Designing clustering-based web crawling policies for search engine crawlers., CIKM, 2007"], "Prasenjit Mitra": ["Designing clustering-based web crawling policies for search engine crawlers., CIKM, 2007"], "Laurence Anthony F. Park": ["Mining web multi-resolution community-based popularity for information retrieval., CIKM, 2007"], "Kotagiri Ramamohanarao": ["Mining web multi-resolution community-based popularity for information retrieval., CIKM, 2007"], "Changhu Wang": ["Learning query-biased web page summarization., CIKM, 2007"], "Feng Jing": ["Learning query-biased web page summarization., CIKM, 2007"], "Lei Zhang": ["Learning query-biased web page summarization., CIKM, 2007"], "Hong-Jiang Zhang": ["Learning query-biased web page summarization., CIKM, 2007"], "Monique V. Vieira": ["Efficient search ranking in social networks., CIKM, 2007"], "Bruno M. Fonseca": ["Efficient search ranking in social networks., CIKM, 2007"], "Rodrigo Damazio": ["Efficient search ranking in social networks., CIKM, 2007"], "Paulo Braz Golgher": ["Efficient search ranking in social networks., CIKM, 2007"], "Davi de Castro Reis": ["Efficient search ranking in social networks., CIKM, 2007"], "Norbert Mart\u00ednez-Bazan": ["Dex: high-performance exploration on large graphs for information retrieval., CIKM, 2007"], "Victor Munt\u00e9s-Mulero": ["Dex: high-performance exploration on large graphs for information retrieval., CIKM, 2007"], "Sergio G\u00f3mez-Villamor": ["Dex: high-performance exploration on large graphs for information retrieval., CIKM, 2007"], "Jordi Nin": ["Dex: high-performance exploration on large graphs for information retrieval., CIKM, 2007"], "Mario-A. S\u00e1nchez-Mart\u00ednez": ["Dex: high-performance exploration on large graphs for information retrieval., CIKM, 2007"], "Josep-Llu\u00eds Larriba-Pey": ["Dex: high-performance exploration on large graphs for information retrieval., CIKM, 2007"], "Xuanhui Wang": ["Shine: search heterogeneous interrelated entities., CIKM, 2007", "Improve retrieval accuracy for difficult queries using negative feedback., CIKM, 2007"], "Jian-Tao Sun": ["Shine: search heterogeneous interrelated entities., CIKM, 2007"], "Zheng Chen": ["Shine: search heterogeneous interrelated entities., CIKM, 2007"], "Steven Schockaert": ["Reasoning about vague topological information., CIKM, 2007"], "Martine De Cock": ["Reasoning about vague topological information., CIKM, 2007"], "Di Yang": ["Nugget discovery in visual exploration environments by query consolidation., CIKM, 2007"], "Elke A. Rundensteiner": ["Nugget discovery in visual exploration environments by query consolidation., CIKM, 2007"], "Matthew O. Ward": ["Nugget discovery in visual exploration environments by query consolidation., CIKM, 2007"], "Kevin J. Lang": ["Finding dense and isolated submarkets in a sponsored search spending graph., CIKM, 2007"], "Reid Andersen": ["Finding dense and isolated submarkets in a sponsored search spending graph., CIKM, 2007"], "Mark D. Smucker": ["A comparison of statistical significance tests for information retrieval evaluation., CIKM, 2007", "Hypothesis testing with incomplete relevance judgments., CIKM, 2007"], "James Allan": ["A comparison of statistical significance tests for information retrieval evaluation., CIKM, 2007", "Finding and linking incidents in news., CIKM, 2007", "Semiautomatic evaluation of retrieval systems using document similarities., CIKM, 2007", "Selective user interaction., CIKM, 2007"], "Ben Carterette": ["A comparison of statistical significance tests for information retrieval evaluation., CIKM, 2007", "Hypothesis testing with incomplete relevance judgments., CIKM, 2007", "Semiautomatic evaluation of retrieval systems using document similarities., CIKM, 2007"], "Javed A. Aslam": ["Inferring document relevance from incomplete information., CIKM, 2007", "Evaluation of phrasal query suggestions., CIKM, 2007"], "Emine Yilmaz": ["Inferring document relevance from incomplete information., CIKM, 2007"], "Fabiano C. Botelho": ["External perfect hashing for very large key sets., CIKM, 2007"], "Nivio Ziviani": ["External perfect hashing for very large key sets., CIKM, 2007"], "Weixiong Rao": ["Optimal proactive caching in peer-to-peer network: analysis and application., CIKM, 2007"], "Lei Chen": ["Optimal proactive caching in peer-to-peer network: analysis and application., CIKM, 2007", "Probabilistic correlation-based similarity measure of unstructured records., CIKM, 2007"], "Ada Wai-Chee Fu": ["Optimal proactive caching in peer-to-peer network: analysis and application., CIKM, 2007", "Ix-cubes: iceberg cubes for data warehousing and olap on xml data., CIKM, 2007"], "Yingyi Bu": ["Optimal proactive caching in peer-to-peer network: analysis and application., CIKM, 2007"], "Sourav S. Bhowmick": ["Efficient evaluation of high-selective xml twig patterns with parent child edges in tree-unaware rdbms., CIKM, 2007"], "Erwin Leonardi": ["Efficient evaluation of high-selective xml twig patterns with parent child edges in tree-unaware rdbms., CIKM, 2007"], "Hongmei Sun": ["Efficient evaluation of high-selective xml twig patterns with parent child edges in tree-unaware rdbms., CIKM, 2007"], "Vadim von Brzeski": ["Leveraging context in user-centric entity detection systems., CIKM, 2007"], "Utku Irmak": ["Leveraging context in user-centric entity detection systems., CIKM, 2007"], "Reiner Kraft": ["Leveraging context in user-centric entity detection systems., CIKM, 2007"], "Sarah Luger": ["Type nanotheories: a framework for term comparison., CIKM, 2007"], "Wei Zhang": ["Recognition and classification of noun phrases in queries for effective retrieval., CIKM, 2007", "Opinion retrieval from blogs., CIKM, 2007"], "Shuang Liu": ["Recognition and classification of noun phrases in queries for effective retrieval., CIKM, 2007"], "Clement T. Yu": ["Recognition and classification of noun phrases in queries for effective retrieval., CIKM, 2007", "Opinion retrieval from blogs., CIKM, 2007"], "Chaojing Sun": ["Recognition and classification of noun phrases in queries for effective retrieval., CIKM, 2007"], "Fang Liu": ["Recognition and classification of noun phrases in queries for effective retrieval., CIKM, 2007"], "Weiyi Meng": ["Recognition and classification of noun phrases in queries for effective retrieval., CIKM, 2007", "Opinion retrieval from blogs., CIKM, 2007"], "Abhimanyu Lad": ["Generalizing from relevance feedback using named entity wildcards., CIKM, 2007"], "Yiming Yang": ["Generalizing from relevance feedback using named entity wildcards., CIKM, 2007"], "Desislava Petkova": ["Proximity-based document representation for named entity retrieval., CIKM, 2007"], "W. Bruce Croft": ["Proximity-based document representation for named entity retrieval., CIKM, 2007"], "Deng Cai": ["Regularized locality preserving indexing via spectral regression., CIKM, 2007"], "Xiaofei He": ["Regularized locality preserving indexing via spectral regression., CIKM, 2007"], "Wei Vivian Zhang": ["Regularized locality preserving indexing via spectral regression., CIKM, 2007"], "Jiawei Han": ["Regularized locality preserving indexing via spectral regression., CIKM, 2007"], "Ruijie Guo": ["Efficient on-line index maintenance for dynamic text collections by using dynamic balancing tree., CIKM, 2007"], "Xueqi Cheng": ["Efficient on-line index maintenance for dynamic text collections by using dynamic balancing tree., CIKM, 2007", "CTO: concept tree based semantic overlay for pure peer-to-peer information retrieval., CIKM, 2007", "A novel scheme for domain-transfer problem in the context of sentiment analysis., CIKM, 2007"], "Hongbo Xu": ["Efficient on-line index maintenance for dynamic text collections by using dynamic balancing tree., CIKM, 2007"], "Bin Wang": ["Efficient on-line index maintenance for dynamic text collections by using dynamic balancing tree., CIKM, 2007"], "Stefan B\u00fcttcher": ["Index compression is good, especially for random access., CIKM, 2007"], "Charles L. A. Clarke": ["Index compression is good, especially for random access., CIKM, 2007"], "Mingjie Zhu": ["Effective top-k computation in retrieving structured documents with term-proximity support., CIKM, 2007"], "Shuming Shi": ["Effective top-k computation in retrieving structured documents with term-proximity support., CIKM, 2007"], "Mingjing Li": ["Effective top-k computation in retrieving structured documents with term-proximity support., CIKM, 2007"], "Ji-Rong Wen": ["Effective top-k computation in retrieving structured documents with term-proximity support., CIKM, 2007"], "Yue Xu": ["Generating concise association rules., CIKM, 2007"], "Yuefeng Li": ["Generating concise association rules., CIKM, 2007"], "Fabrizio Angiulli": ["Very efficient mining of distance-based outliers., CIKM, 2007", "Detecting distance-based outliers in streams of data., CIKM, 2007"], "Fabio Fassetti": ["Very efficient mining of distance-based outliers., CIKM, 2007", "Detecting distance-based outliers in streams of data., CIKM, 2007"], "Nam Hun Park": ["Grid-based subspace clustering over data streams., CIKM, 2007"], "Won Suk Lee": ["Grid-based subspace clustering over data streams., CIKM, 2007", "An on-line interactive method for finding association rules data streams., CIKM, 2007"], "Ao Feng": ["Finding and linking incidents in news., CIKM, 2007"], "Alan Feuer": ["Evaluation of phrasal query suggestions., CIKM, 2007"], "Stefan Savev": ["Evaluation of phrasal query suggestions., CIKM, 2007"], "Ismail Seng\u00f6r Alting\u00f6vde": ["An automatic approach to construct domain-specific web portals., CIKM, 2007"], "Rifat Ozcan": ["An automatic approach to construct domain-specific web portals., CIKM, 2007"], "Suleyman Cetintas": ["An automatic approach to construct domain-specific web portals., CIKM, 2007"], "Hakan Yilmaz": ["An automatic approach to construct domain-specific web portals., CIKM, 2007"], "\u00d6zg\u00fcr Ulusoy": ["An automatic approach to construct domain-specific web portals., CIKM, 2007"], "Richard Bache": ["Language models, probability of relevance and relevance likelihood., CIKM, 2007"], "Mark Baillie": ["Language models, probability of relevance and relevance likelihood., CIKM, 2007"], "Fabio Crestani": ["Language models, probability of relevance and relevance likelihood., CIKM, 2007"], "H. Bast": ["Efficient interactive query expansion with complete search., CIKM, 2007"], "Debapriyo Majumdar": ["Efficient interactive query expansion with complete search., CIKM, 2007"], "Ingmar Weber": ["Efficient interactive query expansion with complete search., CIKM, 2007"], "Stephan Bloehdorn": ["Structure and semantics for expressive text kernels., CIKM, 2007"], "Alessandro Moschitti": ["Structure and semantics for expressive text kernels., CIKM, 2007"], "Karin Koogan Breitman": ["Conceptual modeling by analogy and metaphor., CIKM, 2007"], "Simone Diniz Junqueira Barbosa": ["Conceptual modeling by analogy and metaphor., CIKM, 2007"], "Marco A. Casanova": ["Conceptual modeling by analogy and metaphor., CIKM, 2007"], "Antonio L. Furtado": ["Conceptual modeling by analogy and metaphor., CIKM, 2007"], "Michael Brinkmeier": ["Communities in graphs and hypergraphs., CIKM, 2007"], "Jeremias Werner": ["Communities in graphs and hypergraphs., CIKM, 2007"], "Sven Recknagel": ["Communities in graphs and hypergraphs., CIKM, 2007"], "Blaz Fortuna": ["Improving the classification of newsgroup messages through social network analysis., CIKM, 2007"], "Eduarda Mendes Rodrigues": ["Improving the classification of newsgroup messages through social network analysis., CIKM, 2007"], "Natasa Milic-Frayling": ["Improving the classification of newsgroup messages through social network analysis., CIKM, 2007"], "Yupeng Fu": ["A CDD-based formal model for expert finding., CIKM, 2007"], "Rongjing Xiang": ["A CDD-based formal model for expert finding., CIKM, 2007"], "Yiqun Liu": ["A CDD-based formal model for expert finding., CIKM, 2007"], "Min Zhang": ["A CDD-based formal model for expert finding., CIKM, 2007"], "Shaoping Ma": ["A CDD-based formal model for expert finding., CIKM, 2007"], "Vahid Garakani": ["Ntjfsatnot: a novel method for query with not-predicates on xml data., CIKM, 2007"], "Sayyed Kamyar Izadi": ["Ntjfsatnot: a novel method for query with not-predicates on xml data., CIKM, 2007"], "Mostafa Haghjoo": ["Ntjfsatnot: a novel method for query with not-predicates on xml data., CIKM, 2007"], "Mohammad Harizi": ["Ntjfsatnot: a novel method for query with not-predicates on xml data., CIKM, 2007"], "Jade Goldstein": ["Genre identification and goal-focused summarization., CIKM, 2007"], "Gary M. Ciany": ["Genre identification and goal-focused summarization., CIKM, 2007"], "Jaime G. Carbonell": ["Genre identification and goal-focused summarization., CIKM, 2007"], "Lobna Hlaoua": ["Combination of evidences in relevance feedback for xml retrieval., CIKM, 2007"], "Mohand Boughanem": ["Combination of evidences in relevance feedback for xml retrieval., CIKM, 2007"], "Karen Pinel-Sauvagnat": ["Combination of evidences in relevance feedback for xml retrieval., CIKM, 2007"], "Michael E. Houle": ["A correlation-based model for unsupervised feature selection., CIKM, 2007"], "Nizar Grira": ["A correlation-based model for unsupervised feature selection., CIKM, 2007"], "Meishan Hu": ["Comments-oriented blog summarization by sentence extraction., CIKM, 2007"], "Fianny Ming-fei Jiang": ["Ix-cubes: iceberg cubes for data warehousing and olap on xml data., CIKM, 2007"], "Jian Pei": ["Ix-cubes: iceberg cubes for data warehousing and olap on xml data., CIKM, 2007"], "Rosie Jones": ["\"I know what you did last summer\": query logs and user privacy., CIKM, 2007"], "Ravi Kumar": ["\"I know what you did last summer\": query logs and user privacy., CIKM, 2007"], "Bo Pang": ["\"I know what you did last summer\": query logs and user privacy., CIKM, 2007"], "Andrew Tomkins": ["\"I know what you did last summer\": query logs and user privacy., CIKM, 2007"], "Khaled Jouini": ["Indexing multiversion databases., CIKM, 2007"], "Genevi\u00e8ve Jomier": ["Indexing multiversion databases., CIKM, 2007"], "Pawel Jurczyk": ["Discovering authorities in question answer communities by using link analysis., CIKM, 2007"], "Eugene Agichtein": ["Discovering authorities in question answer communities by using link analysis., CIKM, 2007"], "Giridhar Kumaran": ["Selective user interaction., CIKM, 2007"], "Feng Liu": ["Ensembling Bayesian network structure learning on limited data., CIKM, 2007"], "Fengzhan Tian": ["Ensembling Bayesian network structure learning on limited data., CIKM, 2007"], "QiLiang Zhu": ["Ensembling Bayesian network structure learning on limited data., CIKM, 2007"], "Jianming Lv": ["CTO: concept tree based semantic overlay for pure peer-to-peer information retrieval., CIKM, 2007"], "Mauricio Mar\u00edn": ["High-performance distributed inverted files., CIKM, 2007"], "Veronica Gil Costa": ["High-performance distributed inverted files., CIKM, 2007"], "Galileo Namata": ["A dual-view approach to interactive network visualization., CIKM, 2007"], "Brian Staats": ["A dual-view approach to interactive network visualization., CIKM, 2007"], "Lise Getoor": ["A dual-view approach to interactive network visualization., CIKM, 2007"], "Maria Soledad Pera": ["Using word similarity to eradicate junk emails., CIKM, 2007"], "Yiu-Kai Ng": ["Using word similarity to eradicate junk emails., CIKM, 2007"], "Jorge-Arnulfo Quian\u00e9-Ruiz": ["Satisfaction balanced mediation., CIKM, 2007"], "Philippe Lamarre": ["Satisfaction balanced mediation., CIKM, 2007"], "Sylvie Cazalens": ["Satisfaction balanced mediation., CIKM, 2007"], "Patrick Valduriez": ["Satisfaction balanced mediation., CIKM, 2007"], "Aravindan Raghuveer": ["Towards efficient search on unstructured data: an intelligent-storage approach., CIKM, 2007"], "Meera Jindal": ["Towards efficient search on unstructured data: an intelligent-storage approach., CIKM, 2007"], "Mohamed F. Mokbel": ["Towards efficient search on unstructured data: an intelligent-storage approach., CIKM, 2007"], "Biplob K. Debnath": ["Towards efficient search on unstructured data: an intelligent-storage approach., CIKM, 2007"], "David Hung-Chang Du": ["Towards efficient search on unstructured data: an intelligent-storage approach., CIKM, 2007"], "Guillem Rull": ["Computing explanations for unlively queries in databases., CIKM, 2007"], "Carles Farr\u00e9": ["Computing explanations for unlively queries in databases., CIKM, 2007"], "Ernest Teniente": ["Computing explanations for unlively queries in databases., CIKM, 2007"], "Toni Urp\u00ed": ["Computing explanations for unlively queries in databases., CIKM, 2007"], "Lu\u00eds Sarmento": ["\"More like these\": growing entity classes from seeds., CIKM, 2007"], "Valentin Jijkoun": ["\"More like these\": growing entity classes from seeds., CIKM, 2007"], "Maarten de Rijke": ["\"More like these\": growing entity classes from seeds., CIKM, 2007"], "Eug\u00e9nio C. Oliveira": ["\"More like these\": growing entity classes from seeds., CIKM, 2007"], "Se Jung Shin": ["An on-line interactive method for finding association rules data streams., CIKM, 2007"], "Shaoxu Song": ["Probabilistic correlation-based similarity measure of unstructured records., CIKM, 2007"], "Xiaodan Song": ["Identifying opinion leaders in the blogosphere., CIKM, 2007"], "Yun Chi": ["Identifying opinion leaders in the blogosphere., CIKM, 2007"], "Koji Hino": ["Identifying opinion leaders in the blogosphere., CIKM, 2007"], "Belle L. Tseng": ["Identifying opinion leaders in the blogosphere., CIKM, 2007"], "Yangqiu Song": ["Ranking with semi-supervised distance metric learning and its application to housing potential estimation., CIKM, 2007"], "Bin Zhang": ["Ranking with semi-supervised distance metric learning and its application to housing potential estimation., CIKM, 2007"], "Wen Jun Yin": ["Ranking with semi-supervised distance metric learning and its application to housing potential estimation., CIKM, 2007"], "Changshui Zhang": ["Ranking with semi-supervised distance metric learning and its application to housing potential estimation., CIKM, 2007"], "Jin Dong": ["Ranking with semi-supervised distance metric learning and its application to housing potential estimation., CIKM, 2007"], "Songbo Tan": ["A novel scheme for domain-transfer problem in the context of sentiment analysis., CIKM, 2007"], "Gaowei Wu": ["A novel scheme for domain-transfer problem in the context of sentiment analysis., CIKM, 2007"], "Huifeng Tang": ["A novel scheme for domain-transfer problem in the context of sentiment analysis., CIKM, 2007"], "Andrew Trotman": ["Sigma encoded inverted files., CIKM, 2007"], "Vikram Subramanya": ["Sigma encoded inverted files., CIKM, 2007"], "Yohannes Tsegay": ["Dynamic index pruning for effective caching., CIKM, 2007"], "Andrew Turpin": ["Dynamic index pruning for effective caching., CIKM, 2007"], "Justin Zobel": ["Dynamic index pruning for effective caching., CIKM, 2007"], "Hui Fang": ["Improve retrieval accuracy for difficult queries using negative feedback., CIKM, 2007"], "Yong Wang": ["Translating topics to words for image annotation., CIKM, 2007"], "Shaogang Gong": ["Translating topics to words for image annotation., CIKM, 2007"], "Youzheng Wu": ["Mining redundancy in candidate-bearing snippets to improve web question answering., CIKM, 2007"], "Xinhui Hu": ["Mining redundancy in candidate-bearing snippets to improve web question answering., CIKM, 2007"], "Hideki Kashioka": ["Mining redundancy in candidate-bearing snippets to improve web question answering., CIKM, 2007"], "Shengliang Xu": ["Using social annotations to improve language model for information retrieval., CIKM, 2007"], "Shenghua Bao": ["Using social annotations to improve language model for information retrieval., CIKM, 2007"], "Yunbo Cao": ["Using social annotations to improve language model for information retrieval., CIKM, 2007"], "Yong Yu": ["Using social annotations to improve language model for information retrieval., CIKM, 2007"], "Yu Xu": ["Efficient LCA based keyword search in xml data., CIKM, 2007"], "Yannis Papakonstantinou": ["Efficient LCA based keyword search in xml data., CIKM, 2007"], "Lei Yang": ["Link analysis using time series of web graphs., CIKM, 2007"], "Lei Qi": ["Link analysis using time series of web graphs., CIKM, 2007"], "Yan-Ping Zhao": ["Link analysis using time series of web graphs., CIKM, 2007"], "Bin Gao": ["Link analysis using time series of web graphs., CIKM, 2007"], "Tie-Yan Liu": ["Link analysis using time series of web graphs., CIKM, 2007"], "Henning Rode": ["Ranking very many typed entities on wikipedia., CIKM, 2007"], "Peter Mika": ["Ranking very many typed entities on wikipedia., CIKM, 2007"], "Jordi Atserias": ["Ranking very many typed entities on wikipedia., CIKM, 2007"], "Massimiliano Ciaramita": ["Ranking very many typed entities on wikipedia., CIKM, 2007"], "Giuseppe Attardi": ["Ranking very many typed entities on wikipedia., CIKM, 2007"], "Duo Zhang": ["A constraint-based probabilistic framework for name disambiguation., CIKM, 2007"], "Jie Tang": ["A constraint-based probabilistic framework for name disambiguation., CIKM, 2007"], "Juan-Zi Li": ["A constraint-based probabilistic framework for name disambiguation., CIKM, 2007"], "Kehong Wang": ["A constraint-based probabilistic framework for name disambiguation., CIKM, 2007"], "Qi Zhang": ["An efficient algorithm for approximate biased quantile computation in data streams., CIKM, 2007"], "Wei Wang": ["An efficient algorithm for approximate biased quantile computation in data streams., CIKM, 2007"], "Xiaohua Zhou": ["A segment-based hidden markov model for real-setting pinyin-to-chinese conversion., CIKM, 2007"], "Xiaohua Hu": ["A segment-based hidden markov model for real-setting pinyin-to-chinese conversion., CIKM, 2007"], "Xiaodan Zhang": ["A segment-based hidden markov model for real-setting pinyin-to-chinese conversion., CIKM, 2007"], "Xiajiong Shen": ["A segment-based hidden markov model for real-setting pinyin-to-chinese conversion., CIKM, 2007"], "Prabhakar Raghavan": ["Web search: from information retrieval to microeconomic modeling., CIKM, 2007"], "Christopher R\u00e9": ["Management of data with uncertainties., CIKM, 2007"], "Dan Suciu": ["Management of data with uncertainties., CIKM, 2007"], "Fernando Pereira": ["Learning to join everything., CIKM, 2007"]}