{"Ophir Frieder": ["On scalable information retrieval systems., CIKM, 2002", "On arabic search: improving the retrieval effectiveness via a light stemming approach., CIKM, 2002", "Parallelizing the buckshot algorithm for efficient document clustering., CIKM, 2002"], "Deepayan Chakrabarti": ["F4: large-scale automated forecasting using fractals., CIKM, 2002"], "Christos Faloutsos": ["F4: large-scale automated forecasting using fractals., CIKM, 2002", "Future directions in data mining: streams, networks, self-similarity and power laws., CIKM, 2002", "How to improve the pruning ability of dynamic metric access methods., CIKM, 2002", "\"GeoPlot\": spatial data mining on video libraries., CIKM, 2002"], "Chun Tang": ["An iterative strategy for pattern discovery in high-dimensional data sets., CIKM, 2002"], "Aidong Zhang": ["An iterative strategy for pattern discovery in high-dimensional data sets., CIKM, 2002"], "Jian Pei": ["Mining sequential patterns with constraints in large databases., CIKM, 2002"], "Jiawei Han": ["Mining sequential patterns with constraints in large databases., CIKM, 2002"], "Wei Wang": ["Mining sequential patterns with constraints in large databases., CIKM, 2002"], "P\u00e1vel Calado": ["Searching web databases by structuring keyword-based queries., CIKM, 2002", "Web-DL: an experience in building digital libraries from the web., CIKM, 2002"], "Altigran Soares da Silva": ["Searching web databases by structuring keyword-based queries., CIKM, 2002", "Web-DL: an experience in building digital libraries from the web., CIKM, 2002"], "Rodrigo C. Vieira": ["Searching web databases by structuring keyword-based queries., CIKM, 2002"], "Alberto H. F. Laender": ["Searching web databases by structuring keyword-based queries., CIKM, 2002", "Web-DL: an experience in building digital libraries from the web., CIKM, 2002"], "Berthier A. Ribeiro-Neto": ["Searching web databases by structuring keyword-based queries., CIKM, 2002", "Web-DL: an experience in building digital libraries from the web., CIKM, 2002"], "Chiasen Chung": ["Topic-oriented collaborative crawling., CIKM, 2002"], "Charles L. A. Clarke": ["Topic-oriented collaborative crawling., CIKM, 2002"], "J. Ben Schafer": ["Meta-recommendation systems: user-controlled integration of diverse recommendations., CIKM, 2002"], "Joseph A. Konstan": ["Meta-recommendation systems: user-controlled integration of diverse recommendations., CIKM, 2002"], "John Riedl": ["Meta-recommendation systems: user-controlled integration of diverse recommendations., CIKM, 2002"], "Kai Yu": ["Removing redundancy and inconsistency in memory-based collaborative filtering., CIKM, 2002"], "Xiaowei Xu": ["Removing redundancy and inconsistency in memory-based collaborative filtering., CIKM, 2002"], "Anton Schwaighofer": ["Removing redundancy and inconsistency in memory-based collaborative filtering., CIKM, 2002"], "Volker Tresp": ["Removing redundancy and inconsistency in memory-based collaborative filtering., CIKM, 2002"], "Hans-Peter Kriegel": ["Removing redundancy and inconsistency in memory-based collaborative filtering., CIKM, 2002"], "Zheng Xuan Loh": ["Analysis of pre-computed partition top method for range top-k queries in OLAP data cubes., CIKM, 2002"], "Tok Wang Ling": ["Analysis of pre-computed partition top method for range top-k queries in OLAP data cubes., CIKM, 2002"], "Chuan-Heng Ang": ["Analysis of pre-computed partition top method for range top-k queries in OLAP data cubes., CIKM, 2002"], "Sin Yeung Lee": ["Analysis of pre-computed partition top method for range top-k queries in OLAP data cubes., CIKM, 2002"], "Bin Liu": ["Batch data warehouse maintenance in dynamic environments., CIKM, 2002"], "Songting Chen": ["Batch data warehouse maintenance in dynamic environments., CIKM, 2002"], "Elke A. Rundensteiner": ["Batch data warehouse maintenance in dynamic environments., CIKM, 2002"], "Sam Yuan Sung": ["A fast filtering scheme for large database cleansing., CIKM, 2002"], "Zhao Li": ["A fast filtering scheme for large database cleansing., CIKM, 2002"], "Sun Peng": ["A fast filtering scheme for large database cleansing., CIKM, 2002"], "Mohamed A. Sharaf": ["Semantic-based delivery of OLAP summary tables in wireless environments., CIKM, 2002"], "Panos K. Chrysanthis": ["Semantic-based delivery of OLAP summary tables in wireless environments., CIKM, 2002"], "Philippe Mulhem": ["Symbolic photograph content-based retrieval., CIKM, 2002"], "Joo-Hwee Lim": ["Symbolic photograph content-based retrieval., CIKM, 2002"], "Renato O. Stehling": ["A compact and efficient image retrieval approach based on border/interior pixel classification., CIKM, 2002"], "Mario A. Nascimento": ["A compact and efficient image retrieval approach based on border/interior pixel classification., CIKM, 2002"], "Alexandre X. Falc\u00e3o": ["A compact and efficient image retrieval approach based on border/interior pixel classification., CIKM, 2002"], "Ali Saman Tosun": ["Vulnerabilities in similarity search based systems., CIKM, 2002"], "Hakan Ferhatosmanoglu": ["Vulnerabilities in similarity search based systems., CIKM, 2002"], "Mong-Li Lee": ["Efficient evaluation of multiple queries on streaming XML data., CIKM, 2002", "XClust: clustering XML schemas for effective integration., CIKM, 2002"], "Boon Chin Chua": ["Efficient evaluation of multiple queries on streaming XML data., CIKM, 2002"], "Wynne Hsu": ["Efficient evaluation of multiple queries on streaming XML data., CIKM, 2002", "XClust: clustering XML schemas for effective integration., CIKM, 2002"], "Kian-Lee Tan": ["Efficient evaluation of multiple queries on streaming XML data., CIKM, 2002"], "Leonidas Fegaras": ["Query processing of streamed XML data., CIKM, 2002"], "David Levine": ["Query processing of streamed XML data., CIKM, 2002"], "Sujoe Bose": ["Query processing of streamed XML data., CIKM, 2002"], "Vamsi Chaluvadi": ["Query processing of streamed XML data., CIKM, 2002"], "Shurug Al-Khalifa": ["Multi-level operator combination in XML query processing., CIKM, 2002"], "H. V. Jagadish": ["Multi-level operator combination in XML query processing., CIKM, 2002"], "Torsten Grabs": ["XMLTM: efficient transaction management for XML documents., CIKM, 2002"], "Klemens B\u00f6hm": ["XMLTM: efficient transaction management for XML documents., CIKM, 2002"], "Hans-J\u00f6rg Schek": ["XMLTM: efficient transaction management for XML documents., CIKM, 2002"], "Franky Lam": ["Efficient synchronization for mobile XML data., CIKM, 2002"], "Nicole Lam": ["Efficient synchronization for mobile XML data., CIKM, 2002"], "Raymond K. Wong": ["Efficient synchronization for mobile XML data., CIKM, 2002"], "Hasan M. Jamil": ["An object-oriented extension of XML for autonomous web applications., CIKM, 2002"], "Giovanni A. Modica": ["An object-oriented extension of XML for autonomous web applications., CIKM, 2002"], "Wenwu Lou": ["Efficient prediction of web accesses on a proxy server., CIKM, 2002"], "Hongjun Lu": ["Efficient prediction of web accesses on a proxy server., CIKM, 2002"], "Khalil Amiri": ["A self-managing data cache for edge-of-network web applications., CIKM, 2002"], "Sanghyun Park": ["A self-managing data cache for edge-of-network web applications., CIKM, 2002"], "Renu Tewari": ["A self-managing data cache for edge-of-network web applications., CIKM, 2002"], "Takahiro Hara": ["Cooperative caching by mobile clients in push-based information systems., CIKM, 2002"], "Ayman Farahat": ["AuGEAS: authoritativeness grading, estimation, and sorting., CIKM, 2002"], "Geoffrey Nunberg": ["AuGEAS: authoritativeness grading, estimation, and sorting., CIKM, 2002"], "Francine Chen": ["AuGEAS: authoritativeness grading, estimation, and sorting., CIKM, 2002", "Topic-based document segmentation with probabilistic latent semantic analysis., CIKM, 2002"], "Binyamin Rosenfeld": ["Structural extraction from visual layout of documents., CIKM, 2002"], "Ronen Feldman": ["Structural extraction from visual layout of documents., CIKM, 2002"], "Yonatan Aumann": ["Structural extraction from visual layout of documents., CIKM, 2002"], "Thorsten Brants": ["Topic-based document segmentation with probabilistic latent semantic analysis., CIKM, 2002"], "Ioannis Tsochantaridis": ["Topic-based document segmentation with probabilistic latent semantic analysis., CIKM, 2002"], "Caetano Traina Jr.": ["How to improve the pruning ability of dynamic metric access methods., CIKM, 2002"], "Agma J. M. Traina": ["How to improve the pruning ability of dynamic metric access methods., CIKM, 2002"], "Roberto F. Santos Filho": ["How to improve the pruning ability of dynamic metric access methods., CIKM, 2002"], "Yangjun Chen": ["On the efficient evaluation of relaxed queries in biological databases., CIKM, 2002"], "Dunren Che": ["On the efficient evaluation of relaxed queries in biological databases., CIKM, 2002"], "Karl Aberer": ["On the efficient evaluation of relaxed queries in biological databases., CIKM, 2002"], "A. Prasad Sistla": ["Similarity based retrieval from sequence databases using automata as queries., CIKM, 2002"], "Tao Hu": ["Similarity based retrieval from sequence databases using automata as queries., CIKM, 2002"], "Vikas Chowdhry": ["Similarity based retrieval from sequence databases using automata as queries., CIKM, 2002"], "James W. Cooper": ["Detecting similar documents using salient terms., CIKM, 2002"], "Anni Coden": ["Detecting similar documents using salient terms., CIKM, 2002"], "Eric W. Brown": ["Detecting similar documents using salient terms., CIKM, 2002"], "Warren R. Greiff": ["The role of variance in term weighting for probabilistic information retrieval., CIKM, 2002"], "William T. Morgan": ["The role of variance in term weighting for probabilistic information retrieval., CIKM, 2002"], "Jay M. Ponte": ["The role of variance in term weighting for probabilistic information retrieval., CIKM, 2002"], "Peter Bruza": ["Inferring query models by computing information flow., CIKM, 2002"], "Dawei Song": ["Inferring query models by computing information flow., CIKM, 2002"], "Sihem Amer-Yahia": ["Logical and physical support for heterogeneous data., CIKM, 2002"], "Mary F. Fern\u00e1ndez": ["Logical and physical support for heterogeneous data., CIKM, 2002"], "Rick Greer": ["Logical and physical support for heterogeneous data., CIKM, 2002"], "Divesh Srivastava": ["Logical and physical support for heterogeneous data., CIKM, 2002"], "Dongwon Lee": ["NeT & CoT: translating relational schemas to XML schemas using semantic constraints., CIKM, 2002"], "Murali Mani": ["NeT & CoT: translating relational schemas to XML schemas using semantic constraints., CIKM, 2002"], "Frank Chiu": ["NeT & CoT: translating relational schemas to XML schemas using semantic constraints., CIKM, 2002"], "Wesley W. Chu": ["NeT & CoT: translating relational schemas to XML schemas using semantic constraints., CIKM, 2002"], "Liang Huai Yang": ["XClust: clustering XML schemas for effective integration., CIKM, 2002"], "Xia Yang": ["XClust: clustering XML schemas for effective integration., CIKM, 2002"], "Vana Kalogeraki": ["A local search mechanism for peer-to-peer networks., CIKM, 2002"], "Dimitrios Gunopulos": ["A local search mechanism for peer-to-peer networks., CIKM, 2002"], "Demetrios Zeinalipour-Yazti": ["A local search mechanism for peer-to-peer networks., CIKM, 2002"], "Yugyung Lee": ["Intelligent knowledge discovery in peer-to-peer file sharing., CIKM, 2002"], "Changgyu Oh": ["Intelligent knowledge discovery in peer-to-peer file sharing., CIKM, 2002"], "Eun Kyo Park": ["Intelligent knowledge discovery in peer-to-peer file sharing., CIKM, 2002"], "Won-Young Kim": ["Partial rollback in object-oriented/object-relational database management systems., CIKM, 2002"], "Kyu-Young Whang": ["Partial rollback in object-oriented/object-relational database management systems., CIKM, 2002"], "Byung Suk Lee": ["Partial rollback in object-oriented/object-relational database management systems., CIKM, 2002"], "Young-Koo Lee": ["Partial rollback in object-oriented/object-relational database management systems., CIKM, 2002"], "Ji-Woong Chang": ["Partial rollback in object-oriented/object-relational database management systems., CIKM, 2002"], "Falk Scholer": ["Query association for effective retrieval., CIKM, 2002"], "Hugh E. Williams": ["Query association for effective retrieval., CIKM, 2002", "Strategies for minimising errors in hierarchical web categorisation., CIKM, 2002"], "Jie Lu": ["Pruning long documents for distributed information retrieval., CIKM, 2002"], "James P. Callan": ["Pruning long documents for distributed information retrieval., CIKM, 2002", "A language modeling framework for resource selection and results merging., CIKM, 2002", "Knowledge-based extraction of named entities., CIKM, 2002"], "Mohammed Aljlayl": ["On arabic search: improving the retrieval effectiveness via a light stemming approach., CIKM, 2002"], "Yan Liu": ["Boosting to correct inductive bias in text classification., CIKM, 2002"], "Yiming Yang": ["Boosting to correct inductive bias in text classification., CIKM, 2002", "High-performing feature selection for text classification., CIKM, 2002"], "Jaime G. Carbonell": ["Boosting to correct inductive bias in text classification., CIKM, 2002"], "Mukund Deshpande": ["Using conjunction of attribute values for classification., CIKM, 2002"], "George Karypis": ["Using conjunction of attribute values for classification., CIKM, 2002", "Evaluation of hierarchical clustering algorithms for document datasets., CIKM, 2002"], "Mao Chen": ["Categorizing information objects from user access patterns., CIKM, 2002"], "Andrea S. LaPaugh": ["Categorizing information objects from user access patterns., CIKM, 2002"], "Jaswinder Pal Singh": ["Categorizing information objects from user access patterns., CIKM, 2002"], "Maria Zemankova": ["Knowledge and information management: Is it possible to do interesting and important research, get funded, be useful and appreciated?, CIKM, 2002"], "Xiaoyong Liu": ["Passage retrieval based on language models., CIKM, 2002"], "W. Bruce Croft": ["Passage retrieval based on language models., CIKM, 2002", "Features of documents relevant to task- and fact-oriented questions., CIKM, 2002"], "Ramesh Nallapati": ["Capturing term dependencies using a language model based on sentence trees., CIKM, 2002"], "James Allan": ["Capturing term dependencies using a language model based on sentence trees., CIKM, 2002"], "Luo Si": ["A language modeling framework for resource selection and results merging., CIKM, 2002"], "Rong Jin": ["A language modeling framework for resource selection and results merging., CIKM, 2002"], "Paul Ogilvie": ["A language modeling framework for resource selection and results merging., CIKM, 2002"], "Alexandros Nanopoulos": ["An efficient and effective algorithm for density biased sampling., CIKM, 2002"], "Yannis Manolopoulos": ["An efficient and effective algorithm for density biased sampling., CIKM, 2002"], "Yannis Theodoridis": ["An efficient and effective algorithm for density biased sampling., CIKM, 2002"], "Jia-Yu Pan": ["\"GeoPlot\": spatial data mining on video libraries., CIKM, 2002"], "Hongjun Zhu": ["Trajectory queries and octagons in moving object databases., CIKM, 2002"], "Jianwen Su": ["Trajectory queries and octagons in moving object databases., CIKM, 2002"], "Oscar H. Ibarra": ["Trajectory queries and octagons in moving object databases., CIKM, 2002"], "Jia-Lien Hsu": ["The effectiveness study of various music information retrieval approaches., CIKM, 2002"], "Arbee L. P. Chen": ["The effectiveness study of various music information retrieval approaches., CIKM, 2002"], "Hung-Chen Chen": ["The effectiveness study of various music information retrieval approaches., CIKM, 2002"], "Ning-Han Liu": ["The effectiveness study of various music information retrieval approaches., CIKM, 2002"], "Jeremy Pickens": ["Harmonic models for polyphonic music retrieval., CIKM, 2002"], "Tim Crawford": ["Harmonic models for polyphonic music retrieval., CIKM, 2002"], "Chih-Chin Liu": ["A singer identification technique for content-based classification of MP3 music objects., CIKM, 2002"], "Chuan-Sung Huang": ["A singer identification technique for content-based classification of MP3 music objects., CIKM, 2002"], "Yi Chen": ["XKvalidator: a constraint validator for XML., CIKM, 2002"], "Susan B. Davidson": ["XKvalidator: a constraint validator for XML., CIKM, 2002"], "Yifeng Zheng": ["XKvalidator: a constraint validator for XML., CIKM, 2002"], "G\u00f6sta Grahne": ["Discovering approximate keys in XML data., CIKM, 2002"], "Jianfei Zhu": ["Discovering approximate keys in XML data., CIKM, 2002"], "Urvi Shah": ["Information retrieval on the semantic web., CIKM, 2002"], "Timothy W. Finin": ["Information retrieval on the semantic web., CIKM, 2002"], "Anupam Joshi": ["Information retrieval on the semantic web., CIKM, 2002"], "Lin Qiao": ["RHist: adaptive summarization over continuous data streams., CIKM, 2002"], "Divyakant Agrawal": ["RHist: adaptive summarization over continuous data streams., CIKM, 2002"], "Amr El Abbadi": ["RHist: adaptive summarization over continuous data streams., CIKM, 2002"], "Kun-Lung Wu": ["Efficient query monitoring using adaptive multiple key hashing., CIKM, 2002"], "Philip S. Yu": ["Efficient query monitoring using adaptive multiple key hashing., CIKM, 2002"], "Like Gao": ["Evaluating continuous nearest neighbor queries for streaming time series via pre-fetching., CIKM, 2002"], "Zhengrong Yao": ["Evaluating continuous nearest neighbor queries for streaming time series via pre-fetching., CIKM, 2002"], "Xiaoyang Sean Wang": ["Evaluating continuous nearest neighbor queries for streaming time series via pre-fetching., CIKM, 2002"], "Masahiro Motoyoshi": ["Mining temporal classes from time series data., CIKM, 2002"], "Takao Miura": ["Mining temporal classes from time series data., CIKM, 2002"], "Kohei Watanabe": ["Mining temporal classes from time series data., CIKM, 2002"], "Yitong Wang": ["Evaluating contents-link coupled web page clustering for web search results., CIKM, 2002"], "Masaru Kitsuregawa": ["Evaluating contents-link coupled web page clustering for web search results., CIKM, 2002"], "Eric J. Glover": ["Inferring hierarchical descriptions., CIKM, 2002"], "David M. Pennock": ["Inferring hierarchical descriptions., CIKM, 2002"], "Steve Lawrence": ["Inferring hierarchical descriptions., CIKM, 2002"], "Robert Krovetz": ["Inferring hierarchical descriptions., CIKM, 2002"], "Ying Zhao": ["Evaluation of hierarchical clustering algorithms for document datasets., CIKM, 2002"], "Wahyu Wibowo": ["Strategies for minimising errors in hierarchical web categorisation., CIKM, 2002"], "Teruko Mitamura": ["Knowledge-based extraction of named entities., CIKM, 2002"], "Mark H. Montague": ["Condorcet fusion for improved retrieval., CIKM, 2002"], "Javed A. Aslam": ["Condorcet fusion for improved retrieval., CIKM, 2002"], "Yen-Yu Chen": ["I/O-efficient techniques for computing pagerank., CIKM, 2002"], "Qingqing Gan": ["I/O-efficient techniques for computing pagerank., CIKM, 2002"], "Torsten Suel": ["I/O-efficient techniques for computing pagerank., CIKM, 2002"], "Fang Liu": ["Personalized web search by mapping user queries to categories., CIKM, 2002"], "Clement T. Yu": ["Personalized web search by mapping user queries to categories., CIKM, 2002", "Discovering the representative of a search engine., CIKM, 2002"], "Weiyi Meng": ["Personalized web search by mapping user queries to categories., CIKM, 2002", "Discovering the representative of a search engine., CIKM, 2002"], "Xiaoli Li": ["Using micro information units for internet search., CIKM, 2002"], "Tong-Heng Phang": ["Using micro information units for internet search., CIKM, 2002"], "Minqing Hu": ["Using micro information units for internet search., CIKM, 2002"], "Bing Liu": ["Using micro information units for internet search., CIKM, 2002"], "Hung-Yu Kao": ["Entropy-based link analysis for mining web informative structures., CIKM, 2002"], "Ming-Syan Chen": ["Entropy-based link analysis for mining web informative structures., CIKM, 2002", "A new cache replacement algorithm for the integration of web caching and prefectching., CIKM, 2002"], "Shian-Hua Lin": ["Entropy-based link analysis for mining web informative structures., CIKM, 2002"], "Jan-Ming Ho": ["Entropy-based link analysis for mining web informative structures., CIKM, 2002"], "Daniel Barbar\u00e1": ["COOLCAT: an entropy-based algorithm for categorical clustering., CIKM, 2002"], "Yi Li": ["COOLCAT: an entropy-based algorithm for categorical clustering., CIKM, 2002"], "Julia Couto": ["COOLCAT: an entropy-based algorithm for categorical clustering., CIKM, 2002"], "Carlos Ordonez": ["FREM: fast and robust EM clustering for large data sets., CIKM, 2002"], "Edward Omiecinski": ["FREM: fast and robust EM clustering for large data sets., CIKM, 2002"], "Greg Hamerly": ["Alternatives to the k-means algorithm that find better clusterings., CIKM, 2002"], "Charles Elkan": ["Alternatives to the k-means algorithm that find better clusterings., CIKM, 2002"], "Christina Yip Chung": ["Thematic mapping - from unstructured documents to taxonomies., CIKM, 2002"], "Raymond Lieu": ["Thematic mapping - from unstructured documents to taxonomies., CIKM, 2002"], "Jinhui Liu": ["Thematic mapping - from unstructured documents to taxonomies., CIKM, 2002"], "Alpha K. Luk": ["Thematic mapping - from unstructured documents to taxonomies., CIKM, 2002"], "Jianchang Mao": ["Thematic mapping - from unstructured documents to taxonomies., CIKM, 2002"], "Prabhakar Raghavan": ["Thematic mapping - from unstructured documents to taxonomies., CIKM, 2002"], "David Avant": ["Semantic technology applications for homeland security., CIKM, 2002"], "M. Baum": ["Semantic technology applications for homeland security., CIKM, 2002"], "Clemens Bertram": ["Semantic technology applications for homeland security., CIKM, 2002"], "M. Fisher": ["Semantic technology applications for homeland security., CIKM, 2002"], "Amit P. Sheth": ["Semantic technology applications for homeland security., CIKM, 2002"], "Yashodhan S. Warke": ["Semantic technology applications for homeland security., CIKM, 2002"], "David Loshin": ["Rule-based data quality., CIKM, 2002"], "Xiangji Huang": ["Comparison of interestingness functions for learning web usage patterns., CIKM, 2002"], "Nick Cercone": ["Comparison of interestingness functions for learning web usage patterns., CIKM, 2002"], "Aijun An": ["Comparison of interestingness functions for learning web usage patterns., CIKM, 2002"], "Kiam Choo": ["The verity federated infrastructure., CIKM, 2002"], "Rajat Mukherjee": ["The verity federated infrastructure., CIKM, 2002"], "Rami Smair": ["The verity federated infrastructure., CIKM, 2002"], "Wei Zhang": ["The verity federated infrastructure., CIKM, 2002"], "Said Elnaffar": ["Automatically classifying database workloads., CIKM, 2002"], "T. Patrick Martin": ["Automatically classifying database workloads., CIKM, 2002"], "Randy Horman": ["Automatically classifying database workloads., CIKM, 2002"], "Eugene Inseok Chong": ["A mapping mechanism to support bitmap index and other auxiliary structures on tables stored as primary B\u00b1trees., CIKM, 2002"], "Jagannathan Srinivasan": ["A mapping mechanism to support bitmap index and other auxiliary structures on tables stored as primary B\u00b1trees., CIKM, 2002"], "Souripriya Das": ["A mapping mechanism to support bitmap index and other auxiliary structures on tables stored as primary B\u00b1trees., CIKM, 2002"], "Chuck Freiwald": ["A mapping mechanism to support bitmap index and other auxiliary structures on tables stored as primary B\u00b1trees., CIKM, 2002"], "Aravind Yalamanchi": ["A mapping mechanism to support bitmap index and other auxiliary structures on tables stored as primary B\u00b1trees., CIKM, 2002"], "Mahesh Jagannath": ["A mapping mechanism to support bitmap index and other auxiliary structures on tables stored as primary B\u00b1trees., CIKM, 2002"], "Anh-Tuan Tran": ["A mapping mechanism to support bitmap index and other auxiliary structures on tables stored as primary B\u00b1trees., CIKM, 2002"], "Ramkumar Krishnan": ["A mapping mechanism to support bitmap index and other auxiliary structures on tables stored as primary B\u00b1trees., CIKM, 2002"], "Richard Jiang": ["A mapping mechanism to support bitmap index and other auxiliary structures on tables stored as primary B\u00b1trees., CIKM, 2002"], "M. Brian Blake": ["Using specification-driven concepts for distributed data management and dissemination., CIKM, 2002"], "Cheng-Yue Chang": ["A new cache replacement algorithm for the integration of web caching and prefectching., CIKM, 2002"], "Federica Mandreoli": ["A syntactic approach for searching similarities within sentences., CIKM, 2002"], "Riccardo Martoglia": ["A syntactic approach for searching similarities within sentences., CIKM, 2002"], "Paolo Tiberio": ["A syntactic approach for searching similarities within sentences., CIKM, 2002"], "Sudeshna Adak": ["A system for knowledge management in bioinformatics., CIKM, 2002"], "Vishal S. Batra": ["A system for knowledge management in bioinformatics., CIKM, 2002"], "Deo N. Bhardwaj": ["A system for knowledge management in bioinformatics., CIKM, 2002"], "Pasumarti V. Kamesam": ["A system for knowledge management in bioinformatics., CIKM, 2002"], "Pankaj Kankar": ["A system for knowledge management in bioinformatics., CIKM, 2002"], "Manish P. Kurhekar": ["A system for knowledge management in bioinformatics., CIKM, 2002"], "Biplav Srivastava": ["A system for knowledge management in bioinformatics., CIKM, 2002"], "Bin Yu": ["An agent-based approach to knowledge management., CIKM, 2002"], "Munindar P. Singh": ["An agent-based approach to knowledge management., CIKM, 2002"], "Diane Kelly": ["Features of documents relevant to task- and fact-oriented questions., CIKM, 2002"], "Xiaojun Yuan": ["Features of documents relevant to task- and fact-oriented questions., CIKM, 2002"], "Nicholas J. Belkin": ["Features of documents relevant to task- and fact-oriented questions., CIKM, 2002"], "Vanessa Murdock": ["Features of documents relevant to task- and fact-oriented questions., CIKM, 2002"], "Shengli Wu": ["Data fusion with estimated weights., CIKM, 2002"], "Fabio Crestani": ["Data fusion with estimated weights., CIKM, 2002"], "King-Lup Liu": ["Discovering the representative of a search engine., CIKM, 2002"], "Henrique Paques": ["Ginga: a self-adaptive query processing system., CIKM, 2002"], "Ling Liu": ["Ginga: a self-adaptive query processing system., CIKM, 2002"], "Calton Pu": ["Ginga: a self-adaptive query processing system., CIKM, 2002"], "Monica Rogati": ["High-performing feature selection for text classification., CIKM, 2002"], "Norbert Fuhr": ["Index compression vs. retrieval time of inverted files for XML documents., CIKM, 2002"], "Norbert G\u00f6vert": ["Index compression vs. retrieval time of inverted files for XML documents., CIKM, 2002"], "W. Scott Spangler": ["Interactive methods for taxonomy editing and validation., CIKM, 2002"], "Jeffrey T. Kreulen": ["Interactive methods for taxonomy editing and validation., CIKM, 2002"], "Kanagasabai Rajaraman": ["Knowledge discovery from texts: a concept frame graph approach., CIKM, 2002"], "Ah-Hwee Tan": ["Knowledge discovery from texts: a concept frame graph approach., CIKM, 2002"], "Konstantinos Markellos": ["Knowledge discovery in patent databases., CIKM, 2002"], "Katerina Perdikuri": ["Knowledge discovery in patent databases., CIKM, 2002"], "Penelope Markellou": ["Knowledge discovery in patent databases., CIKM, 2002"], "Spiros Sirmakessis": ["Knowledge discovery in patent databases., CIKM, 2002"], "George Mayritsakis": ["Knowledge discovery in patent databases., CIKM, 2002"], "Athanasios K. Tsakalidis": ["Knowledge discovery in patent databases., CIKM, 2002"], "Juliano Palmieri Lage": ["Web-DL: an experience in building digital libraries from the web., CIKM, 2002"], "Davi de Castro Reis": ["Web-DL: an experience in building digital libraries from the web., CIKM, 2002"], "Pablo A. Roberto": ["Web-DL: an experience in building digital libraries from the web., CIKM, 2002"], "Monique V. Vieira": ["Web-DL: an experience in building digital libraries from the web., CIKM, 2002"], "Marcos Andr\u00e9 Gon\u00e7alves": ["Web-DL: an experience in building digital libraries from the web., CIKM, 2002"], "Edward A. Fox": ["Web-DL: an experience in building digital libraries from the web., CIKM, 2002"], "Zaiqing Nie": ["Mining coverage statistics for websource selection in a mediator., CIKM, 2002"], "Ullas Nambiar": ["Mining coverage statistics for websource selection in a mediator., CIKM, 2002"], "Sreelakshmi Vaddi": ["Mining coverage statistics for websource selection in a mediator., CIKM, 2002"], "Subbarao Kambhampati": ["Mining coverage statistics for websource selection in a mediator., CIKM, 2002"], "Un Yong Nahm": ["Mining soft-matching association rules., CIKM, 2002"], "Raymond J. Mooney": ["Mining soft-matching association rules., CIKM, 2002"], "Eric C. Jensen": ["Parallelizing the buckshot algorithm for efficient document clustering., CIKM, 2002"], "Steven M. Beitzel": ["Parallelizing the buckshot algorithm for efficient document clustering., CIKM, 2002"], "Angelo J. Pilotto": ["Parallelizing the buckshot algorithm for efficient document clustering., CIKM, 2002"], "Nazli Goharian": ["Parallelizing the buckshot algorithm for efficient document clustering., CIKM, 2002"]}