{"Ralph D. Semmel": ["Discovering Context in a Conceptual Schema., CIKM, 1992"], "Ramesh Jain": ["An Interactive Image Management System for Face Information Retrieval., CIKM, 1992"], "M. Erol Arkun": ["Queries in Object-Oriented Database Systems., CIKM, 1992"], "Bruno Defude": ["Consistency Checking in Object Oriented Databases: a Behavioral Approach., CIKM, 1992"], "Michele Missikoff": ["Integrity Constraints Representation in Object-Oriented Databases., CIKM, 1992"], "Kia Makki": ["A Framework for Temporal Object Databases., CIKM, 1992"], "Arcot Rajasekar": ["Inductive Dependencies and Approximate Databases., CIKM, 1992"], "E. K. Park": ["Object-Oriented Database Design Methodologies: A Survey., CIKM, 1992"]}