{"Rakesh Agrawal": ["Humane data mining., CIKM, 2008"], "Guy M. Lohman": ["Dynamic faceted search for discovery-driven analysis., CIKM, 2008"], "Mukesh K. Mohania": ["Minimum-effort driven dynamic faceted search in structured databases., CIKM, 2008", "Efficient techniques for document sanitization., CIKM, 2008"], "Stefania Ronchi": ["A language for manipulating clustered web documents results., CIKM, 2008"], "Kevin Chen-Chuan Chang": ["Integrating web query results: holistic schema matching., CIKM, 2008"], "Thorsten Joachims": ["How does clickthrough data reflect retrieval quality?, CIKM, 2008"], "Nick Craswell": ["Efficient and effective link analysis with precomputed salsa maps., CIKM, 2008"], "Xiaoming Li": ["Achieving both high precision and high recall in near-duplicate detection., CIKM, 2008"], "Ji-Rong Wen": ["Are click-through data adequate for learning web search rankings?, CIKM, 2008", "Can phrase indexing help to process non-phrase queries?, CIKM, 2008", "Scalable community discovery on textual data with relations., CIKM, 2008", "Closing the loop in webpage understanding., CIKM, 2008", "Pattern-based semantic class discovery with multi-membership support., CIKM, 2008"], "C. Lee Giles": ["Error-driven generalist+experts (edge): a multi-stage ensemble framework for text categorization., CIKM, 2008", "A sparse gaussian processes classification framework for fast tag suggestions., CIKM, 2008", "Real-time data pre-processing technique for efficient feature extraction in large scale datasets., CIKM, 2008", "Identifying table boundaries in digital documents via sparse line detection., CIKM, 2008", "Metadata extraction and indexing for map search in web documents., CIKM, 2008", "Measuring user preference changes in digital libraries., CIKM, 2008"], "Qing He": ["Transfer learning from multiple source domains via consensus regularization., CIKM, 2008"], "Robert Mao": ["Classifying networked entities with modularity kernels., CIKM, 2008"], "Lyle H. Ungar": ["Web-scale named entity recognition., CIKM, 2008", "Using sequence classification for filtering web pages., CIKM, 2008"], "Karthik Visweswariah": ["Semi-automated logging of contact center telephone calls., CIKM, 2008"], "Xing Wei": ["MedSearch: a specialized search engine for medical information retrieval., CIKM, 2008"], "Roger B. Bradford": ["An empirical study of required dimensionality for large-scale latent semantic indexing applications., CIKM, 2008"], "Philip S. Yu": ["Content-based filtering for efficient online materialized view maintenance., CIKM, 2008", "Real-time new event detection for video streams., CIKM, 2008", "Dual encryption for query integrity assurance., CIKM, 2008"], "Yisheng Dong": ["A step towards incremental maintenance of the composed schema mapping., CIKM, 2008"], "Kamesh Munagala": ["Modeling and exploiting query interactions in database systems., CIKM, 2008"], "Caetano Traina Jr.": ["A novel optimization approach to efficiently process aggregate similarity queries in metric access methods., CIKM, 2008"], "Raluca Paiu": ["Can all tags be used for search?, CIKM, 2008"], "Simone Teufel": ["Comparing citation contexts for information retrieval., CIKM, 2008"], "Dinan Gunawardena": ["Social tags: meaning and suggestions., CIKM, 2008"], "Irwin King": ["Mining social networks using heat diffusion processes for marketing candidates selection., CIKM, 2008", "SoRec: social recommendation using probabilistic matrix factorization., CIKM, 2008", "Semi-supervised text categorization by active search., CIKM, 2008"], "Wagner Meira Jr.": ["Exploiting temporal contexts in text classification., CIKM, 2008"], "Alessandro Moschitti": ["Kernel methods, syntax and semantics for relational text categorization., CIKM, 2008"], "George Forman": ["BNS feature scaling: an improved representation over tf-idf for svm text classification., CIKM, 2008"], "Charles Elkan": ["Learning a two-stage SVM/CRF sequence classifier., CIKM, 2008"], "Li-Tal Mashiach": ["Local approximation of pagerank and reverse pagerank., CIKM, 2008"], "Ying Xu": ["Link privacy in social networks., CIKM, 2008"], "Jiawei Han": ["On effective presentation of graph patterns: a structural representative approach., CIKM, 2008"], "Kai Yi": ["Characterizing and predicting community members from evolutionary and heterogeneous networks., CIKM, 2008"], "Johan Bollen": ["An algorithm to determine peer-reviewers., CIKM, 2008"], "Ophir Frieder": ["Spam characterization and detection in peer-to-peer file-sharing systems., CIKM, 2008", "Adaptive distributed indexing for structured peer-to-peer networks., CIKM, 2008"], "Calton Pu": ["Predicting web spam with HTTP session information., CIKM, 2008"], "Neel Sundaresan": ["Inferring semantic query relations from collective user behavior., CIKM, 2008"], "Christian A. Lang": ["Anomaly-free incremental output in stream processing., CIKM, 2008"], "Venkatesh Raghavan": ["SNIF TOOL: sniffing for patterns in continuous streams., CIKM, 2008"], "Carlo Sartiani": ["Linear time membership in a class of regular expressions with interleaving and counting., CIKM, 2008"], "Donald Metzler": ["Generalized inverse document frequency., CIKM, 2008"], "Derrick Coetzee": ["TinyLex: static n-gram index pruning with perfect recall., CIKM, 2008"], "Mark Baillie": ["Revisiting the relationship between document length and relevance., CIKM, 2008"], "Guihong Cao": ["Relating dependent indexes using dempster-shafer theory., CIKM, 2008"], "Ricardo A. Baeza-Yates": ["Improved query difficulty prediction for the web., CIKM, 2008"], "Eric Horvitz": ["Understanding the relationship between searchers' queries and information goals., CIKM, 2008"], "Ram Akella": ["Active relevance feedback for difficult queries., CIKM, 2008"], "Kenneth Ward Church": ["Query suggestion using hitting time., CIKM, 2008"], "ChengXiang Zhai": ["Mining term association patterns from search logs for effective query reformulation., CIKM, 2008"], "Maarten de Rijke": ["Non-local evidence for expert finding., CIKM, 2008"], "Laks V. S. Lakshmanan": ["Discovering leaders from community actions., CIKM, 2008"], "Ian H. Witten": ["Learning to link with wikipedia., CIKM, 2008"], "Pedro M. Domingos": ["Markov logic: a unifying language for knowledge and information management., CIKM, 2008"], "Srinivasan Venkatesh": ["Rewriting of visibly pushdown languages for xml data integration., CIKM, 2008"], "Calisto Zuzarte": ["Some rewrite optimizations of DB2 XQuery navigation., CIKM, 2008"], "Emmanuel Waller": ["Pruning nested XQuery queries., CIKM, 2008"], "Timos K. Sellis": ["A heuristic approach for checking containment of generalized tree-pattern queries., CIKM, 2008"], "Vishwa Vinay": ["Retrievability: an evaluation measure for higher order information access tasks., CIKM, 2008"], "Justin Zobel": ["Statistical power in retrieval experimentation., CIKM, 2008"], "Tetsuya Sakai": ["Comparing metrics across TREC and NTCIR: the robustness to system bias., CIKM, 2008"], "Juting Zhai": ["How evaluator domain expertise affects search result relevance judgments., CIKM, 2008"], "Nikos Anerousis": ["Clustered subset selection and its applications on it service metrics., CIKM, 2008"], "Sebastiano Vigna": ["The query-flow graph: model and applications., CIKM, 2008"], "Feng Chen": ["A framework for estimating complex probability density structures in data streams., CIKM, 2008"], "Jaime G. Carbonell": ["Proactive learning: cost-sensitive active learning with multiple imperfect oracles., CIKM, 2008", "Corpus microsurgery: criteria optimization for medical cross-language ir., CIKM, 2008", "Suppressing outliers in pairwise preference ranking., CIKM, 2008"], "Robert S. Bauer": ["E-discovery., CIKM, 2008"], "Victor Munt\u00e9s-Mulero": ["Exploiting pipeline interruptions for efficient memory allocation., CIKM, 2008"], "Chris Upton": ["A new method for indexing genomes using on-disk suffix trees., CIKM, 2008"], "Eugene J. Shekita": ["Supporting sub-document updates and queries in an inverted index., CIKM, 2008"], "Kai Li": ["Modeling LSH for performance tuning., CIKM, 2008"], "Gerhard Weikum": ["Matching task profiles and user needs in personalized web search., CIKM, 2008"], "Kristina Lisa Klinkner": ["Beyond the session timeout: automatic hierarchical segmentation of search topics in query logs., CIKM, 2008"], "Michael R. Lyu": ["Learning latent semantic relations from clickthrough data for query suggestion., CIKM, 2008"], "Enrique Henestroza": ["Simultaneous multilingual search for translingual information retrieval., CIKM, 2008"], "Dan Wu": ["Translation enhancement: a new relevance feedback method for cross-language information retrieval., CIKM, 2008"], "Sylvie Philipp-Foliguet": ["High-dimensional descriptor indexing for large multimedia databases., CIKM, 2008"], "Steven Hand": ["On low dimensional random projections and similarity search., CIKM, 2008"], "Christos Faloutsos": ["Fast mining of complex time-stamped events., CIKM, 2008"], "Albert-L\u00e1szl\u00f3 Barab\u00e1si": ["Predicting individual disease risk based on medical history., CIKM, 2008"], "Satyasaibabu Chilukuri": ["Identification of gene function using prediction by partial matching (PPM) language models., CIKM, 2008"], "Nematollaah Shiri": ["Fast correlation analysis on time series datasets., CIKM, 2008", "Polyhedral transformation for indexed rank order correlation queries., CIKM, 2008"], "Wolfgang Nejdl": ["Wildcards for lightweight information integration in virtual desktops., CIKM, 2008", "A densitometric approach to web page segmentation., CIKM, 2008"], "Eufemia Tinelli": ["Finding informative commonalities in concept collections., CIKM, 2008"], "Shojiro Nishio": ["Association thesaurus construction methods based on link co-occurrence analysis for wikipedia., CIKM, 2008"], "Klemens B\u00f6hm": ["Peer production of structured knowledge -: an empirical study of ratings and incentive mechanisms., CIKM, 2008"], "Andrew Tomkins": ["Vanity fair: privacy in querylog bundles., CIKM, 2008"], "Frank Wm. Tompa": ["Records retention in relational database systems., CIKM, 2008"], "James Allan": ["Joke retrieval: recognizing the same joke told differently., CIKM, 2008", "Cross-document cross-lingual coreference retrieval., CIKM, 2008", "Evaluating topic models for information retrieval., CIKM, 2008"], "Gene Golovchinsky": ["Ranked feature fusion models for ad hoc retrieval., CIKM, 2008"], "Hongbo Xu": ["AdaSum: an adaptive model for summarization., CIKM, 2008"], "Chengxiang Zhai": ["Modeling hidden topics on document manifold., CIKM, 2008"], "Yong Yu": ["Tapping on the potential of q&a community by recommending answer providers., CIKM, 2008", "Boosting social annotations using propagation., CIKM, 2008"], "Yi Zhang": ["Probabilistic polyadic factorization and its application to personalized recommendation., CIKM, 2008"], "St\u00e9phane Bressan": ["A random walk on the red carpet: rating movies with user reviews and pagerank., CIKM, 2008"], "Wei Wang": ["REDUS: finding reducible subspaces in high dimensional data., CIKM, 2008"], "James Bailey": ["Mining influential attributes that capture class and group contrast behaviour., CIKM, 2008"], "Jun Huan": ["Structure feature selection for graph classification., CIKM, 2008"], "Igor Perisic": ["The social (open) workspace., CIKM, 2008"], "W. Bruce Croft": ["Unsolved problems in search: (and how we approach them)., CIKM, 2008", "Blog site search using resource selection., CIKM, 2008"], "Vassilis Plachouras": ["To swing or not to swing: learning when (not) to advertise., CIKM, 2008"], "Lance Riedel": ["Search advertising using web relevance feedback., CIKM, 2008"], "Raymond Y. K. Lau": ["A two-stage text mining model for information filtering., CIKM, 2008"], "Shaoping Ma": ["Automatic online news topic ranking using media focus and user attention based on aging theory., CIKM, 2008"], "Iadh Ounis": ["Key blog distillation: ranking aggregates., CIKM, 2008", "An effective statistical approach to blog post opinion retrieval., CIKM, 2008"], "Bamshad Mobasher": ["A consensus based approach to constrained clustering of software requirements., CIKM, 2008"], "Martin Scholz": ["Data weaving: scaling up the state-of-the-art in data clustering., CIKM, 2008"], "Thomas Seidl": ["EDSC: efficient density-based subspace clustering., CIKM, 2008"], "Raj Bhatnagar": ["An effective algorithm for mining 3-clusters in vertically partitioned data., CIKM, 2008", "Detecting significant distinguishing sets among bi-clusters., CIKM, 2008"], "Geneva G. Belford": ["Multi-aspect expertise matching for review assignment., CIKM, 2008"], "Aristides Gionis": ["Dr. Searcher and Mr. Browser: a unified hyperlink-click graph., CIKM, 2008", "Searching the wikipedia with contextual information., CIKM, 2008"], "Djoerd Hiemstra": ["Modeling multi-step relevance propagation for expert finding., CIKM, 2008"], "Belle L. Tseng": ["Trada: tree based ranking function adaptation., CIKM, 2008"], "Mounia Lalmas": ["Structural relevance: a common basis for the evaluation of structured document retrieval., CIKM, 2008"], "Jamie Callan": ["A generative retrieval model for structured documents., CIKM, 2008"], "Marius Pasca": ["Using structured text for large-scale attribute extraction., CIKM, 2008"], "Ganesh Ramakrishnan": ["Identification of class specific discourse patterns., CIKM, 2008"], "Bin Ma": ["Information shared by many objects., CIKM, 2008"], "Evan Kirshenbaum": ["Extremely fast text feature extraction for classification and indexing., CIKM, 2008"], "Wang-Chien Lee": ["Valid scope computation for location-dependent spatial query in mobile broadcast environments., CIKM, 2008"], "Kjetil N\u00f8rv\u00e5g": ["PROQID: partial restarts of queries in distributed databases., CIKM, 2008"], "Andrew Hickl": ["Answering questions with authority., CIKM, 2008"], "Josep-Llu\u00eds Larriba-Pey": ["Cache-aware load balancing for question answering., CIKM, 2008"], "Weiyi Meng": ["A system for finding biological entities that satisfy certain conditions from texts., CIKM, 2008", "Improve the effectiveness of the opinion retrieval and opinion polarity classification., CIKM, 2008"], "William W. Cohen": ["Intra-document structural frequency features for semi-supervised domain adaptation., CIKM, 2008"], "Qiong Luo": ["Academic conference homepage understanding using constrained hierarchical conditional random fields., CIKM, 2008"], "Li Xiong": ["Privacy-preserving data publishing for horizontally partitioned databases., CIKM, 2008"], "Chang Liu": ["CE2: towards a large scale hybrid search engine with integrated ranking support., CIKM, 2008"], "Felix Naumann": ["Scaling up duplicate detection in graph data., CIKM, 2008"], "Baihua Zheng": ["ROAD: an efficient framework for location dependentspatial queries on road networks., CIKM, 2008"], "Matthias F. Stallmann": ["View and index selection for query-performance improvement: quality-centered algorithms and heuristics., CIKM, 2008"], "Junghoo John Cho": ["SQL extension for exploring multiple tables., CIKM, 2008"], "Xiaofeng Meng": ["PBFilter: indexing flash-resident data through partitioned summaries., CIKM, 2008", "Protecting location privacy against location-dependent attack in mobile services., CIKM, 2008"], "Michael Watzke": ["Transaction reordering with application to synchronized scans., CIKM, 2008"], "Gideon Frieder": ["Yizkor books: a voice for the silent past., CIKM, 2008"], "Dan Popovici": ["An approximate string matching approach for handling incorrectly typed urls., CIKM, 2008"], "M. Tamer \u00d6zsu": ["Speed up semantic search in p2p networks., CIKM, 2008"], "Vanja Josifovski": ["A note on search based forecasting of ad volume in contextual advertising., CIKM, 2008"], "Patrick Gallinari": ["An extension of PLSA for document clustering., CIKM, 2008"], "Byron Choi": ["Online spam-blog detection through blog search., CIKM, 2008"], "Jun'ichi Tsujii": ["Nested region algebra extended with variables for tag-annotated text search., CIKM, 2008"], "Alvaro Barreiro": ["Winnowing-based text clustering., CIKM, 2008"], "Nazli Goharian": ["Passage relevance models for genomics search., CIKM, 2008"], "Altigran Soares da Silva": ["Siphon++: a hidden-webcrawler for keyword-based interfaces., CIKM, 2008"], "Khalid Al-Kofahi": ["Investigating external corpus and clickthrough statistics for query expansion in the legal domain., CIKM, 2008"], "Ruwei Dai": ["An integration strategy for mining product features and opinions., CIKM, 2008"], "Bin Wu": ["Overlapping community structure detection in networks., CIKM, 2008"], "Xiaofeng Yu": ["Coreference resolution using expressive logic models., CIKM, 2008"], "Hsin-Hsi Chen": ["A method to predict social annotations., CIKM, 2008"], "Kuntal Dey": ["Large maximal cliques enumeration in sparse graphs., CIKM, 2008"], "Aisling Kelliher": ["Summarization of social activity over time: people, actions and concepts in dynamic networks., CIKM, 2008"], "Iryna Gurevych": ["Using tag semantic network for keyphrase extraction in blogs., CIKM, 2008"], "Diana Santos": ["Handling implicit geographic evidence for geographic ir., CIKM, 2008"], "Fabio Crestani": ["Estimating real-valued characteristics of criminals from their recorded crimes., CIKM, 2008"], "Rong Jin": ["Representative entry selection for profiling blogs., CIKM, 2008"], "Ming-Syan Chen": ["Efficient web matrix processing based on dual reordering., CIKM, 2008", "A novel email abstraction scheme for spam detection., CIKM, 2008"], "Andreas Paepcke": ["Coreex: content extraction from online news articles., CIKM, 2008"], "Beth Brownholtz": ["Tag-based filtering for personalized bookmark recommendations., CIKM, 2008"], "Arbee L. P. Chen": ["Efficient processing of probabilistic spatio-temporal range queries over moving objects., CIKM, 2008"], "Peter M. G. Apers": ["Data degradation: making private data less sensitive over time., CIKM, 2008"], "Peng Liu": ["A light weighted damage tracking quarantine and recovery scheme for mission-critical database systems., CIKM, 2008"], "Timo J. Salo": ["Query optimization in xml-based information integration., CIKM, 2008"], "Roman Schmidt": ["Estimating the number of answers with guarantees for structured queries in p2p databases., CIKM, 2008"], "Dimitri Theodoratos": ["Evaluating partial tree-pattern queries on XML streams., CIKM, 2008"], "Jaehwan John Lee": ["Characterization of TPC-H queries for a column-oriented database on a dual-core amd athlon processor., CIKM, 2008"], "Peter Peltonen": ["Natural language retrieval of grocery products., CIKM, 2008"], "Dawei Song": ["A latent variable model for query expansion using the hidden markov model., CIKM, 2008"], "Franciska de Jong": ["A survey of pre-retrieval query performance predictors., CIKM, 2008"], "Xiangji Huang": ["Modeling document features for expert finding., CIKM, 2008"], "Jagadeesh Jagarlamudi": ["Mining named entity transliteration equivalents from comparable corpora., CIKM, 2008"], "Ingemar J. Cox": ["Estimating retrieval effectiveness using rank distributions., CIKM, 2008"], "Changshui Zhang": ["Semi-supervised ranking aggregation., CIKM, 2008"], "Daniel Krause": ["Ranking in folksonomy systems: can context help?, CIKM, 2008"], "Jun Zhang": ["A novel statistical chinese language model and its application in pinyin-to-character conversion., CIKM, 2008"], "Yihong Gong": ["Integrating clustering and multi-document summarization to improve document understanding., CIKM, 2008"], "Panagiotis G. Ipeirotis": ["Answering general time sensitive queries., CIKM, 2008"], "Wei-Ying Ma": ["Search-based query suggestion., CIKM, 2008"], "Bin Wang": ["Entity-based query reformulation using wikipedia., CIKM, 2008"], "Yalou Huang": ["Group-based learning: a boosting approach., CIKM, 2008"], "Svetlana Strunjas": ["Collaborative partitioning with maximum user satisfaction., CIKM, 2008"], "Young-Koo Lee": ["Efficient frequent pattern mining over data streams., CIKM, 2008"], "Wei Hu": ["GHOST: an effective graph-based framework for name distinction., CIKM, 2008"], "Shlomo Geva": ["Deriving non-redundant approximate association rules from hierarchical datasets., CIKM, 2008"], "Tao Li": ["Semi-supervised metric learning by maximizing constraint margin., CIKM, 2008"], "Amitabha Bagchi": ["On quantifying changes in temporally evolving dataset., CIKM, 2008"], "SeungJin Lim": ["Fast spatial co-location mining without cliqueness checking., CIKM, 2008"], "Michael S. E. Vogeley": ["Decomposition of terminology graphs for domain knowledge acquisition., CIKM, 2008"], "Manuel de Buenaga Rodr\u00edguez": ["In the development of a spanish metamap., CIKM, 2008"], "Reza Sadri": ["Scalable complex pattern search in sequential data., CIKM, 2008"], "Mark Steyvers": ["Combining concept hierarchies and statistical topic models., CIKM, 2008"], "Jeffrey Xu Yu": ["Energy-efficient skyline query processing and maintenance in sensor networks., CIKM, 2008"], "Maria Luisa Sapino": ["Table summarization with the help of domain lattices., CIKM, 2008"], "Wolfgang Lehner": ["Workload-based optimization of integration processes., CIKM, 2008"], "Ryan D. Forbes": ["Re-considering neighborhood-based collaborative filtering parameters in the context of new data., CIKM, 2008"], "Jianguo Lu": ["Efficient estimation of the size of text deep web data source., CIKM, 2008"], "Jes\u00fas Vegas": ["A georeferencing multistage method for locating geographic context in web search., CIKM, 2008"], "Ryoji Kataoka": ["Incorporating place name extents into geo-ir ranking., CIKM, 2008"], "Marko Junkkari": ["The effect of contextualization at different granularity levels in content-oriented xml retrieval., CIKM, 2008"], "Silviu Cucerzan": ["Using the current browsing context to improve search relevance., CIKM, 2008"], "Mohand Boughanem": ["Using a graph-based ontological user profile for personalizing search., CIKM, 2008"], "\u00d6zg\u00fcr Ulusoy": ["Utilization of navigational queries for result presentation and caching in search engines., CIKM, 2008"], "Nick Sillick": ["SHOPSMART: product recommendations through technical specifications and user reviews., CIKM, 2008"], "Natasa Milic-Frayling": ["Trust, authority and popularity in social information retrieval., CIKM, 2008"], "Joydeep Ghosh": ["A spam resistant family of concavo-convex ranks for link analysis., CIKM, 2008"], "Xiaohui Tao": ["Effective pattern taxonomy mining in text documents., CIKM, 2008"], "Kyung Soon Lee": ["Incorporating topical support documents into a small training set in text categorization., CIKM, 2008"], "L. Venkata Subramaniam": ["Exploiting context to detect sensitive information in call center conversations., CIKM, 2008"], "Dor\u00e9e D. Seligmann": ["Multi-scale characterization of social network dynamics in the blogosphere., CIKM, 2008"], "Bo Shao": ["Clustering multi-way data via adaptive subspace iteration., CIKM, 2008"], "Won Suk Lee": ["A coarse-grain grid-based subspace clustering method for online multi-dimensional data streams., CIKM, 2008"], "Ming Dong": ["A matrix-based approach for semi-supervised document co-clustering., CIKM, 2008"], "Bryan Pardo": ["Categorizing blogger's interests based on short snippets of blog posts., CIKM, 2008"]}