{"Ricardo A. Baeza-Yates": ["Block Addressing Indices for Approximate Text Retrieval., CIKM, 1997"], "Gonzalo Navarro": ["Block Addressing Indices for Approximate Text Retrieval., CIKM, 1997"], "James C. French": ["Applications of Approximate Word Matching in Information Retrieval., CIKM, 1997"], "Allison L. Powell": ["Applications of Approximate Word Matching in Information Retrieval., CIKM, 1997"], "Eric Schulman": ["Applications of Approximate Word Matching in Information Retrieval., CIKM, 1997"], "Carol Lundquist": ["Improving Relevance Feedback in the Vector Space Model., CIKM, 1997"], "David A. Grossman": ["Improving Relevance Feedback in the Vector Space Model., CIKM, 1997"], "Ophir Frieder": ["Improving Relevance Feedback in the Vector Space Model., CIKM, 1997"], "Iqbal A. Goralwalla": ["Modeling Temporal Primitives: Back to Basics., CIKM, 1997"], "Yuri Leontiev": ["Modeling Temporal Primitives: Back to Basics., CIKM, 1997"], "M. Tamer \u00d6zsu": ["Modeling Temporal Primitives: Back to Basics., CIKM, 1997"], "Duane Szafron": ["Modeling Temporal Primitives: Back to Basics., CIKM, 1997"], "Michel Jaczynski": ["A Framework for the Management of Past Experiences with Time-Extended Situations., CIKM, 1997"], "Ken Nakayama": ["I-Regular Expression: Regular Expression with Continuous Interval Constraints., CIKM, 1997"], "Kazunori Yamaguchi": ["I-Regular Expression: Regular Expression with Continuous Interval Constraints., CIKM, 1997"], "Satoru Kawai": ["I-Regular Expression: Regular Expression with Continuous Interval Constraints., CIKM, 1997"], "SangKeun Lee": ["A Uniform Approach to Global Concurrency Control and Recovery in Multidatabase Environment., CIKM, 1997"], "Chong-Sun Hwang": ["A Uniform Approach to Global Concurrency Control and Recovery in Multidatabase Environment., CIKM, 1997", "A Contention Based Dynamic Consistency Maintenance Scheme for Client Cache., CIKM, 1997"], "Won-Gyu Lee": ["A Uniform Approach to Global Concurrency Control and Recovery in Multidatabase Environment., CIKM, 1997"], "Youngkon Lee": ["Commit-Reordering Validation Scheme for Transaction Scheduling in Client-Server Based Teleputing Systems: COREV., CIKM, 1997"], "Songchun Moon": ["Commit-Reordering Validation Scheme for Transaction Scheduling in Client-Server Based Teleputing Systems: COREV., CIKM, 1997"], "Thomas Tesch": ["Global Nested Transaction Management for ODMG-Compliant Multi-Database Systems., CIKM, 1997"], "J\u00fcrgen W\u00e4sch": ["Global Nested Transaction Management for ODMG-Compliant Multi-Database Systems., CIKM, 1997"], "Thomas Lukasiewicz": ["Efficient Global Probabilistic Deduction from Taxonomic and Probabilistic Knowledge-Bases over Conjunctive Events., CIKM, 1997"], "Udo Hahn": ["Knowledge Mining from Textual Sources., CIKM, 1997"], "Klemens Schnattinger": ["Knowledge Mining from Textual Sources., CIKM, 1997"], "Waldemar W. Koczkodaj": ["Using Consistency-driven Pairwise Comparisons in Knowledge-based Systems., CIKM, 1997"], "Michael W. Herman": ["Using Consistency-driven Pairwise Comparisons in Knowledge-based Systems., CIKM, 1997"], "Marian Orlowski": ["Using Consistency-driven Pairwise Comparisons in Knowledge-based Systems., CIKM, 1997"], "Daniel Barbar\u00e1": ["The AudioWeb., CIKM, 1997"], "Shamim A. Naqvi": ["The AudioWeb., CIKM, 1997"], "Tim T. Y. Wai": ["Retrieving Video Data Via Motion Tracks of Content Symbols., CIKM, 1997"], "Arbee L. P. Chen": ["Retrieving Video Data Via Motion Tracks of Content Symbols., CIKM, 1997"], "Nevenka Dimitrova": ["Video Keyframe Extraction and Filtering: A Keyframe is not a Keyframe to Everyone., CIKM, 1997"], "Thomas McGee": ["Video Keyframe Extraction and Filtering: A Keyframe is not a Keyframe to Everyone., CIKM, 1997"], "Herman Elenbaas": ["Video Keyframe Extraction and Filtering: A Keyframe is not a Keyframe to Everyone., CIKM, 1997"], "Aldo Franco Dragoni": ["Distributed Knowledge Revision/Integration., CIKM, 1997"], "Paolo Giorgini": ["Distributed Knowledge Revision/Integration., CIKM, 1997"], "Paolo Puliti": ["Distributed Knowledge Revision/Integration., CIKM, 1997"], "Tolga Bozkaya": ["Matching and Indexing Sequences of Different Lengths., CIKM, 1997"], "Nasser Yazdani": ["Matching and Indexing Sequences of Different Lengths., CIKM, 1997"], "Z. Meral \u00d6zsoyoglu": ["Matching and Indexing Sequences of Different Lengths., CIKM, 1997"], "Andreas Henrich": ["The Update of Index Structures in Object-Oriented DBMS., CIKM, 1997"], "Lance Obermeyer": ["Evaluating Triggers Using Decision Trees., CIKM, 1997"], "Daniel P. Miranker": ["Evaluating Triggers Using Decision Trees., CIKM, 1997"], "Jong Soo Park": ["Mining Association Rules with Adjustable Accuracy., CIKM, 1997"], "Philip S. Yu": ["Mining Association Rules with Adjustable Accuracy., CIKM, 1997", "On Disk Caching of Web Objects in Proxy Servers., CIKM, 1997"], "Ming-Syan Chen": ["Mining Association Rules with Adjustable Accuracy., CIKM, 1997"], "Seung-Kyum Kim": ["A Practical Approach to Static Analysis and Execution of Rules in Active Databases., CIKM, 1997"], "Sharma Chakravarthy": ["A Practical Approach to Static Analysis and Execution of Rules in Active Databases., CIKM, 1997"], "Jae-Woo Chang": ["A Spatial Match Representation Scheme for Indexing and Querying in Iconic Image Databases., CIKM, 1997"], "Yeon-Jung Kim": ["A Spatial Match Representation Scheme for Indexing and Querying in Iconic Image Databases., CIKM, 1997"], "Ki-Jin Chang": ["A Spatial Match Representation Scheme for Indexing and Querying in Iconic Image Databases., CIKM, 1997"], "Ling Lin": ["Using a Sequential Index in Terrain-Aided Navigation., CIKM, 1997"], "Tore Risch": ["Using a Sequential Index in Terrain-Aided Navigation., CIKM, 1997"], "Chabane Djeraba": ["Digital Information Retrieval., CIKM, 1997"], "Marinette Bouet": ["Digital Information Retrieval., CIKM, 1997"], "Lisa Singh": ["Generating Association Rules from Semi-Structured Documents Using an Extended Concept Hierarchy., CIKM, 1997"], "Peter Scheuermann": ["Generating Association Rules from Semi-Structured Documents Using an Extended Concept Hierarchy., CIKM, 1997"], "Bin Chen": ["Generating Association Rules from Semi-Structured Documents Using an Extended Concept Hierarchy., CIKM, 1997"], "Suk-Chung Yoon": ["Intensional Query Processing Using Data Mining Approaches., CIKM, 1997"], "Il-Yeol Song": ["Intensional Query Processing Using Data Mining Approaches., CIKM, 1997", "An Analysis of Cardinality Constraints in Redundant Relationships., CIKM, 1997"], "E. K. Park": ["Intensional Query Processing Using Data Mining Approaches., CIKM, 1997"], "Keith C. C. Chan": ["Mining Fuzzy Association Rules., CIKM, 1997"], "Wai-Ho Au": ["Mining Fuzzy Association Rules., CIKM, 1997"], "Mark Osborn": ["Evaluating Document Retrieval in Patent Database: A Preliminary Report., CIKM, 1997"], "Tomek Strzalkowski": ["Evaluating Document Retrieval in Patent Database: A Preliminary Report., CIKM, 1997"], "Mihnea Marinescu": ["Evaluating Document Retrieval in Patent Database: A Preliminary Report., CIKM, 1997"], "Matthew C. Jones": ["View Materialization Techniques for Complex Hierarchical Objects., CIKM, 1997"], "Elke A. Rundensteiner": ["View Materialization Techniques for Complex Hierarchical Objects., CIKM, 1997"], "Michael Fr\u00fcchtl": ["Assistant for an Information Database., CIKM, 1997"], "J\u00fcrgen Kreuziger": ["Assistant for an Information Database., CIKM, 1997"], "Michael Beigl": ["Assistant for an Information Database., CIKM, 1997"], "Charu C. Aggarwal": ["On Disk Caching of Web Objects in Proxy Servers., CIKM, 1997"], "Wonjun Lee": ["Experimental Evaluation of PFS Continuous Media File System., CIKM, 1997"], "Difu Su": ["Experimental Evaluation of PFS Continuous Media File System., CIKM, 1997"], "Duminda Wijesekera": ["Experimental Evaluation of PFS Continuous Media File System., CIKM, 1997"], "Jaideep Srivastava": ["Experimental Evaluation of PFS Continuous Media File System., CIKM, 1997"], "Deepak R. Kenchammana-Hosekote": ["Experimental Evaluation of PFS Continuous Media File System., CIKM, 1997"], "Mark Foresti": ["Experimental Evaluation of PFS Continuous Media File System., CIKM, 1997"], "Amir M. Zarkesh": ["Analysis and Design of Server Informative WWW-Sites., CIKM, 1997"], "Jafar Adibi": ["Analysis and Design of Server Informative WWW-Sites., CIKM, 1997"], "Cyrus Shahabi": ["Analysis and Design of Server Informative WWW-Sites., CIKM, 1997"], "Reza Sadri": ["Analysis and Design of Server Informative WWW-Sites., CIKM, 1997"], "Vishal Shah": ["Analysis and Design of Server Informative WWW-Sites., CIKM, 1997"], "Chengwen Liu": ["A Framework for Global Optimization of Aggregate Queries., CIKM, 1997"], "Andrei Ursu": ["A Framework for Global Optimization of Aggregate Queries., CIKM, 1997"], "James Dullea": ["An Analysis of Cardinality Constraints in Redundant Relationships., CIKM, 1997"], "Susan Gauch": ["A Corpus Analysis Approach for Automatic Query Expansion., CIKM, 1997"], "Jianying Wang": ["A Corpus Analysis Approach for Automatic Query Expansion., CIKM, 1997"], "John Light": ["A Distributed, Graphical, Topic-Oriented Document Search System., CIKM, 1997"], "Alia I. Abdelmoty": ["Towards Maintaining Consistency of Spatial Databases., CIKM, 1997"], "Christopher B. Jones": ["Towards Maintaining Consistency of Spatial Databases., CIKM, 1997"], "Erdogan Dogdu": ["Real-Time Transactions with Execution Histories: Priority Assignment and Load Control., CIKM, 1997"], "Gultekin \u00d6zsoyoglu": ["Real-Time Transactions with Execution Histories: Priority Assignment and Load Control., CIKM, 1997"], "Pou-yung Lee": ["Reducing Match Time Variance in Production Systems with HAL., CIKM, 1997"], "Albert Mo Kim Cheng": ["Reducing Match Time Variance in Production Systems with HAL., CIKM, 1997"], "Brad Perry": ["Discovering Similar Resources by Content Part-Linking., CIKM, 1997"], "Wesley W. Chu": ["Discovering Similar Resources by Content Part-Linking., CIKM, 1997"], "Jie Cheng": ["Learning Belief Networks from Data: An Information Theory Based Approach., CIKM, 1997"], "David A. Bell": ["Learning Belief Networks from Data: An Information Theory Based Approach., CIKM, 1997"], "Weiru Liu": ["Learning Belief Networks from Data: An Information Theory Based Approach., CIKM, 1997"], "Vanja Josifovski": ["Incorporating Association Pattern and Operation Specification in ODMG's OQL., CIKM, 1997"], "Stanley Y. W. Su": ["Incorporating Association Pattern and Operation Specification in ODMG's OQL., CIKM, 1997"], "Michael Wolverton": ["Exploiting Enterprise Models for the Automatic Distribution of Corporate Information., CIKM, 1997"], "Ron Dolin": ["Pharos: A Scalable Distributed Architecture for Locating Heterogeneous Information Sources., CIKM, 1997"], "Divyakant Agrawal": ["Pharos: A Scalable Distributed Architecture for Locating Heterogeneous Information Sources., CIKM, 1997"], "Amr El Abbadi": ["Pharos: A Scalable Distributed Architecture for Locating Heterogeneous Information Sources., CIKM, 1997"], "Laura K. Dillon": ["Pharos: A Scalable Distributed Architecture for Locating Heterogeneous Information Sources., CIKM, 1997"], "Sang Kyun Cha": ["Xmas: An Extensible Main-Memory Storage System., CIKM, 1997"], "Jang Ho Park": ["Xmas: An Extensible Main-Memory Storage System., CIKM, 1997"], "Byoung Dae Park": ["Xmas: An Extensible Main-Memory Storage System., CIKM, 1997"], "IlYoung Chung": ["A Contention Based Dynamic Consistency Maintenance Scheme for Client Cache., CIKM, 1997"], "JongMin Lee": ["A Contention Based Dynamic Consistency Maintenance Scheme for Client Cache., CIKM, 1997"], "Sharad Mehrotra": ["Dealing with Partial Failures in Multiple Processor Primary-Backup Systems., CIKM, 1997"], "Kexiang Hu": ["Dealing with Partial Failures in Multiple Processor Primary-Backup Systems., CIKM, 1997"], "Simon M. Kaplan": ["Dealing with Partial Failures in Multiple Processor Primary-Backup Systems., CIKM, 1997"]}