{"C. Lee Giles": ["Searching the Web: Can You Find What You Want?, CIKM, 1999", "Indexing and Retrieval of Scientific Literature., CIKM, 1999", "Architecture of a Metasearch Engine That Supports User Information Needs., CIKM, 1999"], "James T. Scoggins": ["A Practitioners' View of Techniques Used in Data Warehousing for Sifting Through Data to Provide Information., CIKM, 1999"], "Martha W. Evens": ["Simple QSF-Trees: An Efficient and Scalable Spatial Access Method., CIKM, 1999"], "Sang-Wook Kim": ["Transformation-Based Spatial Join., CIKM, 1999"], "Thanasis Hadzilacos": ["Binary String Relations: A Foundation for Spatiotemporal Knowledge Representation., CIKM, 1999"], "James Allan": ["Extracting Significant Time Varying Features from Text., CIKM, 1999"], "Yasusi Kanada": ["A Method of Geographical Name Extraction from Japanese Text for Thematic Geographical Search., CIKM, 1999"], "Chin-Yew Lin": ["Training a Selection Function for Extraction., CIKM, 1999"], "Harald Sighart": ["Ready for Prime Time: Pre-Generation of Web Pages in TIScover., CIKM, 1999"], "Philip S. Yu": ["Local Replication for Proxy Web Caches with Hash Routing., CIKM, 1999"], "Wesley W. Chu": ["Semantic Caching via Query Matching for Web Sources., CIKM, 1999"], "Chad Crawford": ["Automatically Extracting Structure and Data from Business Reports., CIKM, 1999"], "Altigran Soares da Silva": ["Extracting Semi-Structured Data Through Examples., CIKM, 1999"], "Rangasami L. Kashyap": ["Discovering Quasi-Equivalence Relationships from Database Systems., CIKM, 1999"], "Toshikazu Fukushima": ["Task-Oriented World Wide Web Retrieval by Document Type Classification., CIKM, 1999"], "Sheau-Dong Lang": ["Classification Algorithms for NETNEWS Articles., CIKM, 1999"], "Kenji Yamanishi": ["Text Classification Using ESC-based Stochastic Decision Lists., CIKM, 1999"], "Waldemar Wieczerzycki": ["Database Model for Web-Based Cooperative Applications., CIKM, 1999"], "John Schalow": ["Metadata and Data Structures for the Historical Newspaper Digital Library., CIKM, 1999"], "Ken Barker": ["A Horizontal Fragmentation Algorithm for the Fact Relation in a Distributed Data Warehouse., CIKM, 1999"], "Hing-Fung Ting": ["Requirement-Based Data Cube Schema Design., CIKM, 1999"], "Damianos Chatziantoniou": ["Extending Complex Ad-Hoc OLAP., CIKM, 1999"], "Timothy W. Finin": ["Yahoo! As an Ontology: Using Yahoo! Categories to Describe Documents., CIKM, 1999"], "Alexander Pretschner": ["Ontology-Based Web Site Mapping for Information Exploration., CIKM, 1999"], "Terence R. Smith": ["Browsing Large Digital Library Collections Using Classification Hierarchies., CIKM, 1999"], "Wee Keong Ng": ["ZBroker: A Query Routing Broker for Z39.50 Databases., CIKM, 1999"], "Naphtali Rishe": ["Efficient and Effective Metasearch for a Large Number of Text Databases., CIKM, 1999"], "Jiawei Han": ["Mining Inter-Transaction Associations with Templates., CIKM, 1999"], "Soon Myoung Chung": ["Efficient Mining of Association Rules in Text Databases., CIKM, 1999"], "S. A. M. Makki": ["Using Domain Knowledge in Knowledge Discovery., CIKM, 1999"], "Sandhya Dwarkadas": ["Incremental and Interactive Sequence Mining., CIKM, 1999"], "Doo-Kwon Baik": ["SemQL: A Semantic Query Language for Multidatabase Systems., CIKM, 1999"], "Daniel P. Miranker": ["Rule-Based Query Optimization, Revisited., CIKM, 1999"], "Wee-Chong Oon": ["Page Access Scheduling in Join Processing., CIKM, 1999"], "Dennis E. Shasha": ["Queryable Acyclic Production Systems., CIKM, 1999"], "Mukesh K. Mohania": ["Self Maintenance of Multiple Views in Data Warehousing., CIKM, 1999"], "Tony S. H. Lee": ["Updates and View Maintenance in Soft Real-Time Database Systems., CIKM, 1999"], "Chung-Sheng Li": ["An Adaptive View Element Framework for Multi-Dimensional Data Management., CIKM, 1999"], "W. Bruce Croft": ["A General Language Model for Information Retrieval., CIKM, 1999"], "R. Avedon": ["Practical evaluation of IR within automated classification systems., CIKM, 1999"], "Ophir Frieder": ["A Unified Environment for Fusion of Information Retrieval Approaches., CIKM, 1999"], "Robert Laurini": ["Indexing field values in field oriented systems: interval Quadtree., CIKM, 1999"], "Amr El Abbadi": ["Clustering Declustered Data for Efficient Retrieval., CIKM, 1999"], "Dik Lun Lee": ["Indexing Techniques for Wireless Data Broadcast Under Data Clustering and Scheduling., CIKM, 1999"], "Gilles Zurfluh": ["Towards Data Warehouse Design., CIKM, 1999"], "Avigdor Gal": ["Obsolescent Materialized Views in Query Processing of Enterprise Information Systems., CIKM, 1999"], "Weifa Liang": ["Efficient Refreshment of Materialized Views with Multiple Sources., CIKM, 1999"], "Dongwook Shin": ["An Effective Mechanism for Index Update in Structured Documents., CIKM, 1999"], "Bruce R. Schatz": ["Performance and Implications of Semantic Indexing in a Distributed Environment., CIKM, 1999"], "Ralf Kramer": ["Quality of Service Transferred to Information Retrieval: The Adaptive Information Retrieval System., CIKM, 1999"], "John Yen": ["An Adaptive Algorithm for Learning Changes in User Interests., CIKM, 1999"], "Lynn Andrea Stein": ["Haystack: Per-User Information Environments., CIKM, 1999"], "Stuart E. Madnick": ["Information Integration with Attributio Support for Corporate Profiles., CIKM, 1999"], "Hans-J\u00f6rg Schek": ["Architecture of a Networked Image Search and Retrieval System., CIKM, 1999"], "Seon Ho Kim": ["A Comparison of Alternative Continuous Display Techniques with Heterogeneous Multi-Zone Disks., CIKM, 1999"], "Jae-Woo Chang": ["Spatial Match Representation Scheme Supporting Ranking in Iconic Images Databases., CIKM, 1999"], "Andrew Lim": ["Word Segmentation and Recognition for Web Document Framework., CIKM, 1999"], "Yiu-Kai Ng": ["An Automated Approach for Retrieving Hierarchical Data from HTML Tables., CIKM, 1999"], "Norbert Fuhr": ["A Probabilistic Description-Oriented Approach for Categorizing Web Documents., CIKM, 1999"], "Bing Liu": ["Clustering Transactions Using Large Items., CIKM, 1999"], "Mukkai S. Krishnamoorthy": ["A Multiple-Resolution Method for Edge-Centric Data Clustering., CIKM, 1999"], "Daniela Rus": ["A Self-Organized File Cabinet., CIKM, 1999"], "T. J. Beck": ["Incremental Encoding of Multiple Inheritance Hierarchies., CIKM, 1999"], "Chabane Oussalah": ["From Object Evolution to Object Emergence., CIKM, 1999"], "E. K. Park": ["Graph-Based Object-Oriented Approach for Structural and Behavioral Representation of Multimedia Data., CIKM, 1999"], "Lawrence W. Dowdy": ["A Learning Approach to Processor Allocation in Parallel Systems., CIKM, 1999"], "Ingrid Renz": ["Adaptive Information Filtering: Detecting Changes in Text Streams., CIKM, 1999"], "Constantin Arapis": ["Archiving Telemeetings., CIKM, 1999"]}