{"Rakesh Agrawal": ["Toward Data-Driven Education: CIKM-2016 Keynote., CIKM, 2016"], "Xin Wang": ["Social Recommendation with Strong and Weak Ties., CIKM, 2016", "Efficient Distributed Regular Path Queries on RDF Graphs Using Partial Evaluation., CIKM, 2016"], "Min Xie": ["Learning Graph-based POI Embedding for Location-based Recommendation., CIKM, 2016"], "Xiaoting Wang": ["Improving Personalized Trip Recommendation by Avoiding Crowds., CIKM, 2016"], "Ignacio Fern\u00e1ndez-Tob\u00edas": ["Memory-based Recommendations of Entities for Web Search Users., CIKM, 2016"], "Gjergji Kasneci": ["LICON: A Linear Weighting Scheme for the Contribution ofInput Variables in Deep Artificial Neural Networks., CIKM, 2016"], "Jiafeng Guo": ["A Deep Relevance Matching Model for Ad-hoc Retrieval., CIKM, 2016", "Semantic Matching by Non-Linear Word Transportation for Information Retrieval., CIKM, 2016"], "Jiwei Tan": ["A Neural Network Approach to Quote Recommendation in Writings., CIKM, 2016"], "Qi Zhang": ["Retweet Prediction with Attention-based Deep Neural Network., CIKM, 2016"], "Chenliang Li": ["Effective Document Labeling with Very Few Seed Words: A Topic Model Approach., CIKM, 2016"], "Ruochen Xu": ["Cross-lingual Text Classification via Model Translation with Limited Dictionaries., CIKM, 2016"], "Hossein Soleimani": ["Semi-supervised Multi-Label Topic Models for Document Classification and Sentence Labeling., CIKM, 2016"], "Suhang Wang": ["Linked Document Embedding for Classification., CIKM, 2016", "Paired Restricted Boltzmann Machine for Linked Data., CIKM, 2016"], "Yuli Liu": ["Detecting Promotion Campaigns in Query Auto Completion., CIKM, 2016"], "Tuan-Anh Hoang-Vu": ["A Unified Index for Spatio-Temporal Keyword Queries., CIKM, 2016"], "Jiaxin Jiang": ["Privacy-Preserving Reachability Query Services for Massive Networks., CIKM, 2016"], "Saeid Balaneshinkordan": ["Sequential Query Expansion using Concept Graph., CIKM, 2016"], "Christophe Van Gysel": ["Learning Latent Vector Spaces for Product Search., CIKM, 2016"], "Aleksandr Chuklin": ["Incorporating Clicks, Attention and Satisfaction into a Search Engine Result Page Evaluation Model., CIKM, 2016"], "Luca Maria Aiello": ["The Role of Relevance in Sponsored Search., CIKM, 2016"], "Qin Liu": ["PowerWalk: Scalable Personalized PageRank via Random Walks with Vertex-Centric Decomposition., CIKM, 2016"], "Shivakumar Vaithyanathan": ["Building Industry-specific Knowledge Bases., CIKM, 2016"], "Xiaomo Liu": ["Reuters Tracer: A Large Scale System of Detecting & Verifying Real-Time News Events from Twitter., CIKM, 2016"], "Noa Avigdor-Elgrabli": ["Structural Clustering of Machine-Generated Mail., CIKM, 2016"], "Fajie Yuan": ["LambdaFM: Learning Optimal Ranking with Factorization Machines Using Lambda Surrogates., CIKM, 2016"], "Maksim Tkachenko": ["Plackett-Luce Regression Mixture Model for Heterogeneous Rankings., CIKM, 2016"], "Rodrigo M. Silva": ["Compression-Based Selective Sampling for Learning to Rank., CIKM, 2016"], "Daniel Xavier de Sousa": ["Incorporating Risk-Sensitiveness into Feature Selection for Learning to Rank., CIKM, 2016"], "Laure Soulier": ["Answering Twitter Questions: a Model for Recommending Answerers through Social Collaboration., CIKM, 2016"], "Pengwei Wang": ["Learning to Extract Conditional Knowledge for Question Answering using Dialogue., CIKM, 2016"], "Liu Yang": ["aNMM: Ranking Short Answer Texts with Attention-Based Neural Matching Model., CIKM, 2016"], "Travis R. Goodwin": ["Medical Question Answering for Clinical Decision Support., CIKM, 2016"], "Chengyu Wang": ["Error Link Detection and Correction in Wikipedia., CIKM, 2016"], "Shuting Wang": ["Using Prerequisites to Extract Concept Maps fromTextbooks., CIKM, 2016"], "Stefan Heindorf": ["Vandalism Detection in Wikidata., CIKM, 2016"], "Besnik Fetahu": ["Finding News Citations for Wikipedia., CIKM, 2016"], "Kais Allab": ["SemiNMF-PCA framework for Sparse Data Co-clustering., CIKM, 2016"], "Zhiqiang Xu": ["Effective and Efficient Spectral Clustering on Text and Link Data., CIKM, 2016"], "Zhiqiang Tao": ["Robust Spectral Ensemble Clustering., CIKM, 2016"], "Xin Jin": ["Hybrid Indexing for Versioned Document Search with Cluster-based Retrieval., CIKM, 2016"], "Zhaochun Ren": ["Time-aware Multi-Viewpoint Summarization of Multilingual Social Text Streams., CIKM, 2016"], "Hao Zhuang": ["Data Summarization with Social Contexts., CIKM, 2016"], "Tianyi Lin": ["Understanding Sparse Topical Structure of Short Text via Stochastic Variational-Gibbs Inference., CIKM, 2016"], "Kaiqi Zhao": ["Annotating Points of Interest with Geo-tagged Tweets., CIKM, 2016"], "Haifeng Wang": ["Duer: Intelligent Personal Assistant., CIKM, 2016"], "Pavel Dmitriev": ["Measuring Metrics., CIKM, 2016"], "Fangzhou Zhu": ["City-Scale Localization with Telco Big Data., CIKM, 2016"], "Jia Li": ["Approximating Graph Pattern Queries Using Views., CIKM, 2016"], "Cheng Chen": ["Group-Aware Weighted Bipartite B-Matching., CIKM, 2016", "From Recommendation to Profile Inference (Rec2PI): A Value-added Service to Wi-Fi Data Mining., CIKM, 2016"], "Salvador Agui\u00f1aga": ["Growing Graphs from Hyperedge Replacement Graph Grammars., CIKM, 2016"], "Yuqiong Liu": ["GiraphAsync: Supporting Online and Offline Graph Processing via Adaptive Asynchronous Message Processing., CIKM, 2016"], "Yu Liu": ["Graph Topic Scan Statistic for Spatial Event Detection., CIKM, 2016"], "Jinjin Guo": ["A Nonparametric Model for Event Discovery in the Geospatial-Temporal Space., CIKM, 2016"], "Wei Wang": ["A Multiple Instance Learning Framework for Identifying Key Sentences and Detecting Events., CIKM, 2016"], "Xidao Wen": ["PairFac: Event Analytics through Discriminant Tensor Factorization., CIKM, 2016"], "Piyush Bansal": ["Active Content-Based Crowdsourcing Task Selection., CIKM, 2016"], "Chenxi Qiu": ["CrowdSelect: Increasing Accuracy of Crowdsourcing Tasks through Behavior Prediction and User Selection., CIKM, 2016"], "Asif R. Khan": ["Attribute-based Crowd Entity Resolution., CIKM, 2016"], "Miao Li": ["Efficient Processing of Location-Aware Group Preference Queries., CIKM, 2016"], "Tianran Hu": ["Mining Shopping Patterns for Divergent Urban Regions by Incorporating Mobility Data., CIKM, 2016"], "Qi Guo": ["Large-Scale Analysis of Viewing Behavior: Towards Measuring Satisfaction with Mobile Proactive Systems., CIKM, 2016"], "Fei Wu": ["Where Did You Go: Personalized Annotation of Mobility Records., CIKM, 2016"], "Dmitry Lagun": ["Understanding Mobile Searcher Attention with Rich Ad Formats., CIKM, 2016"], "Sumit Negi": ["Link Prediction in Heterogeneous Social Networks., CIKM, 2016"], "Fusang Zhang": ["Who are My Familiar Strangers?: Revealing Hidden Friend Relations and Common Interests from Smart Card Data., CIKM, 2016"], "Min-Hee Jang": ["PIN-TRUST: Fast Trust Propagation Exploiting Positive, Implicit, and Negative Information., CIKM, 2016"], "Daichi Imamori": ["Predicting Popularity of Twitter Accounts through the Discovery of Link-Propagating Early Adopters., CIKM, 2016"], "Rui Yan": ["\"Shall I Be Your Chat Companion?\": Towards an Online Human-Computer Conversation System., CIKM, 2016"], "Yale Song": ["To Click or Not To Click: Automatic Selection of Beautiful Thumbnails from Videos., CIKM, 2016"], "Haolan Chen": ["Separating-Plane Factorization Models: Scalable Recommendation from One-Class Implicit Feedback., CIKM, 2016"], "Kan Ren": ["User Response Learning for Directly Optimizing Campaign Performance in Display Advertising., CIKM, 2016"], "Susan T. Dumais": ["Personalized Search: Potential and Pitfalls., CIKM, 2016"], "Guido Zuccon": ["Query Variations and their Effect on Comparing Information Retrieval Systems., CIKM, 2016"], "Navid Rekabsaz": ["Generalizing Translation Models in the Probabilistic Relevance Framework., CIKM, 2016"], "Matthias Hagen": ["Axiomatic Result Re-Ranking., CIKM, 2016"], "David Maxwell": ["Agents, Simulated Users and Humans: An Analysis of Performance and Behaviour., CIKM, 2016"], "Xinyang Zhang": ["Inspiration or Preparation?: Explaining Creativity in Scientific Enterprise., CIKM, 2016"], "Jaewon Kim": ["Pagination versus Scrolling in Mobile Web Search., CIKM, 2016"], "Daniel Preotiuc-Pietro": ["Studying the Dark Triad of Personality through Twitter Behavior., CIKM, 2016"], "Ridho Reinanda": ["Document Filtering for Long-tail Entities., CIKM, 2016"], "Arunav Mishra": ["Estimating Time Models for News Article Excerpts., CIKM, 2016"], "Ramakrishna B. Bairi": ["A Framework for Task-specific Short Document Expansion., CIKM, 2016", "Beyond Clustering: Sub-DAG Discovery for Categorising Documents., CIKM, 2016"], "Xiang Li": ["On Transductive Classification in Heterogeneous Information Networks., CIKM, 2016"], "Ning Yang": ["Efficient Hidden Trajectory Reconstruction from Sparse Data., CIKM, 2016"], "Jyoti Leeka": ["Quark-X: An Efficient Top-K Processing Framework for RDF Quad Stores., CIKM, 2016"], "Bahareh Sadat Arab": ["Reenactment for Read-Committed Snapshot Isolation., CIKM, 2016"], "Hengtong Zhang": ["Influence-Aware Truth Discovery., CIKM, 2016"], "Xianzhi Wang": ["Truth Discovery via Exploiting Implications from Multi-Source Data., CIKM, 2016", "Empowering Truth Discovery with Multi-Truth Prediction., CIKM, 2016"], "Tarique Siddiqui": ["FacetGist: Collective Extraction of Document Facets in Large Technical Corpora., CIKM, 2016"], "Marc Najork": ["Using Machine Learning to Improve the Email Experience., CIKM, 2016"], "Dhruv Mahajan": ["Hashtag Recommendation for Enterprise Applications., CIKM, 2016"], "Sattar Ameri": ["Survival Analysis based Framework for Early Prediction of Student Dropouts., CIKM, 2016"], "Shubhra Kanti Karmaker Santu": ["Generative Feature Language Models for Mining Implicit Features from Customer Reviews., CIKM, 2016"], "Hongkun Yu": ["Data-Driven Contextual Valence Shifter Quantification for Multi-Theme Sentiment Analysis., CIKM, 2016"], "Fangzhao Wu": ["Sentiment Domain Adaptation with Multi-Level Contextual Sentiment Knowledge., CIKM, 2016"], "Dae Hoon Park": ["Mobile App Retrieval for Social Media Users via Inference of Implicit Intent in Social Media Text., CIKM, 2016"], "Zhifei Zhang": ["Derivative Delay Embedding: Online Modeling of Streaming Time Series., CIKM, 2016"], "Xiangdong Huang": ["PISA: An Index for Aggregating Big Time Series Data., CIKM, 2016"], "Sheng Li": ["Multi-View Time Series Classification: A Discriminative Bilinear Projection Approach., CIKM, 2016"], "Hoang Anh Dau": ["Semi-Supervision Dramatically Improves Time Series Clustering under Dynamic Time Warping., CIKM, 2016"], "Zhichen Gong": ["Model-Based Oversampling for Imbalanced Sequence Classification., CIKM, 2016"], "Ping Wang": ["CRISP: Consensus Regularized Selection based Prediction., CIKM, 2016"], "Vincent Wenchen Zheng": ["Regularizing Structured Classifier with Conditional Probabilistic Constraints for Semi-supervised Learning., CIKM, 2016"], "Gordon V. Cormack": ["Scalability of Continuous Active Learning for Reliable High-Recall Text Classification., CIKM, 2016"], "Henry S. Vieira": ["Towards the Effective Linking of Social Media Contents to Products in E-Commerce Catalogs., CIKM, 2016"], "Tuan-Anh Hoang": ["Tracking Virality and Susceptibility in Social Media., CIKM, 2016"], "Swapnil Mishra": ["Feature Driven and Point Process Approaches for Popularity Prediction., CIKM, 2016"], "Feifan Fan": ["Adaptive Evolutionary Filtering in Real-Time Twitter Stream., CIKM, 2016"], "Cheng Li": ["Multiple Queries as Bandit Arms., CIKM, 2016"], "Leonid Boytsov": ["Off the Beaten Path: Let's Replace Term-Based Retrieval with k-NN Search., CIKM, 2016"], "Ninh Pham": ["Scalability and Total Recall with Fast CoveringLSH., CIKM, 2016"], "Zhuyun Dai": ["Query-Biased Partitioning for Selective Search., CIKM, 2016"], "Saurav Ghosh": ["Characterizing Diseases from Unstructured Text: A Vocabulary Driven Word2vec Approach., CIKM, 2016"], "Erik Ordentlich": ["Network-Efficient Distributed Word2vec Training System for Large Vocabularies., CIKM, 2016"], "Andrei Z. Broder": ["A Personal Perspective and Retrospective on Web Search Technology., CIKM, 2016"], "Yiu-ming Cheung": ["Scalable Spectral k-Support Norm Regularization for Robust Low Rank Subspace Learning., CIKM, 2016"], "Chenghao Liu": ["Online Adaptive Passive-Aggressive Methods for Non-Negative Matrix Factorization and Its Applications., CIKM, 2016"], "Xiaoli Li": ["aptMTVL: Nailing Interactions in Multi-Task Multi-View Multi-Label Learning using Adaptive-basis Multilinear Factor Analyzers., CIKM, 2016"], "Swarup Chandra": ["An Adaptive Framework for Multistream Classification., CIKM, 2016"], "Simon Razniewski": ["Optimizing Update Frequencies for Decaying Information., CIKM, 2016"], "Paris Carbone": ["Cutty: Aggregate Sharing for User-Defined Windows., CIKM, 2016"], "Sebastian Link": ["Relational Database Schema Design for Uncertain Data., CIKM, 2016"], "Shengyu Huang": ["BICP: Block-Incremental CP Decomposition with Update Sensitive Refinement., CIKM, 2016"], "Bortik Bandyopadhyay": ["Topological Graph Sketching for Incremental and Scalable Analytics., CIKM, 2016"], "Jiafeng Hu": ["Querying Minimal Steiner Maximum-Connected Subgraphs in Large Graphs., CIKM, 2016"], "Roohollah Etemadi": ["Efficient Estimation of Triangles in Very Large Graphs., CIKM, 2016"], "Lu Chen": ["Efficient Batch Processing for Multiple Keyword Queries on Graph Data., CIKM, 2016"], "Ting-Kun Yan": ["Supervised Robust Discrete Multimodal Hashing for Cross-Media Retrieval., CIKM, 2016"], "Dwaipayan Roy": ["Word Vector Compositionality based Relevance Feedback using Kernel Density Estimation., CIKM, 2016"], "Md. Saiful Islam": ["Q+Tree: An Efficient Quad Tree based Data Indexing for Parallelizing Dynamic and Reverse Skylines., CIKM, 2016"], "Mostafa Dehghani": ["Luhn Revisited: Significant Words Language Models., CIKM, 2016", "The Healing Power of Poison: Helpful Non-relevant Documents in Feedback., CIKM, 2016"], "Stephan Seufert": ["ESPRESSO: Explaining Relationships between Entity Sets., CIKM, 2016"], "Jiangwei Yu Rafiei": ["Geotagging Named Entities in News and Online Documents., CIKM, 2016"], "Jaspreet Singh": ["Discovering Entities with Just a Little Help from You., CIKM, 2016"], "Baichuan Zhang": ["Bayesian Non-Exhaustive Classification A Case Study: Online Name Disambiguation using Temporal Record Streams., CIKM, 2016"], "Rong Jin": ["Large-scale Robust Online Matching and Its Application in E-commerce., CIKM, 2016"], "Qirong Ho": ["A Distributed Graph Algorithm for Discovering Unique Behavioral Groups from Large-Scale Telco Data., CIKM, 2016"], "Zimu Zheng": ["Urban Traffic Prediction through the Second Use of Inexpensive Big Data from Buildings., CIKM, 2016"], "Wendi Ji": ["A Probabilistic Multi-Touch Attribution Model for Online Advertising., CIKM, 2016"], "Shaojie Tang": ["Optimizing Ad Allocation in Social Advertising., CIKM, 2016"], "Dimitrios Rafailidis": ["Joint Collaborative Ranking with Social Relationships in Top-N Recommendation., CIKM, 2016"], "Jelena Stojanovic": ["Modeling Customer Engagement from Partial Observations., CIKM, 2016"], "Pengfei Li": ["On the Effectiveness of Query Weighting for Adapting Rank Learners to New Unlabelled Collections., CIKM, 2016"], "Elad Kravi": ["One Query, Many Clicks: Analysis of Queries with Multiple Clicks by the Same User., CIKM, 2016"], "Weize Kong": ["Precision-Oriented Query Facet Extraction., CIKM, 2016"], "Yunlong He": ["Learning to Rewrite Queries., CIKM, 2016"], "Linda Andersson": ["When is the Time Ripe for Natural Language Processing for Patent Passage Retrieval?, CIKM, 2016"], "Yael Anava": ["A Probabilistic Fusion Framework., CIKM, 2016"], "Or Levi": ["Selective Cluster-Based Document Retrieval., CIKM, 2016"], "Hamed Zamani": ["Pseudo-Relevance Feedback Based on Matrix Factorization., CIKM, 2016"], "Hancheng Ge": ["Uncovering the Spatio-Temporal Dynamics of Memes in the Presence of Incomplete Information., CIKM, 2016"], "Xiaoyi Fan": ["On Backup Battery Data in Base Stations of Mobile Networks: Measurement, Analysis, and Optimization., CIKM, 2016"], "Hengfeng Li": ["Automatic Generation and Validation of Road Maps from GPS Trajectory Data Sets., CIKM, 2016"], "Takanori Hayashi": ["Fully Dynamic Shortest-Path Distance Query Acceleration on Massive Networks., CIKM, 2016"], "Takuya Akiba": ["Hierarchical and Dynamic k-Path Covers., CIKM, 2016"], "Shu Chen": ["Efficient Computation of Importance Based Communities in Web-Scale Networks Using a Single Machine., CIKM, 2016"], "Daokun Zhang": ["Collective Classification via Discriminative Matrix Factorization on Sparsely Labeled Networks., CIKM, 2016"], "Hossein Hamooni": ["LogMine: Fast Pattern Recognition for Log Analytics., CIKM, 2016"], "Erheng Zhong": ["Scaling Factorization Machines with Parameter Server., CIKM, 2016"], "Tao Li": ["DI-DAP: An Efficient Disaster Information Delivery and Analysis Platform in Disaster Management., CIKM, 2016"], "Hong Su": ["Approximate Aggregates in Oracle 12C., CIKM, 2016"], "Jun Wang": ["Supervised Feature Selection by Preserving Class Correlation., CIKM, 2016"], "Xi Zhang": ["CGMOS: Certainty Guided Minority OverSampling., CIKM, 2016"], "Huazheng Wang": ["Learning Hidden Features for Contextual Bandits., CIKM, 2016"], "Tong Zhao": ["Constructing Reliable Gradient Exploration for Online Learning to Rank., CIKM, 2016"], "Yu Rong": ["A Model-Free Approach to Infer the Diffusion Network from Event Cascade., CIKM, 2016"], "Hung T. Nguyen": ["Multiple Infection Sources Identification with Provable Guarantees., CIKM, 2016"], "Jiawei Zhang": ["Information Diffusion at Workplace., CIKM, 2016"], "Chonggang Song": ["Targeted Influence Maximization in Social Networks., CIKM, 2016"], "Norases Vesdapunt": ["Updating an Existing Social Graph Snapshot via a Limited API., CIKM, 2016"], "Yusra Ibrahim": ["Making Sense of Entities and Quantities in Web Tables., CIKM, 2016"], "Han-Ching Ou": ["Influence Maximization for Complementary Goods: Why Parties Fail to Cooperate?, CIKM, 2016"], "Ra\u00edza Hanada": ["Effective Spelling Correction for Eye-based Typing using domain-specific Information about Error Distribution., CIKM, 2016"], "Nicolas Hanusse": ["Computing and Summarizing the Negative Skycube., CIKM, 2016"], "Wei Emma Zhang": ["Efficient Orthogonal Non-negative Matrix Factorization over Stiefel Manifold., CIKM, 2016"], "Jianwei Zhang": ["LDA Revisited: Entropy, Prior and Convergence., CIKM, 2016"], "Junhua Fang": ["Cost-Effective Stream Join Algorithm on Cloud System., CIKM, 2016"], "Ryan A. Rossi": ["Leveraging Multiple GPUs and CPUs for Graphlet Counting in Large Networks., CIKM, 2016"], "Xuyun Zhang": ["Scalable Local-Recoding Anonymization using Locality Sensitive Hashing for Big Data Privacy Preservation., CIKM, 2016"], "Tobias Bleifu\u00df": ["Approximate Discovery of Functional Dependencies for Large Datasets., CIKM, 2016"], "Prasad Cheema": ["On Structural Health Monitoring Using Tensor Analysis and Support Vector Machine with Artificial Negative Data., CIKM, 2016"], "Xing Wang": ["A Self-Learning and Online Algorithm for Time Series Anomaly Detection, with Application in CPU Manufacturing., CIKM, 2016"], "Bin Tong": ["Deep Match between Geology Reports and Well Logs Using Spatial Information., CIKM, 2016"], "Elham Shaabani": ["MIST: Missing Person Intelligence Synthesis Toolkit., CIKM, 2016"], "Lingxun Meng": ["Skipping Word: A Character-Sequential Representation based Framework for Question Answering., CIKM, 2016"], "Arijit Khan": ["Towards Time-Discounted Influence Maximization., CIKM, 2016"], "Yuki Yano": ["Quantifying Query Ambiguity with Topic Distributions., CIKM, 2016"], "Xuezhi Cao": ["ASNets: A Benchmark Dataset of Aligned Social Networks for Cross-Platform User Modeling., CIKM, 2016"], "Yong-Yeon Jo": ["Data Locality in Graph Engines: Implications and Preliminary Experimental Results., CIKM, 2016"], "Sihong Xie": ["Active Zero-Shot Learning., CIKM, 2016"], "Madian Khabsa": ["Learning to Account for Good Abandonment in Search Success Metrics., CIKM, 2016"], "Peng Bao": ["Modeling and Predicting Popularity Dynamics via an Influence-based Self-Excited Hawkes Process., CIKM, 2016"], "Jifan Chen": ["Incorporate Group Information to Enhance Network Embedding., CIKM, 2016"], "Jiangfeng Zeng": ["Exploiting Cluster-based Meta Paths for Link Prediction in Signed Networks., CIKM, 2016"], "Adam Jatowt": ["Predicting Importance of Historical Persons using Wikipedia., CIKM, 2016"], "Jinfeng Rao": ["Noise-Contrastive Estimation for Answer Selection with Deep Neural Networks., CIKM, 2016"], "Qinzhe Zhang": ["Global and Local Influence-based Social Recommendation., CIKM, 2016"], "Zhenghua Xu": ["Tag-Aware Personalized Recommendation Using a Deep-Semantic Similarity Model with Negative Sampling., CIKM, 2016"], "Javid Ebrahimi": ["Personalized Semantic Word Vectors., CIKM, 2016"], "Saar Kuzi": ["Query Expansion Using Word Embeddings., CIKM, 2016"], "Chong Wang": ["Webpage Depth-level Dwell Time Prediction., CIKM, 2016"], "Li Gao": ["Collaborative Social Group Influence for Event Recommendation., CIKM, 2016"], "Ziwei Zheng": ["Graph-Based Multi-Modality Learning for Clinical Decision Support., CIKM, 2016"], "Zhi Liu": ["Where are You Tweeting?: A Context and User Movement Based Approach., CIKM, 2016"], "Niels Dalum Hansen": ["Ensemble Learned Vaccination Uptake Prediction using Web Search Queries., CIKM, 2016"], "Yao Lu": ["Location-aware Friend Recommendation in Event-based Social Networks: A Bayesian Latent Factor Approach., CIKM, 2016"], "Darshan M. Shankaralingappa": ["Extracting Skill Endorsements from Personal Communication Data., CIKM, 2016"], "Sameen Mansha": ["A Self-Organizing Map for Identifying InfluentialCommunities in Speech-based Networks., CIKM, 2016"], "Chao Huang": ["Crowdsourcing-based Urban Anomaly Prediction System for Smart Cities., CIKM, 2016"], "Nghia Duong-Trung": ["Near Real-time Geolocation Prediction in Twitter Streams via Matrix Factorization Based Regression., CIKM, 2016"], "Lili Mou": ["Distilling Word Embeddings: An Encoding Approach., CIKM, 2016"], "Jarana Manotumruksa": ["Regularising Factorised Models for Venue Recommendation using Friends and their Comments., CIKM, 2016"], "Yashar Moshfeghi": ["Improving Search Results with Prior Similar Queries., CIKM, 2016"], "Aldo Lipani": ["The Solitude of Relevant Documents in the Pool., CIKM, 2016"], "Wei Lu": ["Scarce Feature Topic Mining for Video Recommendation., CIKM, 2016"], "Giovanni Da San Martino": ["Learning to Re-Rank Questions in Community Question Answering Using Advanced Features., CIKM, 2016"], "Romain Deveaud": ["Learning to Rank System Configurations., CIKM, 2016"], "Casper Petersen": ["Adaptive Distributional Extensions to DFR Ranking., CIKM, 2016"], "Hagit Grushka-Cohen": ["CyberRank: Knowledge Elicitation for Risk Assessment of Database Security., CIKM, 2016"], "Tomasz Kusmierczyk": ["Online Food Recipe Title Semantics: Combining Nutrient Facts and Topics., CIKM, 2016"], "Yuhao Zhang": ["A Non-Parametric Topic Model for Short Texts Incorporating Word Coherence Knowledge., CIKM, 2016"], "Wenjie Ruan": ["Forecasting Seasonal Time Series Using Weighted Gradient RBF Network based Autoregressive Model., CIKM, 2016", "When Sensor Meets Tensor: Filling Missing Sensor Values Through a Tensor Approach., CIKM, 2016"], "Abhishek Sikchi": ["PEQ: An Explainable, Specification-based, Aspect-oriented Product Comparator for E-commerce., CIKM, 2016"], "Jyun-Yu Jiang": ["Forecasting Geo-sensor Data with Participatory Sensing Based on Dropout Neural Network., CIKM, 2016"], "Manmeet Singh": ["Iterative Search using Query Aspects., CIKM, 2016"], "Aritra Ghosh": ["A Preference Approach to Reputation in Sponsored Search., CIKM, 2016"], "Bing Zhang": ["Clustering Speed in Multi-lane Traffic Networks., CIKM, 2016"], "Kateryna Tymoshenko": ["Learning to Rank Non-Factoid Answers: Comment Selection in Web Forums., CIKM, 2016"], "Hamed R. Bonab": ["A Theoretical Framework on the Ideal Number of Classifiers for Online Ensembles in Data Streams., CIKM, 2016"], "Guangyuan Piao": ["User Modeling on Twitter with WordNet Synsets and DBpedia Concepts for Personalized Recommendations., CIKM, 2016"], "John Foley": ["Improving Entity Ranking for Keyword Queries., CIKM, 2016"], "Myungha Jang": ["Probabilistic Approaches to Controversy Detection., CIKM, 2016"], "Rami Suleiman Alkhawaldeh": ["Evaluating Document Retrieval Methods for Resource Selection in Clustered P2P IR., CIKM, 2016"], "Martin Tutek": ["Detecting and Ranking Conceptual Links between Texts Using a Knowledge Base., CIKM, 2016"], "Kelsey Suyehira": ["DePP: A System for Detecting Pages to Protect in Wikipedia., CIKM, 2016"], "Quanzhi Li": ["Hashtag Recommendation Based on Topic Enhanced Embedding, Tweet Entity Data and Learning to Rank., CIKM, 2016", "TweetSift: Tweet Topic Classification Based on Entity Knowledge Base and Topic Enhanced Word Embedding., CIKM, 2016"], "Haejoon Lee": ["An Experimental Comparison of Iterative MapReduce Frameworks., CIKM, 2016"], "Dingming Wu": ["A Density-Based Approach to the Retrieval of Top-K Spatial Textual Clusters., CIKM, 2016"], "Zhao Kang": ["Top-N Recommendation on Graphs., CIKM, 2016"], "Zhipeng Huang": ["KB-Enabled Query Recommendation for Long-Tail Queries., CIKM, 2016"], "Chong Peng": ["RAP: Scalable RPCA for Low-rank Matrix Recovery., CIKM, 2016"], "Liang Ma": ["Query Answering Efficiency in Expert Networks Under Decentralized Search., CIKM, 2016"], "Matthew Ekstrand-Abueg": ["A Study of Realtime Summarization Metrics., CIKM, 2016"], "Shuguang Han": ["Framing Mobile Information Needs: An Investigation of Hierarchical Query Sequence Structure., CIKM, 2016"], "Li Jin": ["A Context-aware Collaborative Filtering Approach for Urban Black Holes Detection., CIKM, 2016"], "Chi-Chun Lin": ["Combining Powers of Two Predictors in Optimizing Real-Time Bidding Strategy under Constrained Budget., CIKM, 2016"], "Thanh-Nam Doan": ["Attractiveness versus Competition: Towards an Unified Model for User Visitation., CIKM, 2016"], "Zhan Li": ["OptMark: A Toolkit for Benchmarking Query Optimizers., CIKM, 2016"], "Brian Brost": ["Multi-Dueling Bandits and Their Application to Online Ranker Evaluation., CIKM, 2016"], "Jiongqian Liang": ["Robust Contextual Outlier Detection: Where Context Meets Sparsity., CIKM, 2016"], "Kashyap Popat": ["Credibility Assessment of Textual Claims on the Web., CIKM, 2016"], "Xinyue Liu": ["Collective Traffic Prediction with Partially Observed Traffic History using Location-Based Social Media., CIKM, 2016"], "Karthik Subbian": ["Recommendations For Streaming Data., CIKM, 2016"], "Zhongfang Zhuang": ["PRO: Preference-Aware Recurring Query Optimization., CIKM, 2016"], "Ling Luo": ["Discovering Temporal Purchase Patterns with Different Responses to Promotions., CIKM, 2016"], "Hua Wei": ["ZEST: A Hybrid Model on Predicting Passenger Demand for Chauffeured Car Service., CIKM, 2016"], "Qiao Kang": ["A Filtering-based Clustering Algorithm for Improving Spatio-temporal Kriging Interpolation Accuracy., CIKM, 2016"], "Jes\u00fas Camacho-Rodr\u00edguez": ["Reuse-based Optimization for Pig Latin., CIKM, 2016"], "Joseph St. Amand": ["Discriminative View Learning for Single View Co-Training., CIKM, 2016"], "Dawei Chen": ["Learning Points and Routes to Recommend Trajectories., CIKM, 2016"], "Yodsawalai Chodpathumwan": ["Towards Representation Independent Similarity Search Over Graph Databases., CIKM, 2016"], "Kosetsu Tsukuda": ["Why Did You Cover That Song?: Modeling N-th Order Derivative Creation with Content Popularity., CIKM, 2016"], "Sandipan Sikdar": ["Anomalies in the Peer-review System: A Case Study of the Journal of High Energy Physics., CIKM, 2016"], "Chenwei Zhang": ["Multi-source Hierarchical Prediction Consolidation., CIKM, 2016"], "Dongwoo Kim": ["Probabilistic Knowledge Graph Construction: Compositional and Incremental Approaches., CIKM, 2016"], "Anastasia Giachanou": ["Explaining Sentiment Spikes in Twitter., CIKM, 2016"], "Henning K\u00f6hler": ["Qualitative Cleaning of Uncertain Data., CIKM, 2016"], "Ilyeop Yi": ["APAM: Adaptive Eager-Lazy Hybrid Evaluation of Event Patterns for Low Latency., CIKM, 2016"], "Chunkai Wang": ["OrientStream: A Framework for Dynamic Resource Allocation in Distributed Data Stream Management Systems., CIKM, 2016"], "Yong Wu": ["Tag2Word: Using Tags to Generate Words for Content Based Tag Recommendation., CIKM, 2016"], "Bei Shi": ["Digesting Multilingual Reader Comments via Latent Discussion Topics with Commonality and Specificity., CIKM, 2016", "Digesting News Reader Comments via Fine-Grained Associations with Event Facets and News Contents., CIKM, 2016"], "Sanguthevar Rajasekaran": ["Efficient Algorithms for the Two Locus Problem in Genome-Wide Association Study: Algorithms for the Two Locus Problem., CIKM, 2016"], "Thomas Niebler": ["FolkTrails: Interpreting Navigation Behavior in a Social Tagging System., CIKM, 2016"], "Panagiotis Liakos": ["Memory-Optimized Distributed Graph Processing through Novel Compression Techniques., CIKM, 2016"], "Tarique Anwar": ["Tracking the Evolution of Congestion in Dynamic Urban Road Networks., CIKM, 2016"], "Huigui Rong": ["The Rich and the Poor: A Markov Decision Process Approach to Optimizing Taxi Driver Revenue Efficiency., CIKM, 2016"], "Fuzhen Zhuang": ["Ensemble of Anchor Adapters for Transfer Learning., CIKM, 2016"], "Jun-Zhe Wang": ["Incremental Mining of High Utility Sequential Patterns in Incremental Databases., CIKM, 2016"], "Vladimir Ufimtsev": ["Understanding Stability of Noisy Networks through Centrality Measures and Local Connections., CIKM, 2016"], "Mehdi Sadri": ["Online Adaptive Topic Focused Tweet Acquisition., CIKM, 2016"], "Gaurav Baruah": ["Optimizing Nugget Annotations with Active Learning., CIKM, 2016"], "Prudhvi Ratna Badri Satya": ["Uncovering Fake Likers in Online Social Networks., CIKM, 2016"], "Feng Wang": ["Where to Place Your Next Restaurant?: Optimal Restaurant Placement via Leveraging User-Generated Reviews., CIKM, 2016"], "Justin Sampson": ["Leveraging the Implicit Structure within Social Media for Emergent Rumor Detection., CIKM, 2016"], "Ting Hua": ["Automatical Storyline Generation with Help from Twitter., CIKM, 2016"], "Nikita V. Spirin": ["A Comparative Study of Query-biased and Non-redundant Snippets for Structured Search on Mobile Devices., CIKM, 2016"], "Ibrahim M. Alabdulmohsin": ["Content-Agnostic Malware Detection in Heterogeneous Malicious Distribution Graph., CIKM, 2016"], "Liang Wang": ["Improving Advertisement Recommendation by Enriching User Browser Cookie Attributes., CIKM, 2016"], "Ali Braytee": ["Balanced Supervised Non-Negative Matrix Factorization for Childhood Leukaemia Patients., CIKM, 2016"], "Minh-Tien Nguyen": ["SoLSCSum: A Linked Sentence-Comment Dataset for Social Context Summarization., CIKM, 2016"], "Minwei Feng": ["Distributed Deep Learning for Question Answering., CIKM, 2016"], "Seong-Ping Chuah": ["Bus Routes Design and Optimization via Taxi Data Analytics., CIKM, 2016"], "Miyoung Han": ["Routing an Autonomous Taxi with Reinforcement Learning., CIKM, 2016"], "Lei Zhang": ["XKnowSearch!: Exploiting Knowledge Bases for Entity-based Cross-lingual Information Retrieval., CIKM, 2016"], "Dejun Huang": ["PARC: Privacy-Aware Data Cleaning., CIKM, 2016"], "Tianyou Guo": ["Ease the Process of Machine Learning with Dataflow., CIKM, 2016"], "Yu-Wen Liu": ["FIN10K: A Web-based Information System for Financial Report Analysis and Visualization., CIKM, 2016"], "Kewei Cheng": ["FeatureMiner: A Tool for Interactive Feature Selection., CIKM, 2016"], "Yinan Liu": ["Deola: A System for Linking Author Entities in Web Document with DBLP., CIKM, 2016"], "Chris Xing Tian": ["ConHub: A Metadata Management System for Docker Containers., CIKM, 2016"], "Namyong Park": ["BIGtensor: Mining Billion-Scale Tensor Made Easy., CIKM, 2016"], "Mehdi Kargar": ["eGraphSearch: Effective Keyword Search in Graphs., CIKM, 2016"], "Amine Roukh": ["EnerQuery: Energy-Aware Query Processing., CIKM, 2016"], "Haixing Huang": ["TGraph: A Temporal Graph Data Management System., CIKM, 2016"], "Martin Boissier": ["Analyzing Data Relevance and Access Patterns of Live Production Database Systems., CIKM, 2016"], "David Montoya": ["Thymeflow, A Personal Knowledge Base with Spatio-temporal Data., CIKM, 2016"], "Mingxuan Yue": ["Inferring Traffic Incident Start Time with Loop Sensor Data., CIKM, 2016"], "Liangyue Li": ["TEAMOPT: Interactive Team Optimization in Big Networks., CIKM, 2016"], "Chandima Hewa Nadungodage": ["GStreamMiner: A GPU-accelerated Data Stream Mining Framework., CIKM, 2016"], "Ragunathan Mariappan": ["QART: A Tool for Quality Assurance in Real-Time in Contact Centers., CIKM, 2016"], "Ankit Agrawal": ["A Fatigue Strength Predictor for Steels Using Ensemble Data Mining: Steel Fatigue Strength Predictor., CIKM, 2016"], "Shivakant Mishra": ["CyberSafety 2016: The First International Workshop on Computational Methods in CyberSafety., CIKM, 2016"], "Carlos Castillo": ["The Fourth International Workshop on Social Web for Disaster Management (SWDM 2016)., CIKM, 2016"], "Jie Tang": ["BigNet 2016: First Workshop on Big Network Analytics., CIKM, 2016"], "Yi Fang": ["DDTA 2016: The Workshop on Data-Driven Talent Acquisition., CIKM, 2016"], "Lei Shi": ["ACM DAVA'16: 2nd International Workshop on DAta mining meets Visual Analytics at Big Data Era., CIKM, 2016"], "Sangwoo Kim": ["DTMBIO 2016: The Tenth International Workshop on Data and Text Mining in Biomedical Informatics., CIKM, 2016"]}