{"Fawaz S. Al-Anzi": ["Modeling Behavior, A Step Towards Defining Functionally Correct Views of Complex Objects in Concurrent Engineering., CIKM, 1994"], "Michael Halper": ["Integrating a Part Relationship Into an Open OODB System Using Metaclasses., CIKM, 1994"], "Elke A. Rundensteiner": ["A Classification Algorithm for Supporting Object-Oriented Views., CIKM, 1994"], "Klemens B\u00f6hm": ["An Object-Oriented Database Application for HyTime Document Storage., CIKM, 1994", "Structured Document Handling - A Case For Integrating Databases and Information Retrieval., CIKM, 1994"], "Yangjun Chen": ["An Optimal Graph Traversal Algorithm for Evaluating Linear Binary-Chain Programs., CIKM, 1994"], "Robert Marek": ["TID Hash Joins., CIKM, 1994"], "Ana Paula Ambrosio": ["Introducing Semantics in Conceptual Schema Reuse., CIKM, 1994"], "W. Addison Woods": ["A Case for Reconfigurable Parallel Architectures for Information Retrieval., CIKM, 1994"], "Dik Lun Lee": ["Using Path Information for Query Processing in Object-Oriented Database Systems., CIKM, 1994"], "Reda Alhajj": ["Closure Maintenance in An Object-Oriented Query Model., CIKM, 1994"], "Adel Shrufi": ["Performance of Clustering Policies in Object Bases., CIKM, 1994"], "Weimin Chen": ["An Optimized Implementation for VML Based on Pattern Matching and Dynamic Programming., CIKM, 1994"], "Peter D. Karp": ["A Storage System for Scalable Knowledge Representation., CIKM, 1994"], "Eric S. Lee": ["Computer Image Retrieval by Features: Selecting the Best Facial Features for Suspect Identification Systems., CIKM, 1994"], "Fernando de Ferreira Rezende": ["A Lock Method for KBMSs Using Abstraction Relationships' Semantics., CIKM, 1994"], "Vinay K. Chaudhri": ["Quantitative Evaluation of a Transaction Facility for a Knowledge Base Management System., CIKM, 1994"], "Antonina Dattolo": ["Analytical Version Control Management in a Hypertext System., CIKM, 1994"], "Oh-Woog Kwon": ["Query Expansion Using Domain Adapted, Weighted Thesaurus in an Extended Boolean Model., CIKM, 1994"], "Jean-Charles Lamirel": ["Application of a Symbolico-Connectionist Approach for the Design of a Highly Interactive Documentary Database Interrogation System with On-Line Learning Capabilities., CIKM, 1994"], "Inien Syu": ["A Competition-Based Connectionist Model for Information Retrieval Using a Merged Thesaurus., CIKM, 1994"], "Iris Sheauyin Chu": ["Minipage Locking Support for Object-Oriented Page-Server DBMS., CIKM, 1994"], "Shankar Pal": ["Isolation of Transaction Aborts in Object-Oriented Database Management Systems., CIKM, 1994"], "Nandit Soparkar": ["Adaptive Commitment for Distributed Real-Time Transactions., CIKM, 1994"], "Calton Pu": ["Multiversion Divergence Control of Time Fuzziness., CIKM, 1994"], "Neel K. Jain": ["Group Formation Mechanisms for Transactions in ISIS., CIKM, 1994"], "Abdelsalam Helal": ["Quasi-Dynamic Two-Phase Locking., CIKM, 1994"], "Alexander Borgida": ["On The Relationship Between Description Logic and Predicate Logic., CIKM, 1994"], "Jiawei Han": ["LogicBase: A Deductive Database System Prototype., CIKM, 1994"], "Hong-Cheu Liu": ["Algebraic Equivalences Among Nested Relational Expressions., CIKM, 1994"], "Suk-Chung Yoon": ["Intelligent Query Answering in Deductive and Object-Oriented Databases., CIKM, 1994"], "Paul Johannesson": ["Linguistic Instruments and Qualitative Reasoning for Schema Integration., CIKM, 1994"], "V\u00e2nia Maria Ponte Vidal": ["Preserving Update Semantics in Schema Integration., CIKM, 1994"], "Fritz Lehmann": ["The EGG/YOLK Reliability Hierarchy : Semantic Data Integration Using Sorts with Prototypes., CIKM, 1994"], "Niki Pissinou": ["Towards a Framework for Integrating Multilevel Secure Models and Temporal Data Models., CIKM, 1994"], "Tsz S. Cheng": ["A Pattern Matching Language for Spatio-Temporal Databases., CIKM, 1994"], "Vram Kouramajian": ["The Time Index+: An Incremental Access Structure for Temporal Databases., CIKM, 1994"], "Shahram Ghandeharizadeh": ["Management of Disk Space with REBATE., CIKM, 1994"], "John S. Keen": ["XEL: Extended Ephemeral Logging for Log Storage Management., CIKM, 1994"], "Banu \u00d6zden": ["On the Storage and Retrieval of Continuous Media Data., CIKM, 1994"], "Ling Liu": ["Design and Evaluation Rules for Building Adaptive Schema in an Object-Oriented Data and Knowledge Base System., CIKM, 1994"], "Cheng Hian Goh": ["Context Interchange: Overcoming the Challenges of Large-Scale Interoperable Database Systems in a Dynamic Environment., CIKM, 1994"], "Walid G. Aref": ["Hashing by Proximity to Process Duplicates in Spatial Databases., CIKM, 1994"], "J. Leon Zhao": ["Spatial Data Traversal in Road Map Databases: A Graph Indexing Approach., CIKM, 1994"], "Vipul Kashyap": ["Semantics-Based Information Brokering., CIKM, 1994"], "Evaggelia Pitoura": ["Building Information Systems for Mobile Environments., CIKM, 1994"], "David W. Flater": ["The Role of the Database Community in the National Information Infrastructure., CIKM, 1994"], "Thomas Kirsche": ["Functionality and Architecture of a Cooperative Database System: A Vision., CIKM, 1994"], "Xiaohua Hu": ["Discovery of Decision Rules in Relational Databases: A Rough Set Approach., CIKM, 1994"], "Mika Klemettinen": ["Finding Interesting Rules from Large Sets of Discovered Association Rules., CIKM, 1994"], "J. Royce Rose": ["Hierarchical Classification as an Aid to Database and Hit-List Browsing., CIKM, 1994"], "Christian Heinlein": ["Representation of Medical Guidelines on Top of a Classification-Based System., CIKM, 1994"], "Susan B. Davidson": ["Facilitating Transformations in a Human Genome Project Database., CIKM, 1994"], "Yigal Arens": ["Intelligent Caching: Selecting, Representing, and Reusing Data in an Information Server., CIKM, 1994"], "Yin-he Jiang": ["Re-Evaluating Indexing Schemes for Nested Objects., CIKM, 1994"], "Yannis Labrou": ["A Semantics Approach for KQML - A General Purpose Communication Language for Software Agents., CIKM, 1994"], "Timothy W. Finin": ["KQML As An Agent Communication Language., CIKM, 1994"]}