{"Rajeev Rastogi": ["Machine Learning @ Amazon., CIKM, 2017"], "Rada Mihalcea": ["Deception Detection: When Computers Become Better than Humans., CIKM, 2017"], "Qiang Yang": ["When Deep Learning Meets Transfer Learning., CIKM, 2017"], "K. Ananth Krishnan": ["A Hyper-connected World., CIKM, 2017"], "Chao Li": ["Jointly Modeling Static Visual Appearance and Temporal Pattern for Unsupervised Video Hashing., CIKM, 2017"], "Hyunsoo Kim": ["Construction of a National Scale ENF Map using Online Multimedia Data., CIKM, 2017"], "Wei Zhao": ["Dual Learning for Cross-domain Image Captioning., CIKM, 2017"], "Sai Wu": ["A New Approach to Compute CNNs for Extremely Large Images., CIKM, 2017"], "Dan Li": ["Active Sampling for Large-scale Information Retrieval Evaluation., CIKM, 2017"], "Prakash Mandayam Comar": ["Intent Based Relevance Estimation from Click Logs., CIKM, 2017"], "Gaurav Baruah": ["A Comparison of Nuggets and Clusters for Evaluating Timeline Summaries., CIKM, 2017"], "Harrie Oosterhuis": ["Sensitive and Scalable Online Evaluation with Theoretical Guarantees., CIKM, 2017", "Balancing Speed and Quality in Online Learning to Rank for Information Retrieval., CIKM, 2017"], "Thibaut Thonet": ["Users Are Known by the Company They Keep: Topic Models for Viewpoint Discovery in Social Networks., CIKM, 2017"], "Jiajun Cheng": ["Aspect-level Sentiment Classification with HEAT (HiErarchical ATtention) Network., CIKM, 2017"], "Yi Tay": ["Dyadic Memory Networks for Aspect-based Sentiment Analysis., CIKM, 2017", "Multi-Task Neural Network for Non-discrete Attribute Prediction in Knowledge Graphs., CIKM, 2017"], "Qiang Chen": ["Modeling Language Discrepancy for Cross-Lingual Sentiment Analysis., CIKM, 2017"], "Guixiang Ma": ["Multi-view Clustering with Graph Embedding for Connectome Analysis., CIKM, 2017"], "Suhang Wang": ["Attributed Signed Network Embedding., CIKM, 2017"], "Tianshu Lyu": ["Enhancing the Network Embedding Quality with Structural Similarity., CIKM, 2017"], "Jiafeng Hu": ["On Embedding Uncertain Graphs., CIKM, 2017"], "Narayan Bhamidipati": ["A Large Scale Prediction Engine for App Install Clicks and Conversions., CIKM, 2017"], "Yu Su": ["Building Natural Language Interfaces to Web APIs., CIKM, 2017"], "Ahmed El-Roby": ["UFeed: Refining Web Data Integration Based on User Feedback., CIKM, 2017"], "Roberto Panerai Velloso": ["Extracting Records from the Web Using a Signal Processing Approach., CIKM, 2017"], "Akshay Kansal": ["A Scalable Graph-Coarsening Based Index for Dynamic Graph Databases., CIKM, 2017"], "Weiguo Zheng": ["Natural Language Question/Answering: Let Users Talk With The Knowledge Graph., CIKM, 2017"], "Shuo Han": ["Keyword Search on RDF Graphs - A Query Graph Assembly Approach., CIKM, 2017"], "Hongjian Wang": ["Region Representation Learning via Mobility Flow., CIKM, 2017"], "Yixing Fan": ["Learning Visual Features from Snapshots for Web Search., CIKM, 2017"], "Liang Pang": ["DeepRank: A New Deep Architecture for Relevance Ranking in Information Retrieval., CIKM, 2017"], "Asia J. Biega": ["Learning to Un-Rank: Quantifying Search Exposure for Users in Online Communities., CIKM, 2017"], "Chang Liu": ["Crowd-enabled Pareto-Optimal Objects Finding Employing Multi-Pairwise-Comparison Questions., CIKM, 2017"], "Yan Zhao": ["Destination-aware Task Assignment in Spatial Crowdsourcing., CIKM, 2017"], "Xueping Weng": ["Crowdsourced Selection on Multi-Attribute Data., CIKM, 2017"], "Vijaya Krishna Yalavarthi": ["Select Your Questions Wisely: For Entity Resolution With Crowd Errors., CIKM, 2017"], "Christophe Van Gysel": ["Reply With: Proactive Recommendation of Email Attachments., CIKM, 2017"], "Xiao Lin": ["Learning and Transferring Social and Item Visibilities for Personalized Recommendation., CIKM, 2017"], "Hongwei Wang": ["Joint Topic-Semantic-aware Social Recommendation for Online Voting., CIKM, 2017"], "Xin Wang": ["Interactive Social Recommendation., CIKM, 2017"], "Dejian Yang": ["From Properties to Links: Deep Network Embedding on Incomplete Graphs., CIKM, 2017"], "Sandro Cavallari": ["Learning Community Embedding with Community Detection and Node Embedding on Graphs., CIKM, 2017"], "Jundong Li": ["Attributed Network Embedding for Learning in a Dynamic Environment., CIKM, 2017"], "Yao Zhang": ["Learning Node Embeddings in Interaction Graphs., CIKM, 2017"], "Md Farhadur Rahman": ["Efficient Computation of Subspace Skyline over Categorical Domains., CIKM, 2017"], "Wenhui Yu": ["Fast Algorithms for Pareto Optimal Group-based Skyline., CIKM, 2017"], "Kaiqi Zhang": ["Probabilistic Skyline on Incomplete Data., CIKM, 2017"], "Haoyu Zhang": ["Communication-Efficient Distributed Skyline Computation., CIKM, 2017"], "Krishnaram Kenthapadi": ["Bringing Salary Transparency to the World: Computing Robust Compensation Insights via LinkedIn Salary., CIKM, 2017"], "Julia Proskurnia": ["Efficient Document Filtering Using Vector Space Topic Expansion and Pattern-Mining: The Case of Event Detection in Microposts., CIKM, 2017"], "Changsha Ma": ["LARM: A Lifetime Aware Regression Model for Predicting YouTube Video Popularity., CIKM, 2017"], "Minkyoung Kim": ["Modeling Affinity based Popularity Dynamics., CIKM, 2017"], "Ying Lu": ["Scenic Routes Now: Efficiently Solving the Time-Dependent Arc Orienteering Problem., CIKM, 2017"], "Xiangyu Zhao": ["Modeling Temporal-Spatial Correlations for Crime Prediction., CIKM, 2017"], "Xuchao Zhang": ["Spatiotemporal Event Forecasting from Incomplete Hyper-local Price Data., CIKM, 2017"], "Wei Chen": ["Exploiting Spatio-Temporal User Behaviors for User Linkage., CIKM, 2017"], "Jiepu Jiang": ["Similarity-based Distant Supervision for Definition Retrieval., CIKM, 2017", "Adaptive Persistence for Search Effectiveness Measures., CIKM, 2017"], "Prerna Khurana": ["Hybrid BiLSTM-Siamese network for FAQ Assistance., CIKM, 2017"], "Tanay Kumar Saha": ["Regularized and Retrofitted models for Learning Sentence Representation with Context., CIKM, 2017"], "Jinfeng Rao": ["Talking to Your TV: Context-Aware Voice Search with Hierarchical Recurrent Neural Networks., CIKM, 2017"], "Yusuke Kozawa": ["GPU-Accelerated Graph Clustering via Parallel Label Propagation., CIKM, 2017"], "Hossein Fani": ["Temporally Like-minded User Community Identification through Neural Embeddings., CIKM, 2017"], "Zheng Chen": ["Community-Based Network Alignment for Large Attributed Network., CIKM, 2017"], "Bing-Jie Sun": ["A Non-negative Symmetric Encoder-Decoder Approach for Community Detection., CIKM, 2017"], "Marco Cristo": ["Fast Word Recognition for Noise channel-based Models in Scenarios with Noise Specific Domain Knowledge., CIKM, 2017"], "Quan Yuan": ["Detecting Multiple Periods and Periodic Patterns in Event Time Sequences., CIKM, 2017"], "Abhirup Ghosh": ["Finding Periodic Discrete Events in Noisy Streams., CIKM, 2017"], "Patrick Sch\u00e4fer": ["Fast and Accurate Time Series Classification with WEASEL., CIKM, 2017"], "Hannah Bast": ["QLever: A Query Engine for Efficient SPARQL+Text Search., CIKM, 2017"], "Xuntao Cheng": ["A Study of Main-Memory Hash Joins on Many-core Processor: A Case with Intel Knights Landing Architecture., CIKM, 2017"], "Yingfan Liu": ["PQBF: I/O-Efficient Approximate Nearest Neighbor Search by Product Quantization., CIKM, 2017"], "Alistair Moffat": ["ANS-Based Index Compression., CIKM, 2017"], "Bin Cao": ["Covering the Optimal Time Window Over Temporal Data., CIKM, 2017"], "Melisachew Wudage Chekol": ["Scaling Probabilistic Temporal Query Evaluation., CIKM, 2017"], "Boxiang Dong": ["Efficient Discovery of Abnormal Event Sequences in Enterprise Security Systems., CIKM, 2017"], "Yating Zhang": ["Temporal Analog Retrieval using Transformation over Dual Hierarchical Structures., CIKM, 2017"], "Kyle Williams": ["Does That Mean You're Happy?: RNN-based Modeling of User Interaction Sequences to Detect Good Abandonment., CIKM, 2017"], "Rishabh Mehrotra": ["Deep Sequential Models for Task Satisfaction Prediction., CIKM, 2017", "Task Embeddings: Learning Query Embeddings using Task Context., CIKM, 2017"], "Widad Machmouchi": ["Beyond Success Rate: Utility as a Search Quality Metric for Online Experiments., CIKM, 2017"], "Ida Mele": ["Linking News across Multiple Streams for Timeliness Analysis., CIKM, 2017"], "Bang Liu": ["Growing Story Forest Online from Massive Breaking News., CIKM, 2017"], "Wee-Yong Lim": ["iFACT: An Interactive Framework to Assess Claims from Tweets., CIKM, 2017"], "Natali Ruchansky": ["CSI: A Hybrid Deep Model for Fake News Detection., CIKM, 2017", "To Be Connected, or Not to Be Connected: That is the Minimum Inefficiency Subgraph Problem., CIKM, 2017"], "Guansong Pang": ["Selective Value Coupling Learning for Detecting Outliers in High-Dimensional Categorical Data., CIKM, 2017"], "Mengxiao Zhu": ["Outlier Detection in Sparse Data with Factorization Machines., CIKM, 2017"], "Xian Teng": ["Anomaly Detection in Dynamic Networks using Multi-view Time-Series Hypersphere Learning., CIKM, 2017"], "Hao Wu": ["A Fast Trajectory Outlier Detection Approach via Driving Behavior Modeling., CIKM, 2017"], "Jiawei Zhang": ["BL-ECD: Broad Learning based Enterprise Community Detection via Hierarchical Structure Fusion., CIKM, 2017"], "Tuan-Anh Hoang": ["Highly Efficient Mining of Overlapping Clusters in Signed Weighted Networks., CIKM, 2017"], "Chun Wang": ["MGAE: Marginalized Graph Autoencoder for Graph Clustering., CIKM, 2017"], "Theodore Vasiloudis": ["BoostVHT: Boosting Distributed Streaming Decision Trees., CIKM, 2017"], "Nick G. Duffield": ["Stream Aggregation Through Order Sampling., CIKM, 2017"], "Ahsanul Haque": ["FUSION: An Online Method for Multistream Classification., CIKM, 2017"], "Shuguang Hu": ["Maintaining Densest Subsets Efficiently in Evolving Hypergraphs., CIKM, 2017"], "Yuqi Wang": ["Coupled Sparse Matrix Factorization for Response Time Prediction in Logistics Services., CIKM, 2017"], "Qiquan Shi": ["Tensor Rank Estimation and Completion via CP-based Nuclear Norm., CIKM, 2017"], "Nguyen Lu Dang Khoa": ["Smart Infrastructure Maintenance Using Incremental Tensor Analysis: Extended Abstract., CIKM, 2017"], "Ariyam Das": ["Collaborative Filtering as a Case-Study for Model Parallelism on Bulk Synchronous Systems., CIKM, 2017"], "Yuling Shi": ["Modeling Student Learning Styles in MOOCs., CIKM, 2017"], "Yuying Chen": ["Tracking Knowledge Proficiency of Students with Educational Priors., CIKM, 2017"], "Zhe Chen": ["Spreadsheet Property Detection With Rule-assisted Active Learning., CIKM, 2017"], "Xiaofei Zhou": ["Learning Knowledge Embeddings by Combining Limit-based Scoring Loss., CIKM, 2017"], "Zhengjie Huang": ["Length Adaptive Recurrent Model for Text Classification., CIKM, 2017"], "Jie Chen": ["Movie Fill in the Blank with Adaptive Temporal Attention and Description Update., CIKM, 2017"], "Rupinder Paul Khandpur": ["Crowdsourcing Cybersecurity: Cyber Attack Detection using Social Media., CIKM, 2017"], "Tao Han": ["Budgeted Task Scheduling for Crowdsourced Knowledge Acquisition., CIKM, 2017"], "Jiyi Li": ["Hyper Questions: Unsupervised Targeting of a Few Experts in Crowdsourcing., CIKM, 2017"], "Yusan Lin": ["Modeling Menu Bundle Designs of Crowdfunding Projects., CIKM, 2017"], "Krunal Parmar": ["Forecasting Ad-Impressions on Online Retail Websites using Non-homogeneous Hawkes Processes., CIKM, 2017"], "Yuxuan Song": ["Volume Ranking and Sequential Selection in Programmatic Display Advertising., CIKM, 2017"], "Huan Yan": ["On Migratory Behavior in Video Consumption., CIKM, 2017"], "Sha Li": ["FM-Hawkes: A Hawkes Process Based Approach for Modeling Online Activity Correlations., CIKM, 2017"], "Zahra Zohrevand": ["Deep Learning Based Forecasting of Critical Infrastructure Data., CIKM, 2017"], "Wonsung Lee": ["Augmented Variational Autoencoders for Collaborative Filtering with Auxiliary Information., CIKM, 2017"], "Qi Cao": ["DeepHawkes: Bridging the Gap between Prediction and Understanding of Information Cascades., CIKM, 2017"], "Meng Hu": ["CNN-IETS: A CNN-based Probabilistic Approach for Information Extraction by Text Segmentation., CIKM, 2017"], "Zitao Liu": ["A Personalized Predictive Framework for Multivariate Clinical Time Series via Adaptive Model Selection., CIKM, 2017"], "Yejin Kim": ["DiagTree: Diagnostic Tree for Differential Diagnosis., CIKM, 2017"], "Jiazhi Ni": ["Fine-grained Patient Similarity Measuring using Deep Metric Learning., CIKM, 2017"], "Th\u00f4ng T. Nguy\u00ean": ["Differentially Private Regression for Discrete-Time Survival Analysis., CIKM, 2017"], "Huandong Wang": ["From Fingerprint to Footprint: Revealing Physical World Privacy Leakage by Cyberspace Cookie Logs., CIKM, 2017"], "Lingjuan Lyu": ["Privacy-Preserving Collaborative Deep Learning with Application to Human Activity Recognition., CIKM, 2017"], "Sutapa Mondal": ["Privacy Aware Temporal Profiling of Emails in Distributed Setup., CIKM, 2017"], "Baichuan Zhang": ["Name Disambiguation in Anonymized Graphs using Network Embedding., CIKM, 2017"], "Rui Dong": ["Weakly-Guided User Stance Prediction via Joint Modeling of Content and Social Interaction., CIKM, 2017"], "Yujie Fan": ["Social Media for Opioid Addiction Epidemiology: Automatic Detection of Opioid Addicts from Twitter and Case Studies., CIKM, 2017"], "Zhiwei Wang": ["Understanding and Predicting Weight Loss with Mobile Social Networking Data., CIKM, 2017"], "Wen-Haw Chong": ["Tweet Geolocation: Leveraging Location, User and Peer Signals., CIKM, 2017"], "Bin Liu": ["A Two-step Information Accumulation Strategy for Learning from Highly Imbalanced Data., CIKM, 2017"], "Cong Yan": ["Understanding Database Performance Inefficiencies in Real-world Web Applications., CIKM, 2017"], "Hoang Dung Vu": ["Data Driven Chiller Plant Energy Optimization with Domain Knowledge., CIKM, 2017"], "Sreenivas Gollapudi": ["Partitioning Orders in Online Shopping Services., CIKM, 2017"], "Amit Gupta": ["Taxonomy Induction Using Hypernym Subsequences., CIKM, 2017"], "Adit Krishnan": ["Unsupervised Concept Categorization and Extraction from Scientific Document Titles., CIKM, 2017"], "Yuxiang Zhang": ["MIKE: Keyphrase Extraction by Integrating Multidimensional Information., CIKM, 2017"], "Yixuan Tang": ["QALink: Enriching Text Documents with Relevant Q&A Site Contents., CIKM, 2017"], "Yanan Zheng": ["Sequence Modeling with Hierarchical Deep Generative Models with Dual Memory., CIKM, 2017"], "Kun Qian": ["Active Learning for Large-Scale Entity Resolution., CIKM, 2017"], "Dung D. Le": ["Indexable Bayesian Personalized Ranking for Efficient Top-k Recommendation., CIKM, 2017"], "Aman Grover": ["Latency Reduction via Decision Tree Based Query Construction., CIKM, 2017"], "Junxing Zhu": ["Broad Learning based Multi-Source Collaborative Recommendation., CIKM, 2017"], "Jing Li": ["Neural Attentive Session-based Recommendation., CIKM, 2017"], "Jarana Manotumruksa": ["A Deep Recurrent Collaborative Filtering Framework for Venue Recommendation., CIKM, 2017", "A Personalised Ranking Framework with Multiple Sampling Criteria for Venue Recommendation., CIKM, 2017"], "Konstantina Christakopoulou": ["Recommendation with Capacity Constraints., CIKM, 2017"], "Yongfeng Zhang": ["Joint Representation Learning for Top-N Recommendation with Heterogeneous Information Sources., CIKM, 2017"], "Wenjie Pei": ["Interacting Attention-gated Recurrent Networks for Recommendation., CIKM, 2017"], "Daizong Ding": ["BayDNN: Friend Recommendation with Bayesian Personalized Ranking Deep Neural Network., CIKM, 2017"], "Haixin Jiang": ["A Topic Model Based on Poisson Decomposition., CIKM, 2017"], "Rui Wang": ["A Matrix-Vector Recurrent Unit Model for Capturing Compositional Semantics in Phrase Embeddings., CIKM, 2017"], "Hosein Azarbonyad": ["Words are Malleable: Computing Semantic Shifts in Political and Media Discourse., CIKM, 2017"], "Gaurav Singh": ["A Neural Candidate-Selector Architecture for Automatic Structured Clinical Text Annotation., CIKM, 2017"], "Dong Yuan": ["Sybil Defense in Crowdsourcing Platforms., CIKM, 2017"], "Shenghua Liu": ["HoloScope: Topology-and-Spike Aware Fraud Detection., CIKM, 2017"], "Imrul Chowdhury Anindya": ["Building a Dossier on the Cheap: Integrating Distributed Personal Data Resources Under Cost Constraints., CIKM, 2017"], "Yuhong Li": ["DeMalC: A Feature-rich Machine Learning Framework for Malicious Call Detection., CIKM, 2017"], "Meike Zehlike": ["FA*IR: A Fair Top-k Ranking Algorithm., CIKM, 2017"], "Kaiping Zheng": ["Capturing Feature-Level Irregularity in Disease Progression Modeling., CIKM, 2017"], "Kishaloy Halder": ["Health Forum Thread Recommendation Using an Interest Aware Topic Model., CIKM, 2017"], "Liangzhe Chen": ["HotSpots: Failure Cascades on Heterogeneous Critical Infrastructure Networks., CIKM, 2017"], "Lucky Dhakad": ["SOPER: Discovering the Influence of Fashion and the Many Faces of User from Session Logs using Stick Breaking Process., CIKM, 2017"], "Xin Zheng": ["Semi-Supervised Event-related Tweet Identification with Dynamic Keyword Generation., CIKM, 2017"], "Chenguang Wang": ["Distant Meta-Path Similarities for Text-Based Heterogeneous Information Networks., CIKM, 2017"], "Shuai An": ["Unsupervised Feature Selection with Joint Clustering Analysis., CIKM, 2017"], "Ali Braytee": ["Multi-Label Feature Selection using Correlation Information., CIKM, 2017"], "Yiyang Li": ["Content Recommendation by Noise Contrastive Transfer Learning of Feature Representation., CIKM, 2017"], "Minh C. Phan": ["NeuPL: Attention-based Semantic Matching and Pair-Linking for Entity Disambiguation., CIKM, 2017"], "Jia Li": ["Relaxing Graph Pattern Matching With Explanations., CIKM, 2017"], "Eric Malmi": ["Active Network Alignment: A Matching-Based Approach., CIKM, 2017"], "Mohammad Hossein Namaki": ["Discovering Graph Temporal Association Rules., CIKM, 2017"], "Behzad Golshan": ["Minimizing Tension in Teams., CIKM, 2017"], "Jiabao Sun": ["Interactive Spatial Keyword Querying with Semantics., CIKM, 2017"], "Viet Ha-Thuc": ["From Query-By-Keyword to Query-By-Example: LinkedIn Talent Search Approach., CIKM, 2017"], "Mostafa Dehghani": ["Learning to Attend, Copy, and Generate for Session-Based Query Suggestion., CIKM, 2017"], "Zhen Liao": ["Deep Context Modeling for Web Query Entity Disambiguation., CIKM, 2017"], "Meng Qu": ["An Attention-based Collaboration Framework for Multi-View Network Representation Learning., CIKM, 2017"], "Zhen Tan": ["Representation Learning of Large-Scale Knowledge Graphs via Entity Feature Combinations., CIKM, 2017"], "Sami Abu-El-Haija": ["Learning Edge Representations via Low-Rank Asymmetric Projections., CIKM, 2017"], "Tao-Yang Fu": ["HIN2Vec: Explore Meta-paths in Heterogeneous Information Networks for Representation Learning., CIKM, 2017"], "Edoardo Galimberti": ["Core Decomposition and Densest Subgraph in Multilayer Networks., CIKM, 2017"], "Muhammad Anis Uddin Nasir": ["Fully Dynamic Algorithm for Top-k Densest Subgraphs., CIKM, 2017"], "Yu Rong": ["Minimizing Dependence between Graphs., CIKM, 2017"], "Mohamed Ghalwash": ["Exploiting Electronic Health Records to Mine Drug Effects on Laboratory Test Results., CIKM, 2017"], "Sridevi Baskaran": ["Efficient Discovery of Ontology Functional Dependencies., CIKM, 2017"], "Chenhao Xie": ["Automatic Navbox Generation by Interpretable Clustering over Linked Entities., CIKM, 2017"], "Marco Ponza": ["A Two-Stage Framework for Computing Entity Relatedness in Wikipedia., CIKM, 2017"], "Yuan He": ["Incorporating the Latent Link Categories in Relational Topic Modeling., CIKM, 2017"], "Peifeng Yin": ["Tone Analyzer for Online Customer Service: An Unsupervised Model with Interfered Training., CIKM, 2017"], "Junting Ye": ["Nationality Classification Using Name Embeddings., CIKM, 2017"], "Shengmin Jin": ["Emotions in Social Networks: Distributions, Patterns, and Models., CIKM, 2017"], "Yan Zhuang": ["Hike: A Hybrid Human-Machine Method for Entity Alignment in Large-Scale Knowledge Bases., CIKM, 2017"], "Qingyun Wu": ["Returning is Believing: Optimizing Long-term User Engagement in Recommender Systems., CIKM, 2017"], "Qizhen Zhang": ["Predicting Startup Crowdfunding Success through Longitudinal Social Engagement Analysis., CIKM, 2017"], "Rupesh Gupta": ["Optimizing Email Volume For Sitewide Engagement., CIKM, 2017"], "Mengdie Zhuang": ["Understanding Engagement through Search Behaviour., CIKM, 2017"], "Dong An": ["Citation Metadata Extraction via Deep Neural Network-based Segment Sequence Labeling., CIKM, 2017"], "Samiul Anwar": ["A Novel Approach for Efficient Computation of Community Aware Ridesharing Groups., CIKM, 2017"], "Jatin Arora": ["Extracting Entities of Interest from Comparative Product Reviews., CIKM, 2017"], "Ting Bai": ["A Neural Collaborative Filtering Model with Interaction-based Neighborhood., CIKM, 2017"], "Laure Berti-\u00c9quille": ["Profiling DRDoS Attacks with Data Analytics Pipeline., CIKM, 2017"], "Weijie Bian": ["A Compare-Aggregate Model with Dynamic-Clip Attention for Answer Selection., CIKM, 2017"], "Mohamed Reda Bouadjenek": ["Learning Biological Sequence Types Using the Literature., CIKM, 2017"], "Chiyu Cai": ["Detecting Social Bots by Jointly Modeling Deep Behavior and Content Information., CIKM, 2017"], "Yingjie Cao": ["PMS: an Effective Approximation Approach for Distributed Large-scale Graph Data Processing and Mining., CIKM, 2017"], "Miriam Cha": ["Language Modeling by Clustering with Word Embeddings for Text Readability Assessment., CIKM, 2017"], "Jing Chai": ["Compact Multiple-Instance Learning., CIKM, 2017"], "Chih-Yu Chao": ["Text Embedding for Sub-Entity Ranking from User Reviews., CIKM, 2017"], "Elaheh Alipour Chavary": ["Summarizing Significant Changes in Network Traffic Using Contrast Pattern Mining., CIKM, 2017"], "Chengyao Chen": ["Modeling Opinion Influence with User Dual Identity., CIKM, 2017"], "Ruey-Cheng Chen": ["An Empirical Analysis of Pruning Techniques: Performance, Retrievability and Bias., CIKM, 2017"], "Baiyun Cui": ["Text Coherence Analysis Based on Deep Neural Network., CIKM, 2017"], "Shaobo Dang": ["Unsupervised Matrix-valued Kernel Learning For One Class Classification., CIKM, 2017"], "Arash Dargahi Nobari": ["Analysis of Telegram, An Instant Messaging Service., CIKM, 2017"], "Supratim Das": ["Estimating Event Focus Time Using Neural Word Embeddings., CIKM, 2017"], "Xiang Deng": ["Personalized Image Aesthetics Assessment., CIKM, 2017"], "Danhao Ding": ["Efficient Fault-Tolerant Group Recommendation Using alpha-beta-core., CIKM, 2017"], "Nghia Duong-Trung": ["On Discovering the Number of Document Topics via Conceptual Latent Space., CIKM, 2017"], "Shijia E": ["Chinese Named Entity Recognition with Character-Word Mixed Embedding., CIKM, 2017"], "Faezeh Ensan": ["An Empirical Study of Embedding Features in Learning to Rank., CIKM, 2017"], "Sedigheh Eslami": ["Privacy of Hidden Profiles: Utility-Preserving Profile Removal in Online Forums., CIKM, 2017"], "Zhou Fang": ["QoS-Aware Scheduling of Heterogeneous Servers for Inference in Deep Neural Networks., CIKM, 2017"], "Adam Fourney": ["Geographic and Temporal Trends in Fake News Consumption During the 2016 US Presidential Election., CIKM, 2017"], "Felan Carlo C. Garcia": ["Inferring Appliance Energy Usage from Smart Meters using Fully Convolutional Encoder Decoder Networks., CIKM, 2017"], "Garima Gaur": ["Tracking the Impact of Fact Deletions on Knowledge Graph Queries using Provenance Polynomials., CIKM, 2017"], "Lei Gu": ["An Euclidean Distance based on the Weighted Self-information Related Data Transformation for Nominal Data Clustering., CIKM, 2017"], "Mukul Gupta": ["Interest Diffusion in Heterogeneous Information Network for Personalized Item Ranking., CIKM, 2017"], "Matthias Hagen": ["Source Retrieval for Web-Scale Text Reuse Detection., CIKM, 2017"], "Casper Hansen": ["Smart City Analytics: Ensemble-Learned Prediction of Citizen Home Care., CIKM, 2017"], "Qinghao Hu": ["Fast K-means for Large Scale Clustering., CIKM, 2017"], "Ruiqi Hu": ["Graph Ladder Networks for Network Classification., CIKM, 2017"], "Xu Hu": ["A Communication Efficient Parallel DBSCAN Algorithm based on Parameter Server., CIKM, 2017"], "Longtao Huang": ["KIEM: A Knowledge Graph based Method to Identify Entity Morphs., CIKM, 2017"], "Xin Huang": ["Ontology-based Graph Visualization for Summarized View., CIKM, 2017"], "Zai Huang": ["An Ad CTR Prediction Method Based on Feature Learning of Deep and Shallow Layers., CIKM, 2017"], "Yoonsuk Kang": ["A Framework for Estimating Execution Times of IO Traces on SSDs., CIKM, 2017"], "Mami Kawasaki": ["Ranking Rich Mobile Verticals based on Clicks and Abandonment., CIKM, 2017"], "Evgeny Kharlamov": ["Semantic Rules for Machine Diagnostics: Execution and Management., CIKM, 2017", "SemFacet: Making Hard Faceted Search Easier., CIKM, 2017"], "Jaehyung Kim": ["Machine Learning based Performance Modeling of Flash SSDs., CIKM, 2017"], "Sunjae Kwon": ["A Robust Named-Entity Recognition System Using Syllable Bigram Embedding with Eojeol Prefix Information., CIKM, 2017"], "Jae-woong Lee": ["IDAE: Imputation-boosted Denoising Autoencoder for Collaborative Filtering., CIKM, 2017"], "Kwang Hee Lee": ["Computing Betweenness Centrality in B-hypergraphs., CIKM, 2017"], "Yang-Yin Lee": ["Structural-fitting Word Vectors to Linguistic Ontology for Semantic Relatedness Measurement., CIKM, 2017"], "Yu Lei": ["Alternating Pointwise-Pairwise Learning for Personalized Item Ranking., CIKM, 2017"], "Tong Li": ["Deep Multi-Similarity Hashing for Multi-label Image Retrieval., CIKM, 2017"], "Yuqi Li": ["Learning Graph-based Embedding For Time-Aware Product Recommendation., CIKM, 2017"], "Junjie Lin": ["An Enhanced Topic Modeling Approach to Multiple Stance Identification., CIKM, 2017"], "Hao Liu": ["TICC: Transparent Inter-Column Compression for Column-Oriented Database Systems., CIKM, 2017"], "Shen Liu": ["Exploiting User Consuming Behavior for Effective Item Tagging., CIKM, 2017"], "Siqiang Luo": ["SEQ: Example-based Query for Spatial Objects., CIKM, 2017"], "Shanshan Lyu": ["Truth Discovery by Claim and Source Embedding., CIKM, 2017"], "Arpan Mandal": ["Automatic Catchphrase Identification from Legal Court Case Documents., CIKM, 2017"], "Behrooz Mansouri": ["Learning Temporal Ambiguity in Web Search Queries., CIKM, 2017"], "Ilya Markov": ["Online Expectation-Maximization for Click Models., CIKM, 2017"], "Zhao Meng": ["Hierarchical RNN with Static Sentence-Level Attention for Text-Based Speaker Change Detection., CIKM, 2017"], "Aditya Krishna Menon": ["Predicting Short-Term Public Transport Demand via Inhomogeneous Poisson Processes., CIKM, 2017"], "Norman Meuschke": ["Analyzing Mathematical Content to Detect Academic Plagiarism., CIKM, 2017"], "Changsung Moon": ["Learning Entity Type Embeddings for Knowledge Graph Completion., CIKM, 2017"], "Sara Mumtaz": ["Identifying Top-K Influential Nodes in Networks., CIKM, 2017"], "Mir Tafseer Nayeem": ["Paraphrastic Fusion for Abstractive Multi-Sentence Compression Generation., CIKM, 2017"], "Dat Ba Nguyen": ["J-REED: Joint Relation Extraction and Entity Disambiguation., CIKM, 2017"], "Trong T. Nguyen": ["Collaborative Topic Regression with Denoising AutoEncoder for Content and Community Co-Representation., CIKM, 2017"], "Massimo Nicosia": ["Accurate Sentence Matching with Hybrid Siamese Networks., CIKM, 2017"], "Shuzi Niu": ["Collaborative Sequence Prediction for Sequential Recommender., CIKM, 2017"], "Petr Osicka": ["Boolean Matrix Decomposition by Formal Concept Sampling., CIKM, 2017"], "Soumajit Pal": ["Enhancing Knowledge Graph Completion By Embedding Correlations., CIKM, 2017"], "Meng Pang": ["Robust Heterogeneous Discriminative Analysis for Single Sample Per Person Face Recognition., CIKM, 2017"], "Keunchan Park": ["Deep Neural Networks for News Recommendations., CIKM, 2017"], "Ayush Patwari": ["TATHYA: A Multi-Classifier System for Detecting Check-Worthy Statements in Political Debates., CIKM, 2017"], "Dimitrios Rafailidis": ["A Collaborative Ranking Model for Cross-Domain Recommendations., CIKM, 2017"], "Anurag Roy": ["Combining Local and Global Word Embeddings for Microblog Stemming., CIKM, 2017"], "Dwaipayan Roy": ["An Improved Test Collection and Baselines for Bibliographic Citation Recommendation., CIKM, 2017"], "Aghiles Salah": ["A Way to Boost Semi-NMF for Document Clustering., CIKM, 2017"], "Satoshi Sanjo": ["Recipe Popularity Prediction with Deep Visual-Semantic Fusion., CIKM, 2017"], "Antonia Saravanou": ["Revealing the Hidden Links in Content Networks: An Application to Event Discovery., CIKM, 2017"], "Arun V. Sathanur": ["When Labels Fall Short: Property Graph Simulation via Blending of Network Structure and Vertex Attributes., CIKM, 2017"], "Harrisen Scells": ["Integrating the Framing of Clinical Questions via PICO into the Retrieval of Medical Literature for Systematic Reviews., CIKM, 2017"], "Jung Hyuk Seo": ["pm-SCAN: an I/O Efficient Structural Clustering Algorithm for Large-scale Graphs., CIKM, 2017"], "Jun Shi": ["Knowledge Graph Embedding with Triple Context., CIKM, 2017"], "Abhishek Kumar Singh": ["Hybrid MemNet for Extractive Summarization., CIKM, 2017"], "Luca Soldaini": ["Denoising Clinical Notes for Medical Literature Retrieval with Convolutional Neural Model., CIKM, 2017"], "Xingshen Song": ["SIMD-Based Multiple Sets Intersection with Dual-Scale Search Algorithm., CIKM, 2017"], "Avikalp Srivastava": ["Soft Seeded SSL Graphs for Unsupervised Semantic Similarity-based Retrieval., CIKM, 2017"], "Rade Stanojevic": ["How Safe is Your (Taxi) Driver?, CIKM, 2017"], "Jiaxing Tan": ["Sentence Retrieval with Sentiment-specific Topical Anchoring for Review Summarization., CIKM, 2017"], "Shixin Tian": ["Visualizing Deep Neural Networks with Interaction of Super-pixels., CIKM, 2017"], "Saki Ueda": ["Collecting Non-Geotagged Local Tweets via Bandit Algorithms., CIKM, 2017"], "Amir Pouran Ben Veyseh": ["A Temporal Attentional Model for Rumor Stance Classification., CIKM, 2017"], "Cheng Wang": ["Improving the Gain of Visual Perceptual Behaviour on Topic Modeling for Text Recommendation., CIKM, 2017"], "Yan Wang": ["Semantic Annotation for Places in LBSN through Graph Embedding., CIKM, 2017"], "Yiren Wang": ["A Study of Feature Construction for Text-based Forecasting of Time Series Variables., CIKM, 2017"], "Yiwei Wang": ["Using Knowledge Graphs to Explain Entity Co-occurrence in Twitter., CIKM, 2017"], "Yutong Wang": ["Integrating Side Information for Boosting Machine Comprehension., CIKM, 2017"], "Xiaokai Wei": ["Unsupervised Feature Selection with Heterogeneous Side Information., CIKM, 2017"], "Joyce Jiyoung Whang": ["An Empirical Study of Community Overlap: Ground-truth, Algorithmic Solutions, and Implications., CIKM, 2017", "Non-Exhaustive, Overlapping Co-Clustering., CIKM, 2017"], "Jerome White": ["Simulating Zero-Resource Spoken Term Discovery., CIKM, 2017"], "Colin Wilkie": ["Algorithmic Bias: Do Good Systems Make Relevant Documents More Retrievable?, CIKM, 2017"], "Chen Wu": ["Session-aware Information Embedding for E-commerce Product Recommendation., CIKM, 2017"], "Siyuan Wu": ["Conflict of Interest Declaration and Detection System in Heterogeneous Networks., CIKM, 2017"], "Changsheng Xiang": ["Common-Specific Multimodal Learning for Deep Belief Network., CIKM, 2017"], "Chenyan Xiong": ["JointSem: Combining Query Entity Linking and Entity based Document Ranking., CIKM, 2017"], "Bo Xu": ["Learning to Rank with Query-level Semi-supervised Autoencoders., CIKM, 2017"], "Nan Xu": ["MultiSentiNet: A Deep Semantic Network for Multimodal Sentiment Analysis., CIKM, 2017"], "Qiongkai Xu": ["Attentive Graph-based Recursive Neural Network for Collective Vertex Classification., CIKM, 2017"], "Hongxia Yang": ["Bayesian Heteroscedastic Matrix Factorization for Conversion Rate Prediction., CIKM, 2017"], "Di Yao": ["SERM: A Recurrent Model for Next Location Prediction in Semantic Trajectories., CIKM, 2017"], "Chia-An Yu": ["Low-Rank Matrix Completion over Finite Abelian Group Algebras for Context-Aware Recommendation., CIKM, 2017"], "Shuhan Yuan": ["Spectrum-based Deep Neural Networks for Fraud Detection., CIKM, 2017"], "Yu Zhang": ["RATE: Overcoming Noise and Sparsity of Textual Features in Real-Time Location Estimation., CIKM, 2017"], "Zhi-Lin Zhao": ["Missing Value Learning., CIKM, 2017"], "Jing Zheng": ["Local Ensemble across Multiple Sources for Collaborative Filtering., CIKM, 2017"], "Endong Zhu": ["Cluster-level Emotion Pattern Matching for Cross-Domain Social Emotion Classification., CIKM, 2017"], "Shuguang Zhu": ["Knowledge-based Question Answering by Jointly Generating, Copying and Paraphrasing., CIKM, 2017"], "Yael Amsterdamer": ["PODIUM: Procuring Opinions from Diverse Users in a Multi-Dimensional World., CIKM, 2017"], "Arif Arman": ["VizQ: A System for Scalable Processing of Visibility Queries in 3D Spatial Databases., CIKM, 2017"], "Amin Beheshti": ["CoreDB: a Data Lake Service., CIKM, 2017"], "Maya Ekron": ["SimMeme: Semantic-Based Meme Search., CIKM, 2017"], "Guy Feigenblat": ["SummIt: A Tool for Extractive Summarization, Discovery and Analysis., CIKM, 2017"], "Scott Freitas": ["Rapid Analysis of Network Connectivity., CIKM, 2017"], "Nina Hubig": ["HyPerInsight: Data Exploration Deep Inside HyPer., CIKM, 2017"], "Adam Jatowt": ["Interactive System for Reasoning about Document Age., CIKM, 2017"], "Sebastian Kruse": ["Metacrate: Organize and Analyze Millions of Data Profiles., CIKM, 2017"], "Tuan M. V. Le": ["SemVis: Semantic Visualization for Interactive Topical Analysis., CIKM, 2017"], "Julien Leblay": ["Exploring the Veracity of Online Claims with BackDrop., CIKM, 2017"], "Feng-Lin Li": ["AliMe Assist : An Intelligent Assistant for Creating an Innovative E-commerce Experience., CIKM, 2017"], "Guanyao Li": ["Public Transportation Mode Detection from Cellular Data., CIKM, 2017"], "Mengxiong Liu": ["Urbanity: A System for Interactive Exploration of Urban Dynamics from Streaming Human Sensing Data., CIKM, 2017"], "Gulnar Mehdi": ["SemDia: Semantic Rule-Based Equipment Diagnostics Tool., CIKM, 2017"], "Sergey Paramonov": ["TaCLe: Learning Constraints in Tabular Data., CIKM, 2017"], "Fabio Persia": ["An Interactive Framework for Video Surveillance Event Detection and Modeling., CIKM, 2017"], "Steffen Remus": ["Storyfinder: Personalized Knowledge Base Construction and Management by Browsing the Web., CIKM, 2017"], "Muhammad Aamir Saleem": ["IMaxer: A Unified System for Evaluating Influence Maximization in Location-based Social Networks., CIKM, 2017"], "Salman Ahmed Shaikh": ["StreamingCube: A Unified Framework for Stream Processing and OLAP Analysis., CIKM, 2017"], "Tom\u00e1s Skopal": ["Product Exploration based on Latent Visual Attributes., CIKM, 2017"], "Sia Xin Yun Suzanna": ["Hierarchical Module Classification in Mixed-initiative Conversational Agent System., CIKM, 2017"], "Hoang Tam Vo": ["Blockchain-based Data Management and Analytics for Micro-insurance Applications., CIKM, 2017"], "Hongzhi Wang": ["CleanCloud: Cleaning Big Data on Cloud., CIKM, 2017"], "Mingrui Wei": ["Interactive Analytics System for Exploring Outliers., CIKM, 2017"], "Jianqiu Xu": ["Query and Animate Multi-attribute Trajectory Data., CIKM, 2017"], "Shi Zhi": ["ClaimVerif: A Real-time Claim Verification System Using the Web and Fact Databases., CIKM, 2017"], "Ping Zhong": ["POOLSIDE: An Online Probabilistic Knowledge Base for Shopping Decision Support., CIKM, 2017"], "Mohammed Hasanuzzaman": ["Overview of the 4th HistoInformatics Workshop., CIKM, 2017"], "Xia Hu": ["IDM 2017: Workshop on Interpretable Data Mining - Bridging the Gap between Shallow and Deep Models., CIKM, 2017"], "Manjira Sinha": ["SMASC 2017: First International Workshop on Social Media Analytics for Smart Cities., CIKM, 2017"], "Marianne Winslett": ["Additional Workshops Co-located with CIKM 2017., CIKM, 2017"]}