{"Erik Thomsen": ["A relevant research agenda for the decision support industry., CIKM, 2000"], "Edward A. Fox": ["Digital Libraries: Extending and Applying Library and Information Science and Technology., CIKM, 2000"], "Dimitris Meretakis": ["Scalable association-based text classification., CIKM, 2000"], "Eui-Hong Han": ["Fast Supervised Dimensionality Reduction Algorithm with Applications to Document Categorization & Retrieval., CIKM, 2000"], "Bing Liu": ["Clustering Through Decision Tree Construction., CIKM, 2000"], "Han-joon Kim": ["A Semi-Supervised Document Clustering Technique for Information Organization., CIKM, 2000"], "Ming-Syan Chen": ["Dynamic Generation of Data Broadcasting Programs for a Broadcast Disk Array., CIKM, 2000"], "Jianliang Xu": ["SAIU: An Efficient Cache Replacement Policy for Wireless On-demand Broadcasts., CIKM, 2000"], "Wai Gen Yee": ["A Framework for Designing Update Objects to Improve Server Scalability in Intermittently Synchronized Databases., CIKM, 2000"], "St\u00e9phane Bressan": ["A Framework for Modeling Buffer Replacement Strategies., CIKM, 2000"], "Raj D. Iyer": ["Boosting for Document Routing., CIKM, 2000"], "Fabrizio Sebastiani": ["An Improved Boosting Algorithm and its Application to Text Categorization., CIKM, 2000"], "Kamal Nigam": ["Analyzing the Effectiveness and Applicability of Co-training., CIKM, 2000"], "Wan-Sup Cho": ["Estimating Nested Selectivity in Object-Oriented Databases., CIKM, 2000"], "Jixue Liu": ["Maintaining Views in Object-relational Databases., CIKM, 2000"], "Unmi Tina Kang": ["Indexing Inheritance and Aggregation., CIKM, 2000"], "Anton Leuski": ["Relevance and Reinforcement in Interactive Browsing., CIKM, 2000"], "Daniel Berleant": ["Models for Reader Interaction with Texts., CIKM, 2000"], "Amanda Spink": ["Elicitations Queries to the Excite Web Search Engine., CIKM, 2000"], "Ratko Orlandic": ["Object and Query Transformation: Supporting Multi-Dimensional Queries through Code Reuse., CIKM, 2000"], "Qing Li": ["Structural Join Index Driven Complex Object Retrieval: Mechanisms and Selection., CIKM, 2000"], "Dimuthu Prasanna Makawita": ["Sampling from Databases Using B+-Trees., CIKM, 2000"], "Jade Goldstein": ["Creating and Evaluating Multi-Document Sentence Extract Summaries., CIKM, 2000"], "Einat Amitay": ["Automatically Summarising Web Sites - Is There A Way Around It?, CIKM, 2000"], "Hideo Joho": ["Retrieving Descriptive Phrases from Large Amounts of Free Text., CIKM, 2000"], "Rayid Ghani": ["Learning a Monolingual Language Model from a Multilingual Text Database., CIKM, 2000"], "Nick Koudas": ["Space Efficient Bitmap Indexing., CIKM, 2000"], "Hakan Ferhatosmanoglu": ["Vector Approximation based Indexing for Non-uniform High Dimensional Data Sets., CIKM, 2000"], "Yasushi Sakurai": ["The Subspace Coding Method: A New Indexing Scheme for High-Dimensional Data., CIKM, 2000"], "\u00d6mer Egecioglu": ["Dimensionality Reduction and Similarity Computation by Inner Product Approximations., CIKM, 2000"], "Jason Chaffee": ["Personal Ontologies for Web Navigation., CIKM, 2000"], "Steve Lawrence": ["Persistence of information on the web: Analyzing citations contained in research articles., CIKM, 2000"], "Huei-Long Wang": ["Semantic Search on Internet Tabular Information Extraction for Answering Queries., CIKM, 2000"], "Wai Lam": ["Learning to Extract Hierarchical Information from Semi-structured Documents., CIKM, 2000"], "Tang-Ho L\u00ea": ["A Visual Tool for Structuring and Modeling Organizational Memories., CIKM, 2000"], "Fereidoon Sadri": ["On Equivalence of Queries in Uncertain Databases., CIKM, 2000"], "Andries Kruger": ["DEADLINER: Building a New Niche Search Engine., CIKM, 2000"], "Leah S. Larkey": ["Collection Selection and Results Merging with Topically Organized U.S. Patents and TREC Data., CIKM, 2000"], "King-Lup Liu": ["Discovery of Similarity Computations of Search Engines., CIKM, 2000"], "Christian B\u00f6hm": ["High Performance Clustering Based on the Similarity Join., CIKM, 2000"], "Javed A. Aslam": ["Using Star Clusters for Filtering., CIKM, 2000"], "Changzhou Wang": ["Supporting Subseries Nearest Neighbor Search via Approximation., CIKM, 2000"], "Li Yang": ["n23Tool: a Tool for Exploring Large Relational Data Sets Through 3D Dynamic Projections., CIKM, 2000"], "Zoran Stojanovic": ["Visual Query and Analysis Tool of the Object-Relational GIS Framework., CIKM, 2000"], "Elisa Bertino": ["An Access Control Model for Video Database Systems., CIKM, 2000"], "Werner Dreyer": ["A Meta Model and an Infrastructure for the Non-Transparent Replication of Object Databases., CIKM, 2000"], "Jim Smith": ["Polar: An Architecture for a Parallel ODMG Compliant Object Database., CIKM, 2000"], "Susanne E. Hambrusch": ["Data Replication for External Searching in Static Tree Structures., CIKM, 2000"], "Mohand Boughanem": ["Query Optimization Using An Improved Genetic Algorithm., CIKM, 2000"], "James Allan": ["First Story Detection In TDT Is Hard., CIKM, 2000"], "James Chen": ["A Distributed Multi-Agent System for Collaborative Information Management and Sharing., CIKM, 2000"], "Victor Lavrenko": ["Language Models for Financial News Recommendation., CIKM, 2000"], "Ladjel Bellatreche": ["On Efficient Storage Space Distribution Among Materialized Views and Indices in Data Warehousing Environments., CIKM, 2000"], "Torben Bach Pedersen": ["Extending OLAP Querying to External Object Databases., CIKM, 2000"], "Yi-Leh Wu": ["Using Wavelet Decomposition to Support Progressive and Approximate Range-Sum Queries over Data Cubes., CIKM, 2000", "A Comparison of DFT and DWT based Similarity Search in Time-Series Databases., CIKM, 2000"], "Mohammed Javeed Zaki": ["Sequence Mining in Categorical Domains: Incorporating Constraints., CIKM, 2000"], "David Elworthy": ["Retrieval from Captioned Image Databases Using Natural Language Processing., CIKM, 2000"], "Roelof van Zwol": ["The Webspace Method: On the Integration of Database Technology with Multimedia Retrieval., CIKM, 2000"], "Takao Miura": ["Extensible Perfect Hashing., CIKM, 2000"], "Ruxandra Domenig": ["A Query based Approach for Integrating Heterogeneous Data Sources., CIKM, 2000"], "Joseph Albert": ["Theoretical Foundations of Schema Restructuring in Heterogeneous Multidatabase Systems., CIKM, 2000"], "Wonjun Lee": ["A Market-based Resource Management and QoS Support Framework for Distributed Multimedia Systems., CIKM, 2000"], "Woong-Kee Loh": ["Index Interpolation: An Approach to Subsequence Matching Supporting Normalization Transform in Time-Series Databases., CIKM, 2000"], "Kjetil N\u00f8rv\u00e5g": ["A Comparative Study of Log-Only and In-Place Update Based Temporal Object Database Systems., CIKM, 2000"], "Bin Lan": ["Rule-Assisted Prefetching in Web-Server Caching., CIKM, 2000"], "Ling Liu": ["WebCQ: Detecting and Delivering Information Changes on the Web., CIKM, 2000"], "Philip S. Yu": ["Collaborative Proxy System for Distributed Web Content Transcoding., CIKM, 2000"]}