{"Stanley Y. W. Su": ["An Extensible Knowledge Base Management System for Supporting Rule-based Interoperability among Heterogeneous Systems., CIKM, 1995"], "Herman Lam": ["An Extensible Knowledge Base Management System for Supporting Rule-based Interoperability among Heterogeneous Systems., CIKM, 1995"], "Javier A. Arroyo-Figueroa": ["An Extensible Knowledge Base Management System for Supporting Rule-based Interoperability among Heterogeneous Systems., CIKM, 1995"], "Tsae-Feng Yu": ["An Extensible Knowledge Base Management System for Supporting Rule-based Interoperability among Heterogeneous Systems., CIKM, 1995"], "Zhidong Yang": ["An Extensible Knowledge Base Management System for Supporting Rule-based Interoperability among Heterogeneous Systems., CIKM, 1995"], "Arie Segev": ["Electronic Catalogs: a Technology Overview and Survey Results., CIKM, 1995"], "Dadong Wan": ["Electronic Catalogs: a Technology Overview and Survey Results., CIKM, 1995"], "Carrie Beam": ["Electronic Catalogs: a Technology Overview and Survey Results., CIKM, 1995"], "Jiawei Han": ["Mining Knowledge at Multiple Concept Levels., CIKM, 1995"], "Jennifer Widom": ["Research Problems in Data Warehousing., CIKM, 1995"], "Jong Soo Park": ["Efficient Parallel and Data Mining for Association Rules., CIKM, 1995"], "Ming-Syan Chen": ["Efficient Parallel and Data Mining for Association Rules., CIKM, 1995"], "Philip S. Yu": ["Efficient Parallel and Data Mining for Association Rules., CIKM, 1995"], "Sarabjot S. Anand": ["The Role of Domain Knowledge in Data Mining., CIKM, 1995"], "David A. Bell": ["The Role of Domain Knowledge in Data Mining., CIKM, 1995"], "John G. Hughes": ["The Role of Domain Knowledge in Data Mining., CIKM, 1995"], "Fran\u00e7ois Paradis": ["Using Linguistic and Discourse Structures to Derive Topics., CIKM, 1995"], "Eric Hughes": ["The Index Suggestion Problem for Object Database Applications., CIKM, 1995"], "Marianne Winslett": ["The Index Suggestion Problem for Object Database Applications., CIKM, 1995"], "Elisa Bertino": ["Enhanced Nested-Inherited Index for OODBMS., CIKM, 1995"], "S. Salerno": ["Enhanced Nested-Inherited Index for OODBMS., CIKM, 1995"], "Boris Shidlovsky": ["Enhanced Nested-Inherited Index for OODBMS., CIKM, 1995"], "Jeong-Ki Kim": ["A New Parallel Signature File Method for Efficient Information Retrieval., CIKM, 1995"], "Jae-Woo Chang": ["A New Parallel Signature File Method for Efficient Information Retrieval., CIKM, 1995"], "Nandit Soparkar": ["Run-Time Parallelization of Sequential Database Programs., CIKM, 1995"], "Paul Krzyzanowski": ["Run-Time Parallelization of Sequential Database Programs., CIKM, 1995"], "H. V. Jagadish": ["Run-Time Parallelization of Sequential Database Programs., CIKM, 1995"], "Abhaya Asthana": ["Run-Time Parallelization of Sequential Database Programs., CIKM, 1995"], "Uwe Herzog": ["Parallel Execution of Integrity Constraint Checks., CIKM, 1995"], "Ralf Schaarschmidt": ["Parallel Execution of Integrity Constraint Checks., CIKM, 1995"], "Ahmed K. Elmagarmid": ["An Efficient and Reliable Reservation Algorithm for Mobile Transactions., CIKM, 1995"], "Jin Jing": ["An Efficient and Reliable Reservation Algorithm for Mobile Transactions., CIKM, 1995"], "Omran A. Bukhres": ["An Efficient and Reliable Reservation Algorithm for Mobile Transactions., CIKM, 1995"], "Hong Va Leong": ["Data Broadcasting Strategies over Multiple Unreliable Wireless Channels., CIKM, 1995"], "Antonio Si": ["Data Broadcasting Strategies over Multiple Unreliable Wireless Channels., CIKM, 1995"], "Ling Liu": ["The Distributed Interoperable Object Model and Its Application to Large-scale Interoperable Database Systems., CIKM, 1995"], "Calton Pu": ["The Distributed Interoperable Object Model and Its Application to Large-scale Interoperable Database Systems., CIKM, 1995"], "Mike P. Papazoglou": ["A Semantic Meta-Modeling Approach to Schema Transformation., CIKM, 1995", "A Configurable Approach for Object Sharing Among Multidatabase Systems., CIKM, 1995"], "Nick Russell": ["A Semantic Meta-Modeling Approach to Schema Transformation., CIKM, 1995"], "K. I. Dash": ["The Semantic Matrix Model (SMM): A Knowledge Based Solution to Semantic Homogeneity in Multidatabases., CIKM, 1995"], "Ali R. Hurson": ["The Semantic Matrix Model (SMM): A Knowledge Based Solution to Semantic Homogeneity in Multidatabases., CIKM, 1995"], "Jian Yang": ["A Configurable Approach for Object Sharing Among Multidatabase Systems., CIKM, 1995"], "Zhe Li": ["PERF Join: An Alternative to Two-way Semijoin and Bloomjoin., CIKM, 1995"], "Kenneth A. Ross": ["PERF Join: An Alternative to Two-way Semijoin and Bloomjoin., CIKM, 1995"], "Augustine C. Ikeji": ["Computation of Partial Query Results Using An Adaptive Stratified Sampling Technique., CIKM, 1995"], "Farshad Fotouhi": ["Computation of Partial Query Results Using An Adaptive Stratified Sampling Technique., CIKM, 1995"], "Suk-Chung Yoon": ["Semantic Query Processing in Object-Oriented Databases Using Deductive Approach., CIKM, 1995"], "Il-Yeol Song": ["Semantic Query Processing in Object-Oriented Databases Using Deductive Approach., CIKM, 1995"], "E. K. Park": ["Semantic Query Processing in Object-Oriented Databases Using Deductive Approach., CIKM, 1995"], "Adel Shrufi": ["Query Processing for Knowledge Bases Using Join Indices., CIKM, 1995"], "Thodoros Topaloglou": ["Query Processing for Knowledge Bases Using Join Indices., CIKM, 1995"], "Charles L. Viles": ["On the Update of Term Weights in Dynamic Information Retrieval Systems., CIKM, 1995"], "James C. French": ["On the Update of Term Weights in Dynamic Information Retrieval Systems., CIKM, 1995"], "William C. Wake": ["SortTables: A Browser for a Digital Library., CIKM, 1995"], "Edward A. Fox": ["SortTables: A Browser for a Digital Library., CIKM, 1995"], "Yongcheng Li": ["Dynamic Retrieval of Remote Digital Objects., CIKM, 1995"], "Varna Puvvada": ["Dynamic Retrieval of Remote Digital Objects., CIKM, 1995"], "M. Tamer \u00d6zsu": ["An Extensible Query Optimizer for an Objectbase Management System., CIKM, 1995", "Experimenting with Temporal Relational Databases., CIKM, 1995"], "Adriana Mu\u00f1oz": ["An Extensible Query Optimizer for an Objectbase Management System., CIKM, 1995"], "Duane Szafron": ["An Extensible Query Optimizer for an Objectbase Management System., CIKM, 1995"], "Abdelkader Hameurlain": ["Scheduling and Mapping for Parallel Execution of Extended SQL Queries., CIKM, 1995"], "Franck Morvan": ["Scheduling and Mapping for Parallel Execution of Extended SQL Queries., CIKM, 1995"], "Adrian O'Riordan": ["An Intelligent Agent for High-Precision Text Filtering., CIKM, 1995"], "Humphrey Sorensen": ["An Intelligent Agent for High-Precision Text Filtering., CIKM, 1995"], "Young C. Park": ["Automatic Thesaurus Construction Using Bayesian Networks., CIKM, 1995"], "Young S. Han": ["Automatic Thesaurus Construction Using Bayesian Networks., CIKM, 1995"], "Key-Sun Choi": ["Automatic Thesaurus Construction Using Bayesian Networks., CIKM, 1995"], "James R. Chen": ["Learning Subjective Relevance to Facilitate Information Access., CIKM, 1995"], "Nathalie Mathe": ["Learning Subjective Relevance to Facilitate Information Access., CIKM, 1995"], "Markus Tresch": ["An Extensible Classifier for Semi-Structured Documents., CIKM, 1995"], "Allen Luniewski": ["An Extensible Classifier for Semi-Structured Documents., CIKM, 1995"], "Vangalur S. Alagar": ["Semantics of an Extended Relational Model for Managing Uncertain Information., CIKM, 1995"], "Fereidoon Sadri": ["Semantics of an Extended Relational Model for Managing Uncertain Information., CIKM, 1995"], "Joseph N. Said": ["Semantics of an Extended Relational Model for Managing Uncertain Information., CIKM, 1995"], "Thomas Lukasiewicz": ["Taxonomic and Uncertain Integrity Constraints in Object-Oriented Databases - the TOP Approach., CIKM, 1995"], "Werner Kie\u00dfling": ["Taxonomic and Uncertain Integrity Constraints in Object-Oriented Databases - the TOP Approach., CIKM, 1995"], "Gerhard K\u00f6stler": ["Taxonomic and Uncertain Integrity Constraints in Object-Oriented Databases - the TOP Approach., CIKM, 1995"], "Ulrich G\u00fcntzer": ["Taxonomic and Uncertain Integrity Constraints in Object-Oriented Databases - the TOP Approach., CIKM, 1995"], "Jian Tang": ["Transaction-oriented Work-flow Concepts in Inter-Organizational Environments., CIKM, 1995"], "Jari Veijalainen": ["Transaction-oriented Work-flow Concepts in Inter-Organizational Environments., CIKM, 1995"], "Vram Kouramajian": ["Consortium: A Framework for Transaction Collaborative Environments., CIKM, 1995"], "Ross Dargahi": ["Consortium: A Framework for Transaction Collaborative Environments., CIKM, 1995"], "Jerry Fowler": ["Consortium: A Framework for Transaction Collaborative Environments., CIKM, 1995"], "Donald G. Baker": ["Consortium: A Framework for Transaction Collaborative Environments., CIKM, 1995"], "Daniel E. Rose": ["MessageWorld: A New Approach to Facilitating Asynchronous Group Communications., CIKM, 1995"], "Jeremy J. Bornstein": ["MessageWorld: A New Approach to Facilitating Asynchronous Group Communications., CIKM, 1995"], "Kevin Tiene": ["MessageWorld: A New Approach to Facilitating Asynchronous Group Communications., CIKM, 1995"], "Jukka Teuhola": ["Effective Clustering of Objects Stored by Linear Hashing., CIKM, 1995"], "Stephen Correl": ["On Isolation, Concurrency, and the Venus Rule Language., CIKM, 1995"], "Daniel P. Miranker": ["On Isolation, Concurrency, and the Venus Rule Language., CIKM, 1995"], "Young-Gook Ra": ["Towards Supporting Hard Schema Changes in TSE., CIKM, 1995"], "Elke A. Rundensteiner": ["Towards Supporting Hard Schema Changes in TSE., CIKM, 1995"], "Iqbal A. Goralwalla": ["Experimenting with Temporal Relational Databases., CIKM, 1995"], "Abdullah Uz Tansel": ["Experimenting with Temporal Relational Databases., CIKM, 1995"], "Xiaoyang Sean Wang": ["Algebraic Query Languages on Temporal Databases with Multiple Time Granularities., CIKM, 1995"], "Alia I. Abdelmoty": ["A General Method for Spatial Reasoning in Spatial Databases., CIKM, 1995"], "Baher A. El-Geresy": ["A General Method for Spatial Reasoning in Spatial Databases., CIKM, 1995"], "Yannis Manolopoulos": ["On the Generation of Aggregated Random Spatial Regions., CIKM, 1995"], "Enrico Nardelli": ["On the Generation of Aggregated Random Spatial Regions., CIKM, 1995"], "Guido Proietti": ["On the Generation of Aggregated Random Spatial Regions., CIKM, 1995"], "Michael Vassilakopoulos": ["On the Generation of Aggregated Random Spatial Regions., CIKM, 1995"], "Tanel Tammet": ["Using Resolution for Extending KL-ONE-type Languages., CIKM, 1995"], "Andrew Stranieri": ["Levels of Reasoning as the Basis for a Formalisation of Argumentation., CIKM, 1995"], "John Zeleznikow": ["Levels of Reasoning as the Basis for a Formalisation of Argumentation., CIKM, 1995"], "Sasa Buvac": ["A Declarative Formalization of Knowledge Translation., CIKM, 1995"], "Richard Fikes": ["A Declarative Formalization of Knowledge Translation., CIKM, 1995"], "Mark Graves": ["Application of Knowledge Base Design Techniques to Genetic Markers., CIKM, 1995"], "Wee Keong Ng": ["Information Synthesis in Statistical Databases., CIKM, 1995"], "Chinya V. Ravishankar": ["Information Synthesis in Statistical Databases., CIKM, 1995"], "Waldemar Wieczerzycki": ["Long-Duration Transaction Support in Design Databases., CIKM, 1995"], "Chueh-Wei Chang": ["The Characteristics of Digital Video and Considerations of Designing Video Databases., CIKM, 1995"], "Keh-Feng Lin": ["The Characteristics of Digital Video and Considerations of Designing Video Databases., CIKM, 1995"], "Suh-Yin Lee": ["The Characteristics of Digital Video and Considerations of Designing Video Databases., CIKM, 1995"], "Young Chul Park": ["A Distributed Deadlock Detection and Resolution Algorithm Based on A Hybrid Wait-for Graph and Probe Generation Scheme., CIKM, 1995"], "Peter Scheuermann": ["A Distributed Deadlock Detection and Resolution Algorithm Based on A Hybrid Wait-for Graph and Probe Generation Scheme., CIKM, 1995"], "Hsiang-Lung Tung": ["A Distributed Deadlock Detection and Resolution Algorithm Based on A Hybrid Wait-for Graph and Probe Generation Scheme., CIKM, 1995"], "Oliver Haase": ["Error Propagation in Distributed Databases., CIKM, 1995"], "Andreas Henrich": ["Error Propagation in Distributed Databases., CIKM, 1995"], "Anna Brunstrom": ["Experimental Evaluation of Dynamic Data Allocation Strategies in A Distributed Database with Changing Workloads., CIKM, 1995"], "Scott T. Leutenegger": ["Experimental Evaluation of Dynamic Data Allocation Strategies in A Distributed Database with Changing Workloads., CIKM, 1995"], "Rahul Simha": ["Experimental Evaluation of Dynamic Data Allocation Strategies in A Distributed Database with Changing Workloads., CIKM, 1995"], "Azer Bestavros": ["Using Speculation to Reduce Server Load and Service Time on the WWW., CIKM, 1995"], "Kia Makki": ["Detection and Resolution of Deadlocks in Distributed Database Systems., CIKM, 1995"], "Niki Pissinou": ["Detection and Resolution of Deadlocks in Distributed Database Systems., CIKM, 1995"]}