{"Ben Shneiderman": ["Leonardo's laptop: human needs and the new computing technologies., CIKM, 2005"], "Yannis E. Ioannidis": ["Emerging data management systems: close-up and personal., CIKM, 2005"], "Thomas Hofmann": ["From bits and bytes to information and knowledge., CIKM, 2005"], "Jaap Kamps": ["Structured queries in XML retrieval., CIKM, 2005", "Web-centric language models., CIKM, 2005"], "Vojkan Mihajlovic": ["Score region algebra: building a transparent XML-R database., CIKM, 2005"], "Paavo Arvola": ["Generalized contextualization method for XML information retrieval., CIKM, 2005"], "Klaus Haller": ["Decentralized coordination of transactional processes in peer-to-peer environments., CIKM, 2005"], "Gianluigi Greco": ["On the complexity of computing peer agreements for consistent query answering in peer-to-peer data integration systems., CIKM, 2005"], "Ioannis Aekaterinidis": ["Internet scale string attribute publish/subscribe data networks., CIKM, 2005"], "Michael Guppenberger": ["Intelligent creation of notification events in information systems: concept, implementation and evaluation., CIKM, 2005"], "Kaidi Zhao": ["Opportunity map: a visualization framework for fast identification of actionable knowledge., CIKM, 2005"], "Jaewoo Kang": ["Establishing value mappings using statistical models and user feedback., CIKM, 2005"], "Valentin Jijkoun": ["Retrieving answers from frequently asked questions pages on the web., CIKM, 2005"], "Jiwoon Jeon": ["Finding similar questions in large question and answer archives., CIKM, 2005"], "Fernando Adrian Das Neves": ["Connecting topics in document collections with stepping stones and pathways., CIKM, 2005"], "Barbara Carminati": ["Securing XML data in third-party distribution systems., CIKM, 2005"], "B\u00e9atrice Finance": ["The case for access control on XML relationships., CIKM, 2005"], "Naizhen Qi": ["A function-based access control model for XML databases., CIKM, 2005"], "Mihail Halachev": ["Exact match search in sequence data using suffix trees., CIKM, 2005"], "Michail Vlachos": ["Rotation invariant indexing of shapes and line drawings., CIKM, 2005"], "Anand Meka": ["DIST: a distributed spatio-temporal index structure for sensor networks., CIKM, 2005"], "Thanh Tin Tang": ["Focused crawling for both topical relevance and quality of medical information., CIKM, 2005"], "Yinghua Zhou": ["Hybrid index structures for location-based web search., CIKM, 2005"], "Xiaojun Wan": ["Person resolution in person search results: WebHawk., CIKM, 2005", "The earth mover's distance as a semantic measure for document similarity., CIKM, 2005"], "Bugra Gedik": ["Adaptive load shedding for windowed stream joins., CIKM, 2005"], "Ming-Jyh Hsieh": ["Integrating DCT and DWT for approximating cube streams., CIKM, 2005"], "Alexandru Coman": ["Exploiting redundancy in sensor networks for energy efficient processing of spatiotemporal region queries., CIKM, 2005"], "Nadia Ghamrawi": ["Collective multi-label classification., CIKM, 2005"], "Ratko Orlandic": ["Clustering high-dimensional data using an efficient and effective data space reduction., CIKM, 2005"], "Federica Mandreoli": ["Versatile structural disambiguation for semantic-aware applications., CIKM, 2005"], "Timothy M. Sutherland": ["D-CAPE: distributed and self-tuned continuous query processing., CIKM, 2005"], "Qiankun Zhao": ["Mining conserved XML query paths for dynamic-conscious caching., CIKM, 2005", "WAM-Miner: in the search of web access motifs from historical web log data., CIKM, 2005"], "Yongluan Zhou": ["Optimizing continuous multijoin queries over distributed streams., CIKM, 2005"], "Takeharu Eda": ["Processing XPath queries with XML summaries., CIKM, 2005"], "Changqing Li": ["On reducing redundancy and improving efficiency of XML labeling schemes., CIKM, 2005", "QED: a novel quaternary encoding to completely avoid re-labeling in XML updates., CIKM, 2005"], "Cheng Luo": ["Applying cosine series to join size estimation., CIKM, 2005"], "Fang Liu": ["Database selection in intranet mediators for natural language queries., CIKM, 2005"], "Ramakrishna Varadarajan": ["Structure-based query-specific document summarization., CIKM, 2005"], "Ken Q. Pu": ["Typed functional query languages with equational specifications., CIKM, 2005"], "Maithili Narasimha": ["DSAC: integrity for outsourced databases with signature aggregation and chaining., CIKM, 2005"], "Foto N. Afrati": ["Answering aggregation queries on hierarchical web sites using adaptive sampling., CIKM, 2005"], "Bhuvan Bamba": ["OSQR: overlapping clustering of query results., CIKM, 2005"], "Terrence Mason": ["INFER: a relational query language without the complexity of SQL., CIKM, 2005"], "Sandeep Gupta": ["Efficient data dissemination using locale covers., CIKM, 2005"], "Hidetaka Matsumura": ["Incremental evaluation of a monotone XPath fragment., CIKM, 2005"], "Zhenjie Zhang": ["Discovering strong skyline points in high dimensional spaces., CIKM, 2005"], "Xiaohua Hu": ["Mining undiscovered public knowledge from complementary and non-interactive biomedical literature through semantic pruning., CIKM, 2005"], "Sriram Mohan": ["Access control for XML: a dynamic query rewriting approach., CIKM, 2005"], "Hong-Cheu Liu": ["Relational computation for mining association rules from XML data., CIKM, 2005"], "Helena Ahonen-Myka": ["Mining all maximal frequent word sequences in a set of sentences., CIKM, 2005"], "Aron Culotta": ["Joint deduplication of multiple record types in relational data., CIKM, 2005"], "Jie Lian": ["Localized routing trees for query processing in sensor networks., CIKM, 2005"], "Ming-Wen Wang": ["A latent semantic classification model., CIKM, 2005"], "Fang Xiong": ["Supporting ranked search in parallel search cluster networks., CIKM, 2005"], "Tadahiko Kumamoto": ["Web opinion poll: extracting people's view by impression mining from the web., CIKM, 2005"], "Libo Chen": ["Statistical relationship determination in automatic thesaurus construction., CIKM, 2005"], "Rafael Alonso": ["Model-guided information discovery for intelligence analysis., CIKM, 2005"], "Giridhar Kumaran": ["Biasing web search results for topic familiarity., CIKM, 2005"], "Tao Tao": ["Accurate language model estimation with document expansion., CIKM, 2005"], "Xin Li": ["Mining community structure of named entities from free text., CIKM, 2005"], "Mo Chen": ["A practical system of keyphrase extraction for web pages., CIKM, 2005"], "Tak-Chung Fu": ["Incremental stock time series data delivery and visualization., CIKM, 2005"], "Razvan Stefan Bot": ["Generating better concept hierarchies using automatic document classification., CIKM, 2005"], "Yi-fang Brook Wu": ["Domain-specific keyphrase extraction., CIKM, 2005"], "Jyh-haw Yeh": ["An RSA-based time-bound hierarchical key assignment scheme for electronic article subscription., CIKM, 2005"], "Bruno P\u00f4ssas": ["Maximal termsets as a query structuring mechanism., CIKM, 2005"], "Jing Jiang": ["Accurately extracting coherent relevant passages using hidden Markov models., CIKM, 2005"], "Georgina Ram\u00edrez": ["Structural features in content oriented XML retrieval., CIKM, 2005"], "Yanjun Li": ["Text document clustering based on frequent word sequences., CIKM, 2005"], "Henrik Nottelmann": ["Information retrieval and machine learning for probabilistic schema matching., CIKM, 2005"], "Massih-Reza Amini": ["Learning to summarise XML documents using content and structure., CIKM, 2005"], "Jianshu Weng": ["Trust-based collaborative filtering., CIKM, 2005"], "Xiangye Xiao": ["Slicing*-tree based web page transformation for small displays., CIKM, 2005"], "Ronan Cummins": ["An evaluation of evolved term-weighting schemes in information retrieval., CIKM, 2005"], "Huyen-Trang Vu": ["Using RankBoost to compare retrieval systems., CIKM, 2005"], "Chavdar Botev": ["Static score bucketing in inverted indexes., CIKM, 2005"], "Ying Feng": ["Scalable ranking for preference queries., CIKM, 2005"], "Xiaoyong Liu": ["Finding experts in community-based question-answering services., CIKM, 2005"], "Stefan B\u00fcttcher": ["Indexing time vs. query time: trade-offs in dynamic information retrieval systems., CIKM, 2005"], "Egidio L. Terra": ["Poison pills: harmful relevant documents in feedback., CIKM, 2005"], "Dmitri Roussinov": ["Discretization based learning approach to information retrieval., CIKM, 2005", "Semantic verification for fact seeking engines., CIKM, 2005"], "Min-Yen Kan": ["Fast webpage classification using URL features., CIKM, 2005"], "Pierre-Alain Laur": ["On the estimation of frequent itemsets for data streams: theory and experiments., CIKM, 2005"], "Rohini K. Srihari": ["Unapparent information revelation: a concept chain graph approach., CIKM, 2005"], "Yun Zhou": ["Document quality models for web ad hoc retrieval., CIKM, 2005"], "Bo Yang": ["Cooperative caching for k-NN search in ad hoc networks., CIKM, 2005"], "Ricardo da Silva Torres": ["A new framework to combine descriptors for content-based image retrieval., CIKM, 2005"], "Ganesh Ramakrishnan": ["A structure-sensitive framework for text categorization., CIKM, 2005"], "Hans-Peter Kriegel": ["Efficient and effective server-sided distributed clustering., CIKM, 2005"], "Riadh Ben Messaoud": ["Evaluation of a MCA-based approach to organize data cubes., CIKM, 2005"], "Francisco M. Couto": ["Semantic similarity over the gene ontology: family correlation and selecting disjunctive ancestors., CIKM, 2005"], "Kun-Ta Chuang": ["Frequent pattern discovery with memory constraint., CIKM, 2005"], "Nan Liu": ["Extracting a website's content structure from its link structure., CIKM, 2005"], "Christoph Mangold": ["Improving intranet search-engines using context information from databases., CIKM, 2005"], "Yiqun Huang": ["A new permutation approach for distributed association rule mining., CIKM, 2005"], "Nazli Goharian": ["On off-topic access detection in information systems., CIKM, 2005"], "Hui Xiong": ["Privacy leakage in multi-relational databases via pattern based semi-supervised learning., CIKM, 2005"], "Yingbo Miao": ["Document clustering using character N-grams: a comparative evaluation with term-based and word-based clustering., CIKM, 2005"], "David Grangier": ["Inferring document similarity from hyperlinks., CIKM, 2005"], "Moshe Fresko": ["A hybrid approach to NER by MEMM and manual rules., CIKM, 2005"], "Martin Lorenz": ["Situation-aware risk management in autonomous agents., CIKM, 2005"], "Carlo Curino": ["Mining officially unrecognized side effects of drugs by combining web search and machine learning., CIKM, 2005"], "Paul-Alexandru Chirita": ["MailRank: using ranking for spam detection., CIKM, 2005"], "Kai Simon": ["ViPER: augmenting automatic information extraction with visual perceptions., CIKM, 2005"], "Sara Cohen": ["Interconnection semantics for keyword search in XML., CIKM, 2005"], "K. Hima Prasad": ["Efficient indexing and querying of XML data using modified Pr\u00fcfer sequences., CIKM, 2005"], "Prasan Roy": ["Towards automatic association of relevant unstructured content with structured query results., CIKM, 2005"], "Eugene Agichtein": ["Predicting accuracy of extracting information from unstructured text collections., CIKM, 2005"], "Junmei Wang": ["A framework for mining topological patterns in spatio-temporal databases., CIKM, 2005"], "Moninder Singh": ["Automated cleansing for spend analytics., CIKM, 2005"], "Eui-Hong Han": ["Feature-based recommendation system., CIKM, 2005"], "Gilad Mishne": ["Automatic analysis of call-center conversations., CIKM, 2005"], "Hang Li": ["A new approach to intranet search based on information extraction., CIKM, 2005"], "Songbo Tan": ["A novel refinement approach for text categorization., CIKM, 2005"], "Baoping Zhang": ["Intelligent GP fusion from multiple sources for text classification., CIKM, 2005"], "Yi Ding": ["Time weight collaborative filtering., CIKM, 2005"], "Bin Lin": ["Handling frequent updates of moving objects., CIKM, 2005"], "Erwin Leonardi": ["Detecting changes on unordered XML documents using relational databases: a schema-conscious approach., CIKM, 2005"], "Donald Metzler": ["Similarity measures for tracking information flow., CIKM, 2005"], "Shuang Liu": ["Word sense disambiguation in queries., CIKM, 2005"], "Chenyi Xia": ["ERkNN: efficient reverse k-nearest neighbors retrieval with local kNN-distance estimation., CIKM, 2005"], "Rasmus Kaae": ["Kalchas: a dynamic XML search engine., CIKM, 2005"], "Lilian Harada": ["Order checking in a CPOE using event analyzer., CIKM, 2005"], "Christian Herzog": ["SyynX solutions: practical knowledge management in a medical environment., CIKM, 2005"], "Henry Kon": ["Leveraging collective knowledge., CIKM, 2005"], "Stephen C. Gates": ["Taxonomies by the numbers: building high-performance taxonomies., CIKM, 2005"], "Yangbo Zhu": ["Distributed PageRank computation based on iterative aggregation-disaggregation methods., CIKM, 2005"], "Wolfgang M\u00fcller": ["Scalable summary based retrieval in P2P networks., CIKM, 2005"], "Hao He": ["Compact reachability labeling for graph-structured data., CIKM, 2005"], "Catharine M. Wyss": ["A formal characterization of PIVOT/UNPIVOT., CIKM, 2005"], "Jianping Fan": ["A novel approach for privacy-preserving video sharing., CIKM, 2005"], "Andrea Esuli": ["Determining the semantic orientation of terms through gloss classification., CIKM, 2005"], "Casey Whitelaw": ["Using appraisal groups for sentiment analysis., CIKM, 2005"], "Elizabeth Sugar Boese": ["Effects of web document evolution on genre classification., CIKM, 2005"], "Georgia Koloniari": ["Query workload-aware overlay construction using histograms., CIKM, 2005"], "Doron Rotem": ["Optimizing candidate check costs for bitmap indices., CIKM, 2005"], "Xiaohui Yu": ["Towards estimating the number of distinct value combinations for a set of attributes., CIKM, 2005"], "Javed A. Aslam": ["A geometric interpretation and analysis of R-precision., CIKM, 2005"], "Fernando Diaz": ["Regularizing ad hoc retrieval scores., CIKM, 2005"], "Ben Carterette": ["Incremental test collections., CIKM, 2005"], "Jing Bai": ["Query expansion using term relationships in language models for information retrieval., CIKM, 2005"], "Bruno M. Fonseca": ["Concept-based interactive query expansion., CIKM, 2005"], "Kevyn Collins-Thompson": ["Query expansion using random walk models., CIKM, 2005"], "Dimitri Theodoratos": ["Semantic querying of tree-structured data sources using partially specified tree patterns., CIKM, 2005"], "Neoklis Polyzotis": ["Selectivity-based partitioning: a divide-and-union paradigm for effective query optimization., CIKM, 2005"], "C\u00e9dric du Mouza": ["Efficient evaluation of parameterized pattern queries., CIKM, 2005"], "Yaniv Bernstein": ["Redundant documents and search effectiveness., CIKM, 2005"], "Xiaoyan Li": ["Novelty detection based on sentence level patterns., CIKM, 2005"], "Wei Dai": ["Minimal document set retrieval., CIKM, 2005"], "Jean Martinet": ["A model for weighting image objects in home photographs., CIKM, 2005"], "Wisam Dakka": ["Automatic construction of multifaceted browsing interfaces., CIKM, 2005"], "Nicholas Lester": ["Fast on-line index construction by geometric partitioning., CIKM, 2005"], "Marcus Fontoura": ["Optimizing cursor movement in holistic twig joins., CIKM, 2005"], "Luca Grieco": ["Consistent query answering under key and exclusion dependencies: algorithms and experiments., CIKM, 2005"], "Qingzhao Tan": ["Balancing performance and confidentiality in air index., CIKM, 2005"], "Massimo Melucci": ["Context modeling and discovery using vector space bases., CIKM, 2005"], "Reiner Kraft": ["Y!Q: contextual search at the point of inspiration., CIKM, 2005"], "Xuehua Shen": ["Implicit user modeling for personalized search., CIKM, 2005"]}