{"Guy Lebanon": ["Preface., AISTATS, 2015"], "S. V. N. Vishwanathan": ["Preface., AISTATS, 2015"], "Ayan Acharya": ["Nonparametric Bayesian Factor Analysis for Dynamic Count Matrices., AISTATS, 2015"], "Joydeep Ghosh": ["Nonparametric Bayesian Factor Analysis for Dynamic Count Matrices., AISTATS, 2015", "Parameter Estimation of Generalized Linear Models without Assuming their Link Function., AISTATS, 2015", "Generalized Linear Models for Aggregated Data., AISTATS, 2015", "Sparse Submodular Probabilistic PCA., AISTATS, 2015"], "Mingyuan Zhou": ["Nonparametric Bayesian Factor Analysis for Dynamic Count Matrices., AISTATS, 2015", "Infinite Edge Partition Models for Overlapping Community Detection and Link Prediction., AISTATS, 2015"], "Sreangsu Acharyya": ["Parameter Estimation of Generalized Linear Models without Assuming their Link Function., AISTATS, 2015"], "David G. Anderson": ["Spectral Gap Error Bounds for Improving CUR Matrix Decomposition and the Nystr\u00f6m Method., AISTATS, 2015"], "Simon Du": ["Spectral Gap Error Bounds for Improving CUR Matrix Decomposition and the Nystr\u00f6m Method., AISTATS, 2015"], "Michael Mahoney": ["Spectral Gap Error Bounds for Improving CUR Matrix Decomposition and the Nystr\u00f6m Method., AISTATS, 2015"], "Christopher Melgaard": ["Spectral Gap Error Bounds for Improving CUR Matrix Decomposition and the Nystr\u00f6m Method., AISTATS, 2015"], "Kunming Wu": ["Spectral Gap Error Bounds for Improving CUR Matrix Decomposition and the Nystr\u00f6m Method., AISTATS, 2015"], "Ming Gu": ["Spectral Gap Error Bounds for Improving CUR Matrix Decomposition and the Nystr\u00f6m Method., AISTATS, 2015"], "Onur Atan": ["Global Multi-armed Bandits with H\u00f6lder Continuity., AISTATS, 2015"], "Cem Tekin": ["Global Multi-armed Bandits with H\u00f6lder Continuity., AISTATS, 2015"], "Mihaela van der Schaar": ["Global Multi-armed Bandits with H\u00f6lder Continuity., AISTATS, 2015"], "Martin Azizyan": ["Efficient Sparse Clustering of High-Dimensional Non-spherical Gaussian Mixtures., AISTATS, 2015"], "Aarti Singh": ["Efficient Sparse Clustering of High-Dimensional Non-spherical Gaussian Mixtures., AISTATS, 2015", "On the High Dimensional Power of a Linear-Time Two Sample Test under Mean-shift Alternatives., AISTATS, 2015", "Column Subset Selection with Missing Data via Active Sampling., AISTATS, 2015"], "Larry A. Wasserman": ["Efficient Sparse Clustering of High-Dimensional Non-spherical Gaussian Mixtures., AISTATS, 2015", "On Estimating L22 Divergence., AISTATS, 2015", "On the High Dimensional Power of a Linear-Time Two Sample Test under Mean-shift Alternatives., AISTATS, 2015"], "Stephen H. Bach": ["Unifying Local Consistency and MAX SAT Relaxations for Scalable Inference with Rounding Guarantees., AISTATS, 2015"], "Bert Huang": ["Unifying Local Consistency and MAX SAT Relaxations for Scalable Inference with Rounding Guarantees., AISTATS, 2015"], "Lise Getoor": ["Unifying Local Consistency and MAX SAT Relaxations for Scalable Inference with Rounding Guarantees., AISTATS, 2015"], "G\u00e1bor Bal\u00e1zs": ["Near-optimal max-affine estimators for convex regression., AISTATS, 2015"], "Andr\u00e1s Gy\u00f6rgy": ["Near-optimal max-affine estimators for convex regression., AISTATS, 2015", "Exploiting Symmetries to Construct Efficient MCMC Algorithms With an Application to SLAM., AISTATS, 2015"], "Csaba Szepesv\u00e1ri": ["Near-optimal max-affine estimators for convex regression., AISTATS, 2015", "Tight Regret Bounds for Stochastic Combinatorial Semi-Bandits., AISTATS, 2015", "Toward Minimax Off-policy Value Estimation., AISTATS, 2015", "Exploiting Symmetries to Construct Efficient MCMC Algorithms With an Application to SLAM., AISTATS, 2015"], "Aviad Barzilai": ["Convex Multi-Task Learning by Clustering., AISTATS, 2015"], "Koby Crammer": ["Convex Multi-Task Learning by Clustering., AISTATS, 2015"], "Alessio Benavoli": ["Gaussian Processes for Bayesian hypothesis tests on regression functions., AISTATS, 2015"], "Francesca Mangili": ["Gaussian Processes for Bayesian hypothesis tests on regression functions., AISTATS, 2015"], "Aditya Bhaskara": ["Sparse Solutions to Nonnegative Linear Systems and Applications., AISTATS, 2015"], "Ananda Theertha Suresh": ["Sparse Solutions to Nonnegative Linear Systems and Applications., AISTATS, 2015"], "Morteza Zadimoghaddam": ["Sparse Solutions to Nonnegative Linear Systems and Applications., AISTATS, 2015"], "Avradeep Bhowmik": ["Generalized Linear Models for Aggregated Data., AISTATS, 2015"], "Oluwasanmi Koyejo": ["Generalized Linear Models for Aggregated Data., AISTATS, 2015", "Sparse Submodular Probabilistic PCA., AISTATS, 2015"], "Yuri Burda": ["Accurate and conservative estimates of MRF log-likelihood using reverse annealing., AISTATS, 2015"], "Roger B. Grosse": ["Accurate and conservative estimates of MRF log-likelihood using reverse annealing., AISTATS, 2015"], "Ruslan Salakhutdinov": ["Accurate and conservative estimates of MRF log-likelihood using reverse annealing., AISTATS, 2015"], "David E. Carlson": ["Stochastic Spectral Descent for Restricted Boltzmann Machines., AISTATS, 2015", "Learning Deep Sigmoid Belief Networks with Data Augmentation., AISTATS, 2015"], "Volkan Cevher": ["Stochastic Spectral Descent for Restricted Boltzmann Machines., AISTATS, 2015", "A totally unimodular view of structured sparsity., AISTATS, 2015", "Sparsistency of 1-Regularized M-Estimators., AISTATS, 2015", "WASP: Scalable Bayes via barycenters of subset posteriors., AISTATS, 2015"], "Lawrence Carin": ["Stochastic Spectral Descent for Restricted Boltzmann Machines., AISTATS, 2015", "Learning Deep Sigmoid Belief Networks with Data Augmentation., AISTATS, 2015"], "Alexandra Carpentier": ["Implementable confidence sets in high dimensional regression., AISTATS, 2015"], "Sougata Chaudhuri": ["Online Ranking with Top-1 Feedback., AISTATS, 2015"], "Ambuj Tewari": ["Online Ranking with Top-1 Feedback., AISTATS, 2015"], "Sheng Chen": ["One-bit Compressed Sensing with the k-Support Norm., AISTATS, 2015"], "Arindam Banerjee": ["One-bit Compressed Sensing with the k-Support Norm., AISTATS, 2015", "A Spectral Algorithm for Inference in Hidden semi-Markov Models., AISTATS, 2015"], "Tianqi Chen": ["Efficient Second-Order Gradient Boosting for Conditional Random Fields., AISTATS, 2015"], "Sameer Singh": ["Efficient Second-Order Gradient Boosting for Conditional Random Fields., AISTATS, 2015"], "Ben Taskar": ["Efficient Second-Order Gradient Boosting for Conditional Random Fields., AISTATS, 2015"], "Carlos Guestrin": ["Efficient Second-Order Gradient Boosting for Conditional Random Fields., AISTATS, 2015"], "Wenlin Chen": ["Filtered Search for Submodular Maximization with Controllable Approximation Bounds., AISTATS, 2015"], "Yixin Chen": ["Filtered Search for Submodular Maximization with Controllable Approximation Bounds., AISTATS, 2015"], "Kilian Q. Weinberger": ["Filtered Search for Submodular Maximization with Controllable Approximation Bounds., AISTATS, 2015"], "Xiangli Chen": ["Predictive Inverse Optimal Control for Linear-Quadratic-Gaussian Systems., AISTATS, 2015"], "Brian D. Ziebart": ["Predictive Inverse Optimal Control for Linear-Quadratic-Gaussian Systems., AISTATS, 2015"], "Yetian Chen": ["Exact Bayesian Learning of Ancestor Relations in Bayesian Networks., AISTATS, 2015"], "Lingjian Meng": ["Exact Bayesian Learning of Ancestor Relations in Bayesian Networks., AISTATS, 2015"], "Jin Tian": ["Exact Bayesian Learning of Ancestor Relations in Bayesian Networks., AISTATS, 2015", "Missing at Random in Graphical Models., AISTATS, 2015"], "Dehua Cheng": ["Model Selection for Topic Models via Spectral Decomposition., AISTATS, 2015"], "Xinran He": ["Model Selection for Topic Models via Spectral Decomposition., AISTATS, 2015"], "Yan Liu": ["Model Selection for Topic Models via Spectral Decomposition., AISTATS, 2015"], "Anna Choromanska": ["The Loss Surfaces of Multilayer Networks., AISTATS, 2015"], "Mikael Henaff": ["The Loss Surfaces of Multilayer Networks., AISTATS, 2015"], "Micha\u00ebl Mathieu": ["The Loss Surfaces of Multilayer Networks., AISTATS, 2015"], "G\u00e9rard Ben Arous": ["The Loss Surfaces of Multilayer Networks., AISTATS, 2015"], "Yann LeCun": ["The Loss Surfaces of Multilayer Networks., AISTATS, 2015"], "Alexandre D\u00e9fossez": ["Averaged Least-Mean-Squares: Bias-Variance Trade-offs and Optimal Sampling Distributions., AISTATS, 2015"], "Francis R. Bach": ["Averaged Least-Mean-Squares: Bias-Variance Trade-offs and Optimal Sampling Distributions., AISTATS, 2015", "Sequential Kernel Herding: Frank-Wolfe Optimization for Particle Filtering., AISTATS, 2015"], "Weicong Ding": ["A Topic Modeling Approach to Ranking., AISTATS, 2015"], "Prakash Ishwar": ["A Topic Modeling Approach to Ranking., AISTATS, 2015"], "Venkatesh Saligrama": ["A Topic Modeling Approach to Ranking., AISTATS, 2015", "Learning Efficient Anomaly Detectors from K-NN Graphs., AISTATS, 2015"], "Marwa El Halabi": ["A totally unimodular view of structured sparsity., AISTATS, 2015"], "Mehrdad Farajtabar": ["Back to the Past: Source Identification in Diffusion Networks from Partially Observed Cascades., AISTATS, 2015"], "Manuel Gomez-Rodriguez": ["Back to the Past: Source Identification in Diffusion Networks from Partially Observed Cascades., AISTATS, 2015"], "Mohammad Zamani": ["Back to the Past: Source Identification in Diffusion Networks from Partially Observed Cascades., AISTATS, 2015"], "Nan Du": ["Back to the Past: Source Identification in Diffusion Networks from Partially Observed Cascades., AISTATS, 2015"], "Hongyuan Zha": ["Back to the Past: Source Identification in Diffusion Networks from Partially Observed Cascades., AISTATS, 2015"], "Le Song": ["Back to the Past: Source Identification in Diffusion Networks from Partially Observed Cascades., AISTATS, 2015", "A la Carte - Learning Fast Kernels., AISTATS, 2015"], "Ethan Fetaya": ["Graph Approximation and Clustering on a Budget., AISTATS, 2015"], "Ohad Shamir": ["Graph Approximation and Clustering on a Budget., AISTATS, 2015"], "Shimon Ullman": ["Graph Approximation and Clustering on a Budget., AISTATS, 2015"], "Robert Finn": ["A Sufficient Statistics Construction of Exponential Family Levy Measure Densities for Nonparametric Conjugate Models., AISTATS, 2015"], "Brian Kulis": ["A Sufficient Statistics Construction of Exponential Family Levy Measure Densities for Nonparametric Conjugate Models., AISTATS, 2015", "Gamma Processes, Stick-Breaking, and Variational Inference., AISTATS, 2015", "Power-Law Graph Cuts., AISTATS, 2015"], "S\u00f8ren Frejstrup Maibing": ["Computational Complexity of Linear Large Margin Classification With Ramp Loss., AISTATS, 2015"], "Christian Igel": ["Computational Complexity of Linear Large Margin Classification With Ramp Loss., AISTATS, 2015"], "Zhe Gan": ["Learning Deep Sigmoid Belief Networks with Data Augmentation., AISTATS, 2015"], "Ricardo Henao": ["Learning Deep Sigmoid Belief Networks with Data Augmentation., AISTATS, 2015"], "Shuyang Gao": ["Efficient Estimation of Mutual Information for Strongly Dependent Variables., AISTATS, 2015"], "Greg Ver Steeg": ["Efficient Estimation of Mutual Information for Strongly Dependent Variables., AISTATS, 2015", "Maximally Informative Hierarchical Representations of High-Dimensional Data., AISTATS, 2015"], "Aram Galstyan": ["Efficient Estimation of Mutual Information for Strongly Dependent Variables., AISTATS, 2015", "Maximally Informative Hierarchical Representations of High-Dimensional Data., AISTATS, 2015"], "Nicolas Goix": ["On Anomaly Ranking and Excess-Mass Curves., AISTATS, 2015"], "Anne Sabourin": ["On Anomaly Ranking and Excess-Mass Curves., AISTATS, 2015"], "St\u00e9phan Cl\u00e9men\u00e7on": ["On Anomaly Ranking and Excess-Mass Curves., AISTATS, 2015"], "Jos\u00e9 P. Gonz\u00e1lez-Brenes": ["Modeling Skill Acquisition Over Time with Sequence and Topic Modeling., AISTATS, 2015"], "Suriya Gunasekar": ["Consistent Collective Matrix Completion under Joint Low Rank Structure., AISTATS, 2015"], "Makoto Yamada": ["Consistent Collective Matrix Completion under Joint Low Rank Structure., AISTATS, 2015"], "Dawei Yin": ["Consistent Collective Matrix Completion under Joint Low Rank Structure., AISTATS, 2015"], "Yi Chang": ["Consistent Collective Matrix Completion under Joint Low Rank Structure., AISTATS, 2015"], "Fangjian Guo": ["The Bayesian Echo Chamber: Modeling Social Influence via Linguistic Accommodation., AISTATS, 2015"], "Charles Blundell": ["The Bayesian Echo Chamber: Modeling Social Influence via Linguistic Accommodation., AISTATS, 2015"], "Hanna M. Wallach": ["The Bayesian Echo Chamber: Modeling Social Influence via Linguistic Accommodation., AISTATS, 2015"], "Katherine A. Heller": ["The Bayesian Echo Chamber: Modeling Social Influence via Linguistic Accommodation., AISTATS, 2015"], "Jihun Hamm": ["Preserving Privacy of Continuous High-dimensional Data with Minimax Filters., AISTATS, 2015"], "Satoshi Hara": ["A Consistent Method for Graph Based Anomaly Localization., AISTATS, 2015"], "Tetsuro Morimura": ["A Consistent Method for Graph Based Anomaly Localization., AISTATS, 2015", "Predicting Preference Reversals via Gaussian Process Uncertainty Aversion., AISTATS, 2015"], "Toshihiro Takahashi": ["A Consistent Method for Graph Based Anomaly Localization., AISTATS, 2015"], "Hiroki Yanagisawa": ["A Consistent Method for Graph Based Anomaly Localization., AISTATS, 2015"], "Taiji Suzuki": ["A Consistent Method for Graph Based Anomaly Localization., AISTATS, 2015"], "Tatsunori B. Hashimoto": ["Metric recovery from directed unweighted graphs., AISTATS, 2015"], "Yi Sun": ["Metric recovery from directed unweighted graphs., AISTATS, 2015"], "Tommi S. Jaakkola": ["Metric recovery from directed unweighted graphs., AISTATS, 2015"], "James Hensman": ["Scalable Variational Gaussian Process Classification., AISTATS, 2015"], "Alexander G. de G. Matthews": ["Scalable Variational Gaussian Process Classification., AISTATS, 2015"], "Zoubin Ghahramani": ["Scalable Variational Gaussian Process Classification., AISTATS, 2015"], "Matthew D. Hoffman": ["Stochastic Structured Variational Inference., AISTATS, 2015"], "David M. Blei": ["Stochastic Structured Variational Inference., AISTATS, 2015", "Deep Exponential Families., AISTATS, 2015"], "Michael C. Hughes": ["Reliable and Scalable Variational Inference for the Hierarchical Dirichlet Process., AISTATS, 2015"], "Dae Il Kim": ["Reliable and Scalable Variational Inference for the Hierarchical Dirichlet Process., AISTATS, 2015"], "Erik B. Sudderth": ["Reliable and Scalable Variational Inference for the Hierarchical Dirichlet Process., AISTATS, 2015"], "Tomoharu Iwata": ["Cross-domain recommendation without shared users or items by sharing latent vector distributions., AISTATS, 2015"], "Koh Takeuchi": ["Cross-domain recommendation without shared users or items by sharing latent vector distributions., AISTATS, 2015"], "Rishabh K. Iyer": ["Submodular Point Processes with Applications to Machine learning., AISTATS, 2015", "On Approximate Non-submodular Minimization via Tree-Structured Supermodularity., AISTATS, 2015"], "Jeff A. Bilmes": ["Submodular Point Processes with Applications to Machine learning., AISTATS, 2015", "On Approximate Non-submodular Minimization via Tree-Structured Supermodularity., AISTATS, 2015"], "Ali Jadbabaie": ["Online Optimization : Competing with Dynamic Comparators., AISTATS, 2015"], "Alexander Rakhlin": ["Online Optimization : Competing with Dynamic Comparators., AISTATS, 2015"], "Shahin Shahrampour": ["Online Optimization : Competing with Dynamic Comparators., AISTATS, 2015"], "Karthik Sridharan": ["Online Optimization : Competing with Dynamic Comparators., AISTATS, 2015"], "Ariel Jaffe": ["Estimating the accuracies of multiple classifiers without labeled data., AISTATS, 2015"], "Boaz Nadler": ["Estimating the accuracies of multiple classifiers without labeled data., AISTATS, 2015"], "Yuval Kluger": ["Estimating the accuracies of multiple classifiers without labeled data., AISTATS, 2015"], "Kevin G. Jamieson": ["Sparse Dueling Bandits., AISTATS, 2015"], "Sumeet Katariya": ["Sparse Dueling Bandits., AISTATS, 2015"], "Atul Deshpande": ["Sparse Dueling Bandits., AISTATS, 2015"], "Robert D. Nowak": ["Sparse Dueling Bandits., AISTATS, 2015"], "Varun Jampani": ["Consensus Message Passing for Layered Graphical Models., AISTATS, 2015"], "S. M. Ali Eslami": ["Consensus Message Passing for Layered Graphical Models., AISTATS, 2015"], "Daniel Tarlow": ["Consensus Message Passing for Layered Graphical Models., AISTATS, 2015"], "Pushmeet Kohli": ["Consensus Message Passing for Layered Graphical Models., AISTATS, 2015"], "John M. Winn": ["Consensus Message Passing for Layered Graphical Models., AISTATS, 2015"], "Shuichi Katsumata": ["Robust Cost Sensitive Support Vector Machine., AISTATS, 2015"], "Akiko Takeda": ["Robust Cost Sensitive Support Vector Machine., AISTATS, 2015"], "Yoshinobu Kawahara": ["On Approximate Non-submodular Minimization via Tree-Structured Supermodularity., AISTATS, 2015"], "Rajiv Khanna": ["Sparse Submodular Probabilistic PCA., AISTATS, 2015"], "Russell A. Poldrack": ["Sparse Submodular Probabilistic PCA., AISTATS, 2015"], "Arto Klami": ["Latent feature regression for multivariate count data., AISTATS, 2015"], "Abhishek Tripathi": ["Latent feature regression for multivariate count data., AISTATS, 2015"], "Johannes Sirola": ["Latent feature regression for multivariate count data., AISTATS, 2015"], "Lauri V\u00e4re": ["Latent feature regression for multivariate count data., AISTATS, 2015"], "Fr\u00e9d\u00e9ric Roulland": ["Latent feature regression for multivariate count data., AISTATS, 2015"], "Matth\u00e4us Kleindessner": ["Dimensionality estimation without distances., AISTATS, 2015"], "Ulrike von Luxburg": ["Dimensionality estimation without distances., AISTATS, 2015"], "Aryeh Kontorovich": ["A Bayes consistent 1-NN classifier., AISTATS, 2015"], "Roi Weiss": ["A Bayes consistent 1-NN classifier., AISTATS, 2015"], "Korlakai Vinayak Rashmi": ["DART: Dropouts meet Multiple Additive Regression Trees., AISTATS, 2015"], "Ran Gilad-Bachrach": ["DART: Dropouts meet Multiple Additive Regression Trees., AISTATS, 2015"], "Akshay Krishnamurthy": ["On Estimating L22 Divergence., AISTATS, 2015"], "Kirthevasan Kandasamy": ["On Estimating L22 Divergence., AISTATS, 2015"], "Barnab\u00e1s P\u00f3czos": ["On Estimating L22 Divergence., AISTATS, 2015", "Fast Function to Function Regression., AISTATS, 2015", "On the High Dimensional Power of a Linear-Time Two Sample Test under Mean-shift Alternatives., AISTATS, 2015", "Two-stage sampled learning theory on distributions., AISTATS, 2015"], "Volodymyr Kuleshov": ["Tensor Factorization via Matrix Factorization., AISTATS, 2015"], "Arun Tejasvi Chaganty": ["Tensor Factorization via Matrix Factorization., AISTATS, 2015"], "Percy Liang": ["Tensor Factorization via Matrix Factorization., AISTATS, 2015", "Learning Where to Sample in Structured Prediction., AISTATS, 2015"], "Alex Kulesza": ["Low-Rank Spectral Learning with Weighted Loss Functions., AISTATS, 2015"], "Nan Jiang": ["Low-Rank Spectral Learning with Weighted Loss Functions., AISTATS, 2015"], "Satinder P. Singh": ["Low-Rank Spectral Learning with Weighted Loss Functions., AISTATS, 2015"], "Sven Kurras": ["Symmetric Iterative Proportional Fitting., AISTATS, 2015"], "Branislav Kveton": ["Tight Regret Bounds for Stochastic Combinatorial Semi-Bandits., AISTATS, 2015"], "Zheng Wen": ["Tight Regret Bounds for Stochastic Combinatorial Semi-Bandits., AISTATS, 2015"], "Azin Ashkan": ["Tight Regret Bounds for Stochastic Combinatorial Semi-Bandits., AISTATS, 2015"], "Simon Lacoste-Julien": ["Sequential Kernel Herding: Frank-Wolfe Optimization for Particle Filtering., AISTATS, 2015"], "Fredrik Lindsten": ["Sequential Kernel Herding: Frank-Wolfe Optimization for Particle Filtering., AISTATS, 2015"], "Balaji Lakshminarayanan": ["Particle Gibbs for Bayesian Additive Regression Trees., AISTATS, 2015"], "Daniel M. Roy": ["Particle Gibbs for Bayesian Additive Regression Trees., AISTATS, 2015"], "Yee Whye Teh": ["Particle Gibbs for Bayesian Additive Regression Trees., AISTATS, 2015"], "Chen-Yu Lee": ["Deeply-Supervised Nets., AISTATS, 2015"], "Saining Xie": ["Deeply-Supervised Nets., AISTATS, 2015"], "Patrick W. Gallagher": ["Deeply-Supervised Nets., AISTATS, 2015"], "Zhengyou Zhang": ["Deeply-Supervised Nets., AISTATS, 2015"], "Zhuowen Tu": ["Deeply-Supervised Nets., AISTATS, 2015"], "Jay Lee": ["Preferential Attachment in Graphs with Affinities., AISTATS, 2015"], "Manzil Zaheer": ["Preferential Attachment in Graphs with Affinities., AISTATS, 2015"], "Stephan G\u00fcnnemann": ["Preferential Attachment in Graphs with Affinities., AISTATS, 2015"], "Alexander J. Smola": ["Preferential Attachment in Graphs with Affinities., AISTATS, 2015", "Trend Filtering on Graphs., AISTATS, 2015", "A la Carte - Learning Fast Kernels., AISTATS, 2015"], "Juho Lee": ["Bayesian Hierarchical Clustering with Exponential Family: Small-Variance Asymptotics and Reducibility., AISTATS, 2015"], "Seungjin Choi": ["Bayesian Hierarchical Clustering with Exponential Family: Small-Variance Asymptotics and Reducibility., AISTATS, 2015"], "Guy Lever": ["Modelling Policies in MDPs in Reproducing Kernel Hilbert Space., AISTATS, 2015"], "Ronnie Stafford": ["Modelling Policies in MDPs in Reproducing Kernel Hilbert Space., AISTATS, 2015"], "Bo Li": ["Scalable Optimization of Randomized Operational Decisions in Adversarial Classification Settings., AISTATS, 2015"], "Yevgeniy Vorobeychik": ["Scalable Optimization of Randomized Operational Decisions in Adversarial Classification Settings., AISTATS, 2015"], "Lihong Li": ["Toward Minimax Off-policy Value Estimation., AISTATS, 2015"], "R\u00e9mi Munos": ["Toward Minimax Off-policy Value Estimation., AISTATS, 2015"], "Ping Li": ["Compressed Sensing with Very Sparse Gaussian Random Projections., AISTATS, 2015"], "Cun-Hui Zhang": ["Compressed Sensing with Very Sparse Gaussian Random Projections., AISTATS, 2015"], "Xin Li": ["Max-Margin Zero-Shot Learning for Multi-class Classification., AISTATS, 2015", "Conditional Restricted Boltzmann Machines for Multi-label Learning with Incomplete Labels., AISTATS, 2015"], "Yuhong Guo": ["Max-Margin Zero-Shot Learning for Multi-class Classification., AISTATS, 2015", "Conditional Restricted Boltzmann Machines for Multi-label Learning with Incomplete Labels., AISTATS, 2015"], "Feipeng Zhao": ["Conditional Restricted Boltzmann Machines for Multi-label Learning with Incomplete Labels., AISTATS, 2015"], "Yen-Huan Li": ["Sparsistency of 1-Regularized M-Estimators., AISTATS, 2015"], "Jonathan Scarlett": ["Sparsistency of 1-Regularized M-Estimators., AISTATS, 2015"], "Pradeep Ravikumar": ["Sparsistency of 1-Regularized M-Estimators., AISTATS, 2015"], "Kuan Liu": ["Similarity Learning for High-Dimensional Sparse Data., AISTATS, 2015"], "Aur\u00e9lien Bellet": ["Similarity Learning for High-Dimensional Sparse Data., AISTATS, 2015"], "Fei Sha": ["Similarity Learning for High-Dimensional Sparse Data., AISTATS, 2015"], "Mario Lucic": ["Tradeoffs for Space, Time, Data and Risk in Unsupervised Learning., AISTATS, 2015"], "Mesrob I. Ohannessian": ["Tradeoffs for Space, Time, Data and Risk in Unsupervised Learning., AISTATS, 2015"], "Amin Karbasi": ["Tradeoffs for Space, Time, Data and Risk in Unsupervised Learning., AISTATS, 2015"], "Andreas Krause": ["Tradeoffs for Space, Time, Data and Risk in Unsupervised Learning., AISTATS, 2015"], "Yifei Ma": ["Active Pointillistic Pattern Search., AISTATS, 2015"], "Dougal J. Sutherland": ["Active Pointillistic Pattern Search., AISTATS, 2015"], "Roman Garnett": ["Active Pointillistic Pattern Search., AISTATS, 2015"], "Jeff G. Schneider": ["Active Pointillistic Pattern Search., AISTATS, 2015", "Fast Function to Function Regression., AISTATS, 2015"], "Shike Mei": ["The Security of Latent Dirichlet Allocation., AISTATS, 2015"], "Xiaojin Zhu": ["The Security of Latent Dirichlet Allocation., AISTATS, 2015"], "Igor Melnyk": ["A Spectral Algorithm for Inference in Hidden semi-Markov Models., AISTATS, 2015"], "Ofer Meshi": ["Efficient Training of Structured SVMs via Soft Constraints., AISTATS, 2015"], "Nathan Srebro": ["Efficient Training of Structured SVMs via Soft Constraints., AISTATS, 2015"], "Tamir Hazan": ["Efficient Training of Structured SVMs via Soft Constraints., AISTATS, 2015"], "James Neufeld": ["Variance Reduction via Antithetic Markov Chains., AISTATS, 2015"], "Dale Schuurmans": ["Variance Reduction via Antithetic Markov Chains., AISTATS, 2015"], "Michael H. Bowling": ["Variance Reduction via Antithetic Markov Chains., AISTATS, 2015"], "Junier B. Oliva": ["Fast Function to Function Regression., AISTATS, 2015"], "Willie Neiswanger": ["Fast Function to Function Regression., AISTATS, 2015"], "Eric P. Xing": ["Fast Function to Function Regression., AISTATS, 2015", "Minimizing Nonconvex Non-Separable Functions., AISTATS, 2015"], "Hy Trac": ["Fast Function to Function Regression., AISTATS, 2015"], "Shirley Ho": ["Fast Function to Function Regression., AISTATS, 2015"], "Pedro A. Ortega": ["Reactive bandits with attitude., AISTATS, 2015"], "Kee-Eung Kim": ["Reactive bandits with attitude., AISTATS, 2015"], "Daniel D. Lee": ["Reactive bandits with attitude., AISTATS, 2015"], "Saurabh Paul": ["Feature Selection for Linear SVM with Provable Guarantees., AISTATS, 2015"], "Malik Magdon-Ismail": ["Feature Selection for Linear SVM with Provable Guarantees., AISTATS, 2015"], "Petros Drineas": ["Feature Selection for Linear SVM with Provable Guarantees., AISTATS, 2015"], "Robert Peharz": ["On Theoretical Properties of Sum-Product Networks., AISTATS, 2015"], "Sebastian Tschiatschek": ["On Theoretical Properties of Sum-Product Networks., AISTATS, 2015"], "Franz Pernkopf": ["On Theoretical Properties of Sum-Product Networks., AISTATS, 2015"], "Pedro M. Domingos": ["On Theoretical Properties of Sum-Product Networks., AISTATS, 2015"], "Vu Pham": ["Robust sketching for multiple square-root LASSO problems., AISTATS, 2015"], "Laurent El Ghaoui": ["Robust sketching for multiple square-root LASSO problems., AISTATS, 2015"], "Rajesh Ranganath": ["Deep Exponential Families., AISTATS, 2015"], "Linpeng Tang": ["Deep Exponential Families., AISTATS, 2015"], "Laurent Charlin": ["Deep Exponential Families., AISTATS, 2015"], "Sashank J. Reddi": ["On the High Dimensional Power of a Linear-Time Two Sample Test under Mean-shift Alternatives., AISTATS, 2015"], "Aaditya Ramdas": ["On the High Dimensional Power of a Linear-Time Two Sample Test under Mean-shift Alternatives., AISTATS, 2015"], "Shaogang Ren": ["A Scalable Algorithm for Structured Kernel Feature Selection., AISTATS, 2015"], "Shuai Huang": ["A Scalable Algorithm for Structured Kernel Feature Selection., AISTATS, 2015"], "John A. Onofrey": ["A Scalable Algorithm for Structured Kernel Feature Selection., AISTATS, 2015"], "Xenios Papademetris": ["A Scalable Algorithm for Structured Kernel Feature Selection., AISTATS, 2015"], "Xiaoning Qian": ["A Scalable Algorithm for Structured Kernel Feature Selection., AISTATS, 2015"], "Jonathan Root": ["Learning Efficient Anomaly Detectors from K-NN Graphs., AISTATS, 2015"], "Jing Qian": ["Learning Efficient Anomaly Detectors from K-NN Graphs., AISTATS, 2015"], "Anirban Roychowdhury": ["Gamma Processes, Stick-Breaking, and Variational Inference., AISTATS, 2015"], "Hiroaki Sasaki": ["Direct Density-Derivative Estimation and Its Application in KL-Divergence Approximation., AISTATS, 2015"], "Yung-Kyun Noh": ["Direct Density-Derivative Estimation and Its Application in KL-Divergence Approximation., AISTATS, 2015"], "Masashi Sugiyama": ["Direct Density-Derivative Estimation and Its Application in KL-Divergence Approximation., AISTATS, 2015"], "Mark W. Schmidt": ["Non-Uniform Stochastic Average Gradient Method for Training Conditional Random Fields., AISTATS, 2015"], "Reza Babanezhad": ["Non-Uniform Stochastic Average Gradient Method for Training Conditional Random Fields., AISTATS, 2015"], "Mohamed Osama Ahmed": ["Non-Uniform Stochastic Average Gradient Method for Training Conditional Random Fields., AISTATS, 2015"], "Aaron Defazio": ["Non-Uniform Stochastic Average Gradient Method for Training Conditional Random Fields., AISTATS, 2015"], "Ann Clifton": ["Non-Uniform Stochastic Average Gradient Method for Training Conditional Random Fields., AISTATS, 2015"], "Anoop Sarkar": ["Non-Uniform Stochastic Average Gradient Method for Training Conditional Random Fields., AISTATS, 2015"], "Fran\u00e7ois Schnitzler": ["Sensor Selection for Crowdsensing Dynamical Systems., AISTATS, 2015"], "Jia Yuan Yu": ["Sensor Selection for Crowdsensing Dynamical Systems., AISTATS, 2015"], "Shie Mannor": ["Sensor Selection for Crowdsensing Dynamical Systems., AISTATS, 2015"], "Clayton Scott": ["A Rate of Convergence for Mixture Proportion Estimation, with Application to Learning from Noisy Labels., AISTATS, 2015"], "Eleni Sgouritsa": ["Inference of Cause and Effect with Unsupervised Inverse Regression., AISTATS, 2015"], "Dominik Janzing": ["Inference of Cause and Effect with Unsupervised Inverse Regression., AISTATS, 2015"], "Philipp Hennig": ["Inference of Cause and Effect with Unsupervised Inverse Regression., AISTATS, 2015"], "Bernhard Sch\u00f6lkopf": ["Inference of Cause and Effect with Unsupervised Inverse Regression., AISTATS, 2015"], "Nihar B. Shah": ["Estimation from Pairwise Comparisons: Sharp Minimax Bounds with Topology Dependence., AISTATS, 2015"], "Sivaraman Balakrishnan": ["Estimation from Pairwise Comparisons: Sharp Minimax Bounds with Topology Dependence., AISTATS, 2015"], "Joseph K. Bradley": ["Estimation from Pairwise Comparisons: Sharp Minimax Bounds with Topology Dependence., AISTATS, 2015"], "Abhay Parekh": ["Estimation from Pairwise Comparisons: Sharp Minimax Bounds with Topology Dependence., AISTATS, 2015"], "Kannan Ramchandran": ["Estimation from Pairwise Comparisons: Sharp Minimax Bounds with Topology Dependence., AISTATS, 2015"], "Martin J. Wainwright": ["Estimation from Pairwise Comparisons: Sharp Minimax Bounds with Topology Dependence., AISTATS, 2015"], "Roshan Shariff": ["Exploiting Symmetries to Construct Efficient MCMC Algorithms With an Application to SLAM., AISTATS, 2015"], "Tianlin Shi": ["Learning Where to Sample in Structured Prediction., AISTATS, 2015"], "Jacob Steinhardt": ["Learning Where to Sample in Structured Prediction., AISTATS, 2015"], "Arno Solin": ["State Space Methods for Efficient Inference in Student-t Process Regression., AISTATS, 2015"], "Simo S\u00e4rkk\u00e4": ["State Space Methods for Efficient Inference in Student-t Process Regression., AISTATS, 2015"], "Shuang Song": ["Learning from Data with Heterogeneous Noise using SGD., AISTATS, 2015"], "Kamalika Chaudhuri": ["Learning from Data with Heterogeneous Noise using SGD., AISTATS, 2015"], "Anand D. Sarwate": ["Learning from Data with Heterogeneous Noise using SGD., AISTATS, 2015"], "Suvrit Sra": ["Data modeling with the elliptical gamma distribution., AISTATS, 2015"], "Reshad Hosseini": ["Data modeling with the elliptical gamma distribution., AISTATS, 2015"], "Lucas Theis": ["Data modeling with the elliptical gamma distribution., AISTATS, 2015"], "Matthias Bethge": ["Data modeling with the elliptical gamma distribution., AISTATS, 2015"], "Sanvesh Srivastava": ["WASP: Scalable Bayes via barycenters of subset posteriors., AISTATS, 2015"], "Quoc Tran-Dinh": ["WASP: Scalable Bayes via barycenters of subset posteriors., AISTATS, 2015"], "David B. Dunson": ["WASP: Scalable Bayes via barycenters of subset posteriors., AISTATS, 2015"], "Julien Stoehr": ["Calibration of conditional composite likelihood for Bayesian inference on Gibbs random fields., AISTATS, 2015"], "Nial Friel": ["Calibration of conditional composite likelihood for Bayesian inference on Gibbs random fields., AISTATS, 2015"], "Julian Straub": ["A Dirichlet Process Mixture Model for Spherical Data., AISTATS, 2015"], "Jason Chang": ["A Dirichlet Process Mixture Model for Spherical Data., AISTATS, 2015"], "Oren Freifeld": ["A Dirichlet Process Mixture Model for Spherical Data., AISTATS, 2015"], "John W. Fisher III": ["A Dirichlet Process Mixture Model for Spherical Data., AISTATS, 2015"], "Siqi Sun": ["Inferring Block Structure of Graphical Models in Exponential Families., AISTATS, 2015"], "Hai Wang": ["Inferring Block Structure of Graphical Models in Exponential Families., AISTATS, 2015"], "Jinbo Xu": ["Inferring Block Structure of Graphical Models in Exponential Families., AISTATS, 2015"], "Zolt\u00e1n Szab\u00f3": ["Two-stage sampled learning theory on distributions., AISTATS, 2015"], "Arthur Gretton": ["Two-stage sampled learning theory on distributions., AISTATS, 2015"], "Bharath K. Sriperumbudur": ["Two-stage sampled learning theory on distributions., AISTATS, 2015"], "Rikiya Takahashi": ["Predicting Preference Reversals via Gaussian Process Uncertainty Aversion., AISTATS, 2015"], "Alex Tank": ["Streaming Variational Inference for Bayesian Nonparametric Mixture Models., AISTATS, 2015"], "Nicholas J. Foti": ["Streaming Variational Inference for Bayesian Nonparametric Mixture Models., AISTATS, 2015"], "Emily B. Fox": ["Streaming Variational Inference for Bayesian Nonparametric Mixture Models., AISTATS, 2015"], "Jan-Willem van de Meent": ["Particle Gibbs with Ancestor Sampling for Probabilistic Programs., AISTATS, 2015"], "Hongseok Yang": ["Particle Gibbs with Ancestor Sampling for Probabilistic Programs., AISTATS, 2015"], "Vikash Mansinghka": ["Particle Gibbs with Ancestor Sampling for Probabilistic Programs., AISTATS, 2015"], "Frank D. Wood": ["Particle Gibbs with Ancestor Sampling for Probabilistic Programs., AISTATS, 2015"], "Herke van Hoof": ["Learning of Non-Parametric Control Policies with High-Dimensional State Features., AISTATS, 2015"], "Jan Peters": ["Learning of Non-Parametric Control Policies with High-Dimensional State Features., AISTATS, 2015"], "Gerhard Neumann": ["Learning of Non-Parametric Control Policies with High-Dimensional State Features., AISTATS, 2015"], "Fulton Wang": ["Falling Rule Lists., AISTATS, 2015"], "Cynthia Rudin": ["Falling Rule Lists., AISTATS, 2015"], "Xu Wang": ["Multi-Manifold Modeling in Non-Euclidean spaces., AISTATS, 2015"], "Konstantinos Slavakis": ["Multi-Manifold Modeling in Non-Euclidean spaces., AISTATS, 2015"], "Gilad Lerman": ["Multi-Manifold Modeling in Non-Euclidean spaces., AISTATS, 2015"], "Yining Wang": ["Column Subset Selection with Missing Data via Active Sampling., AISTATS, 2015"], "Yu-Xiang Wang": ["Trend Filtering on Graphs., AISTATS, 2015"], "James Sharpnack": ["Trend Filtering on Graphs., AISTATS, 2015"], "Ryan J. Tibshirani": ["Trend Filtering on Graphs., AISTATS, 2015"], "Fabian L. Wauthier": ["A Greedy Homotopy Method for Regression with Nonconvex Constraints., AISTATS, 2015"], "Peter Donnelly": ["A Greedy Homotopy Method for Regression with Nonconvex Constraints., AISTATS, 2015"], "Adrian Weller": ["Revisiting the Limits of MAP Inference by MWSS on Perfect Graphs., AISTATS, 2015"], "Yi Wu": ["Understanding and Evaluating Sparse Linear Discriminant Analysis., AISTATS, 2015"], "David P. Wipf": ["Understanding and Evaluating Sparse Linear Discriminant Analysis., AISTATS, 2015"], "Jeong-Min Yun": ["Understanding and Evaluating Sparse Linear Discriminant Analysis., AISTATS, 2015"], "Kevin Xu": ["Stochastic Block Transition Models for Dynamic Networks., AISTATS, 2015"], "Zhirong Yang": ["Majorization-Minimization for Manifold Embedding., AISTATS, 2015"], "Jaakko Peltonen": ["Majorization-Minimization for Manifold Embedding., AISTATS, 2015"], "Samuel Kaski": ["Majorization-Minimization for Manifold Embedding., AISTATS, 2015"], "Zichao Yang": ["A la Carte - Learning Fast Kernels., AISTATS, 2015"], "Andrew Gordon Wilson": ["A la Carte - Learning Fast Kernels., AISTATS, 2015"], "Yaoliang Yu": ["Minimizing Nonconvex Non-Separable Functions., AISTATS, 2015"], "Xun Zheng": ["Minimizing Nonconvex Non-Separable Functions., AISTATS, 2015"], "Micol Marchetti-Bowick": ["Minimizing Nonconvex Non-Separable Functions., AISTATS, 2015"], "Lijun Zhang": ["A Simple Homotopy Algorithm for Compressive Sensing., AISTATS, 2015"], "Tianbao Yang": ["A Simple Homotopy Algorithm for Compressive Sensing., AISTATS, 2015"], "Rong Jin": ["A Simple Homotopy Algorithm for Compressive Sensing., AISTATS, 2015"], "Zhi-Hua Zhou": ["A Simple Homotopy Algorithm for Compressive Sensing., AISTATS, 2015"], "Shandian Zhe": ["Scalable Nonparametric Multiway Data Analysis., AISTATS, 2015"], "Zenglin Xu": ["Scalable Nonparametric Multiway Data Analysis., AISTATS, 2015"], "Xinqi Chu": ["Scalable Nonparametric Multiway Data Analysis., AISTATS, 2015"], "Yuan (Alan) Qi": ["Scalable Nonparametric Multiway Data Analysis., AISTATS, 2015"], "Youngja Park": ["Scalable Nonparametric Multiway Data Analysis., AISTATS, 2015"], "Xiangyang Zhou": ["Power-Law Graph Cuts., AISTATS, 2015"], "Jiaxin Zhang": ["Power-Law Graph Cuts., AISTATS, 2015"], "Yuancheng Zhu": ["The Log-Shift Penalty for Adaptive Estimation of Multiple Gaussian Graphical Models., AISTATS, 2015"], "Rina Foygel Barber": ["The Log-Shift Penalty for Adaptive Estimation of Multiple Gaussian Graphical Models., AISTATS, 2015"]}