{"S. V. N. Vishwanathan": ["Preface., AISTATS, 2015"], "Mingyuan Zhou": ["Nonparametric Bayesian Factor Analysis for Dynamic Count Matrices., AISTATS, 2015", "Infinite Edge Partition Models for Overlapping Community Detection and Link Prediction., AISTATS, 2015"], "Joydeep Ghosh": ["Parameter Estimation of Generalized Linear Models without Assuming their Link Function., AISTATS, 2015"], "Ming Gu": ["Spectral Gap Error Bounds for Improving CUR Matrix Decomposition and the Nystr\u00f6m Method., AISTATS, 2015"], "Mihaela van der Schaar": ["Global Multi-armed Bandits with H\u00f6lder Continuity., AISTATS, 2015"], "Larry A. Wasserman": ["Efficient Sparse Clustering of High-Dimensional Non-spherical Gaussian Mixtures., AISTATS, 2015", "On Estimating L22 Divergence., AISTATS, 2015", "On the High Dimensional Power of a Linear-Time Two Sample Test under Mean-shift Alternatives., AISTATS, 2015"], "Lise Getoor": ["Unifying Local Consistency and MAX SAT Relaxations for Scalable Inference with Rounding Guarantees., AISTATS, 2015"], "Csaba Szepesv\u00e1ri": ["Near-optimal max-affine estimators for convex regression., AISTATS, 2015", "Tight Regret Bounds for Stochastic Combinatorial Semi-Bandits., AISTATS, 2015", "Toward Minimax Off-policy Value Estimation., AISTATS, 2015", "Exploiting Symmetries to Construct Efficient MCMC Algorithms With an Application to SLAM., AISTATS, 2015"], "Koby Crammer": ["Convex Multi-Task Learning by Clustering., AISTATS, 2015"], "Francesca Mangili": ["Gaussian Processes for Bayesian hypothesis tests on regression functions., AISTATS, 2015"], "Morteza Zadimoghaddam": ["Sparse Solutions to Nonnegative Linear Systems and Applications., AISTATS, 2015"], "Oluwasanmi Koyejo": ["Generalized Linear Models for Aggregated Data., AISTATS, 2015", "Sparse Submodular Probabilistic PCA., AISTATS, 2015"], "Ruslan Salakhutdinov": ["Accurate and conservative estimates of MRF log-likelihood using reverse annealing., AISTATS, 2015"], "Lawrence Carin": ["Stochastic Spectral Descent for Restricted Boltzmann Machines., AISTATS, 2015", "Learning Deep Sigmoid Belief Networks with Data Augmentation., AISTATS, 2015"], "Alexandra Carpentier": ["Implementable confidence sets in high dimensional regression., AISTATS, 2015"], "Ambuj Tewari": ["Online Ranking with Top-1 Feedback., AISTATS, 2015"], "Arindam Banerjee": ["One-bit Compressed Sensing with the k-Support Norm., AISTATS, 2015", "A Spectral Algorithm for Inference in Hidden semi-Markov Models., AISTATS, 2015"], "Carlos Guestrin": ["Efficient Second-Order Gradient Boosting for Conditional Random Fields., AISTATS, 2015"], "Kilian Q. Weinberger": ["Filtered Search for Submodular Maximization with Controllable Approximation Bounds., AISTATS, 2015"], "Brian D. Ziebart": ["Predictive Inverse Optimal Control for Linear-Quadratic-Gaussian Systems., AISTATS, 2015"], "Jin Tian": ["Exact Bayesian Learning of Ancestor Relations in Bayesian Networks., AISTATS, 2015", "Missing at Random in Graphical Models., AISTATS, 2015"], "Yan Liu": ["Model Selection for Topic Models via Spectral Decomposition., AISTATS, 2015"], "Yann LeCun": ["The Loss Surfaces of Multilayer Networks., AISTATS, 2015"], "Francis R. Bach": ["Averaged Least-Mean-Squares: Bias-Variance Trade-offs and Optimal Sampling Distributions., AISTATS, 2015", "Sequential Kernel Herding: Frank-Wolfe Optimization for Particle Filtering., AISTATS, 2015"], "Venkatesh Saligrama": ["A Topic Modeling Approach to Ranking., AISTATS, 2015", "Learning Efficient Anomaly Detectors from K-NN Graphs., AISTATS, 2015"], "Volkan Cevher": ["A totally unimodular view of structured sparsity., AISTATS, 2015", "Sparsistency of 1-Regularized M-Estimators., AISTATS, 2015"], "Le Song": ["Back to the Past: Source Identification in Diffusion Networks from Partially Observed Cascades., AISTATS, 2015", "A la Carte - Learning Fast Kernels., AISTATS, 2015"], "Shimon Ullman": ["Graph Approximation and Clustering on a Budget., AISTATS, 2015"], "Brian Kulis": ["A Sufficient Statistics Construction of Exponential Family Levy Measure Densities for Nonparametric Conjugate Models., AISTATS, 2015", "Gamma Processes, Stick-Breaking, and Variational Inference., AISTATS, 2015", "Power-Law Graph Cuts., AISTATS, 2015"], "Christian Igel": ["Computational Complexity of Linear Large Margin Classification With Ramp Loss., AISTATS, 2015"], "Aram Galstyan": ["Efficient Estimation of Mutual Information for Strongly Dependent Variables., AISTATS, 2015", "Maximally Informative Hierarchical Representations of High-Dimensional Data., AISTATS, 2015"], "St\u00e9phan Cl\u00e9men\u00e7on": ["On Anomaly Ranking and Excess-Mass Curves., AISTATS, 2015"], "Jos\u00e9 P. Gonz\u00e1lez-Brenes": ["Modeling Skill Acquisition Over Time with Sequence and Topic Modeling., AISTATS, 2015"], "Yi Chang": ["Consistent Collective Matrix Completion under Joint Low Rank Structure., AISTATS, 2015"], "Katherine A. Heller": ["The Bayesian Echo Chamber: Modeling Social Influence via Linguistic Accommodation., AISTATS, 2015"], "Jihun Hamm": ["Preserving Privacy of Continuous High-dimensional Data with Minimax Filters., AISTATS, 2015"], "Taiji Suzuki": ["A Consistent Method for Graph Based Anomaly Localization., AISTATS, 2015"], "Tommi S. Jaakkola": ["Metric recovery from directed unweighted graphs., AISTATS, 2015"], "Zoubin Ghahramani": ["Scalable Variational Gaussian Process Classification., AISTATS, 2015"], "David M. Blei": ["Stochastic Structured Variational Inference., AISTATS, 2015", "Deep Exponential Families., AISTATS, 2015"], "Erik B. Sudderth": ["Reliable and Scalable Variational Inference for the Hierarchical Dirichlet Process., AISTATS, 2015"], "Koh Takeuchi": ["Cross-domain recommendation without shared users or items by sharing latent vector distributions., AISTATS, 2015"], "Jeff A. Bilmes": ["Submodular Point Processes with Applications to Machine learning., AISTATS, 2015", "On Approximate Non-submodular Minimization via Tree-Structured Supermodularity., AISTATS, 2015"], "Karthik Sridharan": ["Online Optimization : Competing with Dynamic Comparators., AISTATS, 2015"], "Yuval Kluger": ["Estimating the accuracies of multiple classifiers without labeled data., AISTATS, 2015"], "Robert D. Nowak": ["Sparse Dueling Bandits., AISTATS, 2015"], "John M. Winn": ["Consensus Message Passing for Layered Graphical Models., AISTATS, 2015"], "Akiko Takeda": ["Robust Cost Sensitive Support Vector Machine., AISTATS, 2015"], "Fr\u00e9d\u00e9ric Roulland": ["Latent feature regression for multivariate count data., AISTATS, 2015"], "Ulrike von Luxburg": ["Dimensionality estimation without distances., AISTATS, 2015"], "Roi Weiss": ["A Bayes consistent 1-NN classifier., AISTATS, 2015"], "Ran Gilad-Bachrach": ["DART: Dropouts meet Multiple Additive Regression Trees., AISTATS, 2015"], "Percy Liang": ["Tensor Factorization via Matrix Factorization., AISTATS, 2015", "Learning Where to Sample in Structured Prediction., AISTATS, 2015"], "Satinder P. Singh": ["Low-Rank Spectral Learning with Weighted Loss Functions., AISTATS, 2015"], "Sven Kurras": ["Symmetric Iterative Proportional Fitting., AISTATS, 2015"], "Yee Whye Teh": ["Particle Gibbs for Bayesian Additive Regression Trees., AISTATS, 2015"], "Zhuowen Tu": ["Deeply-Supervised Nets., AISTATS, 2015"], "Alexander J. Smola": ["Preferential Attachment in Graphs with Affinities., AISTATS, 2015"], "Seungjin Choi": ["Bayesian Hierarchical Clustering with Exponential Family: Small-Variance Asymptotics and Reducibility., AISTATS, 2015"], "Ronnie Stafford": ["Modelling Policies in MDPs in Reproducing Kernel Hilbert Space., AISTATS, 2015"], "Yevgeniy Vorobeychik": ["Scalable Optimization of Randomized Operational Decisions in Adversarial Classification Settings., AISTATS, 2015"], "Cun-Hui Zhang": ["Compressed Sensing with Very Sparse Gaussian Random Projections., AISTATS, 2015"], "Yuhong Guo": ["Max-Margin Zero-Shot Learning for Multi-class Classification., AISTATS, 2015", "Conditional Restricted Boltzmann Machines for Multi-label Learning with Incomplete Labels., AISTATS, 2015"], "Fei Sha": ["Similarity Learning for High-Dimensional Sparse Data., AISTATS, 2015"], "Andreas Krause": ["Tradeoffs for Space, Time, Data and Risk in Unsupervised Learning., AISTATS, 2015"], "Jeff G. Schneider": ["Active Pointillistic Pattern Search., AISTATS, 2015", "Fast Function to Function Regression., AISTATS, 2015"], "Xiaojin Zhu": ["The Security of Latent Dirichlet Allocation., AISTATS, 2015"], "Tamir Hazan": ["Efficient Training of Structured SVMs via Soft Constraints., AISTATS, 2015"], "Michael H. Bowling": ["Variance Reduction via Antithetic Markov Chains., AISTATS, 2015"], "Daniel D. Lee": ["Reactive bandits with attitude., AISTATS, 2015"], "Petros Drineas": ["Feature Selection for Linear SVM with Provable Guarantees., AISTATS, 2015"], "Pedro M. Domingos": ["On Theoretical Properties of Sum-Product Networks., AISTATS, 2015"], "Laurent El Ghaoui": ["Robust sketching for multiple square-root LASSO problems., AISTATS, 2015"], "Xiaoning Qian": ["A Scalable Algorithm for Structured Kernel Feature Selection., AISTATS, 2015"], "Masashi Sugiyama": ["Direct Density-Derivative Estimation and Its Application in KL-Divergence Approximation., AISTATS, 2015"], "Anoop Sarkar": ["Non-Uniform Stochastic Average Gradient Method for Training Conditional Random Fields., AISTATS, 2015"], "Shie Mannor": ["Sensor Selection for Crowdsensing Dynamical Systems., AISTATS, 2015"], "Clayton Scott": ["A Rate of Convergence for Mixture Proportion Estimation, with Application to Learning from Noisy Labels., AISTATS, 2015"], "Bernhard Sch\u00f6lkopf": ["Inference of Cause and Effect with Unsupervised Inverse Regression., AISTATS, 2015"], "Martin J. Wainwright": ["Estimation from Pairwise Comparisons: Sharp Minimax Bounds with Topology Dependence., AISTATS, 2015"], "Simo S\u00e4rkk\u00e4": ["State Space Methods for Efficient Inference in Student-t Process Regression., AISTATS, 2015"], "Anand D. Sarwate": ["Learning from Data with Heterogeneous Noise using SGD., AISTATS, 2015"], "Matthias Bethge": ["Data modeling with the elliptical gamma distribution., AISTATS, 2015"], "David B. Dunson": ["WASP: Scalable Bayes via barycenters of subset posteriors., AISTATS, 2015"], "Nial Friel": ["Calibration of conditional composite likelihood for Bayesian inference on Gibbs random fields., AISTATS, 2015"], "John W. Fisher III": ["A Dirichlet Process Mixture Model for Spherical Data., AISTATS, 2015"], "Jinbo Xu": ["Inferring Block Structure of Graphical Models in Exponential Families., AISTATS, 2015"], "Bharath K. Sriperumbudur": ["Two-stage sampled learning theory on distributions., AISTATS, 2015"], "Tetsuro Morimura": ["Predicting Preference Reversals via Gaussian Process Uncertainty Aversion., AISTATS, 2015"], "Emily B. Fox": ["Streaming Variational Inference for Bayesian Nonparametric Mixture Models., AISTATS, 2015"], "Frank D. Wood": ["Particle Gibbs with Ancestor Sampling for Probabilistic Programs., AISTATS, 2015"], "Gerhard Neumann": ["Learning of Non-Parametric Control Policies with High-Dimensional State Features., AISTATS, 2015"], "Cynthia Rudin": ["Falling Rule Lists., AISTATS, 2015"], "Gilad Lerman": ["Multi-Manifold Modeling in Non-Euclidean spaces., AISTATS, 2015"], "Aarti Singh": ["Column Subset Selection with Missing Data via Active Sampling., AISTATS, 2015"], "Ryan J. Tibshirani": ["Trend Filtering on Graphs., AISTATS, 2015"], "Peter Donnelly": ["A Greedy Homotopy Method for Regression with Nonconvex Constraints., AISTATS, 2015"], "Adrian Weller": ["Revisiting the Limits of MAP Inference by MWSS on Perfect Graphs., AISTATS, 2015"], "Jeong-Min Yun": ["Understanding and Evaluating Sparse Linear Discriminant Analysis., AISTATS, 2015"], "Kevin Xu": ["Stochastic Block Transition Models for Dynamic Networks., AISTATS, 2015"], "Samuel Kaski": ["Majorization-Minimization for Manifold Embedding., AISTATS, 2015"], "Eric P. Xing": ["Minimizing Nonconvex Non-Separable Functions., AISTATS, 2015"], "Zhi-Hua Zhou": ["A Simple Homotopy Algorithm for Compressive Sensing., AISTATS, 2015"], "Youngja Park": ["Scalable Nonparametric Multiway Data Analysis., AISTATS, 2015"], "Rina Foygel Barber": ["The Log-Shift Penalty for Adaptive Estimation of Multiple Gaussian Graphical Models., AISTATS, 2015"]}