{"Neil D. Lawrence": ["Preface., AISTATS, 2012"], "Mark A. Girolami": ["Preface., AISTATS, 2012"], "Yasin Abbasi-Yadkori": ["Online-to-Confidence-Set Conversions and Application to Sparse Stochastic Bandits., AISTATS, 2012"], "D\u00e1vid P\u00e1l": ["Online-to-Confidence-Set Conversions and Application to Sparse Stochastic Bandits., AISTATS, 2012"], "Csaba Szepesv\u00e1ri": ["Online-to-Confidence-Set Conversions and Application to Sparse Stochastic Bandits., AISTATS, 2012", "The adversarial stochastic shortest path problem with unknown transition probabilities., AISTATS, 2012"], "Felix V. Agakov": ["Discriminative Mixtures of Sparse Latent Fields for Risk Management., AISTATS, 2012"], "Peter Orchard": ["Discriminative Mixtures of Sparse Latent Fields for Risk Management., AISTATS, 2012"], "Amos J. Storkey": ["Discriminative Mixtures of Sparse Latent Fields for Risk Management., AISTATS, 2012"], "Alekh Agarwal": ["Contextual Bandit Learning with Predictable Rewards., AISTATS, 2012"], "Miroslav Dud\u00edk": ["Contextual Bandit Learning with Predictable Rewards., AISTATS, 2012", "Lifted coordinate descent for learning with trace-norm regularization., AISTATS, 2012"], "Satyen Kale": ["Contextual Bandit Learning with Predictable Rewards., AISTATS, 2012"], "John Langford": ["Contextual Bandit Learning with Predictable Rewards., AISTATS, 2012"], "Robert E. Schapire": ["Contextual Bandit Learning with Predictable Rewards., AISTATS, 2012"], "Genevera Allen": ["Sparse Higher-Order Principal Components Analysis., AISTATS, 2012"], "Saeed Amizadeh": ["Factorized Diffusion Map Approximation., AISTATS, 2012"], "Hamed Valizadegan": ["Factorized Diffusion Map Approximation., AISTATS, 2012"], "Milos Hauskrecht": ["Factorized Diffusion Map Approximation., AISTATS, 2012"], "Galen Andrew": ["Memory-efficient inference in dynamic graphical models using multiple cores., AISTATS, 2012"], "Jeff A. Bilmes": ["Memory-efficient inference in dynamic graphical models using multiple cores., AISTATS, 2012", "On Bisubmodular Maximization., AISTATS, 2012"], "Hossein Azari Soufiani": ["Graphlet decomposition of a weighted network., AISTATS, 2012"], "Edoardo M. Airoldi": ["Graphlet decomposition of a weighted network., AISTATS, 2012"], "Sivaraman Balakrishnan": ["Minimax rates for homology inference., AISTATS, 2012"], "Alessandro Rinaldo": ["Minimax rates for homology inference., AISTATS, 2012", "Sparsistency of the Edge Lasso over Graphs., AISTATS, 2012"], "Don Sheehy": ["Minimax rates for homology inference., AISTATS, 2012"], "Aarti Singh": ["Minimax rates for homology inference., AISTATS, 2012", "Sparsistency of the Edge Lasso over Graphs., AISTATS, 2012"], "Larry A. Wasserman": ["Minimax rates for homology inference., AISTATS, 2012"], "Guha Balakrishnan": ["Scalable Personalization of Long-Term Physiological Monitoring: Active Learning Methodologies for Epileptic Seizure Onset Detection., AISTATS, 2012"], "Zeeshan Syed": ["Scalable Personalization of Long-Term Physiological Monitoring: Active Learning Methodologies for Epileptic Seizure Onset Detection., AISTATS, 2012"], "Luca Baldassarre": ["A General Framework for Structured Sparsity via Proximal Optimization., AISTATS, 2012"], "Jean Morales": ["A General Framework for Structured Sparsity via Proximal Optimization., AISTATS, 2012"], "Andreas Argyriou": ["A General Framework for Structured Sparsity via Proximal Optimization., AISTATS, 2012", "Exploiting Unrelated Tasks in Multi-Task Learning., AISTATS, 2012"], "Massimiliano Pontil": ["A General Framework for Structured Sparsity via Proximal Optimization., AISTATS, 2012", "Exploiting Unrelated Tasks in Multi-Task Learning., AISTATS, 2012"], "R\u00e9mi Bardenet": ["Adaptive Metropolis with Online Relabeling., AISTATS, 2012"], "Olivier Capp\u00e9": ["Adaptive Metropolis with Online Relabeling., AISTATS, 2012", "On Bayesian Upper Confidence Bounds for Bandit Problems., AISTATS, 2012"], "Gersende Fort": ["Adaptive Metropolis with Online Relabeling., AISTATS, 2012"], "Bal\u00e1zs K\u00e9gl": ["Adaptive Metropolis with Online Relabeling., AISTATS, 2012"], "Elias Bareinboim": ["Controlling Selection Bias in Causal Inference., AISTATS, 2012"], "Judea Pearl": ["Controlling Selection Bias in Causal Inference., AISTATS, 2012"], "Wei Bian": ["CorrLog: Correlated Logistic Models for Joint Prediction of Multiple Labels., AISTATS, 2012"], "Bo Xie": ["CorrLog: Correlated Logistic Models for Joint Prediction of Multiple Labels., AISTATS, 2012"], "Dacheng Tao": ["CorrLog: Correlated Logistic Models for Joint Prediction of Multiple Labels., AISTATS, 2012", "Multi-label Subspace Ensemble., AISTATS, 2012"], "Jasmina Bogojeska": ["History-alignment models for bias-aware prediction of virological response to HIV combination therapy., AISTATS, 2012"], "Daniel St\u00f6ckel": ["History-alignment models for bias-aware prediction of virological response to HIV combination therapy., AISTATS, 2012"], "Maurizio Zazzi": ["History-alignment models for bias-aware prediction of virological response to HIV combination therapy., AISTATS, 2012"], "Rolf Kaiser": ["History-alignment models for bias-aware prediction of virological response to HIV combination therapy., AISTATS, 2012"], "Francesca Incardona": ["History-alignment models for bias-aware prediction of virological response to HIV combination therapy., AISTATS, 2012"], "Michal Rosen-Zvi": ["History-alignment models for bias-aware prediction of virological response to HIV combination therapy., AISTATS, 2012"], "Thomas Lengauer": ["History-alignment models for bias-aware prediction of virological response to HIV combination therapy., AISTATS, 2012"], "Antoine Bordes": ["Joint Learning of Words and Meaning Representations for Open-Text Semantic Parsing., AISTATS, 2012"], "Xavier Glorot": ["Joint Learning of Words and Meaning Representations for Open-Text Semantic Parsing., AISTATS, 2012"], "Jason Weston": ["Joint Learning of Words and Meaning Representations for Open-Text Semantic Parsing., AISTATS, 2012"], "Yoshua Bengio": ["Joint Learning of Words and Meaning Representations for Open-Text Semantic Parsing., AISTATS, 2012"], "Joseph K. Bradley": ["Sample Complexity of Composite Likelihood., AISTATS, 2012"], "Carlos Guestrin": ["Sample Complexity of Composite Likelihood., AISTATS, 2012"], "Marcus A. Brubaker": ["A Family of MCMC Methods on Implicitly Defined Manifolds., AISTATS, 2012"], "Mathieu Salzmann": ["A Family of MCMC Methods on Implicitly Defined Manifolds., AISTATS, 2012"], "Raquel Urtasun": ["A Family of MCMC Methods on Implicitly Defined Manifolds., AISTATS, 2012"], "David Buchman": ["On Sparse, Spectral and Other Parameterizations of Binary Probabilistic Models., AISTATS, 2012"], "Mark W. Schmidt": ["On Sparse, Spectral and Other Parameterizations of Binary Probabilistic Models., AISTATS, 2012"], "Shakir Mohamed": ["On Sparse, Spectral and Other Parameterizations of Binary Probabilistic Models., AISTATS, 2012", "A Stick-Breaking Likelihood for Categorical Data Analysis with Latent Gaussian Models., AISTATS, 2012"], "David Poole": ["On Sparse, Spectral and Other Parameterizations of Binary Probabilistic Models., AISTATS, 2012"], "Nando de Freitas": ["On Sparse, Spectral and Other Parameterizations of Binary Probabilistic Models., AISTATS, 2012", "Adaptive MCMC with Bayesian Optimization., AISTATS, 2012"], "Lucian Busoniu": ["Optimistic planning for Markov decision processes., AISTATS, 2012"], "R\u00e9mi Munos": ["Optimistic planning for Markov decision processes., AISTATS, 2012", "Bandit Theory meets Compressed Sensing for high dimensional Stochastic Linear Bandit., AISTATS, 2012"], "Alexandra Carpentier": ["Bandit Theory meets Compressed Sensing for high dimensional Stochastic Linear Bandit., AISTATS, 2012"], "Xi Chen": ["Structured Sparse Canonical Correlation Analysis., AISTATS, 2012"], "Han Liu": ["Structured Sparse Canonical Correlation Analysis., AISTATS, 2012", "Detecting Network Cliques with Radon Basis Pursuit., AISTATS, 2012", "Marginal Regression For Multitask Learning., AISTATS, 2012", "Sparse Additive Machine., AISTATS, 2012"], "Jaime G. Carbonell": ["Structured Sparse Canonical Correlation Analysis., AISTATS, 2012"], "Xiaohui Chen": ["A Two-Graph Guided Multi-task Lasso Approach for eQTL Mapping., AISTATS, 2012"], "Xinghua Shi": ["A Two-Graph Guided Multi-task Lasso Approach for eQTL Mapping., AISTATS, 2012"], "Xing Xu": ["A Two-Graph Guided Multi-task Lasso Approach for eQTL Mapping., AISTATS, 2012"], "Zhiyong Wang": ["A Two-Graph Guided Multi-task Lasso Approach for eQTL Mapping., AISTATS, 2012"], "Ryan Mills": ["A Two-Graph Guided Multi-task Lasso Approach for eQTL Mapping., AISTATS, 2012"], "Charles Lee": ["A Two-Graph Guided Multi-task Lasso Approach for eQTL Mapping., AISTATS, 2012"], "Jinbo Xu": ["A Two-Graph Guided Multi-task Lasso Approach for eQTL Mapping., AISTATS, 2012", "Approximate Inference by Intersecting Semidefinite Bound and Local Polytope., AISTATS, 2012"], "Minmin Chen": ["Classifier Cascade for Minimizing Feature Evaluation Cost., AISTATS, 2012"], "Zhixiang Eddie Xu": ["Classifier Cascade for Minimizing Feature Evaluation Cost., AISTATS, 2012"], "Kilian Q. Weinberger": ["Classifier Cascade for Minimizing Feature Evaluation Cost., AISTATS, 2012"], "Olivier Chapelle": ["Classifier Cascade for Minimizing Feature Evaluation Cost., AISTATS, 2012", "Deterministic Annealing for Semi-Supervised Structured Output Learning., AISTATS, 2012"], "Dor Kedem": ["Classifier Cascade for Minimizing Feature Evaluation Cost., AISTATS, 2012"], "Anna Choromanska": ["Online Clustering with Experts., AISTATS, 2012"], "Claire Monteleoni": ["Online Clustering with Experts., AISTATS, 2012"], "Olivier Collier": ["Minimax hypothesis testing for curve registration., AISTATS, 2012", "Wilks' phenomenon and penalized likelihood-ratio test for nonparametric curve registration., AISTATS, 2012"], "Bryan R. Conroy": ["Fast, Exact Model Selection and Permutation Testing for l2-Regularized Logistic Regression., AISTATS, 2012"], "Paul Sajda": ["Fast, Exact Model Selection and Permutation Testing for l2-Regularized Logistic Regression., AISTATS, 2012"], "John P. Cunningham": ["Gaussian Processes for time-marked time-series data., AISTATS, 2012"], "Zoubin Ghahramani": ["Gaussian Processes for time-marked time-series data., AISTATS, 2012", "Bayesian Classifier Combination., AISTATS, 2012", "A Nonparametric Bayesian Model for Multiple Clustering with Overlapping Feature Views., AISTATS, 2012", "Flexible Martingale Priors for Deep Hierarchies., AISTATS, 2012"], "Carl Edward Rasmussen": ["Gaussian Processes for time-marked time-series data., AISTATS, 2012"], "Arnak S. Dalalyan": ["Wilks' phenomenon and penalized likelihood-ratio test for nonparametric curve registration., AISTATS, 2012"], "Christian Daniel": ["Hierarchical Relative Entropy Policy Search., AISTATS, 2012"], "Gerhard Neumann": ["Hierarchical Relative Entropy Policy Search., AISTATS, 2012"], "Jan Peters": ["Hierarchical Relative Entropy Policy Search., AISTATS, 2012"], "Hal Daum\u00e9 III": ["Protocols for Learning Classifiers on Distributed Data., AISTATS, 2012"], "Jeff M. Phillips": ["Protocols for Learning Classifiers on Distributed Data., AISTATS, 2012"], "Avishek Saha": ["Protocols for Learning Classifiers on Distributed Data., AISTATS, 2012"], "Suresh Venkatasubramanian": ["Protocols for Learning Classifiers on Distributed Data., AISTATS, 2012"], "Ofer Dekel": ["There's a Hole in My Data Space: Piecewise Predictors for Heterogeneous Learning Problems., AISTATS, 2012"], "Ohad Shamir": ["There's a Hole in My Data Space: Piecewise Predictors for Heterogeneous Learning Problems., AISTATS, 2012", "Using More Data to Speed-up Training Time., AISTATS, 2012", "Learning from Weak Teachers., AISTATS, 2012"], "Paramveer S. Dhillon": ["Deterministic Annealing for Semi-Supervised Structured Output Learning., AISTATS, 2012"], "S. Sathiya Keerthi": ["Deterministic Annealing for Semi-Supervised Structured Output Learning., AISTATS, 2012"], "Kedar Bellare": ["Deterministic Annealing for Semi-Supervised Structured Output Learning., AISTATS, 2012"], "Sundararajan Sellamanickam": ["Deterministic Annealing for Semi-Supervised Structured Output Learning., AISTATS, 2012"], "Huyen Do": ["A metric learning perspective of SVM: on the relation of LMNN and SVM., AISTATS, 2012"], "Alexandros Kalousis": ["A metric learning perspective of SVM: on the relation of LMNN and SVM., AISTATS, 2012"], "Jun Wang": ["A metric learning perspective of SVM: on the relation of LMNN and SVM., AISTATS, 2012"], "Adam Woznica": ["A metric learning perspective of SVM: on the relation of LMNN and SVM., AISTATS, 2012"], "Justin Domke": ["Generic Methods for Optimization-Based Modeling., AISTATS, 2012"], "Za\u00efd Harchaoui": ["Lifted coordinate descent for learning with trace-norm regularization., AISTATS, 2012"], "J\u00e9r\u00f4me Malick": ["Lifted coordinate descent for learning with trace-norm regularization., AISTATS, 2012"], "Robert J. Durrant": ["Error bounds for Kernel Fisher Linear Discriminant in Gaussian Hilbert space., AISTATS, 2012"], "Ata Kab\u00e1n": ["Error bounds for Kernel Fisher Linear Discriminant in Gaussian Hilbert space., AISTATS, 2012"], "Gal Elidan": ["Copula Network Classifiers (CNCs)., AISTATS, 2012", "Lightning-speed Structure Learning of Nonlinear Continuous Networks., AISTATS, 2012"], "Doris Entner": ["Statistical test for consistent estimation of causal effects in linear non-Gaussian models., AISTATS, 2012"], "Patrik O. Hoyer": ["Statistical test for consistent estimation of causal effects in linear non-Gaussian models., AISTATS, 2012"], "Peter Spirtes": ["Statistical test for consistent estimation of causal effects in linear non-Gaussian models., AISTATS, 2012"], "Brian Eriksson": ["High-Rank Matrix Completion., AISTATS, 2012"], "Laura Balzano": ["High-Rank Matrix Completion., AISTATS, 2012"], "Robert D. Nowak": ["High-Rank Matrix Completion., AISTATS, 2012", "Universal Measurement Bounds for Structured Sparse Signal Recovery., AISTATS, 2012"], "Dean P. Foster": ["No Internal Regret via Neighborhood Watch., AISTATS, 2012", "Domain Adaptation: A Small Sample Statistical Approach., AISTATS, 2012"], "Alexander Rakhlin": ["No Internal Regret via Neighborhood Watch., AISTATS, 2012"], "Antonino Freno": ["Semiparametric Pseudo-Likelihood Estimation in Markov Random Fields., AISTATS, 2012"], "Ryohei Fujimaki": ["Factorized Asymptotic Bayesian Inference for Mixture Modeling., AISTATS, 2012"], "Satoshi Morinaga": ["Factorized Asymptotic Bayesian Inference for Mixture Modeling., AISTATS, 2012"], "Alona Fyshe": ["Hierarchical Latent Dictionaries for Models of Brain Activation., AISTATS, 2012"], "Emily B. Fox": ["Hierarchical Latent Dictionaries for Models of Brain Activation., AISTATS, 2012"], "David B. Dunson": ["Hierarchical Latent Dictionaries for Models of Brain Activation., AISTATS, 2012", "Beta-Negative Binomial Process and Poisson Factor Analysis., AISTATS, 2012"], "Tom M. Mitchell": ["Hierarchical Latent Dictionaries for Models of Brain Activation., AISTATS, 2012"], "Ravi Ganti": ["UPAL: Unbiased Pool Based Active Learning., AISTATS, 2012"], "Alexander G. Gray": ["UPAL: Unbiased Pool Based Active Learning., AISTATS, 2012"], "Joachim Giesen": ["Regularization Paths with Guarantees for Convex Semidefinite Optimization., AISTATS, 2012"], "Martin Jaggi": ["Regularization Paths with Guarantees for Convex Semidefinite Optimization., AISTATS, 2012"], "S\u00f6ren Laue": ["Regularization Paths with Guarantees for Convex Semidefinite Optimization., AISTATS, 2012"], "Dilan G\u00f6r\u00fcr": ["Scalable Inference on Kingman's Coalescent using Pair Similarity ., AISTATS, 2012"], "Levi Boyles": ["Scalable Inference on Kingman's Coalescent using Pair Similarity ., AISTATS, 2012"], "Max Welling": ["Scalable Inference on Kingman's Coalescent using Pair Similarity ., AISTATS, 2012"], "Yuri Grinberg": ["On Average Reward Policy Evaluation in Infinite-State Partially Observable Systems., AISTATS, 2012"], "Doina Precup": ["On Average Reward Policy Evaluation in Infinite-State Partially Observable Systems., AISTATS, 2012"], "Alexander Grubb": ["SpeedBoost: Anytime Prediction with Uniform Near-Optimality., AISTATS, 2012"], "Drew Bagnell": ["SpeedBoost: Anytime Prediction with Uniform Near-Optimality., AISTATS, 2012"], "Marco Grzegorczyk": ["Bayesian regularization of non-homogeneous dynamic Bayesian networks by globally coupling interaction parameters., AISTATS, 2012"], "Dirk Husmeier": ["Bayesian regularization of non-homogeneous dynamic Bayesian networks by globally coupling interaction parameters., AISTATS, 2012"], "Quanquan Gu": ["Locality Preserving Feature Learning., AISTATS, 2012"], "Marina Danilevsky": ["Locality Preserving Feature Learning., AISTATS, 2012"], "Zhenhui Li": ["Locality Preserving Feature Learning., AISTATS, 2012"], "Jiawei Han": ["Locality Preserving Feature Learning., AISTATS, 2012", "A Variance Minimization Criterion to Active Learning on Graphs., AISTATS, 2012"], "Michael Habeck": ["Evaluation of marginal likelihoods via the density of states., AISTATS, 2012"], "Morteza Haghir Chehreghani": ["Information Theoretic Model Validation for Spectral Clustering., AISTATS, 2012"], "Alberto Giovanni Busetto": ["Information Theoretic Model Validation for Spectral Clustering., AISTATS, 2012"], "Joachim M. Buhmann": ["Information Theoretic Model Validation for Spectral Clustering., AISTATS, 2012"], "Fares Hedayati": ["Exchangeability Characterizes Optimality of Sequential Normalized Maximum Likelihood and Bayesian Prediction with Jeffreys Prior., AISTATS, 2012"], "Peter L. Bartlett": ["Exchangeability Characterizes Optimality of Sequential Normalized Maximum Likelihood and Bayesian Prediction with Jeffreys Prior., AISTATS, 2012"], "Philipp Hennig": ["Kernel Topic Models., AISTATS, 2012"], "David H. Stern": ["Kernel Topic Models., AISTATS, 2012"], "Ralf Herbrich": ["Kernel Topic Models., AISTATS, 2012"], "Thore Graepel": ["Kernel Topic Models., AISTATS, 2012"], "Minh Hoai Nguyen": ["Maximum Margin Temporal Clustering., AISTATS, 2012"], "Fernando De la Torre": ["Maximum Margin Temporal Clustering., AISTATS, 2012"], "Junya Honda": ["Stochastic Bandit Based on Empirical Moments., AISTATS, 2012"], "Akimichi Takemura": ["Stochastic Bandit Based on Empirical Moments., AISTATS, 2012"], "Jean Honorio": ["Variable Selection for Gaussian Graphical Models., AISTATS, 2012"], "Dimitris Samaras": ["Variable Selection for Gaussian Graphical Models., AISTATS, 2012"], "Irina Rish": ["Variable Selection for Gaussian Graphical Models., AISTATS, 2012"], "Guillermo A. Cecchi": ["Variable Selection for Gaussian Graphical Models., AISTATS, 2012"], "Katsuhiko Ishiguro": ["Subset Infinite Relational Models., AISTATS, 2012"], "Naonori Ueda": ["Subset Infinite Relational Models., AISTATS, 2012"], "Hiroshi Sawada": ["Subset Infinite Relational Models., AISTATS, 2012"], "Ming Ji": ["A Variance Minimization Criterion to Active Learning on Graphs., AISTATS, 2012"], "Xiaoye Jiang": ["Detecting Network Cliques with Radon Basis Pursuit., AISTATS, 2012"], "Yuan Yao": ["Detecting Network Cliques with Radon Basis Pursuit., AISTATS, 2012"], "Leonidas J. Guibas": ["Detecting Network Cliques with Radon Basis Pursuit., AISTATS, 2012"], "Christopher C. Johnson": ["High-dimensional Sparse Inverse Covariance Estimation using Greedy Methods., AISTATS, 2012"], "Ali Jalali": ["High-dimensional Sparse Inverse Covariance Estimation using Greedy Methods., AISTATS, 2012"], "Pradeep Ravikumar": ["High-dimensional Sparse Inverse Covariance Estimation using Greedy Methods., AISTATS, 2012", "Perturbation based Large Margin Approach for Ranking., AISTATS, 2012"], "Purushottam Kar": ["Random Feature Maps for Dot Product Kernels., AISTATS, 2012"], "Harish Karnick": ["Random Feature Maps for Dot Product Kernels., AISTATS, 2012"], "Emilie Kaufmann": ["On Bayesian Upper Confidence Bounds for Bandit Problems., AISTATS, 2012"], "Aur\u00e9lien Garivier": ["On Bayesian Upper Confidence Bounds for Bandit Problems., AISTATS, 2012"], "Azadeh Khaleghi": ["Online Clustering of Processes., AISTATS, 2012"], "Daniil Ryabko": ["Online Clustering of Processes., AISTATS, 2012"], "J\u00e9r\u00e9mie Mary": ["Online Clustering of Processes., AISTATS, 2012"], "Philippe Preux": ["Online Clustering of Processes., AISTATS, 2012"], "Mohammad Emtiyaz Khan": ["A Stick-Breaking Likelihood for Categorical Data Analysis with Latent Gaussian Models., AISTATS, 2012"], "Benjamin M. Marlin": ["A Stick-Breaking Likelihood for Categorical Data Analysis with Latent Gaussian Models., AISTATS, 2012"], "Kevin P. Murphy": ["A Stick-Breaking Likelihood for Categorical Data Analysis with Latent Gaussian Models., AISTATS, 2012"], "Hyun-Chul Kim": ["Bayesian Classifier Combination., AISTATS, 2012"], "Franz J. Kir\u00e1ly": ["Regression for sets of polynomial equations., AISTATS, 2012"], "Paul von B\u00fcnau": ["Regression for sets of polynomial equations., AISTATS, 2012"], "Jan Saputra M\u00fcller": ["Regression for sets of polynomial equations., AISTATS, 2012"], "Duncan A. J. Blythe": ["Regression for sets of polynomial equations., AISTATS, 2012"], "Frank C. Meinecke": ["Regression for sets of polynomial equations., AISTATS, 2012"], "Klaus-Robert M\u00fcller": ["Regression for sets of polynomial equations., AISTATS, 2012", "Deep Boltzmann Machines as Feed-Forward Hierarchies., AISTATS, 2012"], "Jyri J. Kivinen": ["Multiple Texture Boltzmann Machines., AISTATS, 2012"], "Christopher K. I. Williams": ["Multiple Texture Boltzmann Machines., AISTATS, 2012"], "Mladen Kolar": ["Marginal Regression For Multitask Learning., AISTATS, 2012"], "Akshat Kumar": ["Message-Passing Algorithms for MAP Estimation Using DC Programming., AISTATS, 2012"], "Shlomo Zilberstein": ["Message-Passing Algorithms for MAP Estimation Using DC Programming., AISTATS, 2012"], "Marc Toussaint": ["Message-Passing Algorithms for MAP Estimation Using DC Programming., AISTATS, 2012"], "Alexandre Lacoste": ["Bayesian Comparison of Machine Learning Algorithms on Single and Multiple Datasets., AISTATS, 2012"], "Fran\u00e7ois Laviolette": ["Bayesian Comparison of Machine Learning Algorithms on Single and Multiple Datasets., AISTATS, 2012"], "Mario Marchand": ["Bayesian Comparison of Machine Learning Algorithms on Single and Multiple Datasets., AISTATS, 2012"], "Marius Leordeanu": ["Efficient Hypergraph Clustering., AISTATS, 2012"], "Cristian Sminchisescu": ["Efficient Hypergraph Clustering., AISTATS, 2012"], "Guy Lever": ["Data dependent kernels in nearly-linear time., AISTATS, 2012"], "Tom Diethe": ["Data dependent kernels in nearly-linear time., AISTATS, 2012"], "John Shawe-Taylor": ["Data dependent kernels in nearly-linear time., AISTATS, 2012"], "Dahua Lin": ["Efficient Sampling from Combinatorial Space via Bridging., AISTATS, 2012"], "John W. Fisher III": ["Efficient Sampling from Combinatorial Space via Bridging., AISTATS, 2012"], "Guangcan Liu": ["Exact Subspace Segmentation and Outlier Detection by Low-Rank Representation., AISTATS, 2012"], "Huan Xu": ["Exact Subspace Segmentation and Outlier Detection by Low-Rank Representation., AISTATS, 2012", "Statistical Optimization in High Dimensions., AISTATS, 2012", "Robust Multi-task Regression with Grossly Corrupted Observations., AISTATS, 2012"], "Shuicheng Yan": ["Exact Subspace Segmentation and Outlier Detection by Low-Rank Representation., AISTATS, 2012", "Forward Basis Selection for Sparse Approximation over Dictionary., AISTATS, 2012"], "Jie Liu": ["High-Dimensional Structured Feature Screening Using Binary Markov Random Fields., AISTATS, 2012"], "Chunming Zhang": ["High-Dimensional Structured Feature Screening Using Binary Markov Random Fields., AISTATS, 2012"], "Catherine A. McCarty": ["High-Dimensional Structured Feature Screening Using Binary Markov Random Fields., AISTATS, 2012"], "Peggy L. Peissig": ["High-Dimensional Structured Feature Screening Using Binary Markov Random Fields., AISTATS, 2012"], "Elizabeth S. Burnside": ["High-Dimensional Structured Feature Screening Using Binary Markov Random Fields., AISTATS, 2012"], "David Page": ["High-Dimensional Structured Feature Screening Using Binary Markov Random Fields., AISTATS, 2012"], "Roi Livni": ["A Simple Geometric Interpretation of SVM using Stochastic Adversaries., AISTATS, 2012"], "Koby Crammer": ["A Simple Geometric Interpretation of SVM using Stochastic Adversaries., AISTATS, 2012"], "Amir Globerson": ["A Simple Geometric Interpretation of SVM using Stochastic Adversaries., AISTATS, 2012"], "J\u00f6rg L\u00fccke": ["Closed-Form Entropy Limits - A Tool to Monitor Likelihood Optimization of Probabilistic Generative Models., AISTATS, 2012"], "Marc Henniges": ["Closed-Form Entropy Limits - A Tool to Monitor Likelihood Optimization of Probabilistic Generative Models., AISTATS, 2012"], "Jaakko Luttinen": ["Efficient Gaussian Process Inference for Short-Scale Spatio-Temporal Modeling., AISTATS, 2012"], "Alexander Ilin": ["Efficient Gaussian Process Inference for Short-Scale Spatio-Temporal Modeling., AISTATS, 2012"], "Nimalan Mahendran": ["Adaptive MCMC with Bayesian Optimization., AISTATS, 2012"], "Ziyu Wang": ["Adaptive MCMC with Bayesian Optimization., AISTATS, 2012"], "Firas Hamze": ["Adaptive MCMC with Bayesian Optimization., AISTATS, 2012"], "Franziska Meier": ["Movement Segmentation and Recognition for Imitation Learning., AISTATS, 2012"], "Evangelos Theodorou": ["Movement Segmentation and Recognition for Imitation Learning., AISTATS, 2012"], "Stefan Schaal": ["Movement Segmentation and Recognition for Imitation Learning., AISTATS, 2012"], "Elad Mezuman": ["Globally Optimizing Graph Partitioning Problems Using Message Passing., AISTATS, 2012"], "Yair Weiss": ["Globally Optimizing Graph Partitioning Problems Using Message Passing., AISTATS, 2012"], "Kevin Miller": ["Max-Margin Min-Entropy Models., AISTATS, 2012"], "M. Pawan Kumar": ["Max-Margin Min-Entropy Models., AISTATS, 2012"], "Benjamin Packer": ["Max-Margin Min-Entropy Models., AISTATS, 2012"], "Danny Goodman": ["Max-Margin Min-Entropy Models., AISTATS, 2012"], "Daphne Koller": ["Max-Margin Min-Entropy Models., AISTATS, 2012"], "Martin Mladenov": ["Lifted Linear Programming., AISTATS, 2012"], "Babak Ahmadi": ["Lifted Linear Programming., AISTATS, 2012"], "Kristian Kersting": ["Lifted Linear Programming., AISTATS, 2012", "Markov Logic Mixtures of Gaussian Processes: Towards Machines Reading Regression Data., AISTATS, 2012"], "Gr\u00e9goire Montavon": ["Deep Boltzmann Machines as Feed-Forward Hierarchies., AISTATS, 2012"], "Mikio L. Braun": ["Deep Boltzmann Machines as Feed-Forward Hierarchies., AISTATS, 2012"], "Gergely Neu": ["The adversarial stochastic shortest path problem with unknown transition probabilities., AISTATS, 2012"], "Andr\u00e1s Gy\u00f6rgy": ["The adversarial stochastic shortest path problem with unknown transition probabilities., AISTATS, 2012"], "Donglin Niu": ["A Nonparametric Bayesian Model for Multiple Clustering with Overlapping Feature Views., AISTATS, 2012"], "Jennifer G. Dy": ["A Nonparametric Bayesian Model for Multiple Clustering with Overlapping Feature Views., AISTATS, 2012", "Active Learning from Multiple Knowledge Sources., AISTATS, 2012"], "Francesco Orabona": ["Beyond Logarithmic Bounds in Online Learning., AISTATS, 2012"], "Nicol\u00f2 Cesa-Bianchi": ["Beyond Logarithmic Bounds in Online Learning., AISTATS, 2012"], "Claudio Gentile": ["Beyond Logarithmic Bounds in Online Learning., AISTATS, 2012"], "Michael A. Osborne": ["Bayesian Quadrature for Ratios., AISTATS, 2012"], "Roman Garnett": ["Bayesian Quadrature for Ratios., AISTATS, 2012"], "Stephen J. Roberts": ["Bayesian Quadrature for Ratios., AISTATS, 2012"], "Christopher Hart": ["Bayesian Quadrature for Ratios., AISTATS, 2012"], "Suzanne Aigrain": ["Bayesian Quadrature for Ratios., AISTATS, 2012"], "Neale Gibson": ["Bayesian Quadrature for Ratios., AISTATS, 2012"], "Zhijian Ou": ["Probabilistic acoustic tube: a probabilistic generative model of speech for speech analysis/synthesis., AISTATS, 2012"], "Yang Zhang": ["Probabilistic acoustic tube: a probabilistic generative model of speech for speech analysis/synthesis., AISTATS, 2012"], "John William Paisley": ["Stick-Breaking Beta Processes and the Poisson Process., AISTATS, 2012"], "David M. Blei": ["Stick-Breaking Beta Processes and the Poisson Process., AISTATS, 2012"], "Michael I. Jordan": ["Stick-Breaking Beta Processes and the Poisson Process., AISTATS, 2012"], "Alexander Paprotny": ["On a Connection between Maximum Variance Unfolding, Shortest Path Problems and IsoMap., AISTATS, 2012"], "Jochen Garcke": ["On a Connection between Maximum Variance Unfolding, Shortest Path Problems and IsoMap., AISTATS, 2012"], "Jian Peng": ["Approximate Inference by Intersecting Semidefinite Bound and Local Polytope., AISTATS, 2012"], "Tamir Hazan": ["Approximate Inference by Intersecting Semidefinite Bound and Local Polytope., AISTATS, 2012"], "Nathan Srebro": ["Approximate Inference by Intersecting Semidefinite Bound and Local Polytope., AISTATS, 2012"], "Patrick Pletscher": ["Part & Clamp: Efficient Structured Output Learning., AISTATS, 2012", "Learning Low-order Models for Enforcing High-order Statistics., AISTATS, 2012"], "Cheng Soon Ong": ["Part & Clamp: Efficient Structured Output Learning., AISTATS, 2012"], "Pushmeet Kohli": ["Learning Low-order Models for Enforcing High-order Statistics., AISTATS, 2012"], "Eftychios A. Pnevmatikakis": ["Fast interior-point inference in high-dimensional sparse, penalized state-space models., AISTATS, 2012"], "Liam Paninski": ["Fast interior-point inference in high-dimensional sparse, penalized state-space models., AISTATS, 2012", "Low rank continuous-space graphical models., AISTATS, 2012"], "Adam Craig Pocock": ["Informative Priors for Markov Blanket Discovery., AISTATS, 2012"], "Mikel Luj\u00e1n": ["Informative Priors for Markov Blanket Discovery., AISTATS, 2012"], "Gavin Brown": ["Informative Priors for Markov Blanket Discovery., AISTATS, 2012"], "Barnab\u00e1s P\u00f3czos": ["Nonparametric Estimation of Conditional Information and Divergences., AISTATS, 2012"], "Jeff G. Schneider": ["Nonparametric Estimation of Conditional Information and Divergences., AISTATS, 2012", "A Composite Likelihood View for Multi-Label Classification., AISTATS, 2012"], "Tapani Raiko": ["Deep Learning Made Easier by Linear Transformations in Perceptrons., AISTATS, 2012"], "Harri Valpola": ["Deep Learning Made Easier by Linear Transformations in Perceptrons., AISTATS, 2012"], "Yann LeCun": ["Deep Learning Made Easier by Linear Transformations in Perceptrons., AISTATS, 2012"], "Arun Rajkumar": ["A Differentially Private Stochastic Gradient Descent Algorithm for Multiparty Classification., AISTATS, 2012"], "Shivani Agarwal": ["A Differentially Private Stochastic Gradient Descent Algorithm for Multiparty Classification., AISTATS, 2012"], "Nikhil S. Rao": ["Universal Measurement Bounds for Structured Sparse Signal Recovery., AISTATS, 2012"], "Ben Recht": ["Universal Measurement Bounds for Structured Sparse Signal Recovery., AISTATS, 2012"], "Bernardino Romera-Paredes": ["Exploiting Unrelated Tasks in Multi-Task Learning., AISTATS, 2012"], "Nadia Berthouze": ["Exploiting Unrelated Tasks in Multi-Task Learning., AISTATS, 2012"], "Ruslan Salakhutdinov": ["Domain Adaptation: A Small Sample Statistical Approach., AISTATS, 2012"], "Sham M. Kakade": ["Domain Adaptation: A Small Sample Statistical Approach., AISTATS, 2012"], "Venkatesh Saligrama": ["Local Anomaly Detection., AISTATS, 2012"], "Manqi Zhao": ["Local Anomaly Detection., AISTATS, 2012"], "Avneesh Singh Saluja": ["Age-Layered Expectation Maximization for Parameter Learning in Bayesian Networks., AISTATS, 2012"], "Priya Krishnan Sundararajan": ["Age-Layered Expectation Maximization for Parameter Learning in Bayesian Networks., AISTATS, 2012"], "Ole J. Mengshoel": ["Age-Layered Expectation Maximization for Parameter Learning in Bayesian Networks., AISTATS, 2012"], "Simo S\u00e4rkk\u00e4": ["Infinite-Dimensional Kalman Filtering Approach to Spatio-Temporal Gaussian Process Regression., AISTATS, 2012"], "Jouni Hartikainen": ["Infinite-Dimensional Kalman Filtering Approach to Spatio-Temporal Gaussian Process Regression., AISTATS, 2012"], "Martin Schiegg": ["Markov Logic Mixtures of Gaussian Processes: Towards Machines Reading Regression Data., AISTATS, 2012"], "Marion Neumann": ["Markov Logic Mixtures of Gaussian Processes: Towards Machines Reading Regression Data., AISTATS, 2012"], "Matthias W. Seeger": ["Fast Variational Bayesian Inference for Non-Conjugate Matrix Factorization Models., AISTATS, 2012"], "Guillaume Bouchard": ["Fast Variational Bayesian Inference for Non-Conjugate Matrix Factorization Models., AISTATS, 2012"], "Shai Shalev-Shwartz": ["Using More Data to Speed-up Training Time., AISTATS, 2012"], "Eran Tromer": ["Using More Data to Speed-up Training Time., AISTATS, 2012"], "James Sharpnack": ["Sparsistency of the Edge Lasso over Graphs., AISTATS, 2012"], "Jinwoo Shin": ["Complexity of Bethe Approximation., AISTATS, 2012"], "Pannagadatta K. Shivaswamy": ["Multi-armed Bandit Problems with History., AISTATS, 2012"], "Thorsten Joachims": ["Multi-armed Bandit Problems with History., AISTATS, 2012"], "Ajit P. Singh": ["On Bisubmodular Maximization., AISTATS, 2012"], "Andrew Guillory": ["On Bisubmodular Maximization., AISTATS, 2012"], "Carl Smith": ["Low rank continuous-space graphical models., AISTATS, 2012"], "Frank D. Wood": ["Low rank continuous-space graphical models., AISTATS, 2012"], "Jasper Snoek": ["On Nonparametric Guidance for Learning Autoencoder Representations., AISTATS, 2012"], "Ryan Prescott Adams": ["On Nonparametric Guidance for Learning Autoencoder Representations., AISTATS, 2012", "Randomized Optimum Models for Structured Prediction., AISTATS, 2012"], "Hugo Larochelle": ["On Nonparametric Guidance for Learning Autoencoder Representations., AISTATS, 2012"], "Kyung-Ah Sohn": ["Joint Estimation of Structured Sparsity and Output Structure in Multiple-Output Regression via Inverse-Covariance Regularization., AISTATS, 2012"], "Seyoung Kim": ["Joint Estimation of Structured Sparsity and Output Structure in Multiple-Output Regression via Inverse-Covariance Regularization., AISTATS, 2012"], "Bharath K. Sriperumbudur": ["Consistency and Rates for Clustering with DBSCAN., AISTATS, 2012"], "Ingo Steinwart": ["Consistency and Rates for Clustering with DBSCAN., AISTATS, 2012"], "Radhendushka Srivastava": ["Testing for Membership to the IFRA and the NBU Classes of Distributions., AISTATS, 2012"], "Ping Li": ["Testing for Membership to the IFRA and the NBU Classes of Distributions., AISTATS, 2012"], "Debasis Sengupta": ["Testing for Membership to the IFRA and the NBU Classes of Distributions., AISTATS, 2012"], "Jacob Steinhardt": ["Flexible Martingale Priors for Deep Hierarchies., AISTATS, 2012"], "Florian Stimberg": ["Bayesian Inference for Change Points in Dynamical Systems with Reusable States - a Chinese Restaurant Process Approach., AISTATS, 2012"], "Andreas Ruttor": ["Bayesian Inference for Change Points in Dynamical Systems with Reusable States - a Chinese Restaurant Process Approach., AISTATS, 2012"], "Manfred Opper": ["Bayesian Inference for Change Points in Dynamical Systems with Reusable States - a Chinese Restaurant Process Approach., AISTATS, 2012"], "Peter Stobbe": ["Learning Fourier Sparse Set Functions., AISTATS, 2012"], "Andreas Krause": ["Learning Fourier Sparse Set Functions., AISTATS, 2012"], "Min Sun": ["Efficient and Exact MAP-MRF Inference using Branch and Bound., AISTATS, 2012"], "Murali Telaprolu": ["Efficient and Exact MAP-MRF Inference using Branch and Bound., AISTATS, 2012"], "Honglak Lee": ["Efficient and Exact MAP-MRF Inference using Branch and Bound., AISTATS, 2012", "Efficient Distributed Linear Classification Algorithms via the Alternating Direction Method of Multipliers., AISTATS, 2012", "Online Incremental Feature Learning with Denoising Autoencoders., AISTATS, 2012"], "Silvio Savarese": ["Efficient and Exact MAP-MRF Inference using Branch and Bound., AISTATS, 2012"], "Syama Sundar Rangapuram": ["Constrained 1-Spectral Clustering., AISTATS, 2012"], "Matthias Hein": ["Constrained 1-Spectral Clustering., AISTATS, 2012"], "Taiji Suzuki": ["Fast Learning Rate of Multiple Kernel Learning: Trade-Off between Sparsity and Smoothness., AISTATS, 2012"], "Masashi Sugiyama": ["Fast Learning Rate of Multiple Kernel Learning: Trade-Off between Sparsity and Smoothness., AISTATS, 2012"], "Matt Taddy": ["On Estimation and Selection for Topic Models., AISTATS, 2012"], "Nima Taghipour": ["Lifted Variable Elimination with Arbitrary Constraints., AISTATS, 2012"], "Daan Fierens": ["Lifted Variable Elimination with Arbitrary Constraints., AISTATS, 2012"], "Jesse Davis": ["Lifted Variable Elimination with Arbitrary Constraints., AISTATS, 2012"], "Hendrik Blockeel": ["Lifted Variable Elimination with Arbitrary Constraints., AISTATS, 2012"], "Yichuan Tang": ["Multiresolution Deep Belief Networks., AISTATS, 2012"], "Abdel-rahman Mohamed": ["Multiresolution Deep Belief Networks., AISTATS, 2012"], "Daniel Tarlow": ["Structured Output Learning with High Order Loss Functions., AISTATS, 2012", "Randomized Optimum Models for Structured Prediction., AISTATS, 2012"], "Richard S. Zemel": ["Structured Output Learning with High Order Loss Functions., AISTATS, 2012", "Randomized Optimum Models for Structured Prediction., AISTATS, 2012"], "Bo Thiesson": ["Fast Variational Mode-Seeking., AISTATS, 2012"], "Jingu Kim": ["Fast Variational Mode-Seeking., AISTATS, 2012"], "Ryota Tomioka": ["A Bayesian Analysis of the Radioactive Releases of Fukushima., AISTATS, 2012"], "Morten M\u00f8rup": ["A Bayesian Analysis of the Radioactive Releases of Fukushima., AISTATS, 2012"], "Ruth Urner": ["Learning from Weak Teachers., AISTATS, 2012"], "Shai Ben-David": ["Learning from Weak Teachers., AISTATS, 2012"], "Oriol Vinyals": ["Krylov Subspace Descent for Deep Learning., AISTATS, 2012"], "Daniel Povey": ["Krylov Subspace Descent for Deep Learning., AISTATS, 2012"], "Seppo Virtanen": ["Bayesian Group Factor Analysis., AISTATS, 2012"], "Arto Klami": ["Bayesian Group Factor Analysis., AISTATS, 2012"], "Suleiman A. Khan": ["Bayesian Group Factor Analysis., AISTATS, 2012"], "Samuel Kaski": ["Bayesian Group Factor Analysis., AISTATS, 2012"], "Vincent Q. Vu": ["Minimax Rates of Estimation for Sparse PCA in High Dimensions., AISTATS, 2012"], "Jing Lei": ["Minimax Rates of Estimation for Sparse PCA in High Dimensions., AISTATS, 2012"], "Li Wan": ["A Hybrid Neural Network-Latent Topic Model., AISTATS, 2012"], "Leo Zhu": ["A Hybrid Neural Network-Latent Topic Model., AISTATS, 2012"], "Rob Fergus": ["A Hybrid Neural Network-Latent Topic Model., AISTATS, 2012"], "Weiran Wang": ["Nonlinear low-dimensional regression using auxiliary coordinates., AISTATS, 2012"], "Miguel \u00c1. Carreira-Perpi\u00f1\u00e1n": ["Nonlinear low-dimensional regression using auxiliary coordinates., AISTATS, 2012"], "Martha White": ["Generalized Optimal Reverse Prediction., AISTATS, 2012"], "Dale Schuurmans": ["Generalized Optimal Reverse Prediction., AISTATS, 2012"], "John M. Winn": ["Causality with Gates., AISTATS, 2012"], "Yu Xin": ["Primal-Dual methods for sparse constrained matrix completion., AISTATS, 2012"], "Tommi S. Jaakkola": ["Primal-Dual methods for sparse constrained matrix completion., AISTATS, 2012", "Approximate Inference in Additive Factorial HMMs with Application to Energy Disaggregation., AISTATS, 2012"], "Constantine Caramanis": ["Statistical Optimization in High Dimensions., AISTATS, 2012"], "Shie Mannor": ["Statistical Optimization in High Dimensions., AISTATS, 2012"], "Chenlei Leng": ["Robust Multi-task Regression with Grossly Corrupted Observations., AISTATS, 2012"], "Yan Yan": ["Active Learning from Multiple Knowledge Sources., AISTATS, 2012"], "R\u00f3mer Rosales": ["Active Learning from Multiple Knowledge Sources., AISTATS, 2012"], "Glenn Fung": ["Active Learning from Multiple Knowledge Sources., AISTATS, 2012"], "Faisal Farooq": ["Active Learning from Multiple Knowledge Sources., AISTATS, 2012"], "Bharat Rao": ["Active Learning from Multiple Knowledge Sources., AISTATS, 2012"], "Eunho Yang": ["Perturbation based Large Margin Approach for Ranking., AISTATS, 2012"], "Ambuj Tewari": ["Perturbation based Large Margin Approach for Ranking., AISTATS, 2012"], "Chun-Nam Yu": ["Transductive Learning of Structural SVMs via Prior Knowledge Constraints., AISTATS, 2012"], "Xiaotong Yuan": ["Forward Basis Selection for Sparse Approximation over Dictionary., AISTATS, 2012"], "Hyokun Yun": ["Quilting Stochastic Kronecker Product Graphs to Generate Multiplicative Attribute Graphs., AISTATS, 2012"], "S. V. N. Vishwanathan": ["Quilting Stochastic Kronecker Product Graphs to Generate Multiplicative Attribute Graphs., AISTATS, 2012"], "Caoxie Zhang": ["Efficient Distributed Linear Classification Algorithms via the Alternating Direction Method of Multipliers., AISTATS, 2012"], "Kang G. Shin": ["Efficient Distributed Linear Classification Algorithms via the Alternating Direction Method of Multipliers., AISTATS, 2012"], "Yi Zhang": ["A Composite Likelihood View for Multi-Label Classification., AISTATS, 2012"], "Zhihua Zhang": ["An Autoregressive Approach to Nonparametric Hierarchical Dependent Modeling., AISTATS, 2012"], "Dakan Wang": ["An Autoregressive Approach to Nonparametric Hierarchical Dependent Modeling., AISTATS, 2012"], "Edward Y. Chang": ["An Autoregressive Approach to Nonparametric Hierarchical Dependent Modeling., AISTATS, 2012"], "Kai Zhang": ["Scaling up Kernel SVM on Limited Resources: A Low-rank Linearization Approach., AISTATS, 2012"], "Liang Lan": ["Scaling up Kernel SVM on Limited Resources: A Low-rank Linearization Approach., AISTATS, 2012"], "Zhuang Wang": ["Scaling up Kernel SVM on Limited Resources: A Low-rank Linearization Approach., AISTATS, 2012"], "Fabian Moerchen": ["Scaling up Kernel SVM on Limited Resources: A Low-rank Linearization Approach., AISTATS, 2012"], "Tuo Zhao": ["Sparse Additive Machine., AISTATS, 2012"], "Tianyi Zhou": ["Multi-label Subspace Ensemble., AISTATS, 2012"], "Guanyu Zhou": ["Online Incremental Feature Learning with Denoising Autoencoders., AISTATS, 2012"], "Kihyuk Sohn": ["Online Incremental Feature Learning with Denoising Autoencoders., AISTATS, 2012"], "Mingyuan Zhou": ["Beta-Negative Binomial Process and Poisson Factor Analysis., AISTATS, 2012"], "Lauren Hannah": ["Beta-Negative Binomial Process and Poisson Factor Analysis., AISTATS, 2012"], "Lawrence Carin": ["Beta-Negative Binomial Process and Poisson Factor Analysis., AISTATS, 2012"], "J. Zico Kolter": ["Approximate Inference in Additive Factorial HMMs with Application to Energy Disaggregation., AISTATS, 2012"]}