{"Tianyang Li": ["Minimax Gaussian Classification & Clustering., AISTATS, 2017"], "Xinyang Yi": ["Minimax Gaussian Classification & Clustering., AISTATS, 2017"], "Constantine Caramanis": ["Minimax Gaussian Classification & Clustering., AISTATS, 2017", "Non-square matrix sensing without spurious local minima via the Burer-Monteiro approach., AISTATS, 2017"], "Pradeep Ravikumar": ["Minimax Gaussian Classification & Clustering., AISTATS, 2017", "Scalable Convex Multiple Sequence Alignment via Entropy-Regularized Dual Decomposition., AISTATS, 2017", "Greedy Direction Method of Multiplier for MAP Inference of Large Output Domain., AISTATS, 2017"], "Mark Rowland": ["Conditions beyond treewidth for tightness of higher-order LP relaxations., AISTATS, 2017"], "Aldo Pacchiano": ["Conditions beyond treewidth for tightness of higher-order LP relaxations., AISTATS, 2017"], "Adrian Weller": ["Conditions beyond treewidth for tightness of higher-order LP relaxations., AISTATS, 2017"], "Catalin Ionescu": ["Large-Scale Data-Dependent Kernel Approximation., AISTATS, 2017"], "Alin-Ionut Popa": ["Large-Scale Data-Dependent Kernel Approximation., AISTATS, 2017"], "Cristian Sminchisescu": ["Large-Scale Data-Dependent Kernel Approximation., AISTATS, 2017"], "Yale Chang": ["Clustering from Multiple Uncertain Experts., AISTATS, 2017"], "Junxiang Chen": ["Clustering from Multiple Uncertain Experts., AISTATS, 2017"], "Michael H. Cho": ["Clustering from Multiple Uncertain Experts., AISTATS, 2017"], "Peter J. Castaldi": ["Clustering from Multiple Uncertain Experts., AISTATS, 2017"], "Edwin K. Silverman": ["Clustering from Multiple Uncertain Experts., AISTATS, 2017"], "Jennifer G. Dy": ["Clustering from Multiple Uncertain Experts., AISTATS, 2017"], "Renbo Zhao": ["Online Nonnegative Matrix Factorization with General Divergences., AISTATS, 2017"], "Vincent Yan Fu Tan": ["Online Nonnegative Matrix Factorization with General Divergences., AISTATS, 2017"], "Huan Xu": ["Online Nonnegative Matrix Factorization with General Divergences., AISTATS, 2017"], "R\u00e9mi Leblond": ["ASAGA: Asynchronous Parallel SAGA., AISTATS, 2017"], "Fabian Pedregosa": ["ASAGA: Asynchronous Parallel SAGA., AISTATS, 2017"], "Simon Lacoste-Julien": ["ASAGA: Asynchronous Parallel SAGA., AISTATS, 2017", "Frank-Wolfe Algorithms for Saddle Point Problems., AISTATS, 2017"], "Jonathan Scarlett": ["Lower Bounds on Active Learning for Graphical Model Selection., AISTATS, 2017"], "Volkan Cevher": ["Lower Bounds on Active Learning for Graphical Model Selection., AISTATS, 2017", "Faster Coordinate Descent via Adaptive Importance Sampling., AISTATS, 2017", "Sketchy Decisions: Convex Low-Rank Matrix Optimization with Optimal Storage., AISTATS, 2017"], "Dohyung Park": ["Non-square matrix sensing without spurious local minima via the Burer-Monteiro approach., AISTATS, 2017"], "Anastasios Kyrillidis": ["Non-square matrix sensing without spurious local minima via the Burer-Monteiro approach., AISTATS, 2017"], "Sujay Sanghavi": ["Non-square matrix sensing without spurious local minima via the Burer-Monteiro approach., AISTATS, 2017"], "Pierre Gaillard": ["Sparse Accelerated Exponential Weights., AISTATS, 2017"], "Olivier Wintenberger": ["Sparse Accelerated Exponential Weights., AISTATS, 2017"], "Yuchen Zhang": ["On the Learnability of Fully-Connected Neural Networks., AISTATS, 2017"], "Jason D. Lee": ["On the Learnability of Fully-Connected Neural Networks., AISTATS, 2017", "Black-box Importance Sampling., AISTATS, 2017", "Sketching Meets Random Projection in the Dual: A Provable Recovery Algorithm for Big and High-dimensional Data., AISTATS, 2017"], "Martin J. Wainwright": ["On the Learnability of Fully-Connected Neural Networks., AISTATS, 2017"], "Michael I. Jordan": ["On the Learnability of Fully-Connected Neural Networks., AISTATS, 2017", "Less than a Single Pass: Stochastically Controlled Stochastic Gradient., AISTATS, 2017"], "Ibrahim M. Alabdulmohsin": ["An Information-Theoretic Route from Generalization in Expectation to Generalization in Probability., AISTATS, 2017"], "Lijie Chen": ["Nearly Instance Optimal Sample Complexity Bounds for Top-k Arm Selection., AISTATS, 2017"], "Jian Li": ["Nearly Instance Optimal Sample Complexity Bounds for Top-k Arm Selection., AISTATS, 2017"], "Mingda Qiao": ["Nearly Instance Optimal Sample Complexity Bounds for Top-k Arm Selection., AISTATS, 2017"], "Andrew An Bian": ["Guaranteed Non-convex Optimization: Submodular Maximization over Continuous Domains., AISTATS, 2017"], "Baharan Mirzasoleiman": ["Guaranteed Non-convex Optimization: Submodular Maximization over Continuous Domains., AISTATS, 2017"], "Joachim M. Buhmann": ["Guaranteed Non-convex Optimization: Submodular Maximization over Continuous Domains., AISTATS, 2017"], "Andreas Krause": ["Guaranteed Non-convex Optimization: Submodular Maximization over Continuous Domains., AISTATS, 2017", "Near-optimal Bayesian Active Learning with Correlated and Noisy Tests., AISTATS, 2017"], "Andrew Stevens": ["Tensor-Dictionary Learning with Deep Kruskal-Factor Analysis., AISTATS, 2017"], "Yunchen Pu": ["Tensor-Dictionary Learning with Deep Kruskal-Factor Analysis., AISTATS, 2017"], "Yannan Sun": ["Tensor-Dictionary Learning with Deep Kruskal-Factor Analysis., AISTATS, 2017"], "Gregory Spell": ["Tensor-Dictionary Learning with Deep Kruskal-Factor Analysis., AISTATS, 2017"], "Lawrence Carin": ["Tensor-Dictionary Learning with Deep Kruskal-Factor Analysis., AISTATS, 2017", "Learning Structured Weight Uncertainty in Bayesian Neural Networks., AISTATS, 2017"], "Satoshi Hara": ["Consistent and Efficient Nonparametric Different-Feature Selection., AISTATS, 2017"], "Takayuki Katsuki": ["Consistent and Efficient Nonparametric Different-Feature Selection., AISTATS, 2017"], "Hiroki Yanagisawa": ["Consistent and Efficient Nonparametric Different-Feature Selection., AISTATS, 2017"], "Takafumi Ono": ["Consistent and Efficient Nonparametric Different-Feature Selection., AISTATS, 2017"], "Ryo Okamoto": ["Consistent and Efficient Nonparametric Different-Feature Selection., AISTATS, 2017"], "Shigeki Takeuchi": ["Consistent and Efficient Nonparametric Different-Feature Selection., AISTATS, 2017"], "Francois Fagan": ["Annular Augmentation Sampling., AISTATS, 2017", "Structured adaptive and random spinners for fast machine learning computations., AISTATS, 2017"], "Jalaj Bhandari": ["Annular Augmentation Sampling., AISTATS, 2017"], "John Cunningham": ["Annular Augmentation Sampling., AISTATS, 2017"], "Lihua Lei": ["Less than a Single Pass: Stochastically Controlled Stochastic Gradient., AISTATS, 2017"], "Roy Adams": ["Learning Time Series Detection Models from Temporally Imprecise Labels., AISTATS, 2017"], "Ben Marlin": ["Learning Time Series Detection Models from Temporally Imprecise Labels., AISTATS, 2017"], "Himabindu Lakkaraju": ["Learning Cost-Effective and Interpretable Treatment Regimes., AISTATS, 2017"], "Cynthia Rudin": ["Learning Cost-Effective and Interpretable Treatment Regimes., AISTATS, 2017"], "Marc Abeille": ["Linear Thompson Sampling Revisited., AISTATS, 2017", "Thompson Sampling for Linear-Quadratic Control Problems., AISTATS, 2017"], "Alessandro Lazaric": ["Linear Thompson Sampling Revisited., AISTATS, 2017", "Exploration-Exploitation in MDPs with Options., AISTATS, 2017", "Trading off Rewards and Errors in Multi-Armed Bandits., AISTATS, 2017", "Thompson Sampling for Linear-Quadratic Control Problems., AISTATS, 2017", "Distributed Adaptive Sampling for Kernel Matrix Approximation., AISTATS, 2017"], "James Newling": ["A Sub-Quadratic Exact Medoid Algorithm., AISTATS, 2017"], "Fran\u00e7ois Fleuret": ["A Sub-Quadratic Exact Medoid Algorithm., AISTATS, 2017"], "Daniel McDonald": ["Minimax Density Estimation for Growing Dimension., AISTATS, 2017"], "Hiroaki Sasaki": ["Estimating Density Ridges by Direct Estimation of Density-Derivative-Ratios., AISTATS, 2017", "Least-Squares Log-Density Gradient Clustering for Riemannian Manifolds., AISTATS, 2017"], "Takafumi Kanamori": ["Estimating Density Ridges by Direct Estimation of Density-Derivative-Ratios., AISTATS, 2017"], "Masashi Sugiyama": ["Estimating Density Ridges by Direct Estimation of Density-Derivative-Ratios., AISTATS, 2017", "Least-Squares Log-Density Gradient Clustering for Riemannian Manifolds., AISTATS, 2017"], "Alexander Zimin": ["Learning Theory for Conditional Risk Minimization., AISTATS, 2017"], "Christoph H. Lampert": ["Learning Theory for Conditional Risk Minimization., AISTATS, 2017"], "Yuxin Chen": ["Near-optimal Bayesian Active Learning with Correlated and Noisy Tests., AISTATS, 2017"], "Seyed Hamed Hassani": ["Near-optimal Bayesian Active Learning with Correlated and Noisy Tests., AISTATS, 2017"], "Julien P\u00e9rolat": ["Learning Nash Equilibrium for General-Sum Markov Games from Batch Data., AISTATS, 2017"], "Florian Strub": ["Learning Nash Equilibrium for General-Sum Markov Games from Batch Data., AISTATS, 2017"], "Bilal Piot": ["Learning Nash Equilibrium for General-Sum Markov Games from Batch Data., AISTATS, 2017"], "Olivier Pietquin": ["Learning Nash Equilibrium for General-Sum Markov Games from Batch Data., AISTATS, 2017"], "Benjamin Cowley": ["Distance Covariance Analysis., AISTATS, 2017"], "Jo\u00e3o D. Semedo": ["Distance Covariance Analysis., AISTATS, 2017"], "Amin Zandvakili": ["Distance Covariance Analysis., AISTATS, 2017"], "Matthew A. Smith": ["Distance Covariance Analysis., AISTATS, 2017"], "Adam Kohn": ["Distance Covariance Analysis., AISTATS, 2017"], "Byron M. Yu": ["Distance Covariance Analysis., AISTATS, 2017"], "Sohail Bahmani": ["Phase Retrieval Meets Statistical Learning Theory: A Flexible Convex Relaxation., AISTATS, 2017"], "Justin Romberg": ["Phase Retrieval Meets Statistical Learning Theory: A Flexible Convex Relaxation., AISTATS, 2017"], "Pierre Alquier": ["Regret Bounds for Lifelong Learning., AISTATS, 2017"], "The Tien Mai": ["Regret Bounds for Lifelong Learning., AISTATS, 2017"], "Massimiliano Pontil": ["Regret Bounds for Lifelong Learning., AISTATS, 2017"], "Seth R. Flaxman": ["Poisson intensity estimation with reproducing kernels., AISTATS, 2017"], "Yee Whye Teh": ["Poisson intensity estimation with reproducing kernels., AISTATS, 2017", "Relativistic Monte Carlo., AISTATS, 2017"], "Dino Sejdinovic": ["Poisson intensity estimation with reproducing kernels., AISTATS, 2017"], "Alnur Ali": ["Generalized Pseudolikelihood Methods for Inverse Covariance Estimation., AISTATS, 2017"], "Kshitij Khare": ["Generalized Pseudolikelihood Methods for Inverse Covariance Estimation., AISTATS, 2017"], "Sang-Yun Oh": ["Generalized Pseudolikelihood Methods for Inverse Covariance Estimation., AISTATS, 2017"], "Bala Rajaratnam": ["Generalized Pseudolikelihood Methods for Inverse Covariance Estimation., AISTATS, 2017"], "Ian Fellows": ["Removing Phase Transitions from Gibbs Measures., AISTATS, 2017"], "Mark Handcock": ["Removing Phase Transitions from Gibbs Measures., AISTATS, 2017"], "Rebecca C. Steorts": ["Performance Bounds for Graphical Record Linkage., AISTATS, 2017"], "Matt Barnes": ["Performance Bounds for Graphical Record Linkage., AISTATS, 2017"], "Willie Neiswanger": ["Performance Bounds for Graphical Record Linkage., AISTATS, 2017"], "Alistair Shilton": ["Regret Bounds for Transfer Learning in Bayesian Optimisation., AISTATS, 2017"], "Sunil Kumar Gupta": ["Regret Bounds for Transfer Learning in Bayesian Optimisation., AISTATS, 2017"], "Santu Rana": ["Regret Bounds for Transfer Learning in Bayesian Optimisation., AISTATS, 2017"], "Svetha Venkatesh": ["Regret Bounds for Transfer Learning in Bayesian Optimisation., AISTATS, 2017"], "Tianyi Zhou": ["Scaling Submodular Maximization via Pruned Submodularity Graphs., AISTATS, 2017"], "Hua Ouyang": ["Scaling Submodular Maximization via Pruned Submodularity Graphs., AISTATS, 2017"], "Jeff A. Blimes": ["Scaling Submodular Maximization via Pruned Submodularity Graphs., AISTATS, 2017"], "Yi Chang": ["Scaling Submodular Maximization via Pruned Submodularity Graphs., AISTATS, 2017"], "Carlos Guestrin": ["Scaling Submodular Maximization via Pruned Submodularity Graphs., AISTATS, 2017"], "Makoto Yamada": ["Localized Lasso for High-Dimensional Regression., AISTATS, 2017"], "Koh Takeuchi": ["Localized Lasso for High-Dimensional Regression., AISTATS, 2017"], "Tomoharu Iwata": ["Localized Lasso for High-Dimensional Regression., AISTATS, 2017"], "John Shawe-Taylor": ["Localized Lasso for High-Dimensional Regression., AISTATS, 2017"], "Samuel Kaski": ["Localized Lasso for High-Dimensional Regression., AISTATS, 2017"], "Pedro M. Esperan\u00e7a": ["Encrypted Accelerated Least Squares Regression., AISTATS, 2017"], "Louis J. M. Aslett": ["Encrypted Accelerated Least Squares Regression., AISTATS, 2017"], "Chris C. Holmes": ["Encrypted Accelerated Least Squares Regression., AISTATS, 2017"], "Daniel L. Pimentel-Alarc\u00f3n": ["Random Consensus Robust PCA., AISTATS, 2017"], "Robert D. Nowak": ["Random Consensus Robust PCA., AISTATS, 2017", "Active Positive Semidefinite Matrix Completion: Algorithms, Theory and Applications., AISTATS, 2017"], "Pietro Galliani": ["Gray-box Inference for Structured Gaussian Process Models., AISTATS, 2017"], "Amir Dezfouli": ["Gray-box Inference for Structured Gaussian Process Models., AISTATS, 2017"], "Edwin V. Bonilla": ["Gray-box Inference for Structured Gaussian Process Models., AISTATS, 2017"], "Novi Quadrianto": ["Gray-box Inference for Structured Gaussian Process Models., AISTATS, 2017"], "Gauthier Gidel": ["Frank-Wolfe Algorithms for Saddle Point Problems., AISTATS, 2017"], "Tony Jebara": ["Frank-Wolfe Algorithms for Saddle Point Problems., AISTATS, 2017", "Initialization and Coordinate Optimization for Multi-way Matching., AISTATS, 2017"], "Nathan Kallus": ["A Framework for Optimal Matching for Causal Inference., AISTATS, 2017"], "Jonathan Huggins": ["Quantifying the accuracy of approximate diffusions and Markov chains., AISTATS, 2017"], "James Zou": ["Quantifying the accuracy of approximate diffusions and Markov chains., AISTATS, 2017"], "Sumeet Katariya": ["Stochastic Rank-1 Bandits., AISTATS, 2017", "Sequential Multiple Hypothesis Testing with Type I Error Control., AISTATS, 2017"], "Branislav Kveton": ["Stochastic Rank-1 Bandits., AISTATS, 2017"], "Csaba Szepesv\u00e1ri": ["Stochastic Rank-1 Bandits., AISTATS, 2017", "The End of Optimism? An Asymptotic Analysis of Finite-Armed Linear Bandits., AISTATS, 2017", "Unsupervised Sequential Sensor Acquisition., AISTATS, 2017"], "Claire Vernade": ["Stochastic Rank-1 Bandits., AISTATS, 2017"], "Zheng Wen": ["Stochastic Rank-1 Bandits., AISTATS, 2017"], "G\u00e9raud Le Falher": ["On the Troll-Trust Model for Edge Sign Prediction in Social Networks., AISTATS, 2017"], "Nicol\u00f2 Cesa-Bianchi": ["On the Troll-Trust Model for Edge Sign Prediction in Social Networks., AISTATS, 2017"], "Claudio Gentile": ["On the Troll-Trust Model for Edge Sign Prediction in Social Networks., AISTATS, 2017"], "Fabio Vitale": ["On the Troll-Trust Model for Edge Sign Prediction in Social Networks., AISTATS, 2017"], "Vincent Cohen-Addad": ["Online Optimization of Smoothed Piecewise Constant Functions., AISTATS, 2017"], "Varun Kanade": ["Online Optimization of Smoothed Piecewise Constant Functions., AISTATS, 2017"], "Ke Jiang": ["Combinatorial Topic Models using Small-Variance Asymptotics., AISTATS, 2017"], "Suvrit Sra": ["Combinatorial Topic Models using Small-Variance Asymptotics., AISTATS, 2017"], "Brian Kulis": ["Combinatorial Topic Models using Small-Variance Asymptotics., AISTATS, 2017"], "Le Hou": ["ConvNets with Smooth Adaptive Activation Functions for Regression., AISTATS, 2017"], "Dimitris Samaras": ["ConvNets with Smooth Adaptive Activation Functions for Regression., AISTATS, 2017"], "Tahsin M. Kur\u00e7": ["ConvNets with Smooth Adaptive Activation Functions for Regression., AISTATS, 2017"], "Yi Gao": ["ConvNets with Smooth Adaptive Activation Functions for Regression., AISTATS, 2017"], "Joel H. Saltz": ["ConvNets with Smooth Adaptive Activation Functions for Regression., AISTATS, 2017"], "Sejun Park": ["Rapid Mixing Swendsen-Wang Sampler for Stochastic Partitioned Attractive Models., AISTATS, 2017"], "Yunhun Jang": ["Rapid Mixing Swendsen-Wang Sampler for Stochastic Partitioned Attractive Models., AISTATS, 2017"], "Andreas Galanis": ["Rapid Mixing Swendsen-Wang Sampler for Stochastic Partitioned Attractive Models., AISTATS, 2017"], "Jinwoo Shin": ["Rapid Mixing Swendsen-Wang Sampler for Stochastic Partitioned Attractive Models., AISTATS, 2017"], "Daniel Stefankovic": ["Rapid Mixing Swendsen-Wang Sampler for Stochastic Partitioned Attractive Models., AISTATS, 2017"], "Eric Vigoda": ["Rapid Mixing Swendsen-Wang Sampler for Stochastic Partitioned Attractive Models., AISTATS, 2017"], "Pan Li": ["Efficient Rank Aggregation via Lehmer Codes., AISTATS, 2017"], "Arya Mazumdar": ["Efficient Rank Aggregation via Lehmer Codes., AISTATS, 2017"], "Olgica Milenkovic": ["Efficient Rank Aggregation via Lehmer Codes., AISTATS, 2017"], "Aapo Hyv\u00e4rinen": ["Nonlinear ICA of Temporally Dependent Stationary Sources., AISTATS, 2017"], "Hiroshi Morioka": ["Nonlinear ICA of Temporally Dependent Stationary Sources., AISTATS, 2017"], "Atsushi Nitanda": ["Stochastic Difference of Convex Algorithm and its Application to Training Deep Boltzmann Machines., AISTATS, 2017"], "Taiji Suzuki": ["Stochastic Difference of Convex Algorithm and its Application to Training Deep Boltzmann Machines., AISTATS, 2017"], "Prateek Jain": ["Global Convergence of Non-Convex Gradient Descent for Computing Matrix Squareroot., AISTATS, 2017"], "Chi Jin": ["Global Convergence of Non-Convex Gradient Descent for Computing Matrix Squareroot., AISTATS, 2017"], "Sham M. Kakade": ["Global Convergence of Non-Convex Gradient Descent for Computing Matrix Squareroot., AISTATS, 2017"], "Praneeth Netrapalli": ["Global Convergence of Non-Convex Gradient Descent for Computing Matrix Squareroot., AISTATS, 2017"], "Christian A. Naesseth": ["Reparameterization Gradients through Acceptance-Rejection Sampling Algorithms., AISTATS, 2017"], "Francisco J. R. Ruiz": ["Reparameterization Gradients through Acceptance-Rejection Sampling Algorithms., AISTATS, 2017"], "Scott W. Linderman": ["Reparameterization Gradients through Acceptance-Rejection Sampling Algorithms., AISTATS, 2017", "Bayesian Learning and Inference in Recurrent Switching Linear Dynamical Systems., AISTATS, 2017"], "David M. Blei": ["Reparameterization Gradients through Acceptance-Rejection Sampling Algorithms., AISTATS, 2017", "Bayesian Learning and Inference in Recurrent Switching Linear Dynamical Systems., AISTATS, 2017"], "Matthew M. Graham": ["Asymptotically exact inference in differentiable generative models., AISTATS, 2017"], "Amos J. Storkey": ["Asymptotically exact inference in differentiable generative models., AISTATS, 2017"], "Paul Vanhaesebrouck": ["Decentralized Collaborative Learning of Personalized Models over Networks., AISTATS, 2017"], "Aur\u00e9lien Bellet": ["Decentralized Collaborative Learning of Personalized Models over Networks., AISTATS, 2017"], "Marc Tommasi": ["Decentralized Collaborative Learning of Personalized Models over Networks., AISTATS, 2017"], "Rajat Sen": ["Contextual Bandits with Latent Confounders: An NMF Approach., AISTATS, 2017"], "Karthikeyan Shanmugam": ["Contextual Bandits with Latent Confounders: An NMF Approach., AISTATS, 2017"], "Murat Kocaoglu": ["Contextual Bandits with Latent Confounders: An NMF Approach., AISTATS, 2017"], "Alexandros G. Dimakis": ["Contextual Bandits with Latent Confounders: An NMF Approach., AISTATS, 2017", "Scalable Greedy Feature Selection via Weak Submodularity., AISTATS, 2017"], "Sanjay Shakkottai": ["Contextual Bandits with Latent Confounders: An NMF Approach., AISTATS, 2017"], "Aaron Klein": ["Fast Bayesian Optimization of Machine Learning Hyperparameters on Large Datasets., AISTATS, 2017"], "Stefan Falkner": ["Fast Bayesian Optimization of Machine Learning Hyperparameters on Large Datasets., AISTATS, 2017"], "Simon Bartels": ["Fast Bayesian Optimization of Machine Learning Hyperparameters on Large Datasets., AISTATS, 2017"], "Philipp Hennig": ["Fast Bayesian Optimization of Machine Learning Hyperparameters on Large Datasets., AISTATS, 2017"], "Frank Hutter": ["Fast Bayesian Optimization of Machine Learning Hyperparameters on Large Datasets., AISTATS, 2017"], "Mina Ashizawa": ["Least-Squares Log-Density Gradient Clustering for Riemannian Manifolds., AISTATS, 2017"], "Tomoya Sakai": ["Least-Squares Log-Density Gradient Clustering for Riemannian Manifolds., AISTATS, 2017"], "Marina Vinyes": ["Fast column generation for atomic norm regularization., AISTATS, 2017"], "Guillaume Obozinski": ["Fast column generation for atomic norm regularization., AISTATS, 2017"], "Thomas Brouwer": ["Bayesian Hybrid Matrix Factorisation for Data Integration., AISTATS, 2017"], "Pietro Li\u00f2": ["Bayesian Hybrid Matrix Factorisation for Data Integration., AISTATS, 2017"], "Youssef Mroueh": ["Co-Occurring Directions Sketching for Approximate Matrix Multiply., AISTATS, 2017", "Local Group Invariant Representations via Orbit Embeddings., AISTATS, 2017"], "Etienne Marcheret": ["Co-Occurring Directions Sketching for Approximate Matrix Multiply., AISTATS, 2017"], "Vaibhava Goel": ["Co-Occurring Directions Sketching for Approximate Matrix Multiply., AISTATS, 2017"], "Ronan Fruit": ["Exploration-Exploitation in MDPs with Options., AISTATS, 2017"], "Gedas Bertasius": ["Local Perturb-and-MAP for Structured Prediction., AISTATS, 2017"], "Qiang Liu": ["Local Perturb-and-MAP for Structured Prediction., AISTATS, 2017", "Black-box Importance Sampling., AISTATS, 2017"], "Lorenzo Torresani": ["Local Perturb-and-MAP for Structured Prediction., AISTATS, 2017"], "Jianbo Shi": ["Local Perturb-and-MAP for Structured Prediction., AISTATS, 2017"], "Hanzhang Hu": ["Gradient Boosting on Stochastic Data Streams., AISTATS, 2017"], "Wen Sun": ["Gradient Boosting on Stochastic Data Streams., AISTATS, 2017"], "Arun Venkatraman": ["Gradient Boosting on Stochastic Data Streams., AISTATS, 2017"], "Martial Hebert": ["Gradient Boosting on Stochastic Data Streams., AISTATS, 2017"], "J. Andrew Bagnell": ["Gradient Boosting on Stochastic Data Streams., AISTATS, 2017"], "Joon Kwon": ["Online Learning and Blackwell Approachability with Partial Monitoring: Optimal Convergence Rates., AISTATS, 2017"], "Vianney Perchet": ["Online Learning and Blackwell Approachability with Partial Monitoring: Optimal Convergence Rates., AISTATS, 2017"], "Miaoyan Wang": ["Tensor Decompositions via Two-Mode Higher-Order SVD (HOSVD)., AISTATS, 2017"], "Yun S. Song": ["Tensor Decompositions via Two-Mode Higher-Order SVD (HOSVD)., AISTATS, 2017"], "Meelis Kull": ["Beta calibration: a well-founded and easily implemented improvement on logistic calibration for binary classifiers., AISTATS, 2017"], "Telmo de Menezes e Silva Filho": ["Beta calibration: a well-founded and easily implemented improvement on logistic calibration for binary classifiers., AISTATS, 2017"], "Peter A. Flach": ["Beta calibration: a well-founded and easily implemented improvement on logistic calibration for binary classifiers., AISTATS, 2017"], "Feras Saad": ["Detecting Dependencies in Sparse, Multivariate Databases Using Probabilistic Programming and Non-parametric Bayes., AISTATS, 2017"], "Vikash Mansinghka": ["Detecting Dependencies in Sparse, Multivariate Databases Using Probabilistic Programming and Non-parametric Bayes., AISTATS, 2017"], "Dezhi Hong": ["High-dimensional Time Series Clustering via Cross-Predictability., AISTATS, 2017"], "Quanquan Gu": ["High-dimensional Time Series Clustering via Cross-Predictability., AISTATS, 2017", "Efficient Algorithm for Sparse Tensor-variate Gaussian Graphical Models via Gradient Descent., AISTATS, 2017", "A Unified Computational and Statistical Framework for Nonconvex Low-rank Matrix Estimation., AISTATS, 2017", "Communication-efficient Distributed Sparse Linear Discriminant Analysis., AISTATS, 2017"], "Kamin Whitehouse": ["High-dimensional Time Series Clustering via Cross-Predictability., AISTATS, 2017"], "Alexey Zaytsev": ["Minimax Approach to Variable Fidelity Data Interpolation., AISTATS, 2017"], "Evgeny Burnaev": ["Minimax Approach to Variable Fidelity Data Interpolation., AISTATS, 2017"], "Travis Dick": ["Data Driven Resource Allocation for Distributed Learning., AISTATS, 2017"], "Mu Li": ["Data Driven Resource Allocation for Distributed Learning., AISTATS, 2017"], "Venkata Krishna Pillutla": ["Data Driven Resource Allocation for Distributed Learning., AISTATS, 2017"], "Colin White": ["Data Driven Resource Allocation for Distributed Learning., AISTATS, 2017"], "Nina Balcan": ["Data Driven Resource Allocation for Distributed Learning., AISTATS, 2017"], "Alexander J. Smola": ["Data Driven Resource Allocation for Distributed Learning., AISTATS, 2017", "Attributing Hacks., AISTATS, 2017"], "Yuancheng Zhu": ["Learning Nonparametric Forest Graphical Models with Prior Information., AISTATS, 2017"], "Zhe Liu": ["Learning Nonparametric Forest Graphical Models with Prior Information., AISTATS, 2017"], "Siqi Sun": ["Learning Nonparametric Forest Graphical Models with Prior Information., AISTATS, 2017"], "Kaushik Sinha": ["Sparse Randomized Partition Trees for Nearest Neighbor Search., AISTATS, 2017"], "Omid Keivani": ["Sparse Randomized Partition Trees for Nearest Neighbor Search., AISTATS, 2017"], "Sharan Vaswani": ["Horde of Bandits using Gaussian Markov Random Fields., AISTATS, 2017"], "Mark Schmidt": ["Horde of Bandits using Gaussian Markov Random Fields., AISTATS, 2017"], "Laks V. S. Lakshmanan": ["Horde of Bandits using Gaussian Markov Random Fields., AISTATS, 2017"], "Francois Belletti": ["Random projection design for scalable implicit smoothing of randomly observed stochastic processes., AISTATS, 2017"], "Evan R. Sparks": ["Random projection design for scalable implicit smoothing of randomly observed stochastic processes., AISTATS, 2017"], "Alexandre M. Bayen": ["Random projection design for scalable implicit smoothing of randomly observed stochastic processes., AISTATS, 2017"], "Joseph Gonzalez": ["Random projection design for scalable implicit smoothing of randomly observed stochastic processes., AISTATS, 2017"], "Akram Erraqabi": ["Trading off Rewards and Errors in Multi-Armed Bandits., AISTATS, 2017"], "Michal Valko": ["Trading off Rewards and Errors in Multi-Armed Bandits., AISTATS, 2017", "Distributed Adaptive Sampling for Kernel Matrix Approximation., AISTATS, 2017"], "Emma Brunskill": ["Trading off Rewards and Errors in Multi-Armed Bandits., AISTATS, 2017"], "Yun-En Liu": ["Trading off Rewards and Errors in Multi-Armed Bandits., AISTATS, 2017"], "Zheng Xu": ["Adaptive ADMM with Spectral Penalty Parameter Selection., AISTATS, 2017"], "M\u00e1rio A. T. Figueiredo": ["Adaptive ADMM with Spectral Penalty Parameter Selection., AISTATS, 2017"], "Tom Goldstein": ["Adaptive ADMM with Spectral Penalty Parameter Selection., AISTATS, 2017", "Automated Inference with Adaptive Batches., AISTATS, 2017"], "Tor Lattimore": ["The End of Optimism? An Asymptotic Analysis of Finite-Armed Linear Bandits., AISTATS, 2017"], "Ghassen Jerfel": ["Dynamic Collaborative Filtering With Compound Poisson Factorization., AISTATS, 2017"], "Mehmet Emin Basbug": ["Dynamic Collaborative Filtering With Compound Poisson Factorization., AISTATS, 2017"], "Barbara E. Engelhardt": ["Dynamic Collaborative Filtering With Compound Poisson Factorization., AISTATS, 2017"], "Kai-Yang Chiang": ["Rank Aggregation and Prediction with Item Features., AISTATS, 2017"], "Cho-Jui Hsieh": ["Rank Aggregation and Prediction with Item Features., AISTATS, 2017"], "Inderjit S. Dhillon": ["Rank Aggregation and Prediction with Item Features., AISTATS, 2017", "Fast Classification with Binary Prototypes., AISTATS, 2017", "Scalable Convex Multiple Sequence Alignment via Entropy-Regularized Dual Decomposition., AISTATS, 2017", "Greedy Direction Method of Multiplier for MAP Inference of Large Output Domain., AISTATS, 2017"], "Chengming Jiang": ["Robust and Efficient Computation of Eigenvectors in a Generalized Spectral Method for Constrained Clustering., AISTATS, 2017"], "Huiqing Xie": ["Robust and Efficient Computation of Eigenvectors in a Generalized Spectral Method for Constrained Clustering., AISTATS, 2017"], "Zhaojun Bai": ["Robust and Efficient Computation of Eigenvectors in a Generalized Spectral Method for Constrained Clustering., AISTATS, 2017"], "Asish Ghoshal": ["Information-theoretic limits of Bayesian network structure learning., AISTATS, 2017", "Learning Graphical Games from Behavioral Data: Sufficient and Necessary Conditions., AISTATS, 2017"], "Jean Honorio": ["Information-theoretic limits of Bayesian network structure learning., AISTATS, 2017", "Learning Graphical Games from Behavioral Data: Sufficient and Necessary Conditions., AISTATS, 2017"], "Colin Wei": ["Markov Chain Truncation for Doubly-Intractable Inference., AISTATS, 2017"], "Iain Murray": ["Markov Chain Truncation for Doubly-Intractable Inference., AISTATS, 2017"], "Yi Hong": ["Regression Uncertainty on the Grassmannian., AISTATS, 2017"], "Xiao Yang": ["Regression Uncertainty on the Grassmannian., AISTATS, 2017"], "Roland Kwitt": ["Regression Uncertainty on the Grassmannian., AISTATS, 2017"], "Martin Styner": ["Regression Uncertainty on the Grassmannian., AISTATS, 2017"], "Marc Niethammer": ["Regression Uncertainty on the Grassmannian., AISTATS, 2017"], "Ziqi Liu": ["Attributing Hacks., AISTATS, 2017"], "Kyle Soska": ["Attributing Hacks., AISTATS, 2017"], "Yu-Xiang Wang": ["Attributing Hacks., AISTATS, 2017"], "Qinghua Zheng": ["Attributing Hacks., AISTATS, 2017"], "Manjesh Kumar Hanawal": ["Unsupervised Sequential Sensor Acquisition., AISTATS, 2017"], "Venkatesh Saligrama": ["Unsupervised Sequential Sensor Acquisition., AISTATS, 2017"], "Songtao Lu": ["A Stochastic Nonconvex Splitting Method for Symmetric Nonnegative Matrix Factorization., AISTATS, 2017"], "Mingyi Hong": ["A Stochastic Nonconvex Splitting Method for Symmetric Nonnegative Matrix Factorization., AISTATS, 2017"], "Zhengdao Wang": ["A Stochastic Nonconvex Splitting Method for Symmetric Nonnegative Matrix Factorization., AISTATS, 2017"], "Byung-Jun Lee": ["Hierarchically-partitioned Gaussian Process Approximation., AISTATS, 2017"], "Jongmin Lee": ["Hierarchically-partitioned Gaussian Process Approximation., AISTATS, 2017"], "Kee-Eung Kim": ["Hierarchically-partitioned Gaussian Process Approximation., AISTATS, 2017"], "Elad Eban": ["Scalable Learning of Non-Decomposable Objectives., AISTATS, 2017"], "Mariano Schain": ["Scalable Learning of Non-Decomposable Objectives., AISTATS, 2017"], "Alan Mackey": ["Scalable Learning of Non-Decomposable Objectives., AISTATS, 2017"], "Ariel Gordon": ["Scalable Learning of Non-Decomposable Objectives., AISTATS, 2017"], "Ryan Rifkin": ["Scalable Learning of Non-Decomposable Objectives., AISTATS, 2017"], "Gal Elidan": ["Scalable Learning of Non-Decomposable Objectives., AISTATS, 2017"], "Tianfan Fu": ["CPSG-MCMC: Clustering-Based Preprocessing method for Stochastic Gradient MCMC., AISTATS, 2017"], "Zhihua Zhang": ["CPSG-MCMC: Clustering-Based Preprocessing method for Stochastic Gradient MCMC., AISTATS, 2017"], "Siavash Haghiri": ["Comparison-Based Nearest Neighbor Search., AISTATS, 2017"], "Debarghya Ghoshdastidar": ["Comparison-Based Nearest Neighbor Search., AISTATS, 2017"], "Ulrike von Luxburg": ["Comparison-Based Nearest Neighbor Search., AISTATS, 2017"], "Francesco Locatello": ["A Unified Optimization View on Generalized Matching Pursuit and Frank-Wolfe., AISTATS, 2017"], "Rajiv Khanna": ["A Unified Optimization View on Generalized Matching Pursuit and Frank-Wolfe., AISTATS, 2017", "Information Projection and Approximate Inference for Structured Sparse Variables., AISTATS, 2017", "Scalable Greedy Feature Selection via Weak Submodularity., AISTATS, 2017"], "Michael Tschannen": ["A Unified Optimization View on Generalized Matching Pursuit and Frank-Wolfe., AISTATS, 2017"], "Martin Jaggi": ["A Unified Optimization View on Generalized Matching Pursuit and Frank-Wolfe., AISTATS, 2017", "Faster Coordinate Descent via Adaptive Importance Sampling., AISTATS, 2017"], "Dmytro Perekrestenko": ["Faster Coordinate Descent via Adaptive Importance Sampling., AISTATS, 2017"], "Mohammad Emtiyaz Khan": ["Conjugate-Computation Variational Inference: Converting Variational Inference in Non-Conjugate Models to Inferences in Conjugate Models., AISTATS, 2017"], "Wu Lin": ["Conjugate-Computation Variational Inference: Converting Variational Inference in Non-Conjugate Models to Inferences in Conjugate Models., AISTATS, 2017"], "Yasin Abbasi-Yadkori": ["Hit-and-Run for Sampling and Planning in Non-Convex Spaces., AISTATS, 2017"], "Peter L. Bartlett": ["Hit-and-Run for Sampling and Planning in Non-Convex Spaces., AISTATS, 2017"], "Victor Gabillon": ["Hit-and-Run for Sampling and Planning in Non-Convex Spaces., AISTATS, 2017"], "Alan Malek": ["Hit-and-Run for Sampling and Planning in Non-Convex Spaces., AISTATS, 2017", "Sequential Multiple Hypothesis Testing with Type I Error Control., AISTATS, 2017"], "Mijung Park": ["DP-EM: Differentially Private Expectation Maximization., AISTATS, 2017"], "James R. Foulds": ["DP-EM: Differentially Private Expectation Maximization., AISTATS, 2017"], "Kamalika Choudhary": ["DP-EM: Differentially Private Expectation Maximization., AISTATS, 2017"], "Max Welling": ["DP-EM: Differentially Private Expectation Maximization., AISTATS, 2017"], "Juho Piironen": ["On the Hyperprior Choice for the Global Shrinkage Parameter in the Horseshoe Prior., AISTATS, 2017"], "Aki Vehtari": ["On the Hyperprior Choice for the Global Shrinkage Parameter in the Horseshoe Prior., AISTATS, 2017"], "Matthew Johnson": ["Bayesian Learning and Inference in Recurrent Switching Linear Dynamical Systems., AISTATS, 2017"], "Andrew C. Miller": ["Bayesian Learning and Inference in Recurrent Switching Linear Dynamical Systems., AISTATS, 2017"], "Ryan P. Adams": ["Bayesian Learning and Inference in Recurrent Switching Linear Dynamical Systems., AISTATS, 2017"], "Liam Paninski": ["Bayesian Learning and Inference in Recurrent Switching Linear Dynamical Systems., AISTATS, 2017", "Scalable Variational Inference for Super Resolution Microscopy., AISTATS, 2017"], "Pan Xu": ["Efficient Algorithm for Sparse Tensor-variate Gaussian Graphical Models via Gradient Descent., AISTATS, 2017"], "Tingting Zhang": ["Efficient Algorithm for Sparse Tensor-variate Gaussian Graphical Models via Gradient Descent., AISTATS, 2017"], "Amit Moscovich": ["Minimax-optimal semi-supervised regression on unknown manifolds., AISTATS, 2017"], "Ariel Jaffe": ["Minimax-optimal semi-supervised regression on unknown manifolds., AISTATS, 2017"], "Boaz Nadler": ["Minimax-optimal semi-supervised regression on unknown manifolds., AISTATS, 2017"], "Kwang-Sung Jun": ["Improved Strongly Adaptive Online Learning using Coin Betting., AISTATS, 2017"], "Francesco Orabona": ["Improved Strongly Adaptive Online Learning using Coin Betting., AISTATS, 2017"], "Stephen Wright": ["Improved Strongly Adaptive Online Learning using Coin Betting., AISTATS, 2017"], "Rebecca Willett": ["Improved Strongly Adaptive Online Learning using Coin Betting., AISTATS, 2017"], "Muhammad Bilal Zafar": ["Fairness Constraints: Mechanisms for Fair Classification., AISTATS, 2017"], "Isabel Valera": ["Fairness Constraints: Mechanisms for Fair Classification., AISTATS, 2017"], "Manuel Gomez-Rodriguez": ["Fairness Constraints: Mechanisms for Fair Classification., AISTATS, 2017"], "Krishna P. Gummadi": ["Fairness Constraints: Mechanisms for Fair Classification., AISTATS, 2017"], "Avradeep Bhowmik": ["Frequency Domain Predictive Modelling with Aggregated Data., AISTATS, 2017"], "Joydeep Ghosh": ["Frequency Domain Predictive Modelling with Aggregated Data., AISTATS, 2017", "Information Projection and Approximate Inference for Structured Sparse Variables., AISTATS, 2017", "Scalable Greedy Feature Selection via Weak Submodularity., AISTATS, 2017"], "Oluwasanmi Koyejo": ["Frequency Domain Predictive Modelling with Aggregated Data., AISTATS, 2017", "Information Projection and Approximate Inference for Structured Sparse Variables., AISTATS, 2017"], "Lingxiao Wang": ["A Unified Computational and Statistical Framework for Nonconvex Low-rank Matrix Estimation., AISTATS, 2017"], "Xiao Zhang": ["A Unified Computational and Statistical Framework for Nonconvex Low-rank Matrix Estimation., AISTATS, 2017"], "Ryan Rogers": ["A New Class of Private Chi-Square Hypothesis Tests., AISTATS, 2017"], "Daniel Kifer": ["A New Class of Private Chi-Square Hypothesis Tests., AISTATS, 2017"], "Anna Korba": ["A Learning Theory of Ranking Aggregation., AISTATS, 2017"], "St\u00e9phan Cl\u00e9men\u00e7on": ["A Learning Theory of Ranking Aggregation., AISTATS, 2017", "Anomaly Detection in Extreme Regions via Empirical MV-sets on the Sphere., AISTATS, 2017"], "Eric Sibony": ["A Learning Theory of Ranking Aggregation., AISTATS, 2017"], "Albert Thomas": ["Anomaly Detection in Extreme Regions via Empirical MV-sets on the Sphere., AISTATS, 2017"], "Alexandre Gramfort": ["Anomaly Detection in Extreme Regions via Empirical MV-sets on the Sphere., AISTATS, 2017"], "Anne Sabourin": ["Anomaly Detection in Extreme Regions via Empirical MV-sets on the Sphere., AISTATS, 2017"], "Mariusz Bojarski": ["Structured adaptive and random spinners for fast machine learning computations., AISTATS, 2017"], "Anna Choromanska": ["Structured adaptive and random spinners for fast machine learning computations., AISTATS, 2017"], "Krzysztof Choromanski": ["Structured adaptive and random spinners for fast machine learning computations., AISTATS, 2017"], "C\u00e9dric Gouy-Pailler": ["Structured adaptive and random spinners for fast machine learning computations., AISTATS, 2017"], "Anne Morvan": ["Structured adaptive and random spinners for fast machine learning computations., AISTATS, 2017"], "Nouri Sakr": ["Structured adaptive and random spinners for fast machine learning computations., AISTATS, 2017"], "Tam\u00e1s Sarl\u00f3s": ["Structured adaptive and random spinners for fast machine learning computations., AISTATS, 2017"], "Jamal Atif": ["Structured adaptive and random spinners for fast machine learning computations., AISTATS, 2017"], "Aleksandar Botev": ["Complementary Sum Sampling for Likelihood Approximation in Large Scale Classification., AISTATS, 2017"], "Bowen Zheng": ["Complementary Sum Sampling for Likelihood Approximation in Large Scale Classification., AISTATS, 2017"], "David Barber": ["Complementary Sum Sampling for Likelihood Approximation in Large Scale Classification., AISTATS, 2017"], "Jonas Mueller": ["Learning Optimal Interventions., AISTATS, 2017"], "David Reshef": ["Learning Optimal Interventions., AISTATS, 2017"], "George Du": ["Learning Optimal Interventions., AISTATS, 2017"], "Tommi S. Jaakkola": ["Learning Optimal Interventions., AISTATS, 2017"], "Nicholas Ruozzi": ["A Lower Bound on the Partition Function of Attractive Graphical Models in the Continuous Case., AISTATS, 2017"], "Ruoxi Sun": ["Scalable Variational Inference for Super Resolution Microscopy., AISTATS, 2017"], "Evan Archer": ["Scalable Variational Inference for Super Resolution Microscopy., AISTATS, 2017"], "Donald Goldfarb": ["Linear Convergence of Stochastic Frank Wolfe Variants., AISTATS, 2017"], "Garud Iyengar": ["Linear Convergence of Stochastic Frank Wolfe Variants., AISTATS, 2017"], "Chaoxu Zhou": ["Linear Convergence of Stochastic Frank Wolfe Variants., AISTATS, 2017"], "Seong-Hwan Jun": ["Sequential Graph Matching with Sequential Monte Carlo., AISTATS, 2017"], "Samuel W. K. Wong": ["Sequential Graph Matching with Sequential Monte Carlo., AISTATS, 2017"], "James V. Zidek": ["Sequential Graph Matching with Sequential Monte Carlo., AISTATS, 2017"], "Alexandre Bouchard-C\u00f4t\u00e9": ["Sequential Graph Matching with Sequential Monte Carlo., AISTATS, 2017"], "Nishant Mehta": ["Fast rates with high probability in exp-concave statistical learning., AISTATS, 2017"], "Jure Sokolic": ["Generalization Error of Invariant Classifiers., AISTATS, 2017"], "Raja Giryes": ["Generalization Error of Invariant Classifiers., AISTATS, 2017"], "Guillermo Sapiro": ["Generalization Error of Invariant Classifiers., AISTATS, 2017"], "Miguel R. D. Rodrigues": ["Generalization Error of Invariant Classifiers., AISTATS, 2017"], "Stefanos Poulis": ["Learning with Feature Feedback: from Theory to Practice., AISTATS, 2017"], "Sanjoy Dasgupta": ["Learning with Feature Feedback: from Theory to Practice., AISTATS, 2017"], "Ciara Pike-Burke": ["Optimistic Planning for the Stochastic Knapsack Problem., AISTATS, 2017"], "Steffen Gr\u00fcnew\u00e4lder": ["Optimistic Planning for the Stochastic Knapsack Problem., AISTATS, 2017"], "Raman Sankaran": ["Identifying Groups of Strongly Correlated Variables through Smoothed Ordered Weighted L1-norms., AISTATS, 2017"], "Francis R. Bach": ["Identifying Groups of Strongly Correlated Variables through Smoothed Ordered Weighted L1-norms., AISTATS, 2017"], "Chiranjib Bhattacharyya": ["Identifying Groups of Strongly Correlated Variables through Smoothed Ordered Weighted L1-norms., AISTATS, 2017"], "Shaofei Wang": ["Tracking Objects with Higher Order Interactions via Delayed Column Generation., AISTATS, 2017"], "Steffen Wolf": ["Tracking Objects with Higher Order Interactions via Delayed Column Generation., AISTATS, 2017"], "Charless C. Fowlkes": ["Tracking Objects with Higher Order Interactions via Delayed Column Generation., AISTATS, 2017"], "Julian Yarkony": ["Tracking Objects with Higher Order Interactions via Delayed Column Generation., AISTATS, 2017"], "Wei Ping": ["Belief Propagation in Conditional RBMs for Structured Prediction., AISTATS, 2017"], "Alexander T. Ihler": ["Belief Propagation in Conditional RBMs for Structured Prediction., AISTATS, 2017"], "Jialei Wang": ["Sketching Meets Random Projection in the Dual: A Provable Recovery Algorithm for Big and High-dimensional Data., AISTATS, 2017"], "Mehrdad Mahdavi": ["Sketching Meets Random Projection in the Dual: A Provable Recovery Algorithm for Big and High-dimensional Data., AISTATS, 2017"], "Mladen Kolar": ["Sketching Meets Random Projection in the Dual: A Provable Recovery Algorithm for Big and High-dimensional Data., AISTATS, 2017"], "Nati Srebro": ["Sketching Meets Random Projection in the Dual: A Provable Recovery Algorithm for Big and High-dimensional Data., AISTATS, 2017"], "Xiangru Lian": ["Finite-sum Composition Optimization via Variance Reduced Gradient Descent., AISTATS, 2017"], "Mengdi Wang": ["Finite-sum Composition Optimization via Variance Reduced Gradient Descent., AISTATS, 2017"], "Ji Liu": ["Finite-sum Composition Optimization via Variance Reduced Gradient Descent., AISTATS, 2017"], "Beilun Wang": ["A Fast and Scalable Joint Estimator for Learning Multiple Related Sparse Gaussian Graphical Models., AISTATS, 2017"], "Ji Gao": ["A Fast and Scalable Joint Estimator for Learning Multiple Related Sparse Gaussian Graphical Models., AISTATS, 2017"], "Yanjun Qi": ["A Fast and Scalable Joint Estimator for Learning Multiple Related Sparse Gaussian Graphical Models., AISTATS, 2017"], "Lu Tian": ["Communication-efficient Distributed Sparse Linear Discriminant Analysis., AISTATS, 2017"], "Alp Yurtsever": ["Sketchy Decisions: Convex Low-Rank Matrix Optimization with Optimal Storage., AISTATS, 2017"], "Madeleine Udell": ["Sketchy Decisions: Convex Low-Rank Matrix Optimization with Optimal Storage., AISTATS, 2017"], "Joel A. Tropp": ["Sketchy Decisions: Convex Low-Rank Matrix Optimization with Optimal Storage., AISTATS, 2017"], "Heinrich Jiang": ["Modal-set estimation with an application to clustering., AISTATS, 2017"], "Samory Kpotufe": ["Modal-set estimation with an application to clustering., AISTATS, 2017", "Lipschitz Density-Ratios, Structured Data, and Data-driven Tuning., AISTATS, 2017"], "Martin Slawski": ["Compressed Least Squares Regression revisited., AISTATS, 2017"], "Bo Xie": ["Diverse Neural Network Learns True Target Functions., AISTATS, 2017"], "Yingyu Liang": ["Diverse Neural Network Learns True Target Functions., AISTATS, 2017"], "Le Song": ["Diverse Neural Network Learns True Target Functions., AISTATS, 2017", "Linking Micro Event History to Macro Prediction in Point Process Models., AISTATS, 2017", "Learning from Conditional Distributions via Dual Embeddings., AISTATS, 2017"], "Anant Raj": ["Local Group Invariant Representations via Orbit Embeddings., AISTATS, 2017"], "Abhishek Kumar": ["Local Group Invariant Representations via Orbit Embeddings., AISTATS, 2017"], "Tom Fletcher": ["Local Group Invariant Representations via Orbit Embeddings., AISTATS, 2017"], "Bernhard Sch\u00f6lkopf": ["Local Group Invariant Representations via Orbit Embeddings., AISTATS, 2017"], "Xiaoyu Lu": ["Relativistic Monte Carlo., AISTATS, 2017"], "Valerio Perrone": ["Relativistic Monte Carlo., AISTATS, 2017"], "Leonard Hasenclever": ["Relativistic Monte Carlo., AISTATS, 2017"], "Sebastian Vollmer": ["Relativistic Monte Carlo., AISTATS, 2017"], "Kai Zhong": ["Fast Classification with Binary Prototypes., AISTATS, 2017"], "Ruiqi Guo": ["Fast Classification with Binary Prototypes., AISTATS, 2017"], "Sanjiv Kumar": ["Fast Classification with Binary Prototypes., AISTATS, 2017"], "Bowei Yan": ["Fast Classification with Binary Prototypes., AISTATS, 2017"], "David Simcha": ["Fast Classification with Binary Prototypes., AISTATS, 2017"], "Johan W\u00e5gberg": ["Prediction Performance After Learning in Gaussian Process Regression., AISTATS, 2017"], "Dave Zachariah": ["Prediction Performance After Learning in Gaussian Process Regression., AISTATS, 2017"], "Thomas B. Sch\u00f6n": ["Prediction Performance After Learning in Gaussian Process Regression., AISTATS, 2017"], "Petre Stoica": ["Prediction Performance After Learning in Gaussian Process Regression., AISTATS, 2017"], "Brendan McMahan": ["Communication-Efficient Learning of Deep Networks from Decentralized Data., AISTATS, 2017"], "Eider Moore": ["Communication-Efficient Learning of Deep Networks from Decentralized Data., AISTATS, 2017"], "Daniel Ramage": ["Communication-Efficient Learning of Deep Networks from Decentralized Data., AISTATS, 2017"], "Seth Hampson": ["Communication-Efficient Learning of Deep Networks from Decentralized Data., AISTATS, 2017"], "Blaise Ag\u00fcera y Arcas": ["Communication-Efficient Learning of Deep Networks from Decentralized Data., AISTATS, 2017"], "Shengyang Sun": ["Learning Structured Weight Uncertainty in Bayesian Neural Networks., AISTATS, 2017"], "Changyou Chen": ["Learning Structured Weight Uncertainty in Bayesian Neural Networks., AISTATS, 2017"], "David A. Moore": ["Signal-based Bayesian Seismic Monitoring., AISTATS, 2017"], "Stuart J. Russell": ["Signal-based Bayesian Seismic Monitoring., AISTATS, 2017"], "Youngsuk Park": ["Learning the Network Structure of Heterogeneous Data via Pairwise Exponential Markov Random Fields., AISTATS, 2017"], "David Hallac": ["Learning the Network Structure of Heterogeneous Data via Pairwise Exponential Markov Random Fields., AISTATS, 2017"], "Stephen P. Boyd": ["Learning the Network Structure of Heterogeneous Data via Pairwise Exponential Markov Random Fields., AISTATS, 2017"], "Jure Leskovec": ["Learning the Network Structure of Heterogeneous Data via Pairwise Exponential Markov Random Fields., AISTATS, 2017"], "Jacob R. Gardner": ["Discovering and Exploiting Additive Structure for Bayesian Optimization., AISTATS, 2017"], "Chuan Guo": ["Discovering and Exploiting Additive Structure for Bayesian Optimization., AISTATS, 2017"], "Kilian Q. Weinberger": ["Discovering and Exploiting Additive Structure for Bayesian Optimization., AISTATS, 2017"], "Roman Garnett": ["Discovering and Exploiting Additive Structure for Bayesian Optimization., AISTATS, 2017"], "Roger Grosse": ["Discovering and Exploiting Additive Structure for Bayesian Optimization., AISTATS, 2017"], "Philipp Thomann": ["Spatial Decompositions for Large Scale SVMs., AISTATS, 2017"], "Ingrid Blaschzyk": ["Spatial Decompositions for Large Scale SVMs., AISTATS, 2017"], "Mona Meister": ["Spatial Decompositions for Large Scale SVMs., AISTATS, 2017"], "Ingo Steinwart": ["Spatial Decompositions for Large Scale SVMs., AISTATS, 2017"], "Tuan Anh Le": ["Inference Compilation and Universal Probabilistic Programming., AISTATS, 2017"], "Atilim Gunes Baydin": ["Inference Compilation and Universal Probabilistic Programming., AISTATS, 2017"], "Frank D. Wood": ["Inference Compilation and Universal Probabilistic Programming., AISTATS, 2017"], "Aniruddha Bhargava": ["Active Positive Semidefinite Matrix Completion: Algorithms, Theory and Applications., AISTATS, 2017"], "Ravi Ganti": ["Active Positive Semidefinite Matrix Completion: Algorithms, Theory and Applications., AISTATS, 2017"], "Russell A. Poldrack": ["Information Projection and Approximate Inference for Structured Sparse Variables., AISTATS, 2017"], "Yihan Gao": ["On the Interpretability of Conditional Probability Estimates in the Agnostic Setting., AISTATS, 2017"], "Aditya G. Parameswaran": ["On the Interpretability of Conditional Probability Estimates in the Agnostic Setting., AISTATS, 2017"], "Jian Peng": ["On the Interpretability of Conditional Probability Estimates in the Agnostic Setting., AISTATS, 2017"], "Yichen Wang": ["Linking Micro Event History to Macro Prediction in Point Process Models., AISTATS, 2017"], "Xiaojing Ye": ["Linking Micro Event History to Macro Prediction in Point Process Models., AISTATS, 2017"], "Hao-Min Zhou": ["Linking Micro Event History to Macro Prediction in Point Process Models., AISTATS, 2017"], "Hongyuan Zha": ["Linking Micro Event History to Macro Prediction in Point Process Models., AISTATS, 2017"], "Da Tang": ["Initialization and Coordinate Optimization for Multi-way Matching., AISTATS, 2017"], "Vivek F. Farias": ["Optimal Recovery of Tensor Slices., AISTATS, 2017"], "Andrew Li": ["Optimal Recovery of Tensor Slices., AISTATS, 2017"], "Alexander Rakhlin": ["Efficient Online Multiclass Prediction on Graphs via Surrogate Losses., AISTATS, 2017"], "Karthik Sridharan": ["Efficient Online Multiclass Prediction on Graphs via Surrogate Losses., AISTATS, 2017"], "Justin Bewsher": ["Distribution of Gaussian Process Arc Lengths., AISTATS, 2017"], "Alessandra Tosi": ["Distribution of Gaussian Process Arc Lengths., AISTATS, 2017"], "Michael A. Osborne": ["Distribution of Gaussian Process Arc Lengths., AISTATS, 2017"], "Stephen J. Roberts": ["Distribution of Gaussian Process Arc Lengths., AISTATS, 2017"], "Daniele Calandriello": ["Distributed Adaptive Sampling for Kernel Matrix Approximation., AISTATS, 2017"], "Ping Li": ["Binary and Multi-Bit Coding for Stable Random Projections., AISTATS, 2017"], "Forough Arabshahi": ["Spectral Methods for Correlated Topic Models., AISTATS, 2017"], "Anima Anandkumar": ["Spectral Methods for Correlated Topic Models., AISTATS, 2017"], "Alexandru Niculescu-Mizil": ["Label Filters for Large Scale Multilabel Classification., AISTATS, 2017"], "Ehsan Abbasnejad": ["Label Filters for Large Scale Multilabel Classification., AISTATS, 2017"], "Bo Dai": ["Learning from Conditional Distributions via Dual Embeddings., AISTATS, 2017"], "Niao He": ["Learning from Conditional Distributions via Dual Embeddings., AISTATS, 2017"], "Yunpeng Pan": ["Learning from Conditional Distributions via Dual Embeddings., AISTATS, 2017"], "Byron Boots": ["Learning from Conditional Distributions via Dual Embeddings., AISTATS, 2017"], "Yinlam Chow": ["Sequential Multiple Hypothesis Testing with Type I Error Control., AISTATS, 2017"], "Mohammad Ghavamzadeh": ["Sequential Multiple Hypothesis Testing with Type I Error Control., AISTATS, 2017"], "Ariadna Quattoni": ["A Maximum Matching Algorithm for Basis Selection in Spectral Learning., AISTATS, 2017"], "Xavier Carreras": ["A Maximum Matching Algorithm for Basis Selection in Spectral Learning., AISTATS, 2017"], "Matthias Gall\u00e9": ["A Maximum Matching Algorithm for Basis Selection in Spectral Learning., AISTATS, 2017"], "Amir Massoud Farahmand": ["Value-Aware Loss Function for Model-based Reinforcement Learning., AISTATS, 2017"], "Andr\u00e9 Barreto": ["Value-Aware Loss Function for Model-based Reinforcement Learning., AISTATS, 2017"], "Daniel Nikovski": ["Value-Aware Loss Function for Model-based Reinforcement Learning., AISTATS, 2017"], "Cheng Tang": ["Convergence Rate of Stochastic k-means., AISTATS, 2017"], "Claire Monteleoni": ["Convergence Rate of Stochastic k-means., AISTATS, 2017"], "Soham De": ["Automated Inference with Adaptive Batches., AISTATS, 2017"], "Abhay Kumar Yadav": ["Automated Inference with Adaptive Batches., AISTATS, 2017"], "David W. Jacobs": ["Automated Inference with Adaptive Batches., AISTATS, 2017"], "Jiong Zhang": ["Scalable Convex Multiple Sequence Alignment via Entropy-Regularized Dual Decomposition., AISTATS, 2017"], "Ian En-Hsu Yen": ["Scalable Convex Multiple Sequence Alignment via Entropy-Regularized Dual Decomposition., AISTATS, 2017", "Greedy Direction Method of Multiplier for MAP Inference of Large Output Domain., AISTATS, 2017"], "Ioan Gabriel Bucur": ["Robust Causal Estimation in the Large-Sample Limit without Strict Faithfulness., AISTATS, 2017"], "Tom Claassen": ["Robust Causal Estimation in the Large-Sample Limit without Strict Faithfulness., AISTATS, 2017"], "Tom Heskes": ["Robust Causal Estimation in the Large-Sample Limit without Strict Faithfulness., AISTATS, 2017"], "Ankit Anand": ["Non-Count Symmetries in Boolean & Multi-Valued Prob. Graphical Models., AISTATS, 2017"], "Ritesh Noothigattu": ["Non-Count Symmetries in Boolean & Multi-Valued Prob. Graphical Models., AISTATS, 2017"], "Parag Singla": ["Non-Count Symmetries in Boolean & Multi-Valued Prob. Graphical Models., AISTATS, 2017"], "Mausam": ["Non-Count Symmetries in Boolean & Multi-Valued Prob. Graphical Models., AISTATS, 2017"], "Xiangru Huang": ["Greedy Direction Method of Multiplier for MAP Inference of Large Output Domain., AISTATS, 2017"], "Ruohan Zhang": ["Greedy Direction Method of Multiplier for MAP Inference of Large Output Domain., AISTATS, 2017"], "Qixing Huang": ["Greedy Direction Method of Multiplier for MAP Inference of Large Output Domain., AISTATS, 2017"], "Ethan R. Elenberg": ["Scalable Greedy Feature Selection via Weak Submodularity., AISTATS, 2017"], "Sahand Negahban": ["Scalable Greedy Feature Selection via Weak Submodularity., AISTATS, 2017"]}