{"Shivani Agarwal": ["A Uniform Convergence Bound for the Area Under the ROC Curve., AISTATS, 2005"], "Sariel Har-Peled": ["A Uniform Convergence Bound for the Area Under the ROC Curve., AISTATS, 2005"], "Dan Roth": ["A Uniform Convergence Bound for the Area Under the ROC Curve., AISTATS, 2005"], "Francis R. Bach": ["On the Path to an Ideal ROC Curve: Considering Cost Asymmetry in Learning Classifiers., AISTATS, 2005"], "David Heckerman": ["On the Path to an Ideal ROC Curve: Considering Cost Asymmetry in Learning Classifiers., AISTATS, 2005"], "Eric Horvitz": ["On the Path to an Ideal ROC Curve: Considering Cost Asymmetry in Learning Classifiers., AISTATS, 2005"], "Misha Belkin": ["On Manifold Regularization., AISTATS, 2005"], "Partha Niyogi": ["On Manifold Regularization., AISTATS, 2005"], "Vikas Sindhwani": ["On Manifold Regularization., AISTATS, 2005"], "John Blitzer": ["Distributed Latent Variable Models of Lexical Co-occurrences., AISTATS, 2005"], "Amir Globerson": ["Distributed Latent Variable Models of Lexical Co-occurrences., AISTATS, 2005"], "Fernando Pereira": ["Distributed Latent Variable Models of Lexical Co-occurrences., AISTATS, 2005"], "Miguel \u00c1. Carreira-Perpi\u00f1\u00e1n": ["On Contrastive Divergence Learning., AISTATS, 2005"], "Geoffrey E. Hinton": ["On Contrastive Divergence Learning., AISTATS, 2005", "Learning Causally Linked Markov Random Fields., AISTATS, 2005"], "David Cavallini": ["OOBN for Forensic Identification through Searching a DNA profiles' Database., AISTATS, 2005"], "Fabio Corradi": ["OOBN for Forensic Identification through Searching a DNA profiles' Database., AISTATS, 2005"], "Olivier Chapelle": ["Active Learning for Parzen Window Classifier., AISTATS, 2005", "Semi-Supervised Classification by Low Density Separation., AISTATS, 2005"], "Alexander Zien": ["Semi-Supervised Classification by Low Density Separation., AISTATS, 2005"], "Timoth\u00e9e Cour": ["Learning spectral graph segmentation., AISTATS, 2005"], "Nicolas Gogin": ["Learning spectral graph segmentation., AISTATS, 2005"], "Jianbo Shi": ["Learning spectral graph segmentation., AISTATS, 2005"], "Philip J. Cowans": ["A Graphical Model for Simultaneous Partitioning and Labeling., AISTATS, 2005"], "Martin Szummer": ["A Graphical Model for Simultaneous Partitioning and Labeling., AISTATS, 2005", "Bayesian Conditional Random Fields., AISTATS, 2005"], "Denver Dash": ["Restructuring Dynamic Causal Systems in Equilibrium., AISTATS, 2005"], "A. Philip Dawid": ["Probability and Statistics in the Law., AISTATS, 2005"], "Olivier Delalleau": ["Efficient Non-Parametric Function Induction in Semi-Supervised Learning., AISTATS, 2005"], "Yoshua Bengio": ["Efficient Non-Parametric Function Induction in Semi-Supervised Learning., AISTATS, 2005", "Hierarchical Probabilistic Neural Network Language Model., AISTATS, 2005", "Greedy Spectral Embedding., AISTATS, 2005"], "Nicolas Le Roux": ["Efficient Non-Parametric Function Induction in Semi-Supervised Learning., AISTATS, 2005"], "Dan Geiger": ["Structured Variational Inference Procedures and their Realizations., AISTATS, 2005"], "Christopher Meek": ["Structured Variational Inference Procedures and their Realizations., AISTATS, 2005", "Efficient Gradient Computation for Conditional Gaussian Models., AISTATS, 2005"], "Arthur Gretton": ["Kernel Constrained Covariance for Dependence Measurement., AISTATS, 2005"], "Alexander J. Smola": ["Kernel Constrained Covariance for Dependence Measurement., AISTATS, 2005", "Kernel Methods for Missing Variables., AISTATS, 2005"], "Olivier Bousquet": ["Kernel Constrained Covariance for Dependence Measurement., AISTATS, 2005", "Hilbertian Metrics and Positive Definite Kernels on Probability Measures., AISTATS, 2005"], "Ralf Herbrich": ["Kernel Constrained Covariance for Dependence Measurement., AISTATS, 2005", "Poisson-Networks: A Model for Structured Poisson Processes., AISTATS, 2005"], "Andrei Belitski": ["Kernel Constrained Covariance for Dependence Measurement., AISTATS, 2005"], "Mark Augath": ["Kernel Constrained Covariance for Dependence Measurement., AISTATS, 2005"], "Yusuke Murayama": ["Kernel Constrained Covariance for Dependence Measurement., AISTATS, 2005"], "Jon Pauls": ["Kernel Constrained Covariance for Dependence Measurement., AISTATS, 2005"], "Bernhard Sch\u00f6lkopf": ["Kernel Constrained Covariance for Dependence Measurement., AISTATS, 2005"], "Nikos K. Logothetis": ["Kernel Constrained Covariance for Dependence Measurement., AISTATS, 2005"], "Jihun Ham": ["Semisupervised alignment of manifolds., AISTATS, 2005"], "Daniel D. Lee": ["Semisupervised alignment of manifolds., AISTATS, 2005"], "Lawrence K. Saul": ["Semisupervised alignment of manifolds., AISTATS, 2005", "Nonlinear Dimensionality Reduction by Semidefinite Programming and Kernel Matrix Factorization., AISTATS, 2005"], "Simon Osindero": ["Learning Causally Linked Markov Random Fields., AISTATS, 2005"], "Kejie Bao": ["Learning Causally Linked Markov Random Fields., AISTATS, 2005"], "Matthias Hein": ["Hilbertian Metrics and Positive Definite Kernels on Probability Measures., AISTATS, 2005"], "Marcus Hutter": ["Fast Non-Parametric Bayesian Inference on Infinite Trees., AISTATS, 2005"], "S\u00f8ren H\u00f8jsgaard": ["Restricted concentration models - graphical Gaussian models with concentration parameters restricted to being equal., AISTATS, 2005"], "Steffen L. Lauritzen": ["Restricted concentration models - graphical Gaussian models with concentration parameters restricted to being equal., AISTATS, 2005"], "Mike Klaas": ["Fast maximum a-posteriori inference on Monte Carlo state spaces., AISTATS, 2005"], "Dustin Lang": ["Fast maximum a-posteriori inference on Monte Carlo state spaces., AISTATS, 2005"], "Nando de Freitas": ["Fast maximum a-posteriori inference on Monte Carlo state spaces., AISTATS, 2005"], "Anitha Kannan": ["Generative Model for Layers of Appearance and Deformation., AISTATS, 2005"], "Nebojsa Jojic": ["Generative Model for Layers of Appearance and Deformation., AISTATS, 2005", "Deformable Spectrograms., AISTATS, 2005"], "Brendan J. Frey": ["Generative Model for Layers of Appearance and Deformation., AISTATS, 2005", "Variational Speech Separation of More Sources than Mixtures., AISTATS, 2005"], "Kevin Knuth": ["Toward Question-Asking Machines: The Logic of Questions and the Inquiry Calculus., AISTATS, 2005"], "Vladimir Kolmogorov": ["Convergent tree-reweighted message passing for energy minimization., AISTATS, 2005"], "Manabu Kuroki": ["Instrumental variable tests for Directed Acyclic Graph Models., AISTATS, 2005"], "Zhihong Cai": ["Instrumental variable tests for Directed Acyclic Graph Models., AISTATS, 2005"], "John Langford": ["Estimating Class Membership Probabilities using Classifier Learners., AISTATS, 2005"], "Bianca Zadrozny": ["Estimating Class Membership Probabilities using Classifier Learners., AISTATS, 2005"], "Yann LeCun": ["Loss Functions for Discriminative Training of Energy-Based Models., AISTATS, 2005"], "Fu Jie Huang": ["Loss Functions for Discriminative Training of Energy-Based Models., AISTATS, 2005"], "Florian Markowetz": ["Probabilistic Soft Interventions in Conditional Gaussian Networks., AISTATS, 2005"], "Steffen Grossmann": ["Probabilistic Soft Interventions in Conditional Gaussian Networks., AISTATS, 2005"], "Rainer Spang": ["Probabilistic Soft Interventions in Conditional Gaussian Networks., AISTATS, 2005"], "Benjamin M. Marlin": ["Unsupervised Learning with Non-Ignorable Missing Data., AISTATS, 2005"], "Sam T. Roweis": ["Unsupervised Learning with Non-Ignorable Missing Data., AISTATS, 2005"], "Richard S. Zemel": ["Unsupervised Learning with Non-Ignorable Missing Data., AISTATS, 2005"], "Marina Meila": ["Regularized spectral learning., AISTATS, 2005"], "Susan M. Shortreed": ["Regularized spectral learning., AISTATS, 2005"], "Liang Xu": ["Regularized spectral learning., AISTATS, 2005"], "Brian Milch": ["Approximate Inference for Infinite Contingent Bayesian Networks., AISTATS, 2005"], "Bhaskara Marthi": ["Approximate Inference for Infinite Contingent Bayesian Networks., AISTATS, 2005"], "David Sontag": ["Approximate Inference for Infinite Contingent Bayesian Networks., AISTATS, 2005"], "Stuart J. Russell": ["Approximate Inference for Infinite Contingent Bayesian Networks., AISTATS, 2005"], "Daniel L. Ong": ["Approximate Inference for Infinite Contingent Bayesian Networks., AISTATS, 2005"], "Andrey Kolobov": ["Approximate Inference for Infinite Contingent Bayesian Networks., AISTATS, 2005"], "Frederic Morin": ["Hierarchical Probabilistic Neural Network Language Model., AISTATS, 2005"], "Marie Ouimet": ["Greedy Spectral Embedding., AISTATS, 2005"], "John Platt": ["FastMap, MetricMap, and Landmark MDS are all Nystrom Algorithms., AISTATS, 2005"], "Yuan (Alan) Qi": ["Bayesian Conditional Random Fields., AISTATS, 2005"], "Tom Minka": ["Bayesian Conditional Random Fields., AISTATS, 2005"], "Shyamsundar Rajaram": ["Poisson-Networks: A Model for Structured Poisson Processes., AISTATS, 2005"], "Thore Graepel": ["Poisson-Networks: A Model for Structured Poisson Processes., AISTATS, 2005"], "Manuel Reyes-Gomez": ["Deformable Spectrograms., AISTATS, 2005"], "Daniel P. W. Ellis": ["Deformable Spectrograms., AISTATS, 2005"], "Steven J. Rennie": ["Variational Speech Separation of More Sources than Mixtures., AISTATS, 2005"], "Kannan Achan": ["Variational Speech Separation of More Sources than Mixtures., AISTATS, 2005"], "Parham Aarabi": ["Variational Speech Separation of More Sources than Mixtures., AISTATS, 2005"], "Carsten Riggelsen": ["Learning Bayesian Network Models from Incomplete Data using Importance Sampling., AISTATS, 2005"], "Ad Feelders": ["Learning Bayesian Network Models from Incomplete Data using Importance Sampling., AISTATS, 2005"], "Teemu Roos": ["On the Behavior of MDL Denoising., AISTATS, 2005"], "Petri Myllym\u00e4ki": ["On the Behavior of MDL Denoising., AISTATS, 2005"], "Henry Tirri": ["On the Behavior of MDL Denoising., AISTATS, 2005"], "R\u00f3mer Rosales": ["Focused Inference., AISTATS, 2005"], "Tommi S. Jaakkola": ["Focused Inference., AISTATS, 2005"], "S. V. N. Vishwanathan": ["Kernel Methods for Missing Variables., AISTATS, 2005"], "Thomas Hofmann": ["Kernel Methods for Missing Variables., AISTATS, 2005"], "Yee Whye Teh": ["Semiparametric latent factor models., AISTATS, 2005"], "Matthias Seeger": ["Semiparametric latent factor models., AISTATS, 2005"], "Michael I. Jordan": ["Semiparametric latent factor models., AISTATS, 2005"], "Bo Thiesson": ["Efficient Gradient Computation for Conditional Gaussian Models., AISTATS, 2005"], "Ivor W. Tsang": ["Very Large SVM Training using Core Vector Machines., AISTATS, 2005"], "James Tin-Yau Kwok": ["Very Large SVM Training using Core Vector Machines., AISTATS, 2005"], "Pak-Ming Cheung": ["Very Large SVM Training using Core Vector Machines., AISTATS, 2005"], "Lyle H. Ungar": ["Streaming Feature Selection using IIC., AISTATS, 2005"], "Jing Zhou": ["Streaming Feature Selection using IIC., AISTATS, 2005"], "Dean P. Foster": ["Streaming Feature Selection using IIC., AISTATS, 2005"], "Bob A. Stine": ["Streaming Feature Selection using IIC., AISTATS, 2005"], "Vladimir Vovk": ["Defensive Forecasting., AISTATS, 2005"], "Akimichi Takemura": ["Defensive Forecasting., AISTATS, 2005"], "Glenn Shafer": ["Defensive Forecasting., AISTATS, 2005"], "Bo Wang": ["Inadequacy of interval estimates corresponding to variational Bayesian approximations., AISTATS, 2005"], "D. M. Titterington": ["Inadequacy of interval estimates corresponding to variational Bayesian approximations., AISTATS, 2005"], "Kilian Q. Weinberger": ["Nonlinear Dimensionality Reduction by Semidefinite Programming and Kernel Matrix Factorization., AISTATS, 2005"], "Benjamin Packer": ["Nonlinear Dimensionality Reduction by Semidefinite Programming and Kernel Matrix Factorization., AISTATS, 2005"], "Max Welling": ["An Expectation Maximization Algorithm for Inferring Offset-Normal Shape Distributions., AISTATS, 2005", "Learning in Markov Random Fields with Contrastive Free Energies., AISTATS, 2005", "Robust Higher Order Statistics., AISTATS, 2005"], "Charles A. Sutton": ["Learning in Markov Random Fields with Contrastive Free Energies., AISTATS, 2005"], "Jason Weston": ["Online (and Offline) on an Even Tighter Budget., AISTATS, 2005"], "Antoine Bordes": ["Online (and Offline) on an Even Tighter Budget., AISTATS, 2005"], "L\u00e9on Bottou": ["Online (and Offline) on an Even Tighter Budget., AISTATS, 2005"], "Wim Wiegerinck": ["Approximations with Reweighted Generalized Belief Propagation., AISTATS, 2005"], "Raanan Yehezkel": ["Recursive Autonomy Identification for Bayesian Network Structure Learning., AISTATS, 2005"], "Boaz Lerner": ["Recursive Autonomy Identification for Bayesian Network Structure Learning., AISTATS, 2005"], "Kai Yu": ["Dirichlet Enhanced Latent Semantic Analysis., AISTATS, 2005"], "Shipeng Yu": ["Dirichlet Enhanced Latent Semantic Analysis., AISTATS, 2005"], "Volker Tresp": ["Dirichlet Enhanced Latent Semantic Analysis., AISTATS, 2005"], "Onno Zoeter": ["Gaussian Quadrature Based Expectation Propagation., AISTATS, 2005"], "Tom Heskes": ["Gaussian Quadrature Based Expectation Propagation., AISTATS, 2005"]}