{"Hagai Attias": ["Hierarchical IFA Belief Networks., AISTATS, 1999"], "Matthew Brand": ["Pattern discovery via entropy minimization., AISTATS, 1999"], "Louis Anthony Cox Jr.": ["Causal Mechanisms and Classification Trees for Predicting Chemical Carcinogens., AISTATS, 1999"], "Milan Studen\u00fd": ["Conditional products: An alternative approach to conditional independence., AISTATS, 1999"], "Hendrik Van Brussel": ["Geometric modeling of a nuclear environment., AISTATS, 1999"], "Pedro M. Domingos": ["Process-oriented evaluation: The next step., AISTATS, 1999"], "Douglas H. Fisher": ["Modeling decision tree performance with the power law., AISTATS, 1999"], "Lise Getoor": ["Efficient learning using constrained sufficient statistics., AISTATS, 1999"], "Christopher Meek": ["On the geometry of DAG models with hidden variables., AISTATS, 1999"], "Alan E. Gelfand": ["Model choice: A minimum posterior predictive loss approach., AISTATS, 1999"], "Volker Tresp": ["Mean field inference in a general probabilistic setting., AISTATS, 1999"], "David Haussler": ["Probabilistic kernel regression models., AISTATS, 1999"], "Martin A. Tanner": ["Hierarchical mixtures-of-experts for generalized linear models: some results on denseness and consistency., AISTATS, 1999"], "Rina Dechter": ["Stochastic local search for Bayesian network., AISTATS, 1999"], "David Madigan": ["Bayesian graphical models, intention-to-treat, and the rubin causal Model., AISTATS, 1999"], "Casey Durfee": ["Efficient mining of statistical dependencies., AISTATS, 1999"], "Moulinath Banarjees": ["Tractable structure search in the presence of latent variables., AISTATS, 1999"], "Thomas Richardson": ["Boosting methodology for regression problems., AISTATS, 1999"], "Gregory F. Cooper": ["An experiment in causal discovery using a pneumona database., AISTATS, 1999", "A latent variable model for multivariate discretization., AISTATS, 1999"], "Chris S. Wallace": ["A note on the comparison of polynomial selection methods., AISTATS, 1999"], "Linda Stienberg": ["Transfer of information between system and evidence models., AISTATS, 1999"], "Edward I. George": ["A bayesian model for collaborative filtering., AISTATS, 1999"], "Robert G. Cowell": ["Parameter learning from incomplete data for Bayesian networks., AISTATS, 1999"], "Abraham J. Wyner": ["On the application of the bootstrap for computing confidence measures on features of induced Bayesian networks., AISTATS, 1999"], "Guido Consonni": ["Relaxing the local independence assumption for quantitative learning in acyclic directed graphical models through hierarchical partition models., AISTATS, 1999"], "D. M. Titterington": ["The exploration of new methods for learning in binary Boltzmann machines., AISTATS, 1999"], "David D. Jensen": ["Statistical challenges to inductive inference in linked data., AISTATS, 1999"], "Lynette A. Hunt": ["Mixture model clustering with the multimix program., AISTATS, 1999"], "Michael J. Pazzani": ["Learning augmented Bayesian classifiers: A comparison of distribution-based and classification-based approaches., AISTATS, 1999"], "Henry Tirri": ["Exploring the robustness of Bayesian and information-theoretic methods for predictive inference., AISTATS, 1999"], "Werner von Seelen": ["Structure optimization of density estimation models applied to regression problems with dynamic noise., AISTATS, 1999"], "Michael Larkin": ["A learning rule based method of feature extraction with application to acoustic signal classification., AISTATS, 1999"], "Kathryn Blackmond Laskey": ["Learning extensible multi-entity directed graphical models., AISTATS, 1999"], "Peyman Meshkat": ["Testing regression models with fewer regressors., AISTATS, 1999"], "Paola Sebastiani": ["Learning conditional probabilities from incomplete databases - An experimental comparison., AISTATS, 1999"], "Christian Pellegrini": ["Local experts combination through density decomposition., AISTATS, 1999"], "Longgui Xu": ["Entropy-driven inference and inconsistency., AISTATS, 1999"], "Paul R. Cohen": ["Learned models for continuous planning., AISTATS, 1999"], "Daniel H. Loughlin": ["Efficient optimization of large k real-time control algorithm., AISTATS, 1999"], "Marco Ramoni": ["Model folding for data subject to nonresponse., AISTATS, 1999"], "Jim Q. Smith": ["Geometry, moments and Bayesian networks with hidden variables., AISTATS, 1999"], "Padhraic Smyth": ["Joint probabilistic clustering of multivariate and sequential data., AISTATS, 1999"], "Joe Whittaker": ["Analysis of multivariate time series via a hidden graphical model., AISTATS, 1999"], "Axel Vogler": ["Visual design support for probabilistic network application., AISTATS, 1999"]}