{"Krzysztof Choromanski": ["The Geometry of Random Features., AISTATS, 2018"], "Sungsoo Ahn": ["Gauged Mini-Bucket Elimination for Approximate Inference., AISTATS, 2018"], "Aleksander Madry": ["A Fast Algorithm for Separated Sparsity via Perturbed Lagrangians., AISTATS, 2018"], "Mark Rowland": ["An Analysis of Categorical Distributional Reinforcement Learning., AISTATS, 2018"], "Thomas M\u00f6llenhoff": ["Combinatorial Preconditioners for Proximal Algorithms on Graphs., AISTATS, 2018"], "Guy Uziel": ["Growth-Optimal Portfolio Selection under CVaR Constraints., AISTATS, 2018"], "Peng Xu": ["Accelerated Stochastic Power Iteration., AISTATS, 2018"], "Woosang Lim": ["Multi-scale Nystrom Method., AISTATS, 2018"], "Satoshi Hara": ["Making Tree Ensembles Interpretable: A Bayesian Model Selection Approach., AISTATS, 2018"], "James R. Foulds": ["Mixed Membership Word Embeddings for Computational Social Science., AISTATS, 2018"], "Emma Pierson": ["Fast Threshold Tests for Detecting Discrimination., AISTATS, 2018"], "Juho Piironen": ["Iterative Supervised Principal Components., AISTATS, 2018"], "Chieh Wu": ["Iterative Spectral Method for Alternative Clustering., AISTATS, 2018"], "Dennis Forster": ["Can clustering scale sublinearly with its clusters? A variational EM acceleration of GMMs and k-means., AISTATS, 2018"], "Kirthevasan Kandasamy": ["Parallelised Bayesian Optimisation via Thompson Sampling., AISTATS, 2018"], "Rahul G. Krishnan": ["On the challenges of learning with inference networks on sparse, high-dimensional data., AISTATS, 2018"], "Makoto Yamada": ["Post Selection Inference with Kernels., AISTATS, 2018"], "Joel Ratsaby": ["On how complexity affects the stability of a predictor., AISTATS, 2018"], "Zhiqiang Xu": ["On Truly Block Eigensolvers via Riemannian Optimization., AISTATS, 2018"], "Heng Guo": ["Layerwise Systematic Scan: Deep Boltzmann Machines and Beyond., AISTATS, 2018"], "Rajiv Khanna": ["IHT dies hard: Provable accelerated Iterative Hard Thresholding., AISTATS, 2018"], "Jinshan Zeng": ["Finding Global Optima in Nonconvex Stochastic Semidefinite Optimization with Variance Reduction., AISTATS, 2018"], "Dehan Kong": ["Outlier Detection and Robust Estimation in Nonparametric Regression., AISTATS, 2018"], "Luca Ambrogioni": ["Integral Transforms from Finite Data: An Application of Gaussian Process Regression to Fourier Analysis., AISTATS, 2018"], "Gabriele Abbati": ["AdaGeo: Adaptive Geometric Learning for Optimization and Sampling., AISTATS, 2018"], "Xiand Gao": ["Online Learning with Non-Convex Losses and Non-Stationary Regret., AISTATS, 2018"], "Christophe Dupuy": ["Learning Determinantal Point Processes in Sublinear Time., AISTATS, 2018"], "Kaiqing Zhang": ["Nonlinear Structured Signal Estimation in High Dimensions via Iterative Hard Thresholding., AISTATS, 2018"], "Hiroyuki Kasai": ["Riemannian stochastic quasi-Newton algorithm with variance reduction and its convergence analysis., AISTATS, 2018"], "Young Hun Jung": ["Online Boosting Algorithms for Multi-label Ranking., AISTATS, 2018"], "Sijia Liu": ["Zeroth-Order Online Alternating Direction Method of Multipliers: Convergence Analysis and Applications., AISTATS, 2018"], "Paul Rolland": ["High-Dimensional Bayesian Optimization via Additive Models with Overlapping Groups., AISTATS, 2018"], "Jan Kremer": ["Robust Active Label Correction., AISTATS, 2018"], "Amit Gruber": ["Factorial HMMs with Collapsed Gibbs Sampling for Optimizing Long-term HIV Therapy., AISTATS, 2018"], "Pankaj Pansari": ["Optimal Submodular Extensions for Marginal Estimation., AISTATS, 2018"], "Nir Rosenfeld": ["Semi-Supervised Learning with Competitive Infection Models., AISTATS, 2018", "Discriminative Learning of Prediction Intervals., AISTATS, 2018"], "Wenlin Wang": ["Topic Compositional Neural Language Model., AISTATS, 2018"], "Eric T. Nalisnick": ["Learning Priors for Invariance., AISTATS, 2018"], "Scott Cheng-Hsin Yang": ["Optimal Cooperative Inference., AISTATS, 2018"], "David Liau": ["Stochastic Multi-armed Bandits in Constant Space., AISTATS, 2018"], "Dehua Cheng": ["Matrix completability analysis via graph k-connectivity., AISTATS, 2018"], "Xiang Cheng": ["FLAG n' FLARE: Fast Linearly-Coupled Adaptive Gradient Methods., AISTATS, 2018"], "Riikka Huusari": ["Multi-view Metric Learning in Vector-valued Kernel Spaces., AISTATS, 2018"], "William Herlands": ["Gaussian Process Subset Scanning for Anomalous Pattern Detection in Non-iid Data., AISTATS, 2018"], "Jacopo Cavazza": ["Dropout as a Low-Rank Regularizer for Matrix Factorization., AISTATS, 2018"], "Tianbao Yang": ["A Simple Analysis for Exp-concave Empirical Minimization with Arbitrary Convex Regularizer., AISTATS, 2018"], "Masaaki Takada": ["Independently Interpretable Lasso: A New Regularizer for Sparse Regression with Uncorrelated Variables., AISTATS, 2018"], "Francesco Locatello": ["Boosting Variational Inference: an Optimization Perspective., AISTATS, 2018"], "Aur\u00e9lien Bellet": ["Personalized and Private Peer-to-Peer Machine Learning., AISTATS, 2018"], "Rose Yu": ["Tensor Regression Meets Gaussian Processes., AISTATS, 2018"], "Emanuel Laude": ["A Nonconvex Proximal Splitting Algorithm under Moreau-Yosida Regularization., AISTATS, 2018"], "Vivek Kumar Bagaria": ["Medoids in Almost-Linear Time via Multi-Armed Bandits., AISTATS, 2018"], "Zhiyang Wang": ["Regional Multi-Armed Bandits., AISTATS, 2018"], "Yang Cao": ["Nearly second-order optimality of online joint detection and estimation via one-sample update schemes., AISTATS, 2018"], "Or Sharir": ["Sum-Product-Quotient Networks., AISTATS, 2018"], "Sunil Gupta": ["Exploiting Strategy-Space Diversity for Batch Bayesian Optimization., AISTATS, 2018"], "St\u00e9phan Cl\u00e9men\u00e7on": ["Beating Monte Carlo Integration: a Nonasymptotic Study of Kernel Smoothing Methods., AISTATS, 2018"], "Michel Besserve": ["Group invariance principles for causal generative models., AISTATS, 2018"], "Nataliya Sokolovska": ["A Provable Algorithm for Learning Interpretable Scoring Systems., AISTATS, 2018"], "Hyunjik Kim": ["Scaling up the Automatic Statistician: Scalable Structure Discovery using Gaussian Processes., AISTATS, 2018"], "Shinsaku Sakaue": ["Efficient Bandit Combinatorial Optimization Algorithm with Zero-suppressed Binary Decision Diagrams., AISTATS, 2018"], "Hejia Zhang": ["Transfer Learning on fMRI Datasets., AISTATS, 2018"], "Chaofan Chen": ["An Optimization Approach to Learning Falling Rule Lists., AISTATS, 2018"], "Courtney Paquette": ["Catalyst for Gradient-based Nonconvex Optimization., AISTATS, 2018"], "Hongteng Xu": ["Benefits from Superposed Hawkes Processes., AISTATS, 2018"], "Julian Katz-Samuels": ["Nonparametric Preference Completion., AISTATS, 2018"], "Mathieu Sinn": ["Non-parametric estimation of Jensen-Shannon Divergence in Generative Adversarial Network training., AISTATS, 2018"], "Dougal J. Sutherland": ["Efficient and principled score estimation with Nystr\u00f6m kernel exponential families., AISTATS, 2018"], "Liqun Chen": ["Symmetric Variational Autoencoder and Connections to Adversarial Learning., AISTATS, 2018"], "Sergey Bartunov": ["Few-shot Generative Modelling with Generative Matching Networks., AISTATS, 2018"], "Tianyu Li": ["Nonlinear Weighted Finite Automata., AISTATS, 2018"], "Hugh Salimbeni": ["Natural Gradients in Practice: Non-Conjugate Variational Inference in Gaussian Process Models., AISTATS, 2018"], "I\u00f1igo Urteaga": ["Variational inference for the multi-armed contextual bandit., AISTATS, 2018"], "Robert M. Gower": ["Tracking the gradients using the Hessian: A new look at variance reducing stochastic methods., AISTATS, 2018"], "Michal Derezinski": ["Subsampling for Ridge Regression via Regularized Volume Sampling., AISTATS, 2018", "Batch-Expansion Training: An Efficient Optimization Framework., AISTATS, 2018"], "Pavel Izmailov": ["Scalable Gaussian Processes with Billions of Inducing Inputs via Tensor Train Decomposition., AISTATS, 2018"], "Zi Wang": ["Batched Large-scale Bayesian Optimization in High-dimensional Spaces., AISTATS, 2018"], "Feras Saad": ["Temporally-Reweighted Chinese Restaurant Process Mixtures for Clustering, Imputing, and Forecasting Multivariate Time Series., AISTATS, 2018"], "Renbo Zhao": ["Stochastic Three-Composite Convex Minimization with a Linear Operator., AISTATS, 2018"], "Cynthia Rudin": ["Direct Learning to Rank And Rerank., AISTATS, 2018"], "Olivier Bachem": ["One-shot Coresets: The Case of k-Clustering., AISTATS, 2018"], "Lingfei Wu": ["Random Warping Series: A Random Features Method for Time-Series Embedding., AISTATS, 2018"], "Sanghamitra Dutta": ["Slow and Stale Gradients Can Win the Race: Error-Runtime Trade-offs in Distributed SGD., AISTATS, 2018"], "Futoshi Futami": ["Variational Inference based on Robust Divergences., AISTATS, 2018"], "Aditya Grover": ["Variational Rejection Sampling., AISTATS, 2018", "Best arm identification in multi-armed bandits with delayed feedback., AISTATS, 2018"], "Liyuan Xu": ["A fully adaptive algorithm for pure exploration in linear bandits., AISTATS, 2018"], "Rajat Sen": ["Contextual Bandits with Stochastic Experts., AISTATS, 2018"], "Sven Schmit": ["Human Interaction with Recommendation Systems., AISTATS, 2018"], "I Eli Chien": ["Community Detection in Hypergraphs: Optimal Statistical Limit and Efficient Algorithms., AISTATS, 2018"], "Mathieu Blondel": ["Smooth and Sparse Optimal Transport., AISTATS, 2018"], "Ilija Bogunovic": ["Robust Maximization of Non-Submodular Objectives., AISTATS, 2018"], "Patrick Bl\u00f6baum": ["Cause-Effect Inference by Comparing Regression Errors., AISTATS, 2018"], "Alexis Bellot": ["Tree-based Bayesian Mixture Model for Competing Risks., AISTATS, 2018"], "Julien P\u00e9rolat": ["Actor-Critic Fictitious Play in Simultaneous Move Multistage Games., AISTATS, 2018"], "Antonio Sutera": ["Random Subspace with Trees for Feature Selection Under Memory Constraints., AISTATS, 2018"], "Jakob Runge": ["Conditional independence testing based on a nearest-neighbor estimator of conditional mutual information., AISTATS, 2018"], "Tomi Silander": ["Quotient Normalized Maximum Likelihood Criterion for Learning Bayesian Network Structures., AISTATS, 2018"], "Achintya Kundu": ["Convex Optimization over Intersection of Simple Sets: improved Convergence Rate Guarantees via an Exact Penalty Approach., AISTATS, 2018"], "Christian A. Naesseth": ["Variational Sequential Monte Carlo., AISTATS, 2018"], "Masaaki Imaizumi": ["Statistically Efficient Estimation for Non-Smooth Probability Densities., AISTATS, 2018"], "Xu Hu": ["SDCA-Powered Inexact Dual Augmented Lagrangian Method for Fast CRF Learning., AISTATS, 2018"], "Mathurin Massias": ["Generalized Concomitant Multi-Task Lasso for Sparse Multimodal Regression., AISTATS, 2018"], "Atsushi Nitanda": ["Gradient Layer: Enhancing the Convergence of Adversarial Training for Generative Models., AISTATS, 2018"], "Jianqing Fan": ["Statistical Sparse Online Regression: A Diffusion Approximation Perspective., AISTATS, 2018"], "Fanhua Shang": ["Guaranteed Sufficient Decrease for Stochastic Variance Reduced Gradient Optimization., AISTATS, 2018"], "Lawrence Murray": ["Delayed Sampling and Automatic Rao-Blackwellization of Probabilistic Programs., AISTATS, 2018"], "Pritish Mohapatra": ["Learning to Round for Discrete Labeling Problems., AISTATS, 2018"], "Reinhard Heckel": ["Approximate ranking from pairwise comparisons., AISTATS, 2018"], "Michael C. Hughes": ["Semi-Supervised Prediction-Constrained Topic Models., AISTATS, 2018"], "Yichen Wang": ["A Stochastic Differential Equation Framework for Guiding Online User Activities in Closed Loop., AISTATS, 2018"], "Pan Xu": ["Accelerated Stochastic Mirror Descent: From Continuous-time Dynamics to Discrete-time Algorithms., AISTATS, 2018"], "Xiao Zhang": ["A Unified Framework for Nonconvex Low-Rank plus Sparse Matrix Recovery., AISTATS, 2018"], "Hongyi Ding": ["Bayesian Nonparametric Poisson-Process Allocation for Time-Sequence Modeling., AISTATS, 2018"], "Masayuki Karasuyama": ["Factor Analysis on a Graph., AISTATS, 2018"], "Junxiang Chen": ["Crowdclustering with Partition Labels., AISTATS, 2018"], "Ruiyi Zhang": ["Learning Structural Weight Uncertainty for Sequential Decision-Making., AISTATS, 2018"], "Jiahao Xie": ["Towards Memory-Friendly Deterministic Incremental Gradient Method., AISTATS, 2018"], "Hunter Lang": ["Optimality of Approximate Inference Algorithms on Stable Instances., AISTATS, 2018"], "Ho Chung Leon Law": ["Bayesian Approaches to Distribution Regression., AISTATS, 2018"], "Marko Mitrovic": ["Submodularity on Hypergraphs: From Sets to Sequences., AISTATS, 2018"], "Bowei Yan": ["Provable Estimation of the Number of Blocks in Block Models., AISTATS, 2018"], "Michael Thomas Smith": ["Differentially Private Regression with Gaussian Processes., AISTATS, 2018"], "Sai Praneeth Reddy Karimireddy": ["Adaptive balancing of gradient and update computation times using global geometry and approximate subproblems., AISTATS, 2018"], "Jakub M. Tomczak": ["VAE with a VampPrior., AISTATS, 2018"], "Avi Pfeffer": ["Structured Factored Inference for Probabilistic Programming., AISTATS, 2018"], "Sashank J. Reddi": ["A Generic Approach for Escaping Saddle points., AISTATS, 2018"], "Nathan Kallus": ["Policy Evaluation and Optimization with Continuous Treatments., AISTATS, 2018"], "Alan Lazarus": ["Multiphase MCMC Sampling for Parameter Inference in Nonlinear Ordinary Differential Equations., AISTATS, 2018"], "Xinkun Nie": ["Why Adaptively Collected Data Have Negative Bias and How to Correct for It., AISTATS, 2018"], "Sheng Chen": ["Sparse Linear Isotonic Models., AISTATS, 2018"], "Jean-Yves Franceschi": ["Robustness of classifiers to uniform $\\ell_p$ and Gaussian noise., AISTATS, 2018"], "Xi Tan": ["Nested CRP with Hawkes-Gaussian Processes., AISTATS, 2018"], "Huaian Diao": ["Sketching for Kronecker Product Regression and P-splines., AISTATS, 2018"], "Ardavan Saeedi": ["Multimodal Prediction and Personalization of Photo Edits with Deep Generative Models., AISTATS, 2018"], "Chris Hickey": ["Cheap Checking for Cloud Computing: Statistical Analysis via Annotated Data Streams., AISTATS, 2018"], "Shashank Singh": ["Minimax Reconstruction Risk of Convolutional Sparse Dictionary Learning., AISTATS, 2018"], "Michael Arbel": ["Kernel Conditional Exponential Family., AISTATS, 2018"], "Chandrashekar Lakshminarayanan": ["Linear Stochastic Approximation: How Far Does Constant Step-Size and Iterate Averaging Go?, AISTATS, 2018"], "Yining Wang": ["Stochastic Zeroth-order Optimization in High Dimensions., AISTATS, 2018"], "Yuzhe Ma": ["Teacher Improves Learning by Selecting a Training Subset., AISTATS, 2018"], "Penporn Koanantakool": ["Communication-Avoiding Optimization Methods for Distributed Massive-Scale Sparse Inverse Covariance Estimation., AISTATS, 2018"], "Pranjal Awasthi": ["Robust Vertex Enumeration for Convex Hulls in High Dimensions., AISTATS, 2018"], "Taiji Suzuki": ["Fast generalization error bound of deep learning from a kernel perspective., AISTATS, 2018"], "Jacob R. Gardner": ["Product Kernel Interpolation for Scalable Gaussian Processes., AISTATS, 2018"], "Mohammadreza Soltani": ["Towards Provable Learning of Polynomial Neural Networks Using Low-Rank Matrix Estimation., AISTATS, 2018"], "Patrick J\u00e4hnichen": ["Scalable Generalized Dynamic Topic Models., AISTATS, 2018"], "Michael Riis Andersen": ["Bayesian Structure Learning for Dynamic Brain Connectivity., AISTATS, 2018"], "Mark Eisen": ["Large Scale Empirical Risk Minimization via Truncated Adaptive Newton Method., AISTATS, 2018"], "Gauthier Gidel": ["Frank-Wolfe Splitting via Augmented Lagrangian Method., AISTATS, 2018"], "Asish Ghoshal": ["Learning linear structural equation models in polynomial time and sample complexity., AISTATS, 2018", "Learning Sparse Polymatrix Games in Polynomial Time and Sample Complexity., AISTATS, 2018"], "Jerry Chee": ["Convergence diagnostics for stochastic gradient descent with constant learning rate., AISTATS, 2018"], "Seung-Jean Kim": ["Nonparametric Sharpe Ratio Function Estimation in Heteroscedastic Regression Models via Convex Optimization., AISTATS, 2018"], "Brahim Khalil Abid": ["Stochastic algorithms for entropy-regularized optimal transport problems., AISTATS, 2018"], "Steffen Gr\u00fcnew\u00e4lder": ["Plug-in Estimators for Conditional Expectations and Probabilities., AISTATS, 2018"], "Francois Belletti": ["Factorized Recurrent Neural Architectures for Longer Range Dependence., AISTATS, 2018"], "Yixi Xu": ["On the Statistical Efficiency of Compositional Nonparametric Prediction., AISTATS, 2018"], "Nutan Chen": ["Metrics for Deep Generative Models., AISTATS, 2018"], "Marwa El Halabi": ["Combinatorial Penalties: Which structures are preserved by convex relaxations?, AISTATS, 2018"], "Stephen Mussmann": ["Generalized Binary Search For Split-Neighborly Problems., AISTATS, 2018"], "Jussi Viinikka": ["Intersection-Validation: A Method for Evaluating Structure Learning without Ground Truth., AISTATS, 2018"], "Debdeep Pati": ["On Statistical Optimality of Variational Bayes., AISTATS, 2018"], "Jason Ge": ["Minimax-Optimal Privacy-Preserving Sparse PCA in Distributed Systems., AISTATS, 2018"], "Shinji Ito": ["Online Regression with Partial Information: Generalization and Linear Projection., AISTATS, 2018"], "Aude Genevay": ["Learning Generative Models with Sinkhorn Divergences., AISTATS, 2018"], "Scott W. Linderman": ["Reparameterizing the Birkhoff Polytope for Variational Permutation Inference., AISTATS, 2018"], "Lirong Xue": ["Achieving the time of 1-NN, but the accuracy of k-NN., AISTATS, 2018"], "Mohammad Khan Al Farabi": ["Efficient Weight Learning in High-Dimensional Untied MLNs., AISTATS, 2018"], "Harikrishna Narasimhan": ["Learning with Complex Loss Functions and Constraints., AISTATS, 2018"], "Saverio Salzo": ["Solving lp-norm regularization with tensor kernels., AISTATS, 2018"], "Omer Gottesman": ["Weighted Tensor Decomposition for Learning Latent Variables with Partial Data., AISTATS, 2018"], "Eralp Turgay": ["Multi-objective Contextual Bandit Problem with Similarity Information., AISTATS, 2018"], "Hong Ge": ["Turing: Composable inference for probabilistic programming., AISTATS, 2018"], "Beilun Wang": ["Fast and Scalable Learning of Sparse Changes in High-Dimensional Gaussian Graphical Model Structure., AISTATS, 2018"], "Sanket Kamthe": ["Data-Efficient Reinforcement Learning with Probabilistic Model Predictive Control., AISTATS, 2018"], "Bai Jiang": ["Approximate Bayesian Computation with Kullback-Leibler Divergence as Data Discrepancy., AISTATS, 2018"], "Ruben Martinez-Cantin": ["Practical Bayesian optimization in the presence of outliers., AISTATS, 2018"], "Mehryar Mohri": ["Competing with Automata-based Expert Sequences., AISTATS, 2018"], "Devavrat Shah": ["Reducing Crowdsourcing to Graphon Estimation, Statistically., AISTATS, 2018"], "Ershad Banijamali": ["Robust Locally-Linear Controllable Embedding., AISTATS, 2018"], "Karthik Abinav Sankararaman": ["Combinatorial Semi-Bandits with Knapsacks., AISTATS, 2018"], "David Alvarez-Melis": ["Structured Optimal Transport., AISTATS, 2018"], "Shiqing Yu": ["Graphical Models for Non-Negative Data Using Generalized Score Matching., AISTATS, 2018"], "Bin Gu": ["Asynchronous Doubly Stochastic Group Regularized Learning., AISTATS, 2018"], "Ching-An Cheng": ["Convergence of Value Aggregation for Imitation Learning., AISTATS, 2018"], "Dylan J. Foster": ["Inference in Sparse Graphs with Pairwise Measurements and Side Information., AISTATS, 2018"], "Arkabandhu Chowdhury": ["Parallel and Distributed MCMC via Shepherding Distributions., AISTATS, 2018"], "Pedro Mercado": ["The Power Mean Laplacian for Multilayer Graph Clustering., AISTATS, 2018"], "Sumeet Katariya": ["Adaptive Sampling for Coarse Ranking., AISTATS, 2018"], "Ehsan Kazemi": ["Comparison Based Learning from Weak Oracles., AISTATS, 2018"], "Xuhui Fan": ["The Binary Space Partitioning-Tree Process., AISTATS, 2018"], "Mihai Cucuringu": ["On denoising modulo 1 samples of a function., AISTATS, 2018"], "Morteza Noshad": ["Scalable Hash-Based Estimation of Divergence Measures., AISTATS, 2018"], "Aryan Mokhtari": ["Conditional Gradient Method for Stochastic Submodular Maximization: Closing the Gap., AISTATS, 2018"], "Lin Chen": ["Online Continuous Submodular Maximization., AISTATS, 2018"], "Ferdian Jovan": ["Efficient Bayesian Methods for Counting Processes in Partially Observable Environments., AISTATS, 2018"], "Michael Shvartsman": ["Matrix-normal models for fMRI analysis., AISTATS, 2018"], "Jeffrey Pennington": ["The emergence of spectral universality in deep networks., AISTATS, 2018"], "Mahbod Olfat": ["Spectral Algorithms for Computing Fair Support Vector Machines., AISTATS, 2018"], "He Zhao": ["Bayesian Multi-label Learning with Sparse Features and Labels, and Label Co-occurrences., AISTATS, 2018"], "Rahi Kalantari": ["Nonparametric Bayesian sparse graph linear dynamical systems., AISTATS, 2018"], "Jaan Altosaar": ["Proximity Variational Inference., AISTATS, 2018"], "Yuxin Chen": ["Near-Optimal Machine Teaching via Explanatory Teaching Sets., AISTATS, 2018"], "Siddarth Srinivasan": ["Learning Hidden Quantum Markov Models., AISTATS, 2018"], "Shiau Hong Lim": ["Labeled Graph Clustering via Projected Gradient Descent., AISTATS, 2018"], "Dong Yin": ["Gradient Diversity: a Key Ingredient for Scalable Distributed Learning., AISTATS, 2018"], "Yuting Ye": ["HONES: A Fast and Tuning-free Homotopy Method For Online Newton Step., AISTATS, 2018"], "Krzysztof Onak": ["Probability-Revealing Samples., AISTATS, 2018"], "Tatsunori Hashimoto": ["Derivative Free Optimization Via Repeated Classification., AISTATS, 2018"], "Yanning Shen": ["Online Ensemble Multi-kernel Learning Adaptive to Non-stationary and Adversarial Environments., AISTATS, 2018"], "Chendi Huang": ["A Unified Dynamic Approach to Sparse Model Selection., AISTATS, 2018"], "Costis Daskalakis": ["Bootstrapping EM via Power EM and Convergence in the Naive Bayes Model., AISTATS, 2018"], "Yingzhen Yang": ["Dimensionality Reduced $\\ell^{0}$-Sparse Subspace Clustering., AISTATS, 2018"]}