{"D. Mike Titterington": ["Preface., AISTATS, 2010"], "Zoubin Ghahramani": ["Learning the Structure of Deep Sparse Graphical Models., AISTATS, 2010", "Dependent Indian Buffet Processes., AISTATS, 2010"], "Max Dama": ["Optimal Allocation Strategies for the Dark Pool Problem., AISTATS, 2010"], "Yasemin Altun": ["Multitask Learning for Brain-Computer Interfaces., AISTATS, 2010", "Semi-Supervised Learning via Generalized Maximum Entropy., AISTATS, 2010"], "Neil D. Lawrence": ["Efficient Multioutput Gaussian Processes through Variational Inducing Kernels., AISTATS, 2010", "Bayesian Gaussian Process Latent Variable Model., AISTATS, 2010"], "Padhraic Smyth": ["Learning with Blocks: Composite Likelihood and Contrastive Divergence., AISTATS, 2010"], "Nial Friel": ["Deterministic Bayesian inference for the p* model., AISTATS, 2010", "A generalization of the Multiple-try Metropolis algorithm for Bayesian estimation and model selection., AISTATS, 2010"], "Mehryar Mohri": ["Half Transductive Ranking., AISTATS, 2010"], "Nicole Kr\u00e4mer": ["Kernel Partial Least Squares is Universally Consistent., AISTATS, 2010"], "Jason Weston": ["Towards Understanding Situated Natural Language., AISTATS, 2010"], "Manabu Kuroki": ["Using Descendants as Instrumental Variables for the Identification of Direct Causal Effects in Linear SEMs., AISTATS, 2010"], "Stuart J. Russell": ["Why are DBNs sparse?, AISTATS, 2010"], "Carlos Guestrin": ["Focused Belief Propagation for Query-Specific Inference., AISTATS, 2010", "Nonparametric Tree Graphical Models., AISTATS, 2010"], "Max Welling": ["Parametric Herding., AISTATS, 2010"], "Fabio Corradi": ["Mass Fatality Incident Identification based on nuclear DNA evidence., AISTATS, 2010"], "Ameet Talwalkar": ["On the Impact of Kernel Approximation on Learning Accuracy., AISTATS, 2010"], "Tom Heskes": ["Improving posterior marginal approximations in latent Gaussian models., AISTATS, 2010"], "D\u00e1vid P\u00e1l": ["Impossibility Theorems for Domain Adaptation., AISTATS, 2010"], "Ohad Shamir": ["Multiclass-Multilabel Classification with More Classes than Examples., AISTATS, 2010"], "Olivier Delalleau": ["Tempered Markov Chain Monte Carlo for training of Restricted Boltzmann Machines., AISTATS, 2010"], "Lyle H. Ungar": ["Feature Selection using Multiple Streams., AISTATS, 2010"], "Christos Dimitrakakis": ["Bayesian variable order Markov models., AISTATS, 2010"], "Ninghui Li": ["Nonparametric Bayesian Matrix Factorization by Power-EP., AISTATS, 2010"], "Thierry Arti\u00e8res": ["Neural conditional random fields., AISTATS, 2010"], "Richard Scheines": ["Combining Experiments to Discover Linear Cyclic Models with Latent Variables., AISTATS, 2010"], "Michael Eichler": ["Graphical Gaussian modelling of multivariate time series with latent variables., AISTATS, 2010"], "Pascal Vincent": ["Why Does Unsupervised Pre-training Help Deep Learning?, AISTATS, 2010"], "Damien Ernst": ["Model-Free Monte Carlo-like Policy Evaluation., AISTATS, 2010"], "Michel Dojat": ["A Weighted Multi-Sequence Markov Model For Brain Lesion Segmentation., AISTATS, 2010"], "Daniel M. Roy": ["Posterior distributions are computable from predictive distributions., AISTATS, 2010"], "David Barber": ["Variational methods for Reinforcement Learning., AISTATS, 2010"], "Yoshua Bengio": ["Understanding the difficulty of training deep feedforward neural networks., AISTATS, 2010"], "Rina Dechter": ["On Combining Graph-based Variance Reduction schemes., AISTATS, 2010"], "G\u00e9rard G. Medioni": ["Locally Linear Denoising on Image Manifolds., AISTATS, 2010"], "John Shawe-Taylor": ["Regret Bounds for Gaussian Process Bandit Problems., AISTATS, 2010"], "A. Philip Dawid": ["Sufficient covariates and linear propensity analysis., AISTATS, 2010"], "Scott Sanner": ["Real-time Multiattribute Bayesian Preference Elicitation with Pairwise Comparison Queries., AISTATS, 2010"], "Aapo Hyv\u00e4rinen": ["Noise-contrastive estimation: A new estimation principle for unnormalized statistical models., AISTATS, 2010"], "Hiroshi Mamitsuka": ["Boosted Optimization for Network Classification., AISTATS, 2010"], "Warren B. Powell": ["Dirichlet Process Mixtures of Generalized Linear Models., AISTATS, 2010"], "Liu Yang": ["Negative Results for Active Learning with Convex Losses., AISTATS, 2010"], "Thore Graepel": ["Coherent Inference on Optimal Play in Game Trees., AISTATS, 2010"], "Tony Jebara": ["Collaborative Filtering via Rating Concentration., AISTATS, 2010", "Empirical Bernstein Boosting., AISTATS, 2010"], "Nebojsa Jojic": ["Maximum-likelihood learning of cumulative distribution functions on graphs., AISTATS, 2010"], "Jeff G. Schneider": ["Learning Nonlinear Dynamic Models from Non-sequenced Data., AISTATS, 2010"], "Marina Meila": ["Learning Bayesian Network Structure using LP Relaxations., AISTATS, 2010"], "Francis R. Bach": ["Structured Sparse Principal Component Analysis., AISTATS, 2010"], "Manuel Davy": ["Nonlinear functional regression: a functional RKHS approach., AISTATS, 2010"], "Ambuj Tewari": ["Learning Exponential Families in High-Dimensions: Strong Convexity and Sparsity., AISTATS, 2010"], "Markus Weimer": ["Collaborative Filtering on a Budget., AISTATS, 2010"], "Haesun Park": ["Fast Active-set-type Algorithms for L1-regularized Linear Regression., AISTATS, 2010"], "Pavel Laskov": ["Online Anomaly Detection under Adversarial Impact., AISTATS, 2010"], "Eric P. Xing": ["Ultra-high Dimensional Multiple Output Learning With Simultaneous Orthogonal Matching Pursuit: Screening Approach., AISTATS, 2010"], "Ling Huang": ["Semi-Supervised Learning with Max-Margin Graph Cuts., AISTATS, 2010"], "Parham Aarabi": ["Solving the Uncapacitated Facility Location Problem Using Message Passing Algorithms., AISTATS, 2010"], "Guy Lever": ["Relating Function Class Complexity and Cluster Structure in the Function Domain with Applications to Transduction., AISTATS, 2010"], "Cristian Sminchisescu": ["The Feature Selection Path in Kernel Methods., AISTATS, 2010"], "Dacheng Tao": ["Simple Exponential Family PCA., AISTATS, 2010", "Risk Bounds for Levy Processes in the PAC-Learning Framework., AISTATS, 2010"], "Jun Liu": ["The Group Dantzig Selector., AISTATS, 2010"], "Peter J. Ramadge": ["Descent Methods for Tuning Parameter Refinement., AISTATS, 2010", "Exploiting Covariate Similarity in Sparse Regression via the Pairwise Elastic Net., AISTATS, 2010"], "Martin Pal": ["Contextual Multi-Armed Bandits., AISTATS, 2010"], "Fernando Pereira": ["Exploiting Feature Covariance in High-Dimensional Online Learning., AISTATS, 2010"], "Sayan Mukherjee": ["Supervised Dimension Reduction Using Bayesian Mixture Modeling., AISTATS, 2010"], "Nando de Freitas": ["Inductive Principles for Restricted Boltzmann Machine Learning., AISTATS, 2010"], "Ilya Sutskever": ["Parallelizable Sampling of Markov Random Fields., AISTATS, 2010"], "Tib\u00e9rio S. Caetano": ["Exploiting Within-Clique Factorizations in Junction-Tree Algorithms., AISTATS, 2010"], "Eugene Weinstein": ["Discriminative Topic Segmentation of Text and Speech., AISTATS, 2010"], "David J. C. MacKay": ["Elliptical slice sampling., AISTATS, 2010"], "J. Doug Tygar": ["Near-Optimal Evasion of Convex-Inducing Classifiers., AISTATS, 2010"], "Jan Peters": ["Incremental Sparsification for Real-time Online Model Learning., AISTATS, 2010"], "Daniel D. Lee": ["Fluid Dynamics Models for Low Rank Discriminant Analysis., AISTATS, 2010"], "Jonas Str\u00f6jby": ["Approximation of hidden Markov models by mixtures of experts with application to particle filtering., AISTATS, 2010"], "Mikko Koivisto": ["Bayesian structure discovery in Bayesian networks with less space., AISTATS, 2010"], "Bernhard Sch\u00f6lkopf": ["Identifying Cause and Effect on Discrete Data using Additive Noise Models., AISTATS, 2010"], "Csaba Szepesv\u00e1ri": ["REGO: Rank-based Estimation of Renyi Information using Euclidean Graph Optimization., AISTATS, 2010", "A Markov-Chain Monte Carlo Approach to Simultaneous Localization and Mapping., AISTATS, 2010"], "Hal Daum\u00e9 III": ["Infinite Predictor Subspace Models for Multitask Learning., AISTATS, 2010"], "Geoffrey E. Hinton": ["Factored 3-Way Restricted Boltzmann Machines For Modeling Natural Images., AISTATS, 2010"], "Linda H. Zhao": ["Nonparametric prior for adaptive sparsity., AISTATS, 2010"], "Robert C. Williamson": ["Convexity of Proper Composite Binary Losses., AISTATS, 2010"], "Aki Vehtari": ["Gaussian processes with monotonicity information., AISTATS, 2010"], "Silvia Villa": ["A Regularization Approach to Nonlinear Variable Selection., AISTATS, 2010"], "Drew Bagnell": ["Efficient Reductions for Imitation Learning., AISTATS, 2010"], "Manfred Opper": ["Approximate parameter inference in a stochastic reaction-diffusion model., AISTATS, 2010"], "Sethu Vijayakumar": ["Active Sequential Learning with Tactile Feedback., AISTATS, 2010"], "Naftali Tishby": ["Reducing Label Complexity by Learning From Bags., AISTATS, 2010"], "Hugo Larochelle": ["Efficient Learning of Deep Boltzmann Machines., AISTATS, 2010"], "Trevor Darrell": ["Factorized Orthogonal Latent Spaces., AISTATS, 2010"], "Kevin P. Murphy": ["Convex Structure Learning in Log-Linear Models: Beyond Pairwise Potentials., AISTATS, 2010"], "Nic Schraudolph": ["Polynomial-Time Exact Inference in NP-Hard Binary MRFs via Reweighted Perfect Matching., AISTATS, 2010"], "Magnus Rattray": ["Dense Message Passing for Sparse Principal Component Analysis., AISTATS, 2010"], "Geoffrey J. Gordon": ["Reduced-Rank Hidden Markov Models., AISTATS, 2010"], "A. Robert Calderbank": ["Detecting Weak but Hierarchically-Structured Patterns in Networks., AISTATS, 2010"], "Nikolai Slavov": ["Inference of Sparse Networks with Unobserved Variables. Application to Gene Regulatory Networks., AISTATS, 2010"], "Gert R. G. Lanckriet": ["On the relation between universality, characteristic kernels and RKHS embedding of measures., AISTATS, 2010"], "Daisuke Okanohara": ["Conditional Density Estimation via Least-Squares Density Ratio Estimation., AISTATS, 2010"], "Tijmen Tieleman": ["On the Convergence Properties of Contrastive Divergence., AISTATS, 2010"], "Michael I. Jordan": ["Inference and Learning in Networks of Queues., AISTATS, 2010", "Bayesian Generalized Kernel Models., AISTATS, 2010", "Matrix-Variate Dirichlet Process Mixture Models., AISTATS, 2010"], "Masashi Sugiyama": ["Sufficient Dimension Reduction via Squared-loss Mutual Information Estimation., AISTATS, 2010"], "Richard S. Zemel": ["HOP-MAP: Efficient Message Passing with High Order Potentials., AISTATS, 2010"], "Andrea Vattani": ["Hartigan's Method: k-means Clustering without Voronoi., AISTATS, 2010"], "Stefan Schaal": ["Learning Policy Improvements with Path Integrals., AISTATS, 2010"], "Dan Roth": ["Unsupervised Aggregation for Classification Problems with Large Numbers of Categories., AISTATS, 2010"], "Ioannis G. Tollis": ["Learning Causal Structure from Overlapping Variable Sets., AISTATS, 2010"], "Carl Edward Rasmussen": ["State-Space Inference and Learning with Gaussian Processes., AISTATS, 2010"], "Ali Taylan Cemgil": ["Sequential Monte Carlo Samplers for Dirichlet Process Mixtures., AISTATS, 2010"], "L\u00e9on Bottou": ["Guarantees for Approximate Incremental SVMs., AISTATS, 2010"], "Katherine A. Heller": ["An Alternative Prior Process for Nonparametric Bayesian Clustering., AISTATS, 2010"], "Hamed Valizadegan": ["A Potential-based Framework for Online Multi-class Learning with Partial Feedback., AISTATS, 2010"], "Slobodan Vucetic": ["Online Passive-Aggressive Algorithms on a Budget., AISTATS, 2010"], "Benjamin Taskar": ["Structured Prediction Cascades., AISTATS, 2010"], "Jennifer G. Dy": ["Modeling annotator expertise: Learning when everybody knows a bit of something., AISTATS, 2010"], "K. Hun Mok": ["A highly efficient blocked Gibbs sampler reconstruction of multidimensional NMR spectra., AISTATS, 2010"], "Ralf Herbrich": ["Bayesian Online Learning for Multi-label and Multi-variate Performance Measures., AISTATS, 2010"], "Dit-Yan Yeung": ["Multi-Task Learning using Generalized t Process., AISTATS, 2010"], "Steven C. H. Hoi": ["Exclusive Lasso for Multi-task Feature Selection., AISTATS, 2010"]}