{"Mario Lucic": ["Strong Coresets for Hard and Soft Bregman Clustering with Applications to Exponential Family Mixtures., AISTATS, 2016"], "Olivier Bachem": ["Strong Coresets for Hard and Soft Bregman Clustering with Applications to Exponential Family Mixtures., AISTATS, 2016"], "Andreas Krause": ["Strong Coresets for Hard and Soft Bregman Clustering with Applications to Exponential Family Mixtures., AISTATS, 2016", "Learning Sparse Additive Models with Interactions in High Dimensions., AISTATS, 2016", "Learning Probabilistic Submodular Diversity Models Via Noise Contrastive Estimation., AISTATS, 2016"], "Alexandra Carpentier": ["Revealing Graph Bandits for Maximizing Local Influence., AISTATS, 2016", "Learning Relationships between Data Obtained Independently., AISTATS, 2016"], "Michal Valko": ["Revealing Graph Bandits for Maximizing Local Influence., AISTATS, 2016", "Online Learning with Noisy Side Observations., AISTATS, 2016"], "Anastasios Kyrillidis": ["Convex Block-sparse Linear Regression with Expanders - Provably., AISTATS, 2016", "Learning Sparse Additive Models with Interactions in High Dimensions., AISTATS, 2016", "Bipartite Correlation Clustering: Maximizing Agreements., AISTATS, 2016"], "Bubacarr Bah": ["Convex Block-sparse Linear Regression with Expanders - Provably., AISTATS, 2016"], "Rouzbeh Hasheminezhad": ["Convex Block-sparse Linear Regression with Expanders - Provably., AISTATS, 2016"], "Quoc Tran-Dinh": ["Convex Block-sparse Linear Regression with Expanders - Provably., AISTATS, 2016"], "Luca Baldassarre": ["Convex Block-sparse Linear Regression with Expanders - Provably., AISTATS, 2016"], "Volkan Cevher": ["Convex Block-sparse Linear Regression with Expanders - Provably., AISTATS, 2016", "Limits on Sparse Support Recovery via Linear Sketching with Random Expander Matrices., AISTATS, 2016", "Time-Varying Gaussian Process Bandit Optimization., AISTATS, 2016"], "Daniel Ritchie": ["C3: Lightweight Incrementalized MCMC for Probabilistic Programs using Continuations and Callsite Caching., AISTATS, 2016"], "Andreas Stuhlm\u00fcller": ["C3: Lightweight Incrementalized MCMC for Probabilistic Programs using Continuations and Callsite Caching., AISTATS, 2016"], "Noah D. Goodman": ["C3: Lightweight Incrementalized MCMC for Probabilistic Programs using Continuations and Callsite Caching., AISTATS, 2016"], "Adrian Weller": ["Clamping Improves TRW and Mean Field Approximations., AISTATS, 2016", "Tightness of LP Relaxations for Almost Balanced Models., AISTATS, 2016"], "Justin Domke": ["Clamping Improves TRW and Mean Field Approximations., AISTATS, 2016"], "Mark Rowland": ["Tightness of LP Relaxations for Almost Balanced Models., AISTATS, 2016"], "David Sontag": ["Tightness of LP Relaxations for Almost Balanced Models., AISTATS, 2016"], "Chris J. Oates": ["Control Functionals for Quasi-Monte Carlo Integration., AISTATS, 2016"], "Mark A. Girolami": ["Control Functionals for Quasi-Monte Carlo Integration., AISTATS, 2016"], "Markus Schneider": ["Probability Inequalities for Kernel Embeddings in Sampling without Replacement., AISTATS, 2016"], "Nicolas Goix": ["Sparse Representation of Multivariate Extremes with Applications to Anomaly Ranking., AISTATS, 2016"], "Anne Sabourin": ["Sparse Representation of Multivariate Extremes with Applications to Anomaly Ranking., AISTATS, 2016"], "St\u00e9phan Cl\u00e9men\u00e7on": ["Sparse Representation of Multivariate Extremes with Applications to Anomaly Ranking., AISTATS, 2016"], "Yale Chang": ["A Robust-Equitable Copula Dependence Measure for Feature Selection., AISTATS, 2016"], "Yi Li": ["A Robust-Equitable Copula Dependence Measure for Feature Selection., AISTATS, 2016"], "A. Adam Ding": ["A Robust-Equitable Copula Dependence Measure for Feature Selection., AISTATS, 2016"], "Jennifer G. Dy": ["A Robust-Equitable Copula Dependence Measure for Feature Selection., AISTATS, 2016"], "Rapha\u00ebl F\u00e9raud": ["Random Forest for the Contextual Bandit Problem., AISTATS, 2016"], "Robin Allesiardo": ["Random Forest for the Contextual Bandit Problem., AISTATS, 2016"], "Tanguy Urvoy": ["Random Forest for the Contextual Bandit Problem., AISTATS, 2016"], "Fabrice Cl\u00e9rot": ["Random Forest for the Contextual Bandit Problem., AISTATS, 2016"], "Michael Herman": ["Inverse Reinforcement Learning with Simultaneous Estimation of Rewards and Dynamics., AISTATS, 2016"], "Tobias Gindele": ["Inverse Reinforcement Learning with Simultaneous Estimation of Rewards and Dynamics., AISTATS, 2016"], "J\u00f6rg Wagner": ["Inverse Reinforcement Learning with Simultaneous Estimation of Rewards and Dynamics., AISTATS, 2016"], "Felix Schmitt": ["Inverse Reinforcement Learning with Simultaneous Estimation of Rewards and Dynamics., AISTATS, 2016"], "Wolfram Burgard": ["Inverse Reinforcement Learning with Simultaneous Estimation of Rewards and Dynamics., AISTATS, 2016"], "Hemant Tyagi": ["Learning Sparse Additive Models with Interactions in High Dimensions., AISTATS, 2016"], "Bernd G\u00e4rtner": ["Learning Sparse Additive Models with Interactions in High Dimensions., AISTATS, 2016"], "Megasthenis Asteris": ["Bipartite Correlation Clustering: Maximizing Agreements., AISTATS, 2016"], "Dimitris S. Papailiopoulos": ["Bipartite Correlation Clustering: Maximizing Agreements., AISTATS, 2016"], "Alexandros G. Dimakis": ["Bipartite Correlation Clustering: Maximizing Agreements., AISTATS, 2016"], "Sergey Bartunov": ["Breaking Sticks and Ambiguities with Adaptive Skip-gram., AISTATS, 2016"], "Dmitry Kondrashkin": ["Breaking Sticks and Ambiguities with Adaptive Skip-gram., AISTATS, 2016"], "Anton Osokin": ["Breaking Sticks and Ambiguities with Adaptive Skip-gram., AISTATS, 2016"], "Dmitry P. Vetrov": ["Breaking Sticks and Ambiguities with Adaptive Skip-gram., AISTATS, 2016"], "Kwang-Sung Jun": ["Top Arm Identification in Multi-Armed Bandits with Batch Arm Pulls., AISTATS, 2016"], "Kevin G. Jamieson": ["Top Arm Identification in Multi-Armed Bandits with Batch Arm Pulls., AISTATS, 2016", "Non-stochastic Best Arm Identification and Hyperparameter Optimization., AISTATS, 2016"], "Robert D. Nowak": ["Top Arm Identification in Multi-Armed Bandits with Batch Arm Pulls., AISTATS, 2016", "Ordered Weighted L1 Regularized Regression with Strongly Correlated Covariates: Theoretical Aspects., AISTATS, 2016"], "Xiaojin Zhu": ["Top Arm Identification in Multi-Armed Bandits with Batch Arm Pulls., AISTATS, 2016"], "Jonathan Scarlett": ["Limits on Sparse Support Recovery via Linear Sketching with Random Expander Matrices., AISTATS, 2016", "Time-Varying Gaussian Process Bandit Optimization., AISTATS, 2016"], "Lee H. Dicker": ["Maximum Likelihood for Variance Estimation in High-Dimensional Linear Models., AISTATS, 2016"], "Murat A. Erdogdu": ["Maximum Likelihood for Variance Estimation in High-Dimensional Linear Models., AISTATS, 2016"], "Daniel Hern\u00e1ndez-Lobato": ["Scalable Gaussian Process Classification via Expectation Propagation., AISTATS, 2016"], "Jos\u00e9 Miguel Hern\u00e1ndez-Lobato": ["Scalable Gaussian Process Classification via Expectation Propagation., AISTATS, 2016"], "Lingxiao Wang": ["Precision Matrix Estimation in High Dimensional Gaussian Graphical Models with Faster Rates., AISTATS, 2016"], "Xiang Ren": ["Precision Matrix Estimation in High Dimensional Gaussian Graphical Models with Faster Rates., AISTATS, 2016"], "Quanquan Gu": ["Precision Matrix Estimation in High Dimensional Gaussian Graphical Models with Faster Rates., AISTATS, 2016", "Optimal Statistical and Computational Rates for One Bit Matrix Completion., AISTATS, 2016", "Low-Rank and Sparse Structure Pursuit via Alternating Minimization., AISTATS, 2016"], "Jincheng Mei": ["On the Reducibility of Submodular Functions., AISTATS, 2016"], "Hao Zhang": ["On the Reducibility of Submodular Functions., AISTATS, 2016"], "Bao-Liang Lu": ["On the Reducibility of Submodular Functions., AISTATS, 2016"], "Atsushi Nitanda": ["Accelerated Stochastic Gradient Descent for Minimizing Finite Sums., AISTATS, 2016"], "Martin Boissier": ["Fast Convergence of Online Pairwise Learning Algorithms., AISTATS, 2016"], "Siwei Lyu": ["Fast Convergence of Online Pairwise Learning Algorithms., AISTATS, 2016"], "Yiming Ying": ["Fast Convergence of Online Pairwise Learning Algorithms., AISTATS, 2016"], "Ding-Xuan Zhou": ["Fast Convergence of Online Pairwise Learning Algorithms., AISTATS, 2016"], "Andreas Svensson": ["Computationally Efficient Bayesian Learning of Gaussian Process State Space Models., AISTATS, 2016"], "Arno Solin": ["Computationally Efficient Bayesian Learning of Gaussian Process State Space Models., AISTATS, 2016"], "Simo S\u00e4rkk\u00e4": ["Computationally Efficient Bayesian Learning of Gaussian Process State Space Models., AISTATS, 2016"], "Thomas B. Sch\u00f6n": ["Computationally Efficient Bayesian Learning of Gaussian Process State Space Models., AISTATS, 2016"], "Yaniv Tenzer": ["Generalized Ideal Parent (GIP): Discovering non-Gaussian Hidden Variables., AISTATS, 2016"], "Gal Elidan": ["Generalized Ideal Parent (GIP): Discovering non-Gaussian Hidden Variables., AISTATS, 2016", "Improper Deep Kernels., AISTATS, 2016"], "Alexander G. de G. Matthews": ["On Sparse Variational Methods and the Kullback-Leibler Divergence between Stochastic Processes., AISTATS, 2016"], "James Hensman": ["On Sparse Variational Methods and the Kullback-Leibler Divergence between Stochastic Processes., AISTATS, 2016", "Chained Gaussian Processes., AISTATS, 2016"], "Richard E. Turner": ["On Sparse Variational Methods and the Kullback-Leibler Divergence between Stochastic Processes., AISTATS, 2016"], "Zoubin Ghahramani": ["On Sparse Variational Methods and the Kullback-Leibler Divergence between Stochastic Processes., AISTATS, 2016", "Bayesian Generalised Ensemble Markov Chain Monte Carlo., AISTATS, 2016"], "Ameet Talwalkar": ["Non-stochastic Best Arm Identification and Hyperparameter Optimization., AISTATS, 2016", "Supervised Neighborhoods for Distributed Nonparametric Regression., AISTATS, 2016"], "Philipp Moritz": ["A Linearly-Convergent Stochastic L-BFGS Algorithm., AISTATS, 2016"], "Robert Nishihara": ["A Linearly-Convergent Stochastic L-BFGS Algorithm., AISTATS, 2016", "No Regret Bound for Extreme Bandits., AISTATS, 2016"], "Michael I. Jordan": ["A Linearly-Convergent Stochastic L-BFGS Algorithm., AISTATS, 2016"], "David Lopez-Paz": ["No Regret Bound for Extreme Bandits., AISTATS, 2016"], "L\u00e9on Bottou": ["No Regret Bound for Extreme Bandits., AISTATS, 2016"], "Anima Anandkumar": ["Tensor vs. Matrix Methods: Robust Tensor Decomposition under Block Sparse Perturbations., AISTATS, 2016", "Provable Tensor Methods for Learning Mixtures of Generalized Linear Models., AISTATS, 2016"], "Prateek Jain": ["Tensor vs. Matrix Methods: Robust Tensor Decomposition under Block Sparse Perturbations., AISTATS, 2016"], "Yang Shi": ["Tensor vs. Matrix Methods: Robust Tensor Decomposition under Block Sparse Perturbations., AISTATS, 2016"], "U. N. Niranjan": ["Tensor vs. Matrix Methods: Robust Tensor Decomposition under Block Sparse Perturbations., AISTATS, 2016"], "Sougata Chaudhuri": ["Online Learning to Rank with Feedback at the Top., AISTATS, 2016"], "Ambuj Tewari": ["Online Learning to Rank with Feedback at the Top., AISTATS, 2016"], "Christopher Srinivasa": ["Survey Propagation beyond Constraint Satisfaction Problems., AISTATS, 2016"], "Siamak Ravanbakhsh": ["Survey Propagation beyond Constraint Satisfaction Problems., AISTATS, 2016", "Stochastic Neural Networks with Monotonic Activation Functions., AISTATS, 2016"], "Brendan J. Frey": ["Survey Propagation beyond Constraint Satisfaction Problems., AISTATS, 2016"], "Bal\u00e1zs Csan\u00e1d Cs\u00e1ji": ["Score Permutation Based Finite Sample Inference for Generalized AutoRegressive Conditional Heteroskedasticity (GARCH) Models., AISTATS, 2016"], "Vikas K. Garg": ["CRAFT: ClusteR-specific Assorted Feature selecTion., AISTATS, 2016"], "Cynthia Rudin": ["CRAFT: ClusteR-specific Assorted Feature selecTion., AISTATS, 2016"], "Tommi S. Jaakkola": ["CRAFT: ClusteR-specific Assorted Feature selecTion., AISTATS, 2016"], "Ilija Bogunovic": ["Time-Varying Gaussian Process Bandit Optimization., AISTATS, 2016"], "Weici Hu": ["Bayes-Optimal Effort Allocation in Crowdsourcing: Bounds and Index Policies., AISTATS, 2016"], "Peter I. Frazier": ["Bayes-Optimal Effort Allocation in Crowdsourcing: Bounds and Index Policies., AISTATS, 2016"], "Dinu Kaufmann": ["Bayesian Markov Blanket Estimation., AISTATS, 2016"], "Sonali Parbhoo": ["Bayesian Markov Blanket Estimation., AISTATS, 2016"], "Aleksander Wieczorek": ["Bayesian Markov Blanket Estimation., AISTATS, 2016"], "Sebastian Keller": ["Bayesian Markov Blanket Estimation., AISTATS, 2016"], "David Adametz": ["Bayesian Markov Blanket Estimation., AISTATS, 2016"], "Volker Roth": ["Bayesian Markov Blanket Estimation., AISTATS, 2016"], "S\u00f8ren Hauberg": ["Dreaming More Data: Class-dependent Distributions over Diffeomorphisms for Learned Data Augmentation., AISTATS, 2016"], "Oren Freifeld": ["Dreaming More Data: Class-dependent Distributions over Diffeomorphisms for Learned Data Augmentation., AISTATS, 2016"], "Anders Boesen Lindbo Larsen": ["Dreaming More Data: Class-dependent Distributions over Diffeomorphisms for Learned Data Augmentation., AISTATS, 2016"], "John W. Fisher III": ["Dreaming More Data: Class-dependent Distributions over Diffeomorphisms for Learned Data Augmentation., AISTATS, 2016"], "Lars Kai Hansen": ["Dreaming More Data: Class-dependent Distributions over Diffeomorphisms for Learned Data Augmentation., AISTATS, 2016"], "Ariel Jaffe": ["Unsupervised Ensemble Learning with Dependent Classifiers., AISTATS, 2016"], "Ethan Fetaya": ["Unsupervised Ensemble Learning with Dependent Classifiers., AISTATS, 2016"], "Boaz Nadler": ["Unsupervised Ensemble Learning with Dependent Classifiers., AISTATS, 2016"], "Tingting Jiang": ["Unsupervised Ensemble Learning with Dependent Classifiers., AISTATS, 2016"], "Yuval Kluger": ["Unsupervised Ensemble Learning with Dependent Classifiers., AISTATS, 2016"], "Krzysztof Chalupka": ["Multi-Level Cause-Effect Systems., AISTATS, 2016"], "Frederick Eberhardt": ["Multi-Level Cause-Effect Systems., AISTATS, 2016"], "Pietro Perona": ["Multi-Level Cause-Effect Systems., AISTATS, 2016"], "Andrew Gordon Wilson": ["Deep Kernel Learning., AISTATS, 2016", "Scalable Gaussian Processes for Characterizing Multidimensional Change Surfaces., AISTATS, 2016", "Bayesian Nonparametric Kernel-Learning., AISTATS, 2016"], "Zhiting Hu": ["Deep Kernel Learning., AISTATS, 2016"], "Ruslan Salakhutdinov": ["Deep Kernel Learning., AISTATS, 2016"], "Eric P. Xing": ["Deep Kernel Learning., AISTATS, 2016", "On Convergence of Model Parallel Proximal Gradient Algorithm for Stale Synchronous Parallel System., AISTATS, 2016", "Scalable Gaussian Processes for Characterizing Multidimensional Change Surfaces., AISTATS, 2016", "Bayesian Nonparametric Kernel-Learning., AISTATS, 2016", "Scalable and Sound Low-Rank Tensor Learning., AISTATS, 2016"], "Lee-Ad Gottlieb": ["Nearly Optimal Classification for Semimetrics., AISTATS, 2016"], "Aryeh Kontorovich": ["Nearly Optimal Classification for Semimetrics., AISTATS, 2016"], "Pinhas Nisnevitch": ["Nearly Optimal Classification for Semimetrics., AISTATS, 2016"], "Chris M. Lloyd": ["Latent Point Process Allocation., AISTATS, 2016"], "Tom Gunter": ["Latent Point Process Allocation., AISTATS, 2016"], "Michael A. Osborne": ["Latent Point Process Allocation., AISTATS, 2016", "GLASSES: Relieving The Myopia Of Bayesian Optimisation., AISTATS, 2016"], "Stephen J. Roberts": ["Latent Point Process Allocation., AISTATS, 2016"], "Tom Nickson": ["Latent Point Process Allocation., AISTATS, 2016"], "Mijung Park": ["K2-ABC: Approximate Bayesian Computation with Kernel Embeddings., AISTATS, 2016"], "Wittawat Jitkrittum": ["K2-ABC: Approximate Bayesian Computation with Kernel Embeddings., AISTATS, 2016"], "Dino Sejdinovic": ["K2-ABC: Approximate Bayesian Computation with Kernel Embeddings., AISTATS, 2016"], "Jes Frellsen": ["Bayesian Generalised Ensemble Markov Chain Monte Carlo., AISTATS, 2016"], "Ole Winther": ["Bayesian Generalised Ensemble Markov Chain Monte Carlo., AISTATS, 2016"], "Jesper Ferkinghoff-Borg": ["Bayesian Generalised Ensemble Markov Chain Monte Carlo., AISTATS, 2016"], "Yan Li": ["A Lasso-based Sparse Knowledge Gradient Policy for Sequential Optimal Learning., AISTATS, 2016"], "Han Liu": ["A Lasso-based Sparse Knowledge Gradient Policy for Sequential Optimal Learning., AISTATS, 2016", "An Improved Convergence Analysis of Cyclic Block Coordinate Descent-type Methods for Strongly Convex Minimization., AISTATS, 2016", "Low-Rank and Sparse Structure Pursuit via Alternating Minimization., AISTATS, 2016"], "Warren B. Powell": ["A Lasso-based Sparse Knowledge Gradient Policy for Sequential Optimal Learning., AISTATS, 2016"], "Renkun Ni": ["Optimal Statistical and Computational Rates for One Bit Matrix Completion., AISTATS, 2016"], "Luc B\u00e9gin": ["PAC-Bayesian Bounds based on the R\u00e9nyi Divergence., AISTATS, 2016"], "Pascal Germain": ["PAC-Bayesian Bounds based on the R\u00e9nyi Divergence., AISTATS, 2016"], "Fran\u00e7ois Laviolette": ["PAC-Bayesian Bounds based on the R\u00e9nyi Divergence., AISTATS, 2016", "A Column Generation Bound Minimization Approach with PAC-Bayesian Generalization Guarantees., AISTATS, 2016"], "Jean-Francis Roy": ["PAC-Bayesian Bounds based on the R\u00e9nyi Divergence., AISTATS, 2016", "A Column Generation Bound Minimization Approach with PAC-Bayesian Generalization Guarantees., AISTATS, 2016"], "Mihai Cucuringu": ["Simple and Scalable Constrained Clustering: a Generalized Spectral Method., AISTATS, 2016"], "Ioannis Koutis": ["Simple and Scalable Constrained Clustering: a Generalized Spectral Method., AISTATS, 2016"], "Sanjay Chawla": ["Simple and Scalable Constrained Clustering: a Generalized Spectral Method., AISTATS, 2016"], "Gary L. Miller": ["Simple and Scalable Constrained Clustering: a Generalized Spectral Method., AISTATS, 2016"], "Richard Peng": ["Simple and Scalable Constrained Clustering: a Generalized Spectral Method., AISTATS, 2016"], "Avradeep Bhowmik": ["Geometry Aware Mappings for High Dimensional Sparse Factors., AISTATS, 2016"], "Nathan Liu": ["Geometry Aware Mappings for High Dimensional Sparse Factors., AISTATS, 2016"], "Erheng Zhong": ["Geometry Aware Mappings for High Dimensional Sparse Factors., AISTATS, 2016"], "Badri Narayan Bhaskar": ["Geometry Aware Mappings for High Dimensional Sparse Factors., AISTATS, 2016"], "Suju Rajan": ["Geometry Aware Mappings for High Dimensional Sparse Factors., AISTATS, 2016"], "Chen-Yu Lee": ["Generalizing Pooling Functions in Convolutional Neural Networks: Mixed, Gated, and Tree., AISTATS, 2016"], "Patrick W. Gallagher": ["Generalizing Pooling Functions in Convolutional Neural Networks: Mixed, Gated, and Tree., AISTATS, 2016"], "Zhuowen Tu": ["Generalizing Pooling Functions in Convolutional Neural Networks: Mixed, Gated, and Tree., AISTATS, 2016"], "Chun-Liang Li": ["Rivalry of Two Families of Algorithms for Memory-Restricted Streaming PCA., AISTATS, 2016", "High Dimensional Bayesian Optimization via Restricted Projection Pursuit Models., AISTATS, 2016"], "Hsuan-Tien Lin": ["Rivalry of Two Families of Algorithms for Memory-Restricted Streaming PCA., AISTATS, 2016"], "Chi-Jen Lu": ["Rivalry of Two Families of Algorithms for Memory-Restricted Streaming PCA., AISTATS, 2016"], "Ruiqi Guo": ["Quantization based Fast Inner Product Search., AISTATS, 2016"], "Sanjiv Kumar": ["Quantization based Fast Inner Product Search., AISTATS, 2016"], "Krzysztof Choromanski": ["Quantization based Fast Inner Product Search., AISTATS, 2016"], "David Simcha": ["Quantization based Fast Inner Product Search., AISTATS, 2016"], "Xingguo Li": ["An Improved Convergence Analysis of Cyclic Block Coordinate Descent-type Methods for Strongly Convex Minimization., AISTATS, 2016"], "Tuo Zhao": ["An Improved Convergence Analysis of Cyclic Block Coordinate Descent-type Methods for Strongly Convex Minimization., AISTATS, 2016"], "Raman Arora": ["An Improved Convergence Analysis of Cyclic Block Coordinate Descent-type Methods for Strongly Convex Minimization., AISTATS, 2016"], "Mingyi Hong": ["An Improved Convergence Analysis of Cyclic Block Coordinate Descent-type Methods for Strongly Convex Minimization., AISTATS, 2016"], "Jie Shen": ["Learning Structured Low-Rank Representation via Matrix Factorization., AISTATS, 2016"], "Ping Li": ["Learning Structured Low-Rank Representation via Matrix Factorization., AISTATS, 2016", "One Scan 1-Bit Compressed Sensing., AISTATS, 2016"], "Zhaohan Daniel Guo": ["A PAC RL Algorithm for Episodic POMDPs., AISTATS, 2016"], "Shayan Doroudi": ["A PAC RL Algorithm for Episodic POMDPs., AISTATS, 2016"], "Emma Brunskill": ["A PAC RL Algorithm for Episodic POMDPs., AISTATS, 2016"], "Sujith Ravi": ["Large Scale Distributed Semi-Supervised Learning Using Streaming Approximation., AISTATS, 2016"], "Qiming Diao": ["Large Scale Distributed Semi-Supervised Learning Using Streaming Approximation., AISTATS, 2016"], "Calvin McCarter": ["Large-Scale Optimization Algorithms for Sparse Conditional Gaussian Graphical Models., AISTATS, 2016"], "Seyoung Kim": ["Large-Scale Optimization Algorithms for Sparse Conditional Gaussian Graphical Models., AISTATS, 2016"], "Yining Wang": ["Graph Connectivity in Noisy Sparse Subspace Clustering., AISTATS, 2016"], "Yu-Xiang Wang": ["Graph Connectivity in Noisy Sparse Subspace Clustering., AISTATS, 2016", "Graph Sparsification Approaches for Laplacian Smoothing., AISTATS, 2016"], "Aarti Singh": ["Graph Connectivity in Noisy Sparse Subspace Clustering., AISTATS, 2016", "Active Learning Algorithms for Graphical Model Selection., AISTATS, 2016"], "Yu Nishiyama": ["The Nonparametric Kernel Bayes Smoother., AISTATS, 2016"], "Amir Afsharinejad": ["The Nonparametric Kernel Bayes Smoother., AISTATS, 2016"], "Shunsuke Naruse": ["The Nonparametric Kernel Bayes Smoother., AISTATS, 2016"], "Byron Boots": ["The Nonparametric Kernel Bayes Smoother., AISTATS, 2016"], "Le Song": ["The Nonparametric Kernel Bayes Smoother., AISTATS, 2016", "Provable Bayesian Inference via Particle Mirror Descent., AISTATS, 2016"], "Asela Gunawardana": ["Universal Models of Multivariate Temporal Point Processes., AISTATS, 2016"], "Christopher Meek": ["Universal Models of Multivariate Temporal Point Processes., AISTATS, 2016"], "Zhitang Chen": ["Online Relative Entropy Policy Search using Reproducing Kernel Hilbert Space Embeddings., AISTATS, 2016"], "Pascal Poupart": ["Online Relative Entropy Policy Search using Reproducing Kernel Hilbert Space Embeddings., AISTATS, 2016", "Online and Distributed Bayesian Moment Matching for Parameter Learning in Sum-Product Networks., AISTATS, 2016"], "Yanhui Geng": ["Online Relative Entropy Policy Search using Reproducing Kernel Hilbert Space Embeddings., AISTATS, 2016"], "Muneki Yasuda": ["Relationship between PreTraining and Maximum Likelihood Estimation in Deep Boltzmann Machines., AISTATS, 2016"], "Eunice Yuh-Jie Chen": ["Enumerating Equivalence Classes of Bayesian Networks using EC Graphs., AISTATS, 2016"], "Arthur Choi": ["Enumerating Equivalence Classes of Bayesian Networks using EC Graphs., AISTATS, 2016"], "Adnan Darwiche": ["Enumerating Equivalence Classes of Bayesian Networks using EC Graphs., AISTATS, 2016"], "Zhaoran Wang": ["Low-Rank and Sparse Structure Pursuit via Alternating Minimization., AISTATS, 2016"], "Eli A. Meirom": ["NuC-MKL: A Convex Approach to Non Linear Multiple Kernel Learning., AISTATS, 2016"], "Pavel Kisilev": ["NuC-MKL: A Convex Approach to Non Linear Multiple Kernel Learning., AISTATS, 2016"], "Fanhua Shang": ["Tractable and Scalable Schatten Quasi-Norm Approximations for Rank Minimization., AISTATS, 2016"], "Yuanyuan Liu": ["Tractable and Scalable Schatten Quasi-Norm Approximations for Rank Minimization., AISTATS, 2016"], "James Cheng": ["Tractable and Scalable Schatten Quasi-Norm Approximations for Rank Minimization., AISTATS, 2016"], "Antoine Rolet": ["Fast Dictionary Learning with a Smoothed Wasserstein Loss., AISTATS, 2016"], "Marco Cuturi": ["Fast Dictionary Learning with a Smoothed Wasserstein Loss., AISTATS, 2016"], "Gabriel Peyr\u00e9": ["Fast Dictionary Learning with a Smoothed Wasserstein Loss., AISTATS, 2016"], "Canh Hao Nguyen": ["New Resistance Distances with Global Information on Large Graphs., AISTATS, 2016"], "Hiroshi Mamitsuka": ["New Resistance Distances with Global Information on Large Graphs., AISTATS, 2016"], "Javier Gonz\u00e1lez": ["Batch Bayesian Optimization via Local Penalization., AISTATS, 2016", "GLASSES: Relieving The Myopia Of Bayesian Optimisation., AISTATS, 2016"], "Zhenwen Dai": ["Batch Bayesian Optimization via Local Penalization., AISTATS, 2016"], "Philipp Hennig": ["Batch Bayesian Optimization via Local Penalization., AISTATS, 2016", "Probabilistic Approximate Least-Squares., AISTATS, 2016"], "Neil D. Lawrence": ["Batch Bayesian Optimization via Local Penalization., AISTATS, 2016", "GLASSES: Relieving The Myopia Of Bayesian Optimisation., AISTATS, 2016", "Chained Gaussian Processes., AISTATS, 2016"], "Trung Le": ["Nonparametric Budgeted Stochastic Gradient Descent., AISTATS, 2016"], "Vu Nguyen": ["Nonparametric Budgeted Stochastic Gradient Descent., AISTATS, 2016"], "Tu Dinh Nguyen": ["Nonparametric Budgeted Stochastic Gradient Descent., AISTATS, 2016"], "Dinh Q. Phung": ["Nonparametric Budgeted Stochastic Gradient Descent., AISTATS, 2016"], "Teresa Schlueter": ["Learning Relationships between Data Obtained Independently., AISTATS, 2016"], "Heejin Choi": ["Fast and Scalable Structural SVM with Slack Rescaling., AISTATS, 2016"], "Ofer Meshi": ["Fast and Scalable Structural SVM with Slack Rescaling., AISTATS, 2016"], "Nathan Srebro": ["Fast and Scalable Structural SVM with Slack Rescaling., AISTATS, 2016", "Distributed Multi-Task Learning., AISTATS, 2016"], "Simon Bartels": ["Probabilistic Approximate Least-Squares., AISTATS, 2016"], "Duc Thien Nguyen": ["Approximate Inference Using DC Programming For Collective Graphical Models., AISTATS, 2016"], "Akshat Kumar": ["Approximate Inference Using DC Programming For Collective Graphical Models., AISTATS, 2016"], "Hoong Chuin Lau": ["Approximate Inference Using DC Programming For Collective Graphical Models., AISTATS, 2016"], "Daniel Sheldon": ["Approximate Inference Using DC Programming For Collective Graphical Models., AISTATS, 2016", "Consistently Estimating Markov Chains with Noisy Aggregate Data., AISTATS, 2016"], "Yali Wang": ["Sequential Inference for Deep Gaussian Process., AISTATS, 2016"], "Marcus A. Brubaker": ["Sequential Inference for Deep Gaussian Process., AISTATS, 2016"], "Brahim Chaib-draa": ["Sequential Inference for Deep Gaussian Process., AISTATS, 2016"], "Raquel Urtasun": ["Sequential Inference for Deep Gaussian Process., AISTATS, 2016"], "Stephan Mandt": ["Variational Tempering., AISTATS, 2016"], "James McInerney": ["Variational Tempering., AISTATS, 2016"], "Farhan Abrol": ["Variational Tempering., AISTATS, 2016"], "Rajesh Ranganath": ["Variational Tempering., AISTATS, 2016"], "David M. Blei": ["Variational Tempering., AISTATS, 2016"], "Yi Zhou": ["On Convergence of Model Parallel Proximal Gradient Algorithm for Stale Synchronous Parallel System., AISTATS, 2016"], "Yaoliang Yu": ["On Convergence of Model Parallel Proximal Gradient Algorithm for Stale Synchronous Parallel System., AISTATS, 2016", "Scalable and Sound Low-Rank Tensor Learning., AISTATS, 2016"], "Wei Dai": ["On Convergence of Model Parallel Proximal Gradient Algorithm for Stale Synchronous Parallel System., AISTATS, 2016"], "Yingbin Liang": ["On Convergence of Model Parallel Proximal Gradient Algorithm for Stale Synchronous Parallel System., AISTATS, 2016"], "Wenzhe Li": ["Scalable MCMC for Mixed Membership Stochastic Blockmodels., AISTATS, 2016"], "Sungjin Ahn": ["Scalable MCMC for Mixed Membership Stochastic Blockmodels., AISTATS, 2016"], "Max Welling": ["Scalable MCMC for Mixed Membership Stochastic Blockmodels., AISTATS, 2016"], "Markus Heinonen": ["Non-Stationary Gaussian Process Regression with Hamiltonian Monte Carlo., AISTATS, 2016"], "Henrik Mannerstr\u00f6m": ["Non-Stationary Gaussian Process Regression with Hamiltonian Monte Carlo., AISTATS, 2016"], "Juho Rousu": ["Non-Stationary Gaussian Process Regression with Hamiltonian Monte Carlo., AISTATS, 2016"], "Samuel Kaski": ["Non-Stationary Gaussian Process Regression with Hamiltonian Monte Carlo., AISTATS, 2016"], "Harri L\u00e4hdesm\u00e4ki": ["Non-Stationary Gaussian Process Regression with Hamiltonian Monte Carlo., AISTATS, 2016"], "Yunchen Pu": ["A Deep Generative Deconvolutional Image Model., AISTATS, 2016"], "Xin Yuan": ["A Deep Generative Deconvolutional Image Model., AISTATS, 2016"], "Andrew Stevens": ["A Deep Generative Deconvolutional Image Model., AISTATS, 2016"], "Chunyuan Li": ["A Deep Generative Deconvolutional Image Model., AISTATS, 2016", "Bridging the Gap between Stochastic Gradient MCMC and Stochastic Optimization., AISTATS, 2016"], "Lawrence Carin": ["A Deep Generative Deconvolutional Image Model., AISTATS, 2016", "Variational Gaussian Copula Inference., AISTATS, 2016", "Bridging the Gap between Stochastic Gradient MCMC and Stochastic Optimization., AISTATS, 2016", "Non-negative Matrix Factorization for Discrete Data with Hierarchical Side-Information., AISTATS, 2016", "Topic-Based Embeddings for Learning from Large Knowledge Graphs., AISTATS, 2016", "Learning Sigmoid Belief Networks via Monte Carlo Expectation Maximization., AISTATS, 2016", "Parallel Majorization Minimization with Dynamically Restricted Domains for Nonconvex Optimization., AISTATS, 2016"], "Jialei Wang": ["Distributed Multi-Task Learning., AISTATS, 2016", "Inference for High-dimensional Exponential Family Graphical Models., AISTATS, 2016"], "Mladen Kolar": ["Distributed Multi-Task Learning., AISTATS, 2016", "Inference for High-dimensional Exponential Family Graphical Models., AISTATS, 2016"], "Rishit Sheth": ["A Fixed-Point Operator for Inference in Variational Bayesian Latent Gaussian Models., AISTATS, 2016"], "Roni Khardon": ["A Fixed-Point Operator for Inference in Variational Bayesian Latent Gaussian Models., AISTATS, 2016"], "Sebastian Tschiatschek": ["Learning Probabilistic Submodular Diversity Models Via Noise Contrastive Estimation., AISTATS, 2016"], "Josip Djolonga": ["Learning Probabilistic Submodular Diversity Models Via Noise Contrastive Estimation., AISTATS, 2016"], "Sangkyun Lee": ["Fast Saddle-Point Algorithm for Generalized Dantzig Selector and FDR Control with Ordered L1-Norm., AISTATS, 2016"], "Damian Brzyski": ["Fast Saddle-Point Algorithm for Generalized Dantzig Selector and FDR Control with Ordered L1-Norm., AISTATS, 2016"], "Malgorzata Bogdan": ["Fast Saddle-Point Algorithm for Generalized Dantzig Selector and FDR Control with Ordered L1-Norm., AISTATS, 2016"], "Aonan Zhang": ["Stochastic Variational Inference for the HDP-HMM., AISTATS, 2016"], "San Gultekin": ["Stochastic Variational Inference for the HDP-HMM., AISTATS, 2016"], "John Paisley": ["Stochastic Variational Inference for the HDP-HMM., AISTATS, 2016"], "Barnab\u00e1s P\u00f3czos": ["Stochastic Neural Networks with Monotonic Activation Functions., AISTATS, 2016", "High Dimensional Bayesian Optimization via Restricted Projection Pursuit Models., AISTATS, 2016", "Bayesian Nonparametric Kernel-Learning., AISTATS, 2016"], "Jeff G. Schneider": ["Stochastic Neural Networks with Monotonic Activation Functions., AISTATS, 2016", "High Dimensional Bayesian Optimization via Restricted Projection Pursuit Models., AISTATS, 2016", "Bayesian Nonparametric Kernel-Learning., AISTATS, 2016"], "Dale Schuurmans": ["Stochastic Neural Networks with Monotonic Activation Functions., AISTATS, 2016", "Scalable and Sound Low-Rank Tensor Learning., AISTATS, 2016"], "Russell Greiner": ["Stochastic Neural Networks with Monotonic Activation Functions., AISTATS, 2016"], "Xiaowei Hu": ["(Bandit) Convex Optimization with Biased Noisy Gradient Oracles., AISTATS, 2016"], "Prashanth L. A.": ["(Bandit) Convex Optimization with Biased Noisy Gradient Oracles., AISTATS, 2016"], "Andr\u00e1s Gy\u00f6rgy": ["(Bandit) Convex Optimization with Biased Noisy Gradient Oracles., AISTATS, 2016"], "Csaba Szepesv\u00e1ri": ["(Bandit) Convex Optimization with Biased Noisy Gradient Oracles., AISTATS, 2016"], "Shaobo Han": ["Variational Gaussian Copula Inference., AISTATS, 2016"], "Xuejun Liao": ["Variational Gaussian Copula Inference., AISTATS, 2016"], "David B. Dunson": ["Variational Gaussian Copula Inference., AISTATS, 2016", "Scalable geometric density estimation., AISTATS, 2016"], "Guillaume Rabusseau": ["Low-Rank Approximation of Weighted Tree Automata., AISTATS, 2016"], "Borja Balle": ["Low-Rank Approximation of Weighted Tree Automata., AISTATS, 2016"], "Shay B. Cohen": ["Low-Rank Approximation of Weighted Tree Automata., AISTATS, 2016"], "Mehryar Mohri": ["Accelerating Online Convex Optimization via Adaptive Prediction., AISTATS, 2016"], "Scott Yang": ["Accelerating Online Convex Optimization via Adaptive Prediction., AISTATS, 2016"], "Ye Wang": ["Scalable geometric density estimation., AISTATS, 2016"], "Antonio Canale": ["Scalable geometric density estimation., AISTATS, 2016"], "Aghiles Salah": ["Model-based Co-clustering for High Dimensional Sparse Data., AISTATS, 2016"], "Nicoleta Rogovschi": ["Model-based Co-clustering for High Dimensional Sparse Data., AISTATS, 2016"], "Mohamed Nadif": ["Model-based Co-clustering for High Dimensional Sparse Data., AISTATS, 2016"], "Christina Heinze": ["DUAL-LOCO: Distributing Statistical Estimation Using Random Projections., AISTATS, 2016"], "Brian McWilliams": ["DUAL-LOCO: Distributing Statistical Estimation Using Random Projections., AISTATS, 2016"], "Nicolai Meinshausen": ["DUAL-LOCO: Distributing Statistical Estimation Using Random Projections., AISTATS, 2016"], "Kirthevasan Kandasamy": ["High Dimensional Bayesian Optimization via Restricted Projection Pursuit Models., AISTATS, 2016"], "Julien P\u00e9rolat": ["On the Use of Non-Stationary Strategies for Solving Two-Player Zero-Sum Markov Games., AISTATS, 2016"], "Bilal Piot": ["On the Use of Non-Stationary Strategies for Solving Two-Player Zero-Sum Markov Games., AISTATS, 2016"], "Bruno Scherrer": ["On the Use of Non-Stationary Strategies for Solving Two-Player Zero-Sum Markov Games., AISTATS, 2016"], "Olivier Pietquin": ["On the Use of Non-Stationary Strategies for Solving Two-Player Zero-Sum Markov Games., AISTATS, 2016"], "Hanxiao Liu": ["Semi-Supervised Learning with Adaptive Spectral Transform., AISTATS, 2016"], "Yiming Yang": ["Semi-Supervised Learning with Adaptive Spectral Transform., AISTATS, 2016"], "Iain Murray": ["Pseudo-Marginal Slice Sampling., AISTATS, 2016"], "Matthew M. Graham": ["Pseudo-Marginal Slice Sampling., AISTATS, 2016"], "Vassilis Kalofolias": ["How to Learn a Graph from Smooth Signals., AISTATS, 2016"], "M\u00e1rio A. T. Figueiredo": ["Ordered Weighted L1 Regularized Regression with Strongly Correlated Covariates: Theoretical Aspects., AISTATS, 2016"], "Peter Auer": ["Pareto Front Identification from Stochastic Bandit Feedback., AISTATS, 2016"], "Chao-Kai Chiang": ["Pareto Front Identification from Stochastic Bandit Feedback., AISTATS, 2016"], "Ronald Ortner": ["Pareto Front Identification from Stochastic Bandit Feedback., AISTATS, 2016", "Improved Learning Complexity in Combinatorial Pure Exploration Bandits., AISTATS, 2016"], "Madalina M. Drugan": ["Pareto Front Identification from Stochastic Bandit Feedback., AISTATS, 2016"], "Amirali Abdullah": ["Sketching, Embedding and Dimensionality Reduction in Information Theoretic Spaces., AISTATS, 2016"], "Ravi Kumar": ["Sketching, Embedding and Dimensionality Reduction in Information Theoretic Spaces., AISTATS, 2016"], "Andrew McGregor": ["Sketching, Embedding and Dimensionality Reduction in Information Theoretic Spaces., AISTATS, 2016"], "Sergei Vassilvitskii": ["Sketching, Embedding and Dimensionality Reduction in Information Theoretic Spaces., AISTATS, 2016"], "Suresh Venkatasubramanian": ["Sketching, Embedding and Dimensionality Reduction in Information Theoretic Spaces., AISTATS, 2016"], "Suvrit Sra": ["AdaDelay: Delay Adaptive Distributed Stochastic Optimization., AISTATS, 2016", "Efficient Sampling for k-Determinantal Point Processes., AISTATS, 2016"], "Adams Wei Yu": ["AdaDelay: Delay Adaptive Distributed Stochastic Optimization., AISTATS, 2016"], "Mu Li": ["AdaDelay: Delay Adaptive Distributed Stochastic Optimization., AISTATS, 2016"], "Alexander J. Smola": ["AdaDelay: Delay Adaptive Distributed Stochastic Optimization., AISTATS, 2016", "Exponential Stochastic Cellular Automata for Massively Parallel Inference., AISTATS, 2016"], "Manzil Zaheer": ["Exponential Stochastic Cellular Automata for Massively Parallel Inference., AISTATS, 2016"], "Michael Wick": ["Exponential Stochastic Cellular Automata for Massively Parallel Inference., AISTATS, 2016"], "Jean-Baptiste Tristan": ["Exponential Stochastic Cellular Automata for Massively Parallel Inference., AISTATS, 2016"], "Guy L. Steele Jr.": ["Exponential Stochastic Cellular Automata for Massively Parallel Inference., AISTATS, 2016"], "Pierre-Alexandre Mattei": ["Globally Sparse Probabilistic PCA., AISTATS, 2016"], "Charles Bouveyron": ["Globally Sparse Probabilistic PCA., AISTATS, 2016"], "Pierre Latouche": ["Globally Sparse Probabilistic PCA., AISTATS, 2016"], "Bo Dai": ["Provable Bayesian Inference via Particle Mirror Descent., AISTATS, 2016"], "Niao He": ["Provable Bayesian Inference via Particle Mirror Descent., AISTATS, 2016"], "Hanjun Dai": ["Provable Bayesian Inference via Particle Mirror Descent., AISTATS, 2016"], "Xiaokai Wei": ["Unsupervised Feature Selection by Preserving Stochastic Neighbors., AISTATS, 2016"], "Philip S. Yu": ["Unsupervised Feature Selection by Preserving Stochastic Neighbors., AISTATS, 2016"], "Victor Gabillon": ["Improved Learning Complexity in Combinatorial Pure Exploration Bandits., AISTATS, 2016"], "Alessandro Lazaric": ["Improved Learning Complexity in Combinatorial Pure Exploration Bandits., AISTATS, 2016"], "Mohammad Ghavamzadeh": ["Improved Learning Complexity in Combinatorial Pure Exploration Bandits., AISTATS, 2016"], "Peter L. Bartlett": ["Improved Learning Complexity in Combinatorial Pure Exploration Bandits., AISTATS, 2016", "A Fast and Reliable Policy Improvement Algorithm., AISTATS, 2016"], "William Herlands": ["Scalable Gaussian Processes for Characterizing Multidimensional Change Surfaces., AISTATS, 2016"], "Hannes Nickisch": ["Scalable Gaussian Processes for Characterizing Multidimensional Change Surfaces., AISTATS, 2016"], "Seth R. Flaxman": ["Scalable Gaussian Processes for Characterizing Multidimensional Change Surfaces., AISTATS, 2016"], "Daniel B. Neill": ["Scalable Gaussian Processes for Characterizing Multidimensional Change Surfaces., AISTATS, 2016"], "Wilbert Van Panhuis": ["Scalable Gaussian Processes for Characterizing Multidimensional Change Surfaces., AISTATS, 2016"], "Zi Wang": ["Optimization as Estimation with Gaussian Processes in Bandit Settings., AISTATS, 2016"], "Bolei Zhou": ["Optimization as Estimation with Gaussian Processes in Bandit Settings., AISTATS, 2016"], "Stefanie Jegelka": ["Optimization as Estimation with Gaussian Processes in Bandit Settings., AISTATS, 2016", "Efficient Sampling for k-Determinantal Point Processes., AISTATS, 2016"], "Jiaqian Yu": ["A Convex Surrogate Operator for General Non-Modular Loss Functions., AISTATS, 2016"], "Matthew B. Blaschko": ["A Convex Surrogate Operator for General Non-Modular Loss Functions., AISTATS, 2016"], "Changyou Chen": ["Bridging the Gap between Stochastic Gradient MCMC and Stochastic Optimization., AISTATS, 2016"], "David E. Carlson": ["Bridging the Gap between Stochastic Gradient MCMC and Stochastic Optimization., AISTATS, 2016", "Learning Sigmoid Belief Networks via Monte Carlo Expectation Maximization., AISTATS, 2016", "Parallel Majorization Minimization with Dynamically Restricted Domains for Nonconvex Optimization., AISTATS, 2016"], "Zhe Gan": ["Bridging the Gap between Stochastic Gradient MCMC and Stochastic Optimization., AISTATS, 2016"], "Andrew M. McDonald": ["Fitting Spectral Decay with the \\(k\\)-Support Norm., AISTATS, 2016"], "Massimiliano Pontil": ["Fitting Spectral Decay with the \\(k\\)-Support Norm., AISTATS, 2016"], "Dimitris Stamos": ["Fitting Spectral Decay with the \\(k\\)-Support Norm., AISTATS, 2016"], "David K. Duvenaud": ["Early Stopping as Nonparametric Variational Inference., AISTATS, 2016"], "Dougal Maclaurin": ["Early Stopping as Nonparametric Variational Inference., AISTATS, 2016"], "Ryan P. Adams": ["Early Stopping as Nonparametric Variational Inference., AISTATS, 2016"], "Junier B. Oliva": ["Bayesian Nonparametric Kernel-Learning., AISTATS, 2016"], "Avinava Dubey": ["Bayesian Nonparametric Kernel-Learning., AISTATS, 2016"], "Lun-Kai Hsu": ["Tight Variational Bounds via Random Projections and I-Projections., AISTATS, 2016"], "Tudor Achim": ["Tight Variational Bounds via Random Projections and I-Projections., AISTATS, 2016"], "Stefano Ermon": ["Tight Variational Bounds via Random Projections and I-Projections., AISTATS, 2016"], "Kui Tang": ["Bethe Learning of Graphical Models via MAP Decoding., AISTATS, 2016"], "Nicholas Ruozzi": ["Bethe Learning of Graphical Models via MAP Decoding., AISTATS, 2016"], "David Belanger": ["Bethe Learning of Graphical Models via MAP Decoding., AISTATS, 2016"], "Tony Jebara": ["Bethe Learning of Graphical Models via MAP Decoding., AISTATS, 2016"], "Veronika Rockov\u00e1": ["Determinantal Regularization for Ensemble Variable Selection., AISTATS, 2016"], "Gemma E. Moran": ["Determinantal Regularization for Ensemble Variable Selection., AISTATS, 2016"], "Edward I. George": ["Determinantal Regularization for Ensemble Variable Selection., AISTATS, 2016"], "Hao Cheng": ["Scalable and Sound Low-Rank Tensor Learning., AISTATS, 2016"], "Xinhua Zhang": ["Scalable and Sound Low-Rank Tensor Learning., AISTATS, 2016"], "Changwei Hu": ["Non-negative Matrix Factorization for Discrete Data with Hierarchical Side-Information., AISTATS, 2016", "Topic-Based Embeddings for Learning from Large Knowledge Graphs., AISTATS, 2016"], "Piyush Rai": ["Non-negative Matrix Factorization for Discrete Data with Hierarchical Side-Information., AISTATS, 2016", "Topic-Based Embeddings for Learning from Large Knowledge Graphs., AISTATS, 2016"], "Garrett Bernstein": ["Consistently Estimating Markov Chains with Noisy Aggregate Data., AISTATS, 2016"], "Tom Goldstein": ["Unwrapping ADMM: Efficient Distributed Computing via Transpose Reduction., AISTATS, 2016"], "Gavin Taylor": ["Unwrapping ADMM: Efficient Distributed Computing via Transpose Reduction., AISTATS, 2016"], "Kawika Barabin": ["Unwrapping ADMM: Efficient Distributed Computing via Transpose Reduction., AISTATS, 2016"], "Kent Sayre": ["Unwrapping ADMM: Efficient Distributed Computing via Transpose Reduction., AISTATS, 2016"], "Uri Heinemann": ["Improper Deep Kernels., AISTATS, 2016"], "Roi Livni": ["Improper Deep Kernels., AISTATS, 2016"], "Elad Eban": ["Improper Deep Kernels., AISTATS, 2016"], "Amir Globerson": ["Improper Deep Kernels., AISTATS, 2016"], "Bobak Shahriari": ["Unbounded Bayesian Optimization via Regularization., AISTATS, 2016"], "Alexandre Bouchard-C\u00f4t\u00e9": ["Unbounded Bayesian Optimization via Regularization., AISTATS, 2016"], "Nando de Freitas": ["Unbounded Bayesian Optimization via Regularization., AISTATS, 2016"], "Hiroaki Sasaki": ["Non-Gaussian Component Analysis with Log-Density Gradient Estimation., AISTATS, 2016"], "Gang Niu": ["Non-Gaussian Component Analysis with Log-Density Gradient Estimation., AISTATS, 2016"], "Masashi Sugiyama": ["Non-Gaussian Component Analysis with Log-Density Gradient Estimation., AISTATS, 2016"], "Tom\u00e1s Koc\u00e1k": ["Online Learning with Noisy Side Observations., AISTATS, 2016"], "Gergely Neu": ["Online Learning with Noisy Side Observations., AISTATS, 2016"], "Jan-Willem van de Meent": ["Black-Box Policy Search with Probabilistic Programs., AISTATS, 2016"], "Brooks Paige": ["Black-Box Policy Search with Probabilistic Programs., AISTATS, 2016"], "David Tolpin": ["Black-Box Policy Search with Probabilistic Programs., AISTATS, 2016"], "Frank D. Wood": ["Black-Box Policy Search with Probabilistic Programs., AISTATS, 2016"], "Cong Han Lim": ["Efficient Bregman Projections onto the Permutahedron and Related Polytopes., AISTATS, 2016"], "Stephen J. Wright": ["Efficient Bregman Projections onto the Permutahedron and Related Polytopes., AISTATS, 2016", "A Fast and Reliable Policy Improvement Algorithm., AISTATS, 2016"], "Benito van der Zander": ["On Searching for Generalized Instrumental Variables., AISTATS, 2016"], "Maciej Liskiewicz": ["On Searching for Generalized Instrumental Variables., AISTATS, 2016"], "Hanie Sedghi": ["Provable Tensor Methods for Learning Mixtures of Generalized Linear Models., AISTATS, 2016"], "Majid Janzamin": ["Provable Tensor Methods for Learning Mixtures of Generalized Linear Models., AISTATS, 2016"], "Daniel Russo": ["Controlling Bias in Adaptive Data Analysis Using Information Theory., AISTATS, 2016"], "James Zou": ["Controlling Bias in Adaptive Data Analysis Using Information Theory., AISTATS, 2016"], "Mario Marchand": ["A Column Generation Bound Minimization Approach with PAC-Bayesian Generalization Guarantees., AISTATS, 2016"], "Veeranjaneyulu Sadhanala": ["Graph Sparsification Approaches for Laplacian Smoothing., AISTATS, 2016"], "Ryan J. Tibshirani": ["Graph Sparsification Approaches for Laplacian Smoothing., AISTATS, 2016"], "Ian En-Hsu Yen": ["Scalable Exemplar Clustering and Facility Location via Augmented Block Coordinate Descent with Column Generation., AISTATS, 2016"], "Dmitry Malioutov": ["Scalable Exemplar Clustering and Facility Location via Augmented Block Coordinate Descent with Column Generation., AISTATS, 2016"], "Abhishek Kumar": ["Scalable Exemplar Clustering and Facility Location via Augmented Block Coordinate Descent with Column Generation., AISTATS, 2016"], "Xiangli Chen": ["Robust Covariate Shift Regression., AISTATS, 2016"], "Mathew Monfort": ["Robust Covariate Shift Regression., AISTATS, 2016"], "Anqi Liu": ["Robust Covariate Shift Regression., AISTATS, 2016"], "Brian D. Ziebart": ["Robust Covariate Shift Regression., AISTATS, 2016"], "Cheng Tang": ["On Lloyd's Algorithm: New Theoretical Insights for Clustering in Practice., AISTATS, 2016"], "Claire Monteleoni": ["On Lloyd's Algorithm: New Theoretical Insights for Clustering in Practice., AISTATS, 2016"], "Panos Toulis": ["Towards Stability and Optimality in Stochastic Gradient Descent., AISTATS, 2016"], "Dustin Tran": ["Towards Stability and Optimality in Stochastic Gradient Descent., AISTATS, 2016", "Spectral M-estimation with Applications to Hidden Markov Models., AISTATS, 2016"], "Edoardo M. Airoldi": ["Towards Stability and Optimality in Stochastic Gradient Descent., AISTATS, 2016"], "Shang-Tse Chen": ["Communication Efficient Distributed Agnostic Boosting., AISTATS, 2016"], "Maria-Florina Balcan": ["Communication Efficient Distributed Agnostic Boosting., AISTATS, 2016", "Active Learning Algorithms for Graphical Model Selection., AISTATS, 2016"], "Duen Horng Chau": ["Communication Efficient Distributed Agnostic Boosting., AISTATS, 2016"], "Matt J. Kusner": ["Private Causal Inference., AISTATS, 2016"], "Yu Sun": ["Private Causal Inference., AISTATS, 2016"], "Karthik Sridharan": ["Private Causal Inference., AISTATS, 2016"], "Kilian Q. Weinberger": ["Private Causal Inference., AISTATS, 2016"], "Guillaume W. Basse": ["Parallel Markov Chain Monte Carlo via Spectral Clustering., AISTATS, 2016", "Randomization and The Pernicious Effects of Limited Budgets on Auction Experiments., AISTATS, 2016"], "Aaron Smith": ["Parallel Markov Chain Monte Carlo via Spectral Clustering., AISTATS, 2016"], "Natesh S. Pillai": ["Parallel Markov Chain Monte Carlo via Spectral Clustering., AISTATS, 2016"], "Chengtao Li": ["Efficient Sampling for k-Determinantal Point Processes., AISTATS, 2016"], "Yasin Abbasi-Yadkori": ["A Fast and Reliable Policy Improvement Algorithm., AISTATS, 2016"], "Zhao Song": ["Learning Sigmoid Belief Networks via Monte Carlo Expectation Maximization., AISTATS, 2016"], "Ricardo Henao": ["Learning Sigmoid Belief Networks via Monte Carlo Expectation Maximization., AISTATS, 2016"], "Gautam Dasarathy": ["Active Learning Algorithms for Graphical Model Selection., AISTATS, 2016"], "Jong Hyuk Park": ["Active Learning Algorithms for Graphical Model Selection., AISTATS, 2016"], "Mina Ghashami": ["Streaming Kernel Principal Component Analysis., AISTATS, 2016"], "Daniel J. Perry": ["Streaming Kernel Principal Component Analysis., AISTATS, 2016"], "Jeff M. Phillips": ["Streaming Kernel Principal Component Analysis., AISTATS, 2016"], "Qichao Que": ["Back to the Future: Radial Basis Function Networks Revisited., AISTATS, 2016"], "Mikhail Belkin": ["Back to the Future: Radial Basis Function Networks Revisited., AISTATS, 2016"], "Lo\u00efc Landrieu": ["Cut Pursuit: Fast Algorithms to Learn Piecewise Constant Functions., AISTATS, 2016"], "Guillaume Obozinski": ["Cut Pursuit: Fast Algorithms to Learn Piecewise Constant Functions., AISTATS, 2016"], "Daniel Filan": ["Loss Bounds and Time Complexity for Speed Priors., AISTATS, 2016"], "Jan Leike": ["Loss Bounds and Time Complexity for Speed Priors., AISTATS, 2016"], "Marcus Hutter": ["Loss Bounds and Time Complexity for Speed Priors., AISTATS, 2016"], "Raffaello Camoriano": ["NYTRO: When Subsampling Meets Early Stopping., AISTATS, 2016"], "Tom\u00e1s Angles": ["NYTRO: When Subsampling Meets Early Stopping., AISTATS, 2016"], "Alessandro Rudi": ["NYTRO: When Subsampling Meets Early Stopping., AISTATS, 2016"], "Lorenzo Rosasco": ["NYTRO: When Subsampling Meets Early Stopping., AISTATS, 2016"], "Hossein Azari Soufiani": ["Randomization and The Pernicious Effects of Limited Budgets on Auction Experiments., AISTATS, 2016"], "Diane Lambert": ["Randomization and The Pernicious Effects of Limited Budgets on Auction Experiments., AISTATS, 2016"], "Minjae Kim": ["Spectral M-estimation with Applications to Hidden Markov Models., AISTATS, 2016"], "Finale Doshi-Velez": ["Spectral M-estimation with Applications to Hidden Markov Models., AISTATS, 2016"], "Alan D. Saul": ["Chained Gaussian Processes., AISTATS, 2016"], "Aki Vehtari": ["Chained Gaussian Processes., AISTATS, 2016"], "Nedelina Teneva": ["Multiresolution Matrix Compression., AISTATS, 2016"], "Pramod Kaushik Mudrakarta": ["Multiresolution Matrix Compression., AISTATS, 2016"], "Risi Kondor": ["Multiresolution Matrix Compression., AISTATS, 2016"], "Adam Bloniarz": ["Supervised Neighborhoods for Distributed Nonparametric Regression., AISTATS, 2016"], "Bin Yu": ["Supervised Neighborhoods for Distributed Nonparametric Regression., AISTATS, 2016"], "Christopher Wu": ["Supervised Neighborhoods for Distributed Nonparametric Regression., AISTATS, 2016"], "Dejiao Zhang": ["Global Convergence of a Grassmannian Gradient Descent Algorithm for Subspace Estimation., AISTATS, 2016"], "Laura Balzano": ["Global Convergence of a Grassmannian Gradient Descent Algorithm for Subspace Estimation., AISTATS, 2016"], "Abdullah Rashwan": ["Online and Distributed Bayesian Moment Matching for Parameter Learning in Sum-Product Networks., AISTATS, 2016"], "Han Zhao": ["Online and Distributed Bayesian Moment Matching for Parameter Learning in Sum-Product Networks., AISTATS, 2016"], "Balaji Lakshminarayanan": ["Mondrian Forests for Large-Scale Regression when Uncertainty Matters., AISTATS, 2016"], "Daniel M. Roy": ["Mondrian Forests for Large-Scale Regression when Uncertainty Matters., AISTATS, 2016"], "Yee Whye Teh": ["Mondrian Forests for Large-Scale Regression when Uncertainty Matters., AISTATS, 2016"], "Jinchun Zhan": ["Online (and Offline) Robust PCA: Novel Algorithms and Performance Guarantees., AISTATS, 2016"], "Brian Lois": ["Online (and Offline) Robust PCA: Novel Algorithms and Performance Guarantees., AISTATS, 2016"], "Han Guo": ["Online (and Offline) Robust PCA: Novel Algorithms and Performance Guarantees., AISTATS, 2016"], "Namrata Vaswani": ["Online (and Offline) Robust PCA: Novel Algorithms and Performance Guarantees., AISTATS, 2016"], "Yan Kaganovsky": ["Parallel Majorization Minimization with Dynamically Restricted Domains for Nonconvex Optimization., AISTATS, 2016"], "Ikenna Odinaka": ["Parallel Majorization Minimization with Dynamically Restricted Domains for Nonconvex Optimization., AISTATS, 2016"], "Amirmohammad Rooshenas": ["Discriminative Structure Learning of Arithmetic Circuits., AISTATS, 2016"], "Daniel Lowd": ["Discriminative Structure Learning of Arithmetic Circuits., AISTATS, 2016"]}