{"Michael E. Tipping": ["Fast Marginal Likelihood Maximisation for Sparse Bayesian Models., AISTATS, 2003"], "Anita C. Faul": ["Fast Marginal Likelihood Maximisation for Sparse Bayesian Models., AISTATS, 2003"], "Nicol N. Schraudolph": ["Combining Conjugate Direction Methods with Stochastic Approximation of Gradients., AISTATS, 2003"], "Thore Graepel": ["Combining Conjugate Direction Methods with Stochastic Approximation of Gradients., AISTATS, 2003"], "Shantanu Chakrabartty": ["Expectation Maximization of Forward Decoding Kernel Machines., AISTATS, 2003"], "Gert Cauwenberghs": ["Expectation Maximization of Forward Decoding Kernel Machines., AISTATS, 2003"], "Tom Heskes": ["Generalized belief propagation for approximate inference in hybrid Bayesian networks., AISTATS, 2003"], "Onno Zoeter": ["Generalized belief propagation for approximate inference in hybrid Bayesian networks., AISTATS, 2003"], "Martin J. Wainwright": ["Tree-reweighted belief propagation algorithms and approximate ML estimation by pseudo-moment matching., AISTATS, 2003"], "Tommi S. Jaakkola": ["Tree-reweighted belief propagation algorithms and approximate ML estimation by pseudo-moment matching., AISTATS, 2003"], "Alan S. Willsky": ["Tree-reweighted belief propagation algorithms and approximate ML estimation by pseudo-moment matching., AISTATS, 2003"], "Denver Dash": ["Model Averaging with Bayesian Network Classifiers., AISTATS, 2003"], "Gregory F. Cooper": ["Model Averaging with Bayesian Network Classifiers., AISTATS, 2003"], "Matthias W. Seeger": ["Fast Forward Selection to Speed Up Sparse Gaussian Process Regression., AISTATS, 2003"], "Christopher K. I. Williams": ["Fast Forward Selection to Speed Up Sparse Gaussian Process Regression., AISTATS, 2003"], "Neil D. Lawrence": ["Fast Forward Selection to Speed Up Sparse Gaussian Process Regression., AISTATS, 2003"], "Yee Whye Teh": ["On Improving the Efficiency of the Iterative Proportional Fitting Procedure., AISTATS, 2003"], "Max Welling": ["On Improving the Efficiency of the Iterative Proportional Fitting Procedure., AISTATS, 2003"], "Alexander G. Gray": ["Rapid Evaluation of Multiple Density Models., AISTATS, 2003"], "Andrew W. Moore": ["Rapid Evaluation of Multiple Density Models., AISTATS, 2003", "Fast Robust Logistic Regression for Large Sparse Datasets with Binary Outputs., AISTATS, 2003"], "Kim E. Andersen": ["A Bayesian Approach to Bergman's Minimal Model., AISTATS, 2003"], "Malene H\u00f8jbjerre": ["A Bayesian Approach to Bergman's Minimal Model., AISTATS, 2003"], "David Larkin": ["Bayesian Inference in the Presence of Determinism., AISTATS, 2003"], "Rina Dechter": ["Bayesian Inference in the Presence of Determinism., AISTATS, 2003"], "Tony Jebara": ["Convex Invariance Learning., AISTATS, 2003"], "Abraham J. Wyner": ["On Boosting and the Exponential Loss., AISTATS, 2003"], "Philip H. S. Torr": ["Solving Markov Random Fields using Semi Definite Programming., AISTATS, 2003"], "Eric Brochu": ["The Sound of an Album Cover: A Probabilistic Approach to Multimedia., AISTATS, 2003"], "Nando de Freitas": ["The Sound of an Album Cover: A Probabilistic Approach to Multimedia., AISTATS, 2003", "Bayesian Feature Weighting for Unsupervised Learning, with Application to Object Recognition., AISTATS, 2003", "A Blessing of Dimensionality: Measure Concentration and Probabilistic Inference., AISTATS, 2003"], "Kejie Bao": ["The Sound of an Album Cover: A Probabilistic Approach to Multimedia., AISTATS, 2003"], "Andrew I. Schein": ["A Generalized Linear Model for Principal Component Analysis of Binary Data., AISTATS, 2003"], "Lawrence K. Saul": ["A Generalized Linear Model for Principal Component Analysis of Binary Data., AISTATS, 2003"], "Lyle H. Ungar": ["A Generalized Linear Model for Principal Component Analysis of Binary Data., AISTATS, 2003"], "Jaz S. Kandola": ["Refining Kernels for Regression and Uneven Classification Problems., AISTATS, 2003"], "John Shawe-Taylor": ["Refining Kernels for Regression and Uneven Classification Problems., AISTATS, 2003"], "Marina Meila": ["Data centering in feature space., AISTATS, 2003"], "Geoff Hulten": ["Learning Bayesian Networks From Dependency Networks: A Preliminary Study., AISTATS, 2003"], "David Maxwell Chickering": ["Learning Bayesian Networks From Dependency Networks: A Preliminary Study., AISTATS, 2003"], "David Heckerman": ["Learning Bayesian Networks From Dependency Networks: A Preliminary Study., AISTATS, 2003"], "Ioannis Tsamardinos": ["Towards Principled Feature Selection: Relevancy, Filters and Wrappers., AISTATS, 2003"], "Constantin F. Aliferis": ["Towards Principled Feature Selection: Relevancy, Filters and Wrappers., AISTATS, 2003"], "Manabu Kuroki": ["The Joint Causal Effect in Linear Structural Equation Model and Its Application to Process Analysis., AISTATS, 2003"], "Zhihong Cai": ["The Joint Causal Effect in Linear Structural Equation Model and Its Application to Process Analysis., AISTATS, 2003"], "Chris Ding": ["Document Retrieval and Clustering: from Principal Component Analysis to Self-aggregation Networks., AISTATS, 2003"], "Christopher M. Bishop": ["Structured Variational Distributions in VIBES., AISTATS, 2003", "Super-resolution Enhancement of Video., AISTATS, 2003"], "John M. Winn": ["Structured Variational Distributions in VIBES., AISTATS, 2003"], "Juan Lin": ["Reduced Rank Approximations of Transition Matrices., AISTATS, 2003"], "Iead Rezek": ["Ensemble Coupled Hidden Markov Models for Joint Characterisation of Dynamic Signals., AISTATS, 2003"], "Stephen J. Roberts": ["Ensemble Coupled Hidden Markov Models for Joint Characterisation of Dynamic Signals., AISTATS, 2003"], "Peter Sykacek": ["Ensemble Coupled Hidden Markov Models for Joint Characterisation of Dynamic Signals., AISTATS, 2003"], "Xianping Ge": ["Clustering Markov States into Equivalence Classes using SVD and Heuristic Search Algorithms., AISTATS, 2003"], "Sridevi Parise": ["Clustering Markov States into Equivalence Classes using SVD and Heuristic Search Algorithms., AISTATS, 2003"], "Padhraic Smyth": ["Clustering Markov States into Equivalence Classes using SVD and Heuristic Search Algorithms., AISTATS, 2003", "Curve Clustering with Random Effects Regression Mixtures., AISTATS, 2003"], "Yoshua Bengio": ["Quick Training of Probabilistic Neural Nets by Importance Sampling., AISTATS, 2003"], "Jean-S\u00e9bastien Senecal": ["Quick Training of Probabilistic Neural Nets by Importance Sampling., AISTATS, 2003"], "Susana Eyheramendy": ["On the Naive Bayes Model for Text Categorization., AISTATS, 2003"], "David D. Lewis": ["On the Naive Bayes Model for Text Categorization., AISTATS, 2003"], "David Madigan": ["On the Naive Bayes Model for Text Categorization., AISTATS, 2003", "On Retrieval Properties of Samples of Large Collections., AISTATS, 2003"], "Paul Gustafson": ["Bayesian Feature Weighting for Unsupervised Learning, with Application to Object Recognition., AISTATS, 2003"], "Peter Carbonetto": ["Bayesian Feature Weighting for Unsupervised Learning, with Application to Object Recognition., AISTATS, 2003"], "Natalie Thompson": ["Bayesian Feature Weighting for Unsupervised Learning, with Application to Object Recognition., AISTATS, 2003"], "Pinar Muyan": ["A Blessing of Dimensionality: Measure Concentration and Probabilistic Inference., AISTATS, 2003"], "Shaojun Wang": ["Latent Maximum Entropy Approach for Semantic N-gram Language Modeling., AISTATS, 2003"], "Dale Schuurmans": ["Latent Maximum Entropy Approach for Semantic N-gram Language Modeling., AISTATS, 2003"], "Fuchun Peng": ["Latent Maximum Entropy Approach for Semantic N-gram Language Modeling., AISTATS, 2003"], "Richard S. Zemel": ["An Active Approach to Collaborative Filtering., AISTATS, 2003"], "Craig Boutilier": ["An Active Approach to Collaborative Filtering., AISTATS, 2003"], "Petri Kontkanen": ["Efficient Computing of Stochastic Complexity., AISTATS, 2003"], "Wray L. Buntine": ["Efficient Computing of Stochastic Complexity., AISTATS, 2003", "Is Multinomial PCA Multi-faceted Clustering or Dimensionality Reduction?, AISTATS, 2003"], "Petri Myllym\u00e4ki": ["Efficient Computing of Stochastic Complexity., AISTATS, 2003"], "Jorma Rissanen": ["Efficient Computing of Stochastic Complexity., AISTATS, 2003"], "Henry Tirri": ["Efficient Computing of Stochastic Complexity., AISTATS, 2003"], "Paul Komarek": ["Fast Robust Logistic Regression for Large Sparse Datasets with Binary Outputs., AISTATS, 2003"], "Scott Gaffney": ["Curve Clustering with Random Effects Regression Mixtures., AISTATS, 2003"], "Nemanja Petrovic": ["Real-time On-line Learning of Transformed Hidden Markov Models from Video., AISTATS, 2003"], "Nebojsa Jojic": ["Real-time On-line Learning of Transformed Hidden Markov Models from Video., AISTATS, 2003"], "Brendan J. Frey": ["Real-time On-line Learning of Transformed Hidden Markov Models from Video., AISTATS, 2003"], "Thomas S. Huang": ["Real-time On-line Learning of Transformed Hidden Markov Models from Video., AISTATS, 2003"], "A. Philip Dawid": ["An object-oriented Bayesian network for estimating mutation rates., AISTATS, 2003"], "Matthew Brand": ["A unifying theorem for spectral embedding and clustering., AISTATS, 2003"], "Kun Huang": ["A unifying theorem for spectral embedding and clustering., AISTATS, 2003"], "Yehuda Vardi": ["On Retrieval Properties of Samples of Large Collections., AISTATS, 2003"], "Ishay Weissman": ["On Retrieval Properties of Samples of Large Collections., AISTATS, 2003"], "P\u00e9ter Torma": ["Sequential Importance Sampling for Visual Tracking Reconsidered., AISTATS, 2003"], "Csaba Szepesv\u00e1ri": ["Sequential Importance Sampling for Visual Tracking Reconsidered., AISTATS, 2003"], "Andrew Blake": ["Super-resolution Enhancement of Video., AISTATS, 2003"], "Bhaskara Marthi": ["Super-resolution Enhancement of Video., AISTATS, 2003"], "Bo Thiesson": ["Discriminative Model Selection for Density Models., AISTATS, 2003"], "Christopher Meek": ["Discriminative Model Selection for Density Models., AISTATS, 2003"], "Hagai Attias": ["Planning by Probabilistic Inference., AISTATS, 2003"], "Sami Perttu": ["Is Multinomial PCA Multi-faceted Clustering or Dimensionality Reduction?, AISTATS, 2003"]}