{"David A. Van Dyk": ["Preface., AISTATS, 2009"], "Max Welling": ["Preface., AISTATS, 2009"], "Margareta Ackerman": ["Clusterability: A Theoretical Study., AISTATS, 2009"], "Shai Ben-David": ["Clusterability: A Theoretical Study., AISTATS, 2009", "Learning Low Density Separators., AISTATS, 2009"], "Mauricio A. \u00c1lvarez": ["Latent Force Models., AISTATS, 2009"], "David Luengo": ["Latent Force Models., AISTATS, 2009"], "Neil D. Lawrence": ["Latent Force Models., AISTATS, 2009"], "Artin Armagan": ["Variational Bridge Regression., AISTATS, 2009"], "Tyler Lu": ["Learning Low Density Separators., AISTATS, 2009"], "D\u00e1vid P\u00e1l": ["Learning Low Density Separators., AISTATS, 2009"], "Miroslava Sot\u00e1kov\u00e1": ["Learning Low Density Separators., AISTATS, 2009"], "Liefeng Bo": ["Supervised Spectral Latent Variable Models., AISTATS, 2009"], "Cristian Sminchisescu": ["Supervised Spectral Latent Variable Models., AISTATS, 2009", "Kernel Learning by Unconstrained Optimization., AISTATS, 2009"], "H\u00e9ctor Corrada Bravo": ["Estimating Tree-Structured Covariance Matrices via Mixed-Integer Programming., AISTATS, 2009"], "Stephen J. Wright": ["Estimating Tree-Structured Covariance Matrices via Mixed-Integer Programming., AISTATS, 2009"], "Kevin H. Eng": ["Estimating Tree-Structured Covariance Matrices via Mixed-Integer Programming., AISTATS, 2009"], "Sunduz Keles": ["Estimating Tree-Structured Covariance Matrices via Mixed-Integer Programming., AISTATS, 2009"], "Grace Wahba": ["Estimating Tree-Structured Covariance Matrices via Mixed-Integer Programming., AISTATS, 2009"], "Gavin Brown": ["A New Perspective for Information Theoretic Feature Selection., AISTATS, 2009"], "Alberto Giovanni Busetto": ["Structure Identification by Optimized Interventions., AISTATS, 2009"], "Joachim M. Buhmann": ["Structure Identification by Optimized Interventions., AISTATS, 2009", "Spanning Tree Approximations for Conditional Random Fields., AISTATS, 2009"], "Kevin Robert Canini": ["Online Inference of Topics with Latent Dirichlet Allocation., AISTATS, 2009"], "Lei Shi": ["Online Inference of Topics with Latent Dirichlet Allocation., AISTATS, 2009"], "Thomas L. Griffiths": ["Online Inference of Topics with Latent Dirichlet Allocation., AISTATS, 2009"], "Carlos M. Carvalho": ["Handling Sparsity via the Horseshoe., AISTATS, 2009"], "Nicholas G. Polson": ["Handling Sparsity via the Horseshoe., AISTATS, 2009"], "James G. Scott": ["Handling Sparsity via the Horseshoe., AISTATS, 2009"], "Jonathan Chang": ["Relational Topic Models for Document Networks., AISTATS, 2009"], "David M. Blei": ["Relational Topic Models for Document Networks., AISTATS, 2009", "Markov Topic Models., AISTATS, 2009"], "Wei Chu": ["Probabilistic Models for Incomplete Multi-dimensional Arrays., AISTATS, 2009"], "Zoubin Ghahramani": ["Probabilistic Models for Incomplete Multi-dimensional Arrays., AISTATS, 2009", "Choosing a Variable to Clamp., AISTATS, 2009", "A kernel method for unsupervised structured network inference., AISTATS, 2009", "Factorial Mixture of Gaussians and the Marginal Independence Model., AISTATS, 2009", "The Block Diagonal Infinite Hidden Markov Model., AISTATS, 2009", "Tree-Based Inference for Dirichlet Process Mixtures., AISTATS, 2009"], "St\u00e9phan Cl\u00e9men\u00e7on": ["On Partitioning Rules for Bipartite Ranking., AISTATS, 2009"], "Nicolas Vayatis": ["On Partitioning Rules for Bipartite Ranking., AISTATS, 2009"], "Koby Crammer": ["Gaussian Margin Machines., AISTATS, 2009"], "Mehryar Mohri": ["Gaussian Margin Machines., AISTATS, 2009", "Sampling Techniques for the Nystrom Method., AISTATS, 2009"], "Fernando Pereira": ["Gaussian Margin Machines., AISTATS, 2009"], "Dafna Shahaf": ["Learning Thin Junction Trees via Graph Cuts., AISTATS, 2009"], "Carlos Guestrin": ["Learning Thin Junction Trees via Graph Cuts., AISTATS, 2009", "Residual Splash for Optimally Parallelizing Belief Propagation., AISTATS, 2009", "Exploiting Probabilistic Independence for Permutations., AISTATS, 2009"], "Tom Diethe": ["Matching Pursuit Kernel Fisher Discriminant Analysis., AISTATS, 2009"], "Zakria Hussain": ["Matching Pursuit Kernel Fisher Discriminant Analysis., AISTATS, 2009"], "David R. Hardoon": ["Matching Pursuit Kernel Fisher Discriminant Analysis., AISTATS, 2009", "PAC-Bayes Analysis Of Maximum Entropy Classification., AISTATS, 2009"], "John Shawe-Taylor": ["Matching Pursuit Kernel Fisher Discriminant Analysis., AISTATS, 2009", "PAC-Bayes Analysis Of Maximum Entropy Classification., AISTATS, 2009", "Large-Margin Structured Prediction via Linear Programming., AISTATS, 2009"], "Joshua V. Dillon": ["Statistical and Computational Tradeoffs in Stochastic Composite Likelihood., AISTATS, 2009"], "Guy Lebanon": ["Statistical and Computational Tradeoffs in Stochastic Composite Likelihood., AISTATS, 2009"], "Finale Doshi": ["Variational Inference for the Indian Buffet Process., AISTATS, 2009"], "Kurt Miller": ["Variational Inference for the Indian Buffet Process., AISTATS, 2009"], "Jurgen Van Gael": ["Variational Inference for the Indian Buffet Process., AISTATS, 2009"], "Yee Whye Teh": ["Variational Inference for the Indian Buffet Process., AISTATS, 2009", "Infinite Hierarchical Hidden Markov Models., AISTATS, 2009", "A Hierarchical Nonparametric Bayesian Approach to Statistical Language Model Domain Adaptation., AISTATS, 2009"], "Frederik Eaton": ["Choosing a Variable to Clamp., AISTATS, 2009"], "Dumitru Erhan": ["The Difficulty of Training Deep Architectures and the Effect of Unsupervised Pre-Training., AISTATS, 2009", "Deep Learning using Robust Interdependent Codes., AISTATS, 2009"], "Pierre-Antoine Manzagol": ["The Difficulty of Training Deep Architectures and the Effect of Unsupervised Pre-Training., AISTATS, 2009"], "Yoshua Bengio": ["The Difficulty of Training Deep Architectures and the Effect of Unsupervised Pre-Training., AISTATS, 2009"], "Samy Bengio": ["The Difficulty of Training Deep Architectures and the Effect of Unsupervised Pre-Training., AISTATS, 2009"], "Pascal Vincent": ["The Difficulty of Training Deep Architectures and the Effect of Unsupervised Pre-Training., AISTATS, 2009", "Deep Learning using Robust Interdependent Codes., AISTATS, 2009"], "Inmar E. Givoni": ["Semi-Supervised Affinity Propagation with Instance-Level Constraints., AISTATS, 2009"], "Brendan J. Frey": ["Semi-Supervised Affinity Propagation with Instance-Level Constraints., AISTATS, 2009"], "Andrew B. Goldberg": ["Multi-Manifold Semi-Supervised Learning., AISTATS, 2009"], "Xiaojin Zhu": ["Multi-Manifold Semi-Supervised Learning., AISTATS, 2009"], "Aarti Singh": ["Multi-Manifold Semi-Supervised Learning., AISTATS, 2009"], "Zhiting Xu": ["Multi-Manifold Semi-Supervised Learning., AISTATS, 2009"], "Robert D. Nowak": ["Multi-Manifold Semi-Supervised Learning., AISTATS, 2009", "Distilled sensing: selective sampling for sparse signal recovery., AISTATS, 2009"], "Joseph Gonzalez": ["Residual Splash for Optimally Parallelizing Belief Propagation., AISTATS, 2009"], "Yucheng Low": ["Residual Splash for Optimally Parallelizing Belief Propagation., AISTATS, 2009"], "Yue Guan": ["Sparse Probabilistic Principal Component Analysis., AISTATS, 2009"], "Jennifer G. Dy": ["Sparse Probabilistic Principal Component Analysis., AISTATS, 2009"], "Saptarshi Guha": ["Visualization Databases for the Analysis of Large Complex Datasets., AISTATS, 2009"], "Paul Kidwell": ["Visualization Databases for the Analysis of Large Complex Datasets., AISTATS, 2009"], "Ryan Hafen": ["Visualization Databases for the Analysis of Large Complex Datasets., AISTATS, 2009"], "William S. Cleveland": ["Visualization Databases for the Analysis of Large Complex Datasets., AISTATS, 2009"], "Andrew Guillory": ["Active Learning as Non-Convex Optimization., AISTATS, 2009"], "Erick Chastain": ["Active Learning as Non-Convex Optimization., AISTATS, 2009"], "Jeff A. Bilmes": ["Active Learning as Non-Convex Optimization., AISTATS, 2009"], "Steve Hanneke": ["Network Completion and Survey Sampling., AISTATS, 2009"], "Eric P. Xing": ["Network Completion and Survey Sampling., AISTATS, 2009"], "Jarvis D. Haupt": ["Distilled sensing: selective sampling for sparse signal recovery., AISTATS, 2009"], "Rui M. Castro": ["Distilled sensing: selective sampling for sparse signal recovery., AISTATS, 2009"], "Katherine A. Heller": ["Infinite Hierarchical Hidden Markov Models., AISTATS, 2009", "Tree-Based Inference for Dirichlet Process Mixtures., AISTATS, 2009"], "Dilan G\u00f6r\u00fcr": ["Infinite Hierarchical Hidden Markov Models., AISTATS, 2009"], "Matthew D. Hoffman": ["An Expectation Maximization Algorithm for Continuous Markov Decision Processes with Arbitrary Reward., AISTATS, 2009"], "Nando de Freitas": ["An Expectation Maximization Algorithm for Continuous Markov Decision Processes with Arbitrary Reward., AISTATS, 2009"], "Arnaud Doucet": ["An Expectation Maximization Algorithm for Continuous Markov Decision Processes with Arbitrary Reward., AISTATS, 2009"], "Jan Peters": ["An Expectation Maximization Algorithm for Continuous Markov Decision Processes with Arbitrary Reward., AISTATS, 2009"], "Bert C. Huang": ["Maximum Entropy Density Estimation with Incomplete Presence-Only Data., AISTATS, 2009"], "Ansaf Salleb-Aouissi": ["Maximum Entropy Density Estimation with Incomplete Presence-Only Data., AISTATS, 2009"], "Jonathan Huang": ["Exploiting Probabilistic Independence for Permutations., AISTATS, 2009"], "Xiaoye Jiang": ["Exploiting Probabilistic Independence for Permutations., AISTATS, 2009"], "Leonidas J. Guibas": ["Exploiting Probabilistic Independence for Permutations., AISTATS, 2009"], "Alexander T. Ihler": ["Particle Belief Propagation., AISTATS, 2009"], "David A. McAllester": ["Particle Belief Propagation., AISTATS, 2009"], "Michael Johanson": ["Data Biased Robust Counter Strategies., AISTATS, 2009"], "Michael H. Bowling": ["Data Biased Robust Counter Strategies., AISTATS, 2009"], "Varun Kanade": ["Sleeping Experts and Bandits with Stochastic Action Availability and Adversarial Rewards., AISTATS, 2009"], "H. Brendan McMahan": ["Sleeping Experts and Bandits with Stochastic Action Availability and Adversarial Rewards., AISTATS, 2009"], "Brent Bryan": ["Sleeping Experts and Bandits with Stochastic Action Availability and Adversarial Rewards., AISTATS, 2009"], "Minyoung Kim": ["Covariance Operator Based Dimensionality Reduction with Extension to Semi-Supervised Settings., AISTATS, 2009"], "Vladimir Pavlovic": ["Covariance Operator Based Dimensionality Reduction with Extension to Semi-Supervised Settings., AISTATS, 2009"], "Nicole Kr\u00e4mer": ["Lanczos Approximations for the Speedup of Kernel Partial Least Squares Regression., AISTATS, 2009"], "Masashi Sugiyama": ["Lanczos Approximations for the Speedup of Kernel Partial Least Squares Regression., AISTATS, 2009"], "Mikio L. Braun": ["Lanczos Approximations for the Speedup of Kernel Partial Least Squares Regression., AISTATS, 2009"], "Brian Kulis": ["Convex Perturbations for Scalable Semidefinite Programming., AISTATS, 2009"], "Suvrit Sra": ["Convex Perturbations for Scalable Semidefinite Programming., AISTATS, 2009"], "Inderjit S. Dhillon": ["Convex Perturbations for Scalable Semidefinite Programming., AISTATS, 2009"], "Sanjiv Kumar": ["Sampling Techniques for the Nystrom Method., AISTATS, 2009"], "Ameet Talwalkar": ["Sampling Techniques for the Nystrom Method., AISTATS, 2009"], "Hugo Larochelle": ["Deep Learning using Robust Interdependent Codes., AISTATS, 2009"], "Hyekyoung Lee": ["Group Nonnegative Matrix Factorization for EEG Classification., AISTATS, 2009"], "Seungjin Choi": ["Group Nonnegative Matrix Factorization for EEG Classification., AISTATS, 2009"], "Fuxin Li": ["Kernel Learning by Unconstrained Optimization., AISTATS, 2009"], "Yun-Shan Fu": ["Kernel Learning by Unconstrained Optimization., AISTATS, 2009"], "Yu-Hong Dai": ["Kernel Learning by Unconstrained Optimization., AISTATS, 2009"], "Jue Wang": ["Kernel Learning by Unconstrained Optimization., AISTATS, 2009"], "Wu-Jun Li": ["Latent Wishart Processes for Relational Kernel Learning., AISTATS, 2009", "Coherence Functions for Multicategory Margin-based Classification Methods., AISTATS, 2009"], "Zhihua Zhang": ["Latent Wishart Processes for Relational Kernel Learning., AISTATS, 2009", "Coherence Functions for Multicategory Margin-based Classification Methods., AISTATS, 2009", "Latent Variable Models for Dimensionality Reduction., AISTATS, 2009"], "Dit-Yan Yeung": ["Latent Wishart Processes for Relational Kernel Learning., AISTATS, 2009", "Coherence Functions for Multicategory Margin-based Classification Methods., AISTATS, 2009"], "Yu-Feng Li": ["Tighter and Convex Maximum Margin Clustering., AISTATS, 2009"], "Ivor W. Tsang": ["Tighter and Convex Maximum Margin Clustering., AISTATS, 2009"], "James Tin-Yau Kwok": ["Tighter and Convex Maximum Margin Clustering., AISTATS, 2009"], "Zhi-Hua Zhou": ["Tighter and Convex Maximum Margin Clustering., AISTATS, 2009"], "Yuxi Li": ["Learning Exercise Policies for American Options., AISTATS, 2009", "Dual Temporal Difference Learning., AISTATS, 2009"], "Csaba Szepesv\u00e1ri": ["Learning Exercise Policies for American Options., AISTATS, 2009"], "Dale Schuurmans": ["Learning Exercise Policies for American Options., AISTATS, 2009", "Dual Temporal Difference Learning., AISTATS, 2009"], "Yuanqing Lin": ["Learning Sparse Markov Network Structure via Ensemble-of-Trees Models., AISTATS, 2009"], "Shenghuo Zhu": ["Learning Sparse Markov Network Structure via Ensemble-of-Trees Models., AISTATS, 2009"], "Daniel D. Lee": ["Learning Sparse Markov Network Structure via Ensemble-of-Trees Models., AISTATS, 2009"], "Ben Taskar": ["Learning Sparse Markov Network Structure via Ensemble-of-Trees Models., AISTATS, 2009"], "Christoph Lippert": ["A kernel method for unsupervised structured network inference., AISTATS, 2009"], "Oliver Stegle": ["A kernel method for unsupervised structured network inference., AISTATS, 2009"], "Karsten M. Borgwardt": ["A kernel method for unsupervised structured network inference., AISTATS, 2009", "Efficient graphlet kernels for large graph comparison., AISTATS, 2009"], "Han Liu": ["Estimation Consistency of the Group Lasso and its Applications., AISTATS, 2009"], "Jian Zhang": ["Estimation Consistency of the Group Lasso and its Applications., AISTATS, 2009"], "Laurens van der Maaten": ["Learning a Parametric Embedding by Preserving Local Structure., AISTATS, 2009"], "Bhushan Mandhani": ["Tractable Search for Learning Exponential Models of Rankings., AISTATS, 2009"], "Marina Meila": ["Tractable Search for Learning Exponential Models of Rankings., AISTATS, 2009"], "Vikash K. Mansinghka": ["Exact and Approximate Sampling by Systematic Stochastic Search., AISTATS, 2009"], "Daniel M. Roy": ["Exact and Approximate Sampling by Systematic Stochastic Search., AISTATS, 2009"], "Eric Jonas": ["Exact and Approximate Sampling by Systematic Stochastic Search., AISTATS, 2009"], "Joshua B. Tenenbaum": ["Exact and Approximate Sampling by Systematic Stochastic Search., AISTATS, 2009"], "Patrick Pletscher": ["Spanning Tree Approximations for Conditional Random Fields., AISTATS, 2009"], "Cheng Soon Ong": ["Spanning Tree Approximations for Conditional Random Fields., AISTATS, 2009"], "Liva Ralaivola": ["Chromatic PAC-Bayes Bounds for Non-IID Data., AISTATS, 2009"], "Marie Szafranski": ["Chromatic PAC-Bayes Bounds for Non-IID Data., AISTATS, 2009"], "Guillaume Stempfel": ["Chromatic PAC-Bayes Bounds for Non-IID Data., AISTATS, 2009"], "Nathan D. Ratliff": ["Inverse Optimal Heuristic Control for Imitation Learning., AISTATS, 2009"], "Brian D. Ziebart": ["Inverse Optimal Heuristic Control for Imitation Learning., AISTATS, 2009"], "Kevin M. Peterson": ["Inverse Optimal Heuristic Control for Imitation Learning., AISTATS, 2009"], "J. Andrew Bagnell": ["Inverse Optimal Heuristic Control for Imitation Learning., AISTATS, 2009"], "Martial Hebert": ["Inverse Optimal Heuristic Control for Imitation Learning., AISTATS, 2009"], "Anind K. Dey": ["Inverse Optimal Heuristic Control for Imitation Learning., AISTATS, 2009"], "Siddhartha S. Srinivasa": ["Inverse Optimal Heuristic Control for Imitation Learning., AISTATS, 2009"], "Steven de Rooij": ["Learning the Switching Rate by Discretising Bernoulli Sources Online., AISTATS, 2009"], "Tim van Erven": ["Learning the Switching Rate by Discretising Bernoulli Sources Online., AISTATS, 2009"], "Dan Roth": ["Sequential Learning of Classifiers for Structured Prediction Problems., AISTATS, 2009"], "Kevin Small": ["Sequential Learning of Classifiers for Structured Prediction Problems., AISTATS, 2009"], "Ivan Titov": ["Sequential Learning of Classifiers for Structured Prediction Problems., AISTATS, 2009"], "Ruslan Salakhutdinov": ["Deep Boltzmann Machines., AISTATS, 2009"], "Geoffrey E. Hinton": ["Deep Boltzmann Machines., AISTATS, 2009"], "Mark W. Schmidt": ["Optimizing Costly Functions with Simple Constraints: A Limited-Memory Projected Quasi-Newton Algorithm., AISTATS, 2009"], "Ewout van den Berg": ["Optimizing Costly Functions with Simple Constraints: A Limited-Memory Projected Quasi-Newton Algorithm., AISTATS, 2009"], "Michael P. Friedlander": ["Optimizing Costly Functions with Simple Constraints: A Limited-Memory Projected Quasi-Newton Algorithm., AISTATS, 2009"], "Kevin P. Murphy": ["Optimizing Costly Functions with Simple Constraints: A Limited-Memory Projected Quasi-Newton Algorithm., AISTATS, 2009"], "Clayton Scott": ["Novelty detection: Unlabeled data definitely help., AISTATS, 2009"], "Gilles Blanchard": ["Novelty detection: Unlabeled data definitely help., AISTATS, 2009"], "Yevgeny Seldin": ["PAC-Bayesian Generalization Bound for Density Estimation with Application to Co-clustering., AISTATS, 2009"], "Naftali Tishby": ["PAC-Bayesian Generalization Bound for Density Estimation with Application to Co-clustering., AISTATS, 2009"], "Nino Shervashidze": ["Efficient graphlet kernels for large graph comparison., AISTATS, 2009"], "S. V. N. Vishwanathan": ["Efficient graphlet kernels for large graph comparison., AISTATS, 2009", "Variable Metric Stochastic Approximation Theory., AISTATS, 2009"], "Tobias Petri": ["Efficient graphlet kernels for large graph comparison., AISTATS, 2009"], "Kurt Mehlhorn": ["Efficient graphlet kernels for large graph comparison., AISTATS, 2009"], "Qinfeng Shi": ["Hash Kernels., AISTATS, 2009"], "James Petterson": ["Hash Kernels., AISTATS, 2009"], "Gideon Dror": ["Hash Kernels., AISTATS, 2009"], "John Langford": ["Hash Kernels., AISTATS, 2009"], "Alexander J. Smola": ["Hash Kernels., AISTATS, 2009", "Relative Novelty Detection., AISTATS, 2009"], "Alexander L. Strehl": ["Hash Kernels., AISTATS, 2009"], "Vishy Vishwanathan": ["Hash Kernels., AISTATS, 2009"], "Tomi Silander": ["Locally Minimax Optimal Predictive Modeling with Bayesian Networks., AISTATS, 2009"], "Teemu Roos": ["Locally Minimax Optimal Predictive Modeling with Bayesian Networks., AISTATS, 2009"], "Petri Myllym\u00e4ki": ["Locally Minimax Optimal Predictive Modeling with Bayesian Networks., AISTATS, 2009"], "Ricardo Bezerra de Andrade e Silva": ["MCMC Methods for Bayesian Mixtures of Copulas., AISTATS, 2009", "Factorial Mixture of Gaussians and the Marginal Independence Model., AISTATS, 2009"], "Robert B. Gramacy": ["MCMC Methods for Bayesian Mixtures of Copulas., AISTATS, 2009"], "Michael Siracusa": ["Tractable Bayesian Inference of Time-Series Dependence Structure., AISTATS, 2009"], "John W. Fisher III": ["Tractable Bayesian Inference of Time-Series Dependence Structure., AISTATS, 2009"], "Le Song": ["Relative Novelty Detection., AISTATS, 2009"], "Choon Hui Teo": ["Relative Novelty Detection., AISTATS, 2009"], "David Sontag": ["Tree Block Coordinate Descent for MAP in Graphical Models., AISTATS, 2009"], "Tommi S. Jaakkola": ["Tree Block Coordinate Descent for MAP in Graphical Models., AISTATS, 2009"], "Thomas S. Stepleton": ["The Block Diagonal Infinite Hidden Markov Model., AISTATS, 2009"], "Geoffrey J. Gordon": ["The Block Diagonal Infinite Hidden Markov Model., AISTATS, 2009"], "Tai Sing Lee": ["The Block Diagonal Infinite Hidden Markov Model., AISTATS, 2009"], "Peter Sunehag": ["Variable Metric Stochastic Approximation Theory., AISTATS, 2009"], "Jochen Trumpf": ["Variable Metric Stochastic Approximation Theory., AISTATS, 2009"], "Nicol N. Schraudolph": ["Variable Metric Stochastic Approximation Theory., AISTATS, 2009"], "Michalis K. Titsias": ["Variational Learning of Inducing Variables in Sparse Gaussian Processes., AISTATS, 2009"], "Changhu Wang": ["Non-Negative Semi-Supervised Learning., AISTATS, 2009"], "Shuicheng Yan": ["Non-Negative Semi-Supervised Learning., AISTATS, 2009"], "Lei Zhang": ["Non-Negative Semi-Supervised Learning., AISTATS, 2009"], "HongJiang Zhang": ["Non-Negative Semi-Supervised Learning., AISTATS, 2009"], "Chong Wang": ["Markov Topic Models., AISTATS, 2009"], "Bo Thiesson": ["Markov Topic Models., AISTATS, 2009"], "Christopher Meek": ["Markov Topic Models., AISTATS, 2009"], "Shijun Wang": ["An Information Geometry Approach for Distance Metric Learning., AISTATS, 2009"], "Rong Jin": ["An Information Geometry Approach for Distance Metric Learning., AISTATS, 2009"], "Zhuoran Wang": ["Large-Margin Structured Prediction via Linear Programming., AISTATS, 2009"], "Frank D. Wood": ["A Hierarchical Nonparametric Bayesian Approach to Statistical Language Model Domain Adaptation., AISTATS, 2009"], "Yongxin Taylor Xi": ["Speed and Sparsity of Regularized Boosting., AISTATS, 2009"], "Zhen James Xiang": ["Speed and Sparsity of Regularized Boosting., AISTATS, 2009"], "Peter J. Ramadge": ["Speed and Sparsity of Regularized Boosting., AISTATS, 2009"], "Robert E. Schapire": ["Speed and Sparsity of Regularized Boosting., AISTATS, 2009"], "Yang Xu": ["Tree-Based Inference for Dirichlet Process Mixtures., AISTATS, 2009"], "Min Yang": ["Dual Temporal Difference Learning., AISTATS, 2009"], "Shipeng Yu": ["Active Sensing., AISTATS, 2009"], "Balaji Krishnapuram": ["Active Sensing., AISTATS, 2009"], "R\u00f3mer Rosales": ["Active Sensing., AISTATS, 2009"], "R. Bharat Rao": ["Active Sensing., AISTATS, 2009"], "Michael I. Jordan": ["Coherence Functions for Multicategory Margin-based Classification Methods., AISTATS, 2009", "Latent Variable Models for Dimensionality Reduction., AISTATS, 2009"], "Mingjun Zhong": ["Reversible Jump MCMC for Non-Negative Matrix Factorization., AISTATS, 2009"], "Mark A. Girolami": ["Reversible Jump MCMC for Non-Negative Matrix Factorization., AISTATS, 2009"]}