{"Mario Lucic": ["Strong Coresets for Hard and Soft Bregman Clustering with Applications to Exponential Family Mixtures., AISTATS, 2016"], "Alexandra Carpentier": ["Revealing Graph Bandits for Maximizing Local Influence., AISTATS, 2016", "Learning Relationships between Data Obtained Independently., AISTATS, 2016"], "Anastasios Kyrillidis": ["Convex Block-sparse Linear Regression with Expanders - Provably., AISTATS, 2016"], "Daniel Ritchie": ["C3: Lightweight Incrementalized MCMC for Probabilistic Programs using Continuations and Callsite Caching., AISTATS, 2016"], "Adrian Weller": ["Clamping Improves TRW and Mean Field Approximations., AISTATS, 2016", "Tightness of LP Relaxations for Almost Balanced Models., AISTATS, 2016"], "Chris J. Oates": ["Control Functionals for Quasi-Monte Carlo Integration., AISTATS, 2016"], "Markus Schneider": ["Probability Inequalities for Kernel Embeddings in Sampling without Replacement., AISTATS, 2016"], "Nicolas Goix": ["Sparse Representation of Multivariate Extremes with Applications to Anomaly Ranking., AISTATS, 2016"], "Yale Chang": ["A Robust-Equitable Copula Dependence Measure for Feature Selection., AISTATS, 2016"], "Rapha\u00ebl F\u00e9raud": ["Random Forest for the Contextual Bandit Problem., AISTATS, 2016"], "Michael Herman": ["Inverse Reinforcement Learning with Simultaneous Estimation of Rewards and Dynamics., AISTATS, 2016"], "Hemant Tyagi": ["Learning Sparse Additive Models with Interactions in High Dimensions., AISTATS, 2016"], "Megasthenis Asteris": ["Bipartite Correlation Clustering: Maximizing Agreements., AISTATS, 2016"], "Sergey Bartunov": ["Breaking Sticks and Ambiguities with Adaptive Skip-gram., AISTATS, 2016"], "Kwang-Sung Jun": ["Top Arm Identification in Multi-Armed Bandits with Batch Arm Pulls., AISTATS, 2016"], "Jonathan Scarlett": ["Limits on Sparse Support Recovery via Linear Sketching with Random Expander Matrices., AISTATS, 2016"], "Lee H. Dicker": ["Maximum Likelihood for Variance Estimation in High-Dimensional Linear Models., AISTATS, 2016"], "Daniel Hern\u00e1ndez-Lobato": ["Scalable Gaussian Process Classification via Expectation Propagation., AISTATS, 2016"], "Lingxiao Wang": ["Precision Matrix Estimation in High Dimensional Gaussian Graphical Models with Faster Rates., AISTATS, 2016"], "Jincheng Mei": ["On the Reducibility of Submodular Functions., AISTATS, 2016"], "Atsushi Nitanda": ["Accelerated Stochastic Gradient Descent for Minimizing Finite Sums., AISTATS, 2016"], "Martin Boissier": ["Fast Convergence of Online Pairwise Learning Algorithms., AISTATS, 2016"], "Andreas Svensson": ["Computationally Efficient Bayesian Learning of Gaussian Process State Space Models., AISTATS, 2016"], "Yaniv Tenzer": ["Generalized Ideal Parent (GIP): Discovering non-Gaussian Hidden Variables., AISTATS, 2016"], "Alexander G. de G. Matthews": ["On Sparse Variational Methods and the Kullback-Leibler Divergence between Stochastic Processes., AISTATS, 2016"], "Kevin G. Jamieson": ["Non-stochastic Best Arm Identification and Hyperparameter Optimization., AISTATS, 2016"], "Philipp Moritz": ["A Linearly-Convergent Stochastic L-BFGS Algorithm., AISTATS, 2016"], "Robert Nishihara": ["No Regret Bound for Extreme Bandits., AISTATS, 2016"], "Anima Anandkumar": ["Tensor vs. Matrix Methods: Robust Tensor Decomposition under Block Sparse Perturbations., AISTATS, 2016"], "Sougata Chaudhuri": ["Online Learning to Rank with Feedback at the Top., AISTATS, 2016"], "Christopher Srinivasa": ["Survey Propagation beyond Constraint Satisfaction Problems., AISTATS, 2016"], "Bal\u00e1zs Csan\u00e1d Cs\u00e1ji": ["Score Permutation Based Finite Sample Inference for Generalized AutoRegressive Conditional Heteroskedasticity (GARCH) Models., AISTATS, 2016"], "Vikas K. Garg": ["CRAFT: ClusteR-specific Assorted Feature selecTion., AISTATS, 2016"], "Ilija Bogunovic": ["Time-Varying Gaussian Process Bandit Optimization., AISTATS, 2016"], "Weici Hu": ["Bayes-Optimal Effort Allocation in Crowdsourcing: Bounds and Index Policies., AISTATS, 2016"], "Dinu Kaufmann": ["Bayesian Markov Blanket Estimation., AISTATS, 2016"], "S\u00f8ren Hauberg": ["Dreaming More Data: Class-dependent Distributions over Diffeomorphisms for Learned Data Augmentation., AISTATS, 2016"], "Ariel Jaffe": ["Unsupervised Ensemble Learning with Dependent Classifiers., AISTATS, 2016"], "Krzysztof Chalupka": ["Multi-Level Cause-Effect Systems., AISTATS, 2016"], "Andrew Gordon Wilson": ["Deep Kernel Learning., AISTATS, 2016"], "Lee-Ad Gottlieb": ["Nearly Optimal Classification for Semimetrics., AISTATS, 2016"], "Chris M. Lloyd": ["Latent Point Process Allocation., AISTATS, 2016"], "Mijung Park": ["K2-ABC: Approximate Bayesian Computation with Kernel Embeddings., AISTATS, 2016"], "Jes Frellsen": ["Bayesian Generalised Ensemble Markov Chain Monte Carlo., AISTATS, 2016"], "Yan Li": ["A Lasso-based Sparse Knowledge Gradient Policy for Sequential Optimal Learning., AISTATS, 2016"], "Renkun Ni": ["Optimal Statistical and Computational Rates for One Bit Matrix Completion., AISTATS, 2016"], "Luc B\u00e9gin": ["PAC-Bayesian Bounds based on the R\u00e9nyi Divergence., AISTATS, 2016"], "Mihai Cucuringu": ["Simple and Scalable Constrained Clustering: a Generalized Spectral Method., AISTATS, 2016"], "Avradeep Bhowmik": ["Geometry Aware Mappings for High Dimensional Sparse Factors., AISTATS, 2016"], "Chen-Yu Lee": ["Generalizing Pooling Functions in Convolutional Neural Networks: Mixed, Gated, and Tree., AISTATS, 2016"], "Chun-Liang Li": ["Rivalry of Two Families of Algorithms for Memory-Restricted Streaming PCA., AISTATS, 2016", "High Dimensional Bayesian Optimization via Restricted Projection Pursuit Models., AISTATS, 2016"], "Ruiqi Guo": ["Quantization based Fast Inner Product Search., AISTATS, 2016"], "Xingguo Li": ["An Improved Convergence Analysis of Cyclic Block Coordinate Descent-type Methods for Strongly Convex Minimization., AISTATS, 2016"], "Jie Shen": ["Learning Structured Low-Rank Representation via Matrix Factorization., AISTATS, 2016"], "Zhaohan Daniel Guo": ["A PAC RL Algorithm for Episodic POMDPs., AISTATS, 2016"], "Sujith Ravi": ["Large Scale Distributed Semi-Supervised Learning Using Streaming Approximation., AISTATS, 2016"], "Calvin McCarter": ["Large-Scale Optimization Algorithms for Sparse Conditional Gaussian Graphical Models., AISTATS, 2016"], "Yining Wang": ["Graph Connectivity in Noisy Sparse Subspace Clustering., AISTATS, 2016"], "Yu Nishiyama": ["The Nonparametric Kernel Bayes Smoother., AISTATS, 2016"], "Asela Gunawardana": ["Universal Models of Multivariate Temporal Point Processes., AISTATS, 2016"], "Zhitang Chen": ["Online Relative Entropy Policy Search using Reproducing Kernel Hilbert Space Embeddings., AISTATS, 2016"], "Muneki Yasuda": ["Relationship between PreTraining and Maximum Likelihood Estimation in Deep Boltzmann Machines., AISTATS, 2016"], "Eunice Yuh-Jie Chen": ["Enumerating Equivalence Classes of Bayesian Networks using EC Graphs., AISTATS, 2016"], "Quanquan Gu": ["Low-Rank and Sparse Structure Pursuit via Alternating Minimization., AISTATS, 2016"], "Eli A. Meirom": ["NuC-MKL: A Convex Approach to Non Linear Multiple Kernel Learning., AISTATS, 2016"], "Fanhua Shang": ["Tractable and Scalable Schatten Quasi-Norm Approximations for Rank Minimization., AISTATS, 2016"], "Antoine Rolet": ["Fast Dictionary Learning with a Smoothed Wasserstein Loss., AISTATS, 2016"], "Canh Hao Nguyen": ["New Resistance Distances with Global Information on Large Graphs., AISTATS, 2016"], "Javier Gonz\u00e1lez": ["Batch Bayesian Optimization via Local Penalization., AISTATS, 2016", "GLASSES: Relieving The Myopia Of Bayesian Optimisation., AISTATS, 2016"], "Trung Le": ["Nonparametric Budgeted Stochastic Gradient Descent., AISTATS, 2016"], "Heejin Choi": ["Fast and Scalable Structural SVM with Slack Rescaling., AISTATS, 2016"], "Simon Bartels": ["Probabilistic Approximate Least-Squares., AISTATS, 2016"], "Duc Thien Nguyen": ["Approximate Inference Using DC Programming For Collective Graphical Models., AISTATS, 2016"], "Yali Wang": ["Sequential Inference for Deep Gaussian Process., AISTATS, 2016"], "Stephan Mandt": ["Variational Tempering., AISTATS, 2016"], "Yi Zhou": ["On Convergence of Model Parallel Proximal Gradient Algorithm for Stale Synchronous Parallel System., AISTATS, 2016"], "Wenzhe Li": ["Scalable MCMC for Mixed Membership Stochastic Blockmodels., AISTATS, 2016"], "Markus Heinonen": ["Non-Stationary Gaussian Process Regression with Hamiltonian Monte Carlo., AISTATS, 2016"], "Yunchen Pu": ["A Deep Generative Deconvolutional Image Model., AISTATS, 2016"], "Jialei Wang": ["Distributed Multi-Task Learning., AISTATS, 2016", "Inference for High-dimensional Exponential Family Graphical Models., AISTATS, 2016"], "Rishit Sheth": ["A Fixed-Point Operator for Inference in Variational Bayesian Latent Gaussian Models., AISTATS, 2016"], "Sebastian Tschiatschek": ["Learning Probabilistic Submodular Diversity Models Via Noise Contrastive Estimation., AISTATS, 2016"], "Sangkyun Lee": ["Fast Saddle-Point Algorithm for Generalized Dantzig Selector and FDR Control with Ordered L1-Norm., AISTATS, 2016"], "Aonan Zhang": ["Stochastic Variational Inference for the HDP-HMM., AISTATS, 2016"], "Siamak Ravanbakhsh": ["Stochastic Neural Networks with Monotonic Activation Functions., AISTATS, 2016"], "Xiaowei Hu": ["(Bandit) Convex Optimization with Biased Noisy Gradient Oracles., AISTATS, 2016"], "Shaobo Han": ["Variational Gaussian Copula Inference., AISTATS, 2016"], "Guillaume Rabusseau": ["Low-Rank Approximation of Weighted Tree Automata., AISTATS, 2016"], "Mehryar Mohri": ["Accelerating Online Convex Optimization via Adaptive Prediction., AISTATS, 2016"], "Ye Wang": ["Scalable geometric density estimation., AISTATS, 2016"], "Aghiles Salah": ["Model-based Co-clustering for High Dimensional Sparse Data., AISTATS, 2016"], "Christina Heinze": ["DUAL-LOCO: Distributing Statistical Estimation Using Random Projections., AISTATS, 2016"], "Julien P\u00e9rolat": ["On the Use of Non-Stationary Strategies for Solving Two-Player Zero-Sum Markov Games., AISTATS, 2016"], "Hanxiao Liu": ["Semi-Supervised Learning with Adaptive Spectral Transform., AISTATS, 2016"], "Iain Murray": ["Pseudo-Marginal Slice Sampling., AISTATS, 2016"], "Vassilis Kalofolias": ["How to Learn a Graph from Smooth Signals., AISTATS, 2016"], "M\u00e1rio A. T. Figueiredo": ["Ordered Weighted L1 Regularized Regression with Strongly Correlated Covariates: Theoretical Aspects., AISTATS, 2016"], "Peter Auer": ["Pareto Front Identification from Stochastic Bandit Feedback., AISTATS, 2016"], "Amirali Abdullah": ["Sketching, Embedding and Dimensionality Reduction in Information Theoretic Spaces., AISTATS, 2016"], "Suvrit Sra": ["AdaDelay: Delay Adaptive Distributed Stochastic Optimization., AISTATS, 2016"], "Manzil Zaheer": ["Exponential Stochastic Cellular Automata for Massively Parallel Inference., AISTATS, 2016"], "Pierre-Alexandre Mattei": ["Globally Sparse Probabilistic PCA., AISTATS, 2016"], "Bo Dai": ["Provable Bayesian Inference via Particle Mirror Descent., AISTATS, 2016"], "Xiaokai Wei": ["Unsupervised Feature Selection by Preserving Stochastic Neighbors., AISTATS, 2016"], "Victor Gabillon": ["Improved Learning Complexity in Combinatorial Pure Exploration Bandits., AISTATS, 2016"], "William Herlands": ["Scalable Gaussian Processes for Characterizing Multidimensional Change Surfaces., AISTATS, 2016"], "Zi Wang": ["Optimization as Estimation with Gaussian Processes in Bandit Settings., AISTATS, 2016"], "Jiaqian Yu": ["A Convex Surrogate Operator for General Non-Modular Loss Functions., AISTATS, 2016"], "Changyou Chen": ["Bridging the Gap between Stochastic Gradient MCMC and Stochastic Optimization., AISTATS, 2016"], "Andrew M. McDonald": ["Fitting Spectral Decay with the \\(k\\)-Support Norm., AISTATS, 2016"], "David K. Duvenaud": ["Early Stopping as Nonparametric Variational Inference., AISTATS, 2016"], "Junier B. Oliva": ["Bayesian Nonparametric Kernel-Learning., AISTATS, 2016"], "Lun-Kai Hsu": ["Tight Variational Bounds via Random Projections and I-Projections., AISTATS, 2016"], "Kui Tang": ["Bethe Learning of Graphical Models via MAP Decoding., AISTATS, 2016"], "Veronika Rockov\u00e1": ["Determinantal Regularization for Ensemble Variable Selection., AISTATS, 2016"], "Hao Cheng": ["Scalable and Sound Low-Rank Tensor Learning., AISTATS, 2016"], "Changwei Hu": ["Non-negative Matrix Factorization for Discrete Data with Hierarchical Side-Information., AISTATS, 2016", "Topic-Based Embeddings for Learning from Large Knowledge Graphs., AISTATS, 2016"], "Garrett Bernstein": ["Consistently Estimating Markov Chains with Noisy Aggregate Data., AISTATS, 2016"], "Tom Goldstein": ["Unwrapping ADMM: Efficient Distributed Computing via Transpose Reduction., AISTATS, 2016"], "Uri Heinemann": ["Improper Deep Kernels., AISTATS, 2016"], "Bobak Shahriari": ["Unbounded Bayesian Optimization via Regularization., AISTATS, 2016"], "Hiroaki Sasaki": ["Non-Gaussian Component Analysis with Log-Density Gradient Estimation., AISTATS, 2016"], "Tom\u00e1s Koc\u00e1k": ["Online Learning with Noisy Side Observations., AISTATS, 2016"], "Jan-Willem van de Meent": ["Black-Box Policy Search with Probabilistic Programs., AISTATS, 2016"], "Cong Han Lim": ["Efficient Bregman Projections onto the Permutahedron and Related Polytopes., AISTATS, 2016"], "Benito van der Zander": ["On Searching for Generalized Instrumental Variables., AISTATS, 2016"], "Hanie Sedghi": ["Provable Tensor Methods for Learning Mixtures of Generalized Linear Models., AISTATS, 2016"], "Daniel Russo": ["Controlling Bias in Adaptive Data Analysis Using Information Theory., AISTATS, 2016"], "Jean-Francis Roy": ["A Column Generation Bound Minimization Approach with PAC-Bayesian Generalization Guarantees., AISTATS, 2016"], "Veeranjaneyulu Sadhanala": ["Graph Sparsification Approaches for Laplacian Smoothing., AISTATS, 2016"], "Ian En-Hsu Yen": ["Scalable Exemplar Clustering and Facility Location via Augmented Block Coordinate Descent with Column Generation., AISTATS, 2016"], "Xiangli Chen": ["Robust Covariate Shift Regression., AISTATS, 2016"], "Cheng Tang": ["On Lloyd's Algorithm: New Theoretical Insights for Clustering in Practice., AISTATS, 2016"], "Panos Toulis": ["Towards Stability and Optimality in Stochastic Gradient Descent., AISTATS, 2016"], "Shang-Tse Chen": ["Communication Efficient Distributed Agnostic Boosting., AISTATS, 2016"], "Matt J. Kusner": ["Private Causal Inference., AISTATS, 2016"], "Guillaume W. Basse": ["Parallel Markov Chain Monte Carlo via Spectral Clustering., AISTATS, 2016", "Randomization and The Pernicious Effects of Limited Budgets on Auction Experiments., AISTATS, 2016"], "Chengtao Li": ["Efficient Sampling for k-Determinantal Point Processes., AISTATS, 2016"], "Yasin Abbasi-Yadkori": ["A Fast and Reliable Policy Improvement Algorithm., AISTATS, 2016"], "Zhao Song": ["Learning Sigmoid Belief Networks via Monte Carlo Expectation Maximization., AISTATS, 2016"], "Gautam Dasarathy": ["Active Learning Algorithms for Graphical Model Selection., AISTATS, 2016"], "Mina Ghashami": ["Streaming Kernel Principal Component Analysis., AISTATS, 2016"], "Qichao Que": ["Back to the Future: Radial Basis Function Networks Revisited., AISTATS, 2016"], "Lo\u00efc Landrieu": ["Cut Pursuit: Fast Algorithms to Learn Piecewise Constant Functions., AISTATS, 2016"], "Daniel Filan": ["Loss Bounds and Time Complexity for Speed Priors., AISTATS, 2016"], "Raffaello Camoriano": ["NYTRO: When Subsampling Meets Early Stopping., AISTATS, 2016"], "Dustin Tran": ["Spectral M-estimation with Applications to Hidden Markov Models., AISTATS, 2016"], "Alan D. Saul": ["Chained Gaussian Processes., AISTATS, 2016"], "Nedelina Teneva": ["Multiresolution Matrix Compression., AISTATS, 2016"], "Adam Bloniarz": ["Supervised Neighborhoods for Distributed Nonparametric Regression., AISTATS, 2016"], "Dejiao Zhang": ["Global Convergence of a Grassmannian Gradient Descent Algorithm for Subspace Estimation., AISTATS, 2016"], "Abdullah Rashwan": ["Online and Distributed Bayesian Moment Matching for Parameter Learning in Sum-Product Networks., AISTATS, 2016"], "Balaji Lakshminarayanan": ["Mondrian Forests for Large-Scale Regression when Uncertainty Matters., AISTATS, 2016"], "Jinchun Zhan": ["Online (and Offline) Robust PCA: Novel Algorithms and Performance Guarantees., AISTATS, 2016"], "Yan Kaganovsky": ["Parallel Majorization Minimization with Dynamically Restricted Domains for Nonconvex Optimization., AISTATS, 2016"], "Amirmohammad Rooshenas": ["Discriminative Structure Learning of Arithmetic Circuits., AISTATS, 2016"], "Ping Li": ["One Scan 1-Bit Compressed Sensing., AISTATS, 2016"]}