{"Adrian Weller": ["The Geometry of Random Features., AISTATS, 2018", "Gauged Mini-Bucket Elimination for Approximate Inference., AISTATS, 2018"], "Ludwig Schmidt": ["A Fast Algorithm for Separated Sparsity via Perturbed Lagrangians., AISTATS, 2018"], "Yee Whye Teh": ["An Analysis of Categorical Distributional Reinforcement Learning., AISTATS, 2018", "Scaling up the Automatic Statistician: Scalable Structure Discovery using Gaussian Processes., AISTATS, 2018"], "Daniel Cremers": ["Combinatorial Preconditioners for Proximal Algorithms on Graphs., AISTATS, 2018", "A Nonconvex Proximal Splitting Algorithm under Moreau-Yosida Regularization., AISTATS, 2018"], "Ran El-Yaniv": ["Growth-Optimal Portfolio Selection under CVaR Constraints., AISTATS, 2018"], "Christopher R\u00e9": ["Accelerated Stochastic Power Iteration., AISTATS, 2018"], "Haesun Park": ["Multi-scale Nystrom Method., AISTATS, 2018"], "Kohei Hayashi": ["Making Tree Ensembles Interpretable: A Bayesian Model Selection Approach., AISTATS, 2018"], "James R. Foulds": ["Mixed Membership Word Embeddings for Computational Social Science., AISTATS, 2018"], "Sharad Goel": ["Fast Threshold Tests for Detecting Discrimination., AISTATS, 2018"], "Aki Vehtari": ["Iterative Supervised Principal Components., AISTATS, 2018"], "Jennifer G. Dy": ["Iterative Spectral Method for Alternative Clustering., AISTATS, 2018", "Crowdclustering with Partition Labels., AISTATS, 2018"], "J\u00f6rg L\u00fccke": ["Can clustering scale sublinearly with its clusters? A variational EM acceleration of GMMs and k-means., AISTATS, 2018"], "Barnab\u00e1s P\u00f3czos": ["Parallelised Bayesian Optimisation via Thompson Sampling., AISTATS, 2018"], "Matthew D. Hoffman": ["On the challenges of learning with inference networks on sparse, high-dimensional data., AISTATS, 2018"], "Ichiro Takeuchi": ["Post Selection Inference with Kernels., AISTATS, 2018"], "Joel Ratsaby": ["On how complexity affects the stability of a predictor., AISTATS, 2018"], "Xin Gao": ["On Truly Block Eigensolvers via Riemannian Optimization., AISTATS, 2018"], "Ce Zhang": ["Layerwise Systematic Scan: Deep Boltzmann Machines and Beyond., AISTATS, 2018"], "Anastasios Kyrillidis": ["IHT dies hard: Provable accelerated Iterative Hard Thresholding., AISTATS, 2018"], "Yuan Yao": ["Finding Global Optima in Nonconvex Stochastic Semidefinite Optimization with Variance Reduction., AISTATS, 2018", "A Unified Dynamic Approach to Sparse Model Selection., AISTATS, 2018"], "Weining Shen": ["Outlier Detection and Robust Estimation in Nonparametric Regression., AISTATS, 2018"], "Eric Maris": ["Integral Transforms from Finite Data: An Application of Gaussian Process Regression to Fourier Analysis., AISTATS, 2018"], "Seth R. Flaxman": ["AdaGeo: Adaptive Geometric Learning for Optimization and Sampling., AISTATS, 2018", "Bayesian Approaches to Distribution Regression., AISTATS, 2018"], "Shuzhong Zhang": ["Online Learning with Non-Convex Losses and Non-Stationary Regret., AISTATS, 2018"], "Francis Bach": ["Learning Determinantal Point Processes in Sublinear Time., AISTATS, 2018", "Tracking the gradients using the Hessian: A new look at variance reducing stochastic methods., AISTATS, 2018"], "Zhaoran Wang": ["Nonlinear Structured Signal Estimation in High Dimensions via Iterative Hard Thresholding., AISTATS, 2018"], "Bamdev Mishra": ["Riemannian stochastic quasi-Newton algorithm with variance reduction and its convergence analysis., AISTATS, 2018"], "Ambuj Tewari": ["Online Boosting Algorithms for Multi-label Ranking., AISTATS, 2018"], "Alfred Hero": ["Zeroth-Order Online Alternating Direction Method of Multipliers: Convergence Analysis and Applications., AISTATS, 2018", "Scalable Hash-Based Estimation of Divergence Measures., AISTATS, 2018"], "Volkan Cevher": ["High-Dimensional Bayesian Optimization via Additive Models with Overlapping Groups., AISTATS, 2018", "Stochastic Three-Composite Convex Minimization with a Linear Operator., AISTATS, 2018", "Robust Maximization of Non-Submodular Objectives., AISTATS, 2018", "Combinatorial Penalties: Which structures are preserved by convex relaxations?, AISTATS, 2018"], "Christian Igel": ["Robust Active Label Correction., AISTATS, 2018"], "Yaara Goldschmidt": ["Factorial HMMs with Collapsed Gibbs Sampling for Optimizing Long-term HIV Therapy., AISTATS, 2018"], "M. Pawan Kumar": ["Optimal Submodular Extensions for Marginal Estimation., AISTATS, 2018", "Learning to Round for Discrete Labeling Problems., AISTATS, 2018"], "Amir Globerson": ["Semi-Supervised Learning with Competitive Infection Models., AISTATS, 2018"], "Elad Yom-Tov": ["Discriminative Learning of Prediction Intervals., AISTATS, 2018"], "Lawrence Carin": ["Topic Compositional Neural Language Model., AISTATS, 2018", "Benefits from Superposed Hawkes Processes., AISTATS, 2018", "Symmetric Variational Autoencoder and Connections to Adversarial Learning., AISTATS, 2018", "Learning Structural Weight Uncertainty for Sequential Decision-Making., AISTATS, 2018"], "Padhraic Smyth": ["Learning Priors for Invariance., AISTATS, 2018"], "Patrick Shafto": ["Optimal Cooperative Inference., AISTATS, 2018"], "Ger Yang": ["Stochastic Multi-armed Bandits in Constant Space., AISTATS, 2018"], "Yan Liu": ["Matrix completability analysis via graph k-connectivity., AISTATS, 2018", "Tensor Regression Meets Gaussian Processes., AISTATS, 2018"], "Michael W. Mahoney": ["FLAG n' FLARE: Fast Linearly-Coupled Adaptive Gradient Methods., AISTATS, 2018"], "C\u00e9cile Capponi": ["Multi-view Metric Learning in Vector-valued Kernel Spaces., AISTATS, 2018"], "Daniel B. Neill": ["Gaussian Process Subset Scanning for Anomalous Pattern Detection in Non-iid Data., AISTATS, 2018"], "Ren\u00e9 Vidal": ["Dropout as a Low-Rank Regularizer for Matrix Factorization., AISTATS, 2018"], "Lijun Zhang": ["A Simple Analysis for Exp-concave Empirical Minimization with Arbitrary Convex Regularizer., AISTATS, 2018"], "Hironori Fujisawa": ["Independently Interpretable Lasso: A New Regularizer for Sparse Regression with Uncorrelated Variables., AISTATS, 2018"], "Gunnar R\u00e4tsch": ["Boosting Variational Inference: an Optimization Perspective., AISTATS, 2018"], "Marc Tommasi": ["Personalized and Private Peer-to-Peer Machine Learning., AISTATS, 2018"], "David Tse": ["Medoids in Almost-Linear Time via Multi-Armed Bandits., AISTATS, 2018"], "Cong Shen": ["Regional Multi-Armed Bandits., AISTATS, 2018"], "Huan Xu": ["Nearly second-order optimality of online joint detection and estimation via one-sample update schemes., AISTATS, 2018"], "Amnon Shashua": ["Sum-Product-Quotient Networks., AISTATS, 2018"], "Svetha Venkatesh": ["Exploiting Strategy-Space Diversity for Batch Bayesian Optimization., AISTATS, 2018"], "Fran\u00e7ois Portier": ["Beating Monte Carlo Integration: a Nonasymptotic Study of Kernel Smoothing Methods., AISTATS, 2018"], "Dominik Janzing": ["Group invariance principles for causal generative models., AISTATS, 2018"], "Jean-Daniel Zucker": ["A Provable Algorithm for Learning Interpretable Scoring Systems., AISTATS, 2018"], "Shin-ichi Minato": ["Efficient Bandit Combinatorial Optimization Algorithm with Zero-suppressed Binary Decision Diagrams., AISTATS, 2018"], "Peter J. Ramadge": ["Transfer Learning on fMRI Datasets., AISTATS, 2018"], "Cynthia Rudin": ["An Optimization Approach to Learning Falling Rule Lists., AISTATS, 2018"], "Za\u00efd Harchaoui": ["Catalyst for Gradient-based Nonconvex Optimization., AISTATS, 2018"], "Clayton Scott": ["Nonparametric Preference Completion., AISTATS, 2018"], "Ambrish Rawat": ["Non-parametric estimation of Jensen-Shannon Divergence in Generative Adversarial Network training., AISTATS, 2018"], "Arthur Gretton": ["Efficient and principled score estimation with Nystr\u00f6m kernel exponential families., AISTATS, 2018", "Kernel Conditional Exponential Family., AISTATS, 2018"], "Dmitry P. Vetrov": ["Few-shot Generative Modelling with Generative Matching Networks., AISTATS, 2018"], "Doina Precup": ["Nonlinear Weighted Finite Automata., AISTATS, 2018"], "James Hensman": ["Natural Gradients in Practice: Non-Conjugate Variational Inference in Gaussian Process Models., AISTATS, 2018"], "Chris Wiggins": ["Variational inference for the multi-armed contextual bandit., AISTATS, 2018"], "Manfred K. Warmuth": ["Subsampling for Ridge Regression via Regularized Volume Sampling., AISTATS, 2018"], "Dmitry Kropotov": ["Scalable Gaussian Processes with Billions of Inducing Inputs via Tensor Train Decomposition., AISTATS, 2018"], "Markus Weimer": ["Batch-Expansion Training: An Efficient Optimization Framework., AISTATS, 2018"], "Stefanie Jegelka": ["Batched Large-scale Bayesian Optimization in High-dimensional Spaces., AISTATS, 2018", "Structured Optimal Transport., AISTATS, 2018"], "Vikash Mansinghka": ["Temporally-Reweighted Chinese Restaurant Process Mixtures for Clustering, Imputing, and Forecasting Multivariate Time Series., AISTATS, 2018"], "Yining Wang": ["Direct Learning to Rank And Rerank., AISTATS, 2018"], "Silvio Lattanzi": ["One-shot Coresets: The Case of k-Clustering., AISTATS, 2018"], "Michael Witbrock": ["Random Warping Series: A Random Features Method for Time-Series Embedding., AISTATS, 2018"], "Priya Nagpurkar": ["Slow and Stale Gradients Can Win the Race: Error-Runtime Trade-offs in Distributed SGD., AISTATS, 2018"], "Masashi Sugiyama": ["Variational Inference based on Robust Divergences., AISTATS, 2018", "A fully adaptive algorithm for pure exploration in linear bandits., AISTATS, 2018", "Bayesian Nonparametric Poisson-Process Allocation for Time-Sequence Modeling., AISTATS, 2018"], "Stefano Ermon": ["Variational Rejection Sampling., AISTATS, 2018", "Best arm identification in multi-armed bandits with delayed feedback., AISTATS, 2018"], "Sanjay Shakkottai": ["Contextual Bandits with Stochastic Experts., AISTATS, 2018"], "Carlos Riquelme": ["Human Interaction with Recommendation Systems., AISTATS, 2018"], "I-Hsiang Wang": ["Community Detection in Hypergraphs: Optimal Statistical Limit and Efficient Algorithms., AISTATS, 2018"], "Antoine Rolet": ["Smooth and Sparse Optimal Transport., AISTATS, 2018"], "Bernhard Sch\u00f6lkopf": ["Cause-Effect Inference by Comparing Regression Errors., AISTATS, 2018"], "Mihaela van der Schaar": ["Tree-based Bayesian Mixture Model for Competing Risks., AISTATS, 2018"], "Olivier Pietquin": ["Actor-Critic Fictitious Play in Simultaneous Move Multistage Games., AISTATS, 2018"], "Pierre Geurts": ["Random Subspace with Trees for Feature Selection Under Memory Constraints., AISTATS, 2018"], "Jakob Runge": ["Conditional independence testing based on a nearest-neighbor estimator of conditional mutual information., AISTATS, 2018"], "Teemu Roos": ["Quotient Normalized Maximum Likelihood Criterion for Learning Bayesian Network Structures., AISTATS, 2018"], "Chiranjib Bhattacharyya": ["Convex Optimization over Intersection of Simple Sets: improved Convergence Rate Guarantees via an Exact Penalty Approach., AISTATS, 2018"], "David M. Blei": ["Variational Sequential Monte Carlo., AISTATS, 2018", "Proximity Variational Inference., AISTATS, 2018"], "Yuichi Yoshida": ["Statistically Efficient Estimation for Non-Smooth Probability Densities., AISTATS, 2018", "Guaranteed Sufficient Decrease for Stochastic Variance Reduced Gradient Optimization., AISTATS, 2018"], "Guillaume Obozinski": ["SDCA-Powered Inexact Dual Augmented Lagrangian Method for Fast CRF Learning., AISTATS, 2018"], "Joseph Salmon": ["Generalized Concomitant Multi-Task Lasso for Sparse Multimodal Regression., AISTATS, 2018"], "Taiji Suzuki": ["Gradient Layer: Enhancing the Convergence of Adversarial Training for Generative Models., AISTATS, 2018", "Fast generalization error bound of deep learning from a kernel perspective., AISTATS, 2018"], "Qiang Sun": ["Statistical Sparse Online Regression: A Diffusion Approximation Perspective., AISTATS, 2018"], "Thomas B. Sch\u00f6n": ["Delayed Sampling and Automatic Rao-Blackwellization of Probabilistic Programs., AISTATS, 2018"], "Martin J. Wainwright": ["Approximate ranking from pairwise comparisons., AISTATS, 2018"], "Finale Doshi-Velez": ["Semi-Supervised Prediction-Constrained Topic Models., AISTATS, 2018", "Weighted Tensor Decomposition for Learning Latent Variables with Partial Data., AISTATS, 2018"], "Le Song": ["A Stochastic Differential Equation Framework for Guiding Online User Activities in Closed Loop., AISTATS, 2018"], "Quanquan Gu": ["Accelerated Stochastic Mirror Descent: From Continuous-time Dynamics to Discrete-time Algorithms., AISTATS, 2018", "A Unified Framework for Nonconvex Low-Rank plus Sparse Matrix Recovery., AISTATS, 2018"], "Hiroshi Mamitsuka": ["Factor Analysis on a Graph., AISTATS, 2018"], "Chao Zhang": ["Towards Memory-Friendly Deterministic Incremental Gradient Method., AISTATS, 2018"], "Aravindan Vijayaraghavan": ["Optimality of Approximate Inference Algorithms on Stable Instances., AISTATS, 2018"], "Amin Karbasi": ["Submodularity on Hypergraphs: From Sets to Sequences., AISTATS, 2018", "Comparison Based Learning from Weak Oracles., AISTATS, 2018", "Conditional Gradient Method for Stochastic Submodular Maximization: Closing the Gap., AISTATS, 2018", "Online Continuous Submodular Maximization., AISTATS, 2018"], "Xiuyuan Cheng": ["Provable Estimation of the Number of Blocks in Block Models., AISTATS, 2018"], "Neil D. Lawrence": ["Differentially Private Regression with Gaussian Processes., AISTATS, 2018"], "Martin Jaggi": ["Adaptive balancing of gradient and update computation times using global geometry and approximate subproblems., AISTATS, 2018"], "Max Welling": ["VAE with a VampPrior., AISTATS, 2018"], "Alison O'Connor": ["Structured Factored Inference for Probabilistic Programming., AISTATS, 2018"], "Alexander J. Smola": ["A Generic Approach for Escaping Saddle points., AISTATS, 2018"], "Angela Zhou": ["Policy Evaluation and Optimization with Continuous Treatments., AISTATS, 2018"], "Theodore Papamarkou": ["Multiphase MCMC Sampling for Parameter Inference in Nonlinear Ordinary Differential Equations., AISTATS, 2018"], "James Zou": ["Why Adaptively Collected Data Have Negative Bias and How to Correct for It., AISTATS, 2018"], "Arindam Banerjee": ["Sparse Linear Isotonic Models., AISTATS, 2018"], "Omar Fawzi": ["Robustness of classifiers to uniform $\\ell_p$ and Gaussian noise., AISTATS, 2018"], "Jennifer Neville": ["Nested CRP with Hawkes-Gaussian Processes., AISTATS, 2018"], "David P. Woodruff": ["Sketching for Kronecker Product Regression and P-splines., AISTATS, 2018"], "Ryan P. Adams": ["Multimodal Prediction and Personalization of Photo Edits with Deep Generative Models., AISTATS, 2018"], "Graham Cormode": ["Cheap Checking for Cloud Computing: Statistical Analysis via Annotated Data Streams., AISTATS, 2018"], "Jian Ma": ["Minimax Reconstruction Risk of Convolutional Sparse Dictionary Learning., AISTATS, 2018"], "Csaba Szepesv\u00e1ri": ["Linear Stochastic Approximation: How Far Does Constant Step-Size and Iterate Averaging Go?, AISTATS, 2018"], "Aarti Singh": ["Stochastic Zeroth-order Optimization in High Dimensions., AISTATS, 2018"], "Xiaojin Zhu": ["Teacher Improves Learning by Selecting a Training Subset., AISTATS, 2018"], "Sang-Yun Oh": ["Communication-Avoiding Optimization Methods for Distributed Massive-Scale Sparse Inverse Covariance Estimation., AISTATS, 2018"], "Yikai Zhang": ["Robust Vertex Enumeration for Convex Hulls in High Dimensions., AISTATS, 2018"], "Andrew Gordon Wilson": ["Product Kernel Interpolation for Scalable Gaussian Processes., AISTATS, 2018"], "Chinmay Hegde": ["Towards Provable Learning of Polynomial Neural Networks Using Low-Rank Matrix Estimation., AISTATS, 2018"], "Stephan Mandt": ["Scalable Generalized Dynamic Topic Models., AISTATS, 2018"], "Oluwasanmi Koyejo": ["Bayesian Structure Learning for Dynamic Brain Connectivity., AISTATS, 2018"], "Alejandro Ribeiro": ["Large Scale Empirical Risk Minimization via Truncated Adaptive Newton Method., AISTATS, 2018"], "Simon Lacoste-Julien": ["Frank-Wolfe Splitting via Augmented Lagrangian Method., AISTATS, 2018"], "Jean Honorio": ["Learning linear structural equation models in polynomial time and sample complexity., AISTATS, 2018", "Learning Sparse Polymatrix Games in Polynomial Time and Sample Complexity., AISTATS, 2018"], "Panos Toulis": ["Convergence diagnostics for stochastic gradient descent with constant learning rate., AISTATS, 2018"], "Joong-Ho Won": ["Nonparametric Sharpe Ratio Function Estimation in Heteroscedastic Regression Models via Convex Optimization., AISTATS, 2018"], "Robert M. Gower": ["Stochastic algorithms for entropy-regularized optimal transport problems., AISTATS, 2018"], "Steffen Gr\u00fcnew\u00e4lder": ["Plug-in Estimators for Conditional Expectations and Probabilities., AISTATS, 2018"], "Ed Huai-hsin Chi": ["Factorized Recurrent Neural Architectures for Longer Range Dependence., AISTATS, 2018"], "Xiao Wang": ["On the Statistical Efficiency of Compositional Nonparametric Prediction., AISTATS, 2018"], "Patrick van der Smagt": ["Metrics for Deep Generative Models., AISTATS, 2018"], "Percy Liang": ["Generalized Binary Search For Split-Neighborly Problems., AISTATS, 2018"], "Mikko Koivisto": ["Intersection-Validation: A Method for Evaluating Structure Learning without Ground Truth., AISTATS, 2018"], "Yun Yang": ["On Statistical Optimality of Variational Bayes., AISTATS, 2018"], "Han Liu": ["Minimax-Optimal Privacy-Preserving Sparse PCA in Distributed Systems., AISTATS, 2018"], "Ken-ichi Kawarabayashi": ["Online Regression with Partial Information: Generalization and Linear Projection., AISTATS, 2018"], "Marco Cuturi": ["Learning Generative Models with Sinkhorn Divergences., AISTATS, 2018"], "John P. Cunningham": ["Reparameterizing the Birkhoff Polytope for Variational Permutation Inference., AISTATS, 2018"], "Samory Kpotufe": ["Achieving the time of 1-NN, but the accuracy of k-NN., AISTATS, 2018"], "Deepak Venugopal": ["Efficient Weight Learning in High-Dimensional Untied MLNs., AISTATS, 2018"], "Harikrishna Narasimhan": ["Learning with Complex Loss Functions and Constraints., AISTATS, 2018"], "Johan Suykens": ["Solving lp-norm regularization with tensor kernels., AISTATS, 2018"], "Cem Tekin": ["Multi-objective Contextual Bandit Problem with Similarity Information., AISTATS, 2018"], "Zoubin Ghahramani": ["Turing: Composable inference for probabilistic programming., AISTATS, 2018"], "Yanjun Qi": ["Fast and Scalable Learning of Sparse Changes in High-Dimensional Gaussian Graphical Model Structure., AISTATS, 2018"], "Marc Peter Deisenroth": ["Data-Efficient Reinforcement Learning with Probabilistic Model Predictive Control., AISTATS, 2018"], "Bai Jiang": ["Approximate Bayesian Computation with Kullback-Leibler Divergence as Data Discrepancy., AISTATS, 2018"], "Michael McCourt": ["Practical Bayesian optimization in the presence of outliers., AISTATS, 2018"], "Scott Yang": ["Competing with Automata-based Expert Sequences., AISTATS, 2018"], "Christina E. Lee": ["Reducing Crowdsourcing to Graphon Estimation, Statistically., AISTATS, 2018"], "Ali Ghodsi": ["Robust Locally-Linear Controllable Embedding., AISTATS, 2018"], "Aleksandrs Slivkins": ["Combinatorial Semi-Bandits with Knapsacks., AISTATS, 2018"], "Ali Shojaie": ["Graphical Models for Non-Negative Data Using Generalized Score Matching., AISTATS, 2018"], "Heng Huang": ["Asynchronous Doubly Stochastic Group Regularized Learning., AISTATS, 2018"], "Byron Boots": ["Convergence of Value Aggregation for Imitation Learning., AISTATS, 2018", "Learning Hidden Quantum Markov Models., AISTATS, 2018"], "Daniel Reichman": ["Inference in Sparse Graphs with Pairwise Measurements and Side Information., AISTATS, 2018"], "Christopher M. Jermaine": ["Parallel and Distributed MCMC via Shepherding Distributions., AISTATS, 2018"], "Matthias Hein": ["The Power Mean Laplacian for Multilayer Graph Clustering., AISTATS, 2018"], "Robert Nowak": ["Adaptive Sampling for Coarse Ranking., AISTATS, 2018"], "Scott Sisson": ["The Binary Space Partitioning-Tree Process., AISTATS, 2018"], "Hemant Tyagi": ["On denoising modulo 1 samples of a function., AISTATS, 2018"], "Nick Hawes": ["Efficient Bayesian Methods for Counting Processes in Partially Observable Environments., AISTATS, 2018"], "Jonathan D. Cohen": ["Matrix-normal models for fMRI analysis., AISTATS, 2018"], "Surya Ganguli": ["The emergence of spectral universality in deep networks., AISTATS, 2018"], "Anil Aswani": ["Spectral Algorithms for Computing Fair Support Vector Machines., AISTATS, 2018"], "Wray L. Buntine": ["Bayesian Multi-label Learning with Sparse Features and Labels, and Label Co-occurrences., AISTATS, 2018"], "Mingyuan Zhou": ["Nonparametric Bayesian sparse graph linear dynamical systems., AISTATS, 2018"], "Yisong Yue": ["Near-Optimal Machine Teaching via Explanatory Teaching Sets., AISTATS, 2018"], "Gregory Calvez": ["Labeled Graph Clustering via Projected Gradient Descent., AISTATS, 2018"], "Peter Bartlett": ["Gradient Diversity: a Key Ingredient for Scalable Distributed Learning., AISTATS, 2018"], "Cheng Ju": ["HONES: A Fast and Tuning-free Homotopy Method For Online Newton Step., AISTATS, 2018"], "Xiaorui Sun": ["Probability-Revealing Samples., AISTATS, 2018"], "John C. Duchi": ["Derivative Free Optimization Via Repeated Classification., AISTATS, 2018"], "Georgios B. Giannakis": ["Online Ensemble Multi-kernel Learning Adaptive to Non-stationary and Adversarial Environments., AISTATS, 2018"], "Manolis Zampetakis": ["Bootstrapping EM via Power EM and Convergence in the Naive Bayes Model., AISTATS, 2018"], "Yingzhen Yang": ["Dimensionality Reduced $\\ell^{0}$-Sparse Subspace Clustering., AISTATS, 2018"]}