{"Krzysztof Choromanski": ["The Geometry of Random Features., AISTATS, 2018"], "Mark Rowland": ["The Geometry of Random Features., AISTATS, 2018", "An Analysis of Categorical Distributional Reinforcement Learning., AISTATS, 2018"], "Tam\u00e1s Sarl\u00f3s": ["The Geometry of Random Features., AISTATS, 2018"], "Vikas Sindhwani": ["The Geometry of Random Features., AISTATS, 2018"], "Richard E. Turner": ["The Geometry of Random Features., AISTATS, 2018"], "Adrian Weller": ["The Geometry of Random Features., AISTATS, 2018", "Gauged Mini-Bucket Elimination for Approximate Inference., AISTATS, 2018"], "Sungsoo Ahn": ["Gauged Mini-Bucket Elimination for Approximate Inference., AISTATS, 2018"], "Michael Chertkov": ["Gauged Mini-Bucket Elimination for Approximate Inference., AISTATS, 2018"], "Jinwoo Shin": ["Gauged Mini-Bucket Elimination for Approximate Inference., AISTATS, 2018"], "Aleksander Madry": ["A Fast Algorithm for Separated Sparsity via Perturbed Lagrangians., AISTATS, 2018"], "Slobodan Mitrovic": ["A Fast Algorithm for Separated Sparsity via Perturbed Lagrangians., AISTATS, 2018"], "Ludwig Schmidt": ["A Fast Algorithm for Separated Sparsity via Perturbed Lagrangians., AISTATS, 2018"], "Marc G. Bellemare": ["An Analysis of Categorical Distributional Reinforcement Learning., AISTATS, 2018"], "Will Dabney": ["An Analysis of Categorical Distributional Reinforcement Learning., AISTATS, 2018"], "R\u00e9mi Munos": ["An Analysis of Categorical Distributional Reinforcement Learning., AISTATS, 2018"], "Yee Whye Teh": ["An Analysis of Categorical Distributional Reinforcement Learning., AISTATS, 2018", "Scaling up the Automatic Statistician: Scalable Structure Discovery using Gaussian Processes., AISTATS, 2018"], "Thomas M\u00f6llenhoff": ["Combinatorial Preconditioners for Proximal Algorithms on Graphs., AISTATS, 2018"], "Zhenzhang Ye": ["Combinatorial Preconditioners for Proximal Algorithms on Graphs., AISTATS, 2018"], "Tao Wu": ["Combinatorial Preconditioners for Proximal Algorithms on Graphs., AISTATS, 2018", "A Nonconvex Proximal Splitting Algorithm under Moreau-Yosida Regularization., AISTATS, 2018"], "Daniel Cremers": ["Combinatorial Preconditioners for Proximal Algorithms on Graphs., AISTATS, 2018", "A Nonconvex Proximal Splitting Algorithm under Moreau-Yosida Regularization., AISTATS, 2018"], "Guy Uziel": ["Growth-Optimal Portfolio Selection under CVaR Constraints., AISTATS, 2018"], "Ran El-Yaniv": ["Growth-Optimal Portfolio Selection under CVaR Constraints., AISTATS, 2018"], "Peng Xu": ["Accelerated Stochastic Power Iteration., AISTATS, 2018"], "Bryan D. He": ["Accelerated Stochastic Power Iteration., AISTATS, 2018"], "Christopher De Sa": ["Accelerated Stochastic Power Iteration., AISTATS, 2018"], "Ioannis Mitliagkas": ["Accelerated Stochastic Power Iteration., AISTATS, 2018"], "Christopher R\u00e9": ["Accelerated Stochastic Power Iteration., AISTATS, 2018"], "Woosang Lim": ["Multi-scale Nystrom Method., AISTATS, 2018"], "Rundong Du": ["Multi-scale Nystrom Method., AISTATS, 2018"], "Bo Dai": ["Multi-scale Nystrom Method., AISTATS, 2018"], "Kyomin Jung": ["Multi-scale Nystrom Method., AISTATS, 2018"], "Le Song": ["Multi-scale Nystrom Method., AISTATS, 2018", "A Stochastic Differential Equation Framework for Guiding Online User Activities in Closed Loop., AISTATS, 2018"], "Haesun Park": ["Multi-scale Nystrom Method., AISTATS, 2018"], "Satoshi Hara": ["Making Tree Ensembles Interpretable: A Bayesian Model Selection Approach., AISTATS, 2018"], "Kohei Hayashi": ["Making Tree Ensembles Interpretable: A Bayesian Model Selection Approach., AISTATS, 2018"], "James R. Foulds": ["Mixed Membership Word Embeddings for Computational Social Science., AISTATS, 2018"], "Emma Pierson": ["Fast Threshold Tests for Detecting Discrimination., AISTATS, 2018"], "Sam Corbett-Davies": ["Fast Threshold Tests for Detecting Discrimination., AISTATS, 2018"], "Sharad Goel": ["Fast Threshold Tests for Detecting Discrimination., AISTATS, 2018"], "Juho Piironen": ["Iterative Supervised Principal Components., AISTATS, 2018"], "Aki Vehtari": ["Iterative Supervised Principal Components., AISTATS, 2018"], "Chieh Wu": ["Iterative Spectral Method for Alternative Clustering., AISTATS, 2018"], "Stratis Ioannidis": ["Iterative Spectral Method for Alternative Clustering., AISTATS, 2018"], "Mario Sznaier": ["Iterative Spectral Method for Alternative Clustering., AISTATS, 2018"], "Xiangyu Li": ["Iterative Spectral Method for Alternative Clustering., AISTATS, 2018"], "David R. Kaeli": ["Iterative Spectral Method for Alternative Clustering., AISTATS, 2018"], "Jennifer G. Dy": ["Iterative Spectral Method for Alternative Clustering., AISTATS, 2018", "Crowdclustering with Partition Labels., AISTATS, 2018"], "Dennis Forster": ["Can clustering scale sublinearly with its clusters? A variational EM acceleration of GMMs and k-means., AISTATS, 2018"], "J\u00f6rg L\u00fccke": ["Can clustering scale sublinearly with its clusters? A variational EM acceleration of GMMs and k-means., AISTATS, 2018"], "Kirthevasan Kandasamy": ["Parallelised Bayesian Optimisation via Thompson Sampling., AISTATS, 2018"], "Akshay Krishnamurthy": ["Parallelised Bayesian Optimisation via Thompson Sampling., AISTATS, 2018"], "Jeff Schneider": ["Parallelised Bayesian Optimisation via Thompson Sampling., AISTATS, 2018"], "Barnab\u00e1s P\u00f3czos": ["Parallelised Bayesian Optimisation via Thompson Sampling., AISTATS, 2018", "A Generic Approach for Escaping Saddle points., AISTATS, 2018", "Minimax Reconstruction Risk of Convolutional Sparse Dictionary Learning., AISTATS, 2018"], "Rahul G. Krishnan": ["On the challenges of learning with inference networks on sparse, high-dimensional data., AISTATS, 2018"], "Dawen Liang": ["On the challenges of learning with inference networks on sparse, high-dimensional data., AISTATS, 2018"], "Matthew D. Hoffman": ["On the challenges of learning with inference networks on sparse, high-dimensional data., AISTATS, 2018", "Multimodal Prediction and Personalization of Photo Edits with Deep Generative Models., AISTATS, 2018"], "Makoto Yamada": ["Post Selection Inference with Kernels., AISTATS, 2018"], "Yuta Umezu": ["Post Selection Inference with Kernels., AISTATS, 2018"], "Kenji Fukumizu": ["Post Selection Inference with Kernels., AISTATS, 2018"], "Ichiro Takeuchi": ["Post Selection Inference with Kernels., AISTATS, 2018"], "Joel Ratsaby": ["On how complexity affects the stability of a predictor., AISTATS, 2018"], "Zhiqiang Xu": ["On Truly Block Eigensolvers via Riemannian Optimization., AISTATS, 2018"], "Xin Gao": ["On Truly Block Eigensolvers via Riemannian Optimization., AISTATS, 2018"], "Heng Guo": ["Layerwise Systematic Scan: Deep Boltzmann Machines and Beyond., AISTATS, 2018"], "Kaan Kara": ["Layerwise Systematic Scan: Deep Boltzmann Machines and Beyond., AISTATS, 2018"], "Ce Zhang": ["Layerwise Systematic Scan: Deep Boltzmann Machines and Beyond., AISTATS, 2018"], "Rajiv Khanna": ["IHT dies hard: Provable accelerated Iterative Hard Thresholding., AISTATS, 2018", "Boosting Variational Inference: an Optimization Perspective., AISTATS, 2018"], "Anastasios Kyrillidis": ["IHT dies hard: Provable accelerated Iterative Hard Thresholding., AISTATS, 2018"], "Jinshan Zeng": ["Finding Global Optima in Nonconvex Stochastic Semidefinite Optimization with Variance Reduction., AISTATS, 2018"], "Ke Ma": ["Finding Global Optima in Nonconvex Stochastic Semidefinite Optimization with Variance Reduction., AISTATS, 2018"], "Yuan Yao": ["Finding Global Optima in Nonconvex Stochastic Semidefinite Optimization with Variance Reduction., AISTATS, 2018", "A Unified Dynamic Approach to Sparse Model Selection., AISTATS, 2018"], "Dehan Kong": ["Outlier Detection and Robust Estimation in Nonparametric Regression., AISTATS, 2018"], "Howard D. Bondell": ["Outlier Detection and Robust Estimation in Nonparametric Regression., AISTATS, 2018"], "Weining Shen": ["Outlier Detection and Robust Estimation in Nonparametric Regression., AISTATS, 2018"], "Luca Ambrogioni": ["Integral Transforms from Finite Data: An Application of Gaussian Process Regression to Fourier Analysis., AISTATS, 2018"], "Eric Maris": ["Integral Transforms from Finite Data: An Application of Gaussian Process Regression to Fourier Analysis., AISTATS, 2018"], "Gabriele Abbati": ["AdaGeo: Adaptive Geometric Learning for Optimization and Sampling., AISTATS, 2018"], "Alessandra Tosi": ["AdaGeo: Adaptive Geometric Learning for Optimization and Sampling., AISTATS, 2018"], "Michael A. Osborne": ["AdaGeo: Adaptive Geometric Learning for Optimization and Sampling., AISTATS, 2018"], "Seth R. Flaxman": ["AdaGeo: Adaptive Geometric Learning for Optimization and Sampling., AISTATS, 2018", "Bayesian Approaches to Distribution Regression., AISTATS, 2018"], "Xiand Gao": ["Online Learning with Non-Convex Losses and Non-Stationary Regret., AISTATS, 2018"], "Xiaobo Li": ["Online Learning with Non-Convex Losses and Non-Stationary Regret., AISTATS, 2018"], "Shuzhong Zhang": ["Online Learning with Non-Convex Losses and Non-Stationary Regret., AISTATS, 2018"], "Christophe Dupuy": ["Learning Determinantal Point Processes in Sublinear Time., AISTATS, 2018"], "Francis Bach": ["Learning Determinantal Point Processes in Sublinear Time., AISTATS, 2018", "Tracking the gradients using the Hessian: A new look at variance reducing stochastic methods., AISTATS, 2018", "Convex Optimization over Intersection of Simple Sets: improved Convergence Rate Guarantees via an Exact Penalty Approach., AISTATS, 2018", "A Generic Approach for Escaping Saddle points., AISTATS, 2018", "Combinatorial Penalties: Which structures are preserved by convex relaxations?, AISTATS, 2018"], "Kaiqing Zhang": ["Nonlinear Structured Signal Estimation in High Dimensions via Iterative Hard Thresholding., AISTATS, 2018"], "Zhuoran Yang": ["Nonlinear Structured Signal Estimation in High Dimensions via Iterative Hard Thresholding., AISTATS, 2018"], "Zhaoran Wang": ["Nonlinear Structured Signal Estimation in High Dimensions via Iterative Hard Thresholding., AISTATS, 2018", "Minimax-Optimal Privacy-Preserving Sparse PCA in Distributed Systems., AISTATS, 2018"], "Hiroyuki Kasai": ["Riemannian stochastic quasi-Newton algorithm with variance reduction and its convergence analysis., AISTATS, 2018"], "Hiroyuki Sato": ["Riemannian stochastic quasi-Newton algorithm with variance reduction and its convergence analysis., AISTATS, 2018"], "Bamdev Mishra": ["Riemannian stochastic quasi-Newton algorithm with variance reduction and its convergence analysis., AISTATS, 2018"], "Young Hun Jung": ["Online Boosting Algorithms for Multi-label Ranking., AISTATS, 2018"], "Ambuj Tewari": ["Online Boosting Algorithms for Multi-label Ranking., AISTATS, 2018"], "Sijia Liu": ["Zeroth-Order Online Alternating Direction Method of Multipliers: Convergence Analysis and Applications., AISTATS, 2018"], "Jie Chen": ["Zeroth-Order Online Alternating Direction Method of Multipliers: Convergence Analysis and Applications., AISTATS, 2018"], "Pin-Yu Chen": ["Zeroth-Order Online Alternating Direction Method of Multipliers: Convergence Analysis and Applications., AISTATS, 2018"], "Alfred Hero": ["Zeroth-Order Online Alternating Direction Method of Multipliers: Convergence Analysis and Applications., AISTATS, 2018", "Scalable Hash-Based Estimation of Divergence Measures., AISTATS, 2018"], "Paul Rolland": ["High-Dimensional Bayesian Optimization via Additive Models with Overlapping Groups., AISTATS, 2018"], "Jonathan Scarlett": ["High-Dimensional Bayesian Optimization via Additive Models with Overlapping Groups., AISTATS, 2018"], "Ilija Bogunovic": ["High-Dimensional Bayesian Optimization via Additive Models with Overlapping Groups., AISTATS, 2018", "Robust Maximization of Non-Submodular Objectives., AISTATS, 2018"], "Volkan Cevher": ["High-Dimensional Bayesian Optimization via Additive Models with Overlapping Groups., AISTATS, 2018", "Stochastic Three-Composite Convex Minimization with a Linear Operator., AISTATS, 2018", "Robust Maximization of Non-Submodular Objectives., AISTATS, 2018", "Combinatorial Penalties: Which structures are preserved by convex relaxations?, AISTATS, 2018"], "Jan Kremer": ["Robust Active Label Correction., AISTATS, 2018"], "Fei Sha": ["Robust Active Label Correction., AISTATS, 2018"], "Christian Igel": ["Robust Active Label Correction., AISTATS, 2018"], "Amit Gruber": ["Factorial HMMs with Collapsed Gibbs Sampling for Optimizing Long-term HIV Therapy., AISTATS, 2018"], "Chen Yanover": ["Factorial HMMs with Collapsed Gibbs Sampling for Optimizing Long-term HIV Therapy., AISTATS, 2018"], "Tal El-Hay": ["Factorial HMMs with Collapsed Gibbs Sampling for Optimizing Long-term HIV Therapy., AISTATS, 2018"], "Anders S\u00f6nnerborg": ["Factorial HMMs with Collapsed Gibbs Sampling for Optimizing Long-term HIV Therapy., AISTATS, 2018"], "Vanni Borghi": ["Factorial HMMs with Collapsed Gibbs Sampling for Optimizing Long-term HIV Therapy., AISTATS, 2018"], "Francesca Incardona": ["Factorial HMMs with Collapsed Gibbs Sampling for Optimizing Long-term HIV Therapy., AISTATS, 2018"], "Yaara Goldschmidt": ["Factorial HMMs with Collapsed Gibbs Sampling for Optimizing Long-term HIV Therapy., AISTATS, 2018"], "Pankaj Pansari": ["Optimal Submodular Extensions for Marginal Estimation., AISTATS, 2018"], "Chris Russell": ["Optimal Submodular Extensions for Marginal Estimation., AISTATS, 2018"], "M. Pawan Kumar": ["Optimal Submodular Extensions for Marginal Estimation., AISTATS, 2018", "Learning to Round for Discrete Labeling Problems., AISTATS, 2018"], "Nir Rosenfeld": ["Semi-Supervised Learning with Competitive Infection Models., AISTATS, 2018", "Discriminative Learning of Prediction Intervals., AISTATS, 2018"], "Amir Globerson": ["Semi-Supervised Learning with Competitive Infection Models., AISTATS, 2018"], "Yishay Mansour": ["Discriminative Learning of Prediction Intervals., AISTATS, 2018"], "Elad Yom-Tov": ["Discriminative Learning of Prediction Intervals., AISTATS, 2018"], "Wenlin Wang": ["Topic Compositional Neural Language Model., AISTATS, 2018"], "Zhe Gan": ["Topic Compositional Neural Language Model., AISTATS, 2018"], "Wenqi Wang": ["Topic Compositional Neural Language Model., AISTATS, 2018"], "Dinghan Shen": ["Topic Compositional Neural Language Model., AISTATS, 2018"], "Jiaji Huang": ["Topic Compositional Neural Language Model., AISTATS, 2018"], "Wei Ping": ["Topic Compositional Neural Language Model., AISTATS, 2018"], "Sanjeev Satheesh": ["Topic Compositional Neural Language Model., AISTATS, 2018"], "Lawrence Carin": ["Topic Compositional Neural Language Model., AISTATS, 2018", "Benefits from Superposed Hawkes Processes., AISTATS, 2018", "Symmetric Variational Autoencoder and Connections to Adversarial Learning., AISTATS, 2018", "Learning Structural Weight Uncertainty for Sequential Decision-Making., AISTATS, 2018"], "Eric T. Nalisnick": ["Learning Priors for Invariance., AISTATS, 2018"], "Padhraic Smyth": ["Learning Priors for Invariance., AISTATS, 2018"], "Scott Cheng-Hsin Yang": ["Optimal Cooperative Inference., AISTATS, 2018"], "Yue Yu": ["Optimal Cooperative Inference., AISTATS, 2018"], "Arash Givchi": ["Optimal Cooperative Inference., AISTATS, 2018"], "Pei Wang": ["Optimal Cooperative Inference., AISTATS, 2018"], "Wai Keen Vong": ["Optimal Cooperative Inference., AISTATS, 2018"], "Patrick Shafto": ["Optimal Cooperative Inference., AISTATS, 2018"], "David Liau": ["Stochastic Multi-armed Bandits in Constant Space., AISTATS, 2018"], "Zhao Song": ["Stochastic Multi-armed Bandits in Constant Space., AISTATS, 2018", "Sketching for Kronecker Product Regression and P-splines., AISTATS, 2018"], "Eric Price": ["Stochastic Multi-armed Bandits in Constant Space., AISTATS, 2018"], "Ger Yang": ["Stochastic Multi-armed Bandits in Constant Space., AISTATS, 2018"], "Dehua Cheng": ["Matrix completability analysis via graph k-connectivity., AISTATS, 2018"], "Natali Ruchansky": ["Matrix completability analysis via graph k-connectivity., AISTATS, 2018"], "Yan Liu": ["Matrix completability analysis via graph k-connectivity., AISTATS, 2018", "Tensor Regression Meets Gaussian Processes., AISTATS, 2018"], "Xiang Cheng": ["FLAG n' FLARE: Fast Linearly-Coupled Adaptive Gradient Methods., AISTATS, 2018"], "Fred Roosta": ["FLAG n' FLARE: Fast Linearly-Coupled Adaptive Gradient Methods., AISTATS, 2018"], "Stefan Palombo": ["FLAG n' FLARE: Fast Linearly-Coupled Adaptive Gradient Methods., AISTATS, 2018"], "Peter L. Bartlett": ["FLAG n' FLARE: Fast Linearly-Coupled Adaptive Gradient Methods., AISTATS, 2018"], "Michael W. Mahoney": ["FLAG n' FLARE: Fast Linearly-Coupled Adaptive Gradient Methods., AISTATS, 2018"], "Riikka Huusari": ["Multi-view Metric Learning in Vector-valued Kernel Spaces., AISTATS, 2018"], "Hachem Kadri": ["Multi-view Metric Learning in Vector-valued Kernel Spaces., AISTATS, 2018"], "C\u00e9cile Capponi": ["Multi-view Metric Learning in Vector-valued Kernel Spaces., AISTATS, 2018"], "William Herlands": ["Gaussian Process Subset Scanning for Anomalous Pattern Detection in Non-iid Data., AISTATS, 2018"], "Edward McFowland": ["Gaussian Process Subset Scanning for Anomalous Pattern Detection in Non-iid Data., AISTATS, 2018"], "Andrew Gordon Wilson": ["Gaussian Process Subset Scanning for Anomalous Pattern Detection in Non-iid Data., AISTATS, 2018", "Product Kernel Interpolation for Scalable Gaussian Processes., AISTATS, 2018"], "Daniel B. Neill": ["Gaussian Process Subset Scanning for Anomalous Pattern Detection in Non-iid Data., AISTATS, 2018"], "Jacopo Cavazza": ["Dropout as a Low-Rank Regularizer for Matrix Factorization., AISTATS, 2018"], "Pietro Morerio": ["Dropout as a Low-Rank Regularizer for Matrix Factorization., AISTATS, 2018"], "Benjamin D. Haeffele": ["Dropout as a Low-Rank Regularizer for Matrix Factorization., AISTATS, 2018"], "Connor Lane": ["Dropout as a Low-Rank Regularizer for Matrix Factorization., AISTATS, 2018"], "Vittorio Murino": ["Dropout as a Low-Rank Regularizer for Matrix Factorization., AISTATS, 2018"], "Ren\u00e9 Vidal": ["Dropout as a Low-Rank Regularizer for Matrix Factorization., AISTATS, 2018"], "Tianbao Yang": ["A Simple Analysis for Exp-concave Empirical Minimization with Arbitrary Convex Regularizer., AISTATS, 2018"], "Zhe Li": ["A Simple Analysis for Exp-concave Empirical Minimization with Arbitrary Convex Regularizer., AISTATS, 2018"], "Lijun Zhang": ["A Simple Analysis for Exp-concave Empirical Minimization with Arbitrary Convex Regularizer., AISTATS, 2018"], "Masaaki Takada": ["Independently Interpretable Lasso: A New Regularizer for Sparse Regression with Uncorrelated Variables., AISTATS, 2018"], "Taiji Suzuki": ["Independently Interpretable Lasso: A New Regularizer for Sparse Regression with Uncorrelated Variables., AISTATS, 2018", "Gradient Layer: Enhancing the Convergence of Adversarial Training for Generative Models., AISTATS, 2018", "Fast generalization error bound of deep learning from a kernel perspective., AISTATS, 2018"], "Hironori Fujisawa": ["Independently Interpretable Lasso: A New Regularizer for Sparse Regression with Uncorrelated Variables., AISTATS, 2018"], "Francesco Locatello": ["Boosting Variational Inference: an Optimization Perspective., AISTATS, 2018"], "Joydeep Ghosh": ["Boosting Variational Inference: an Optimization Perspective., AISTATS, 2018", "Nonparametric Bayesian sparse graph linear dynamical systems., AISTATS, 2018"], "Gunnar R\u00e4tsch": ["Boosting Variational Inference: an Optimization Perspective., AISTATS, 2018"], "Aur\u00e9lien Bellet": ["Personalized and Private Peer-to-Peer Machine Learning., AISTATS, 2018"], "Rachid Guerraoui": ["Personalized and Private Peer-to-Peer Machine Learning., AISTATS, 2018"], "Mahsa Taziki": ["Personalized and Private Peer-to-Peer Machine Learning., AISTATS, 2018"], "Marc Tommasi": ["Personalized and Private Peer-to-Peer Machine Learning., AISTATS, 2018"], "Rose Yu": ["Tensor Regression Meets Gaussian Processes., AISTATS, 2018"], "Guangyu Li": ["Tensor Regression Meets Gaussian Processes., AISTATS, 2018"], "Emanuel Laude": ["A Nonconvex Proximal Splitting Algorithm under Moreau-Yosida Regularization., AISTATS, 2018"], "Vivek Kumar Bagaria": ["Medoids in Almost-Linear Time via Multi-Armed Bandits., AISTATS, 2018"], "Govinda M. Kamath": ["Medoids in Almost-Linear Time via Multi-Armed Bandits., AISTATS, 2018"], "Vasilis Ntranos": ["Medoids in Almost-Linear Time via Multi-Armed Bandits., AISTATS, 2018"], "Martin J. Zhang": ["Medoids in Almost-Linear Time via Multi-Armed Bandits., AISTATS, 2018"], "David Tse": ["Medoids in Almost-Linear Time via Multi-Armed Bandits., AISTATS, 2018"], "Zhiyang Wang": ["Regional Multi-Armed Bandits., AISTATS, 2018"], "Ruida Zhou": ["Regional Multi-Armed Bandits., AISTATS, 2018"], "Cong Shen": ["Regional Multi-Armed Bandits., AISTATS, 2018"], "Yang Cao": ["Nearly second-order optimality of online joint detection and estimation via one-sample update schemes., AISTATS, 2018"], "Liyan Xie": ["Nearly second-order optimality of online joint detection and estimation via one-sample update schemes., AISTATS, 2018"], "Yao Xie": ["Nearly second-order optimality of online joint detection and estimation via one-sample update schemes., AISTATS, 2018"], "Huan Xu": ["Nearly second-order optimality of online joint detection and estimation via one-sample update schemes., AISTATS, 2018"], "Or Sharir": ["Sum-Product-Quotient Networks., AISTATS, 2018"], "Amnon Shashua": ["Sum-Product-Quotient Networks., AISTATS, 2018"], "Sunil Gupta": ["Exploiting Strategy-Space Diversity for Batch Bayesian Optimization., AISTATS, 2018"], "Alistair Shilton": ["Exploiting Strategy-Space Diversity for Batch Bayesian Optimization., AISTATS, 2018"], "Santu Rana": ["Exploiting Strategy-Space Diversity for Batch Bayesian Optimization., AISTATS, 2018"], "Svetha Venkatesh": ["Exploiting Strategy-Space Diversity for Batch Bayesian Optimization., AISTATS, 2018"], "St\u00e9phan Cl\u00e9men\u00e7on": ["Beating Monte Carlo Integration: a Nonasymptotic Study of Kernel Smoothing Methods., AISTATS, 2018"], "Fran\u00e7ois Portier": ["Beating Monte Carlo Integration: a Nonasymptotic Study of Kernel Smoothing Methods., AISTATS, 2018"], "Michel Besserve": ["Group invariance principles for causal generative models., AISTATS, 2018"], "Naji Shajarisales": ["Group invariance principles for causal generative models., AISTATS, 2018"], "Bernhard Sch\u00f6lkopf": ["Group invariance principles for causal generative models., AISTATS, 2018", "Cause-Effect Inference by Comparing Regression Errors., AISTATS, 2018"], "Dominik Janzing": ["Group invariance principles for causal generative models., AISTATS, 2018", "Cause-Effect Inference by Comparing Regression Errors., AISTATS, 2018"], "Nataliya Sokolovska": ["A Provable Algorithm for Learning Interpretable Scoring Systems., AISTATS, 2018"], "Yann Chevaleyre": ["A Provable Algorithm for Learning Interpretable Scoring Systems., AISTATS, 2018"], "Jean-Daniel Zucker": ["A Provable Algorithm for Learning Interpretable Scoring Systems., AISTATS, 2018"], "Hyunjik Kim": ["Scaling up the Automatic Statistician: Scalable Structure Discovery using Gaussian Processes., AISTATS, 2018"], "Shinsaku Sakaue": ["Efficient Bandit Combinatorial Optimization Algorithm with Zero-suppressed Binary Decision Diagrams., AISTATS, 2018"], "Masakazu Ishihata": ["Efficient Bandit Combinatorial Optimization Algorithm with Zero-suppressed Binary Decision Diagrams., AISTATS, 2018"], "Shin-ichi Minato": ["Efficient Bandit Combinatorial Optimization Algorithm with Zero-suppressed Binary Decision Diagrams., AISTATS, 2018"], "Hejia Zhang": ["Transfer Learning on fMRI Datasets., AISTATS, 2018"], "Po-Hsuan Chen": ["Transfer Learning on fMRI Datasets., AISTATS, 2018"], "Peter J. Ramadge": ["Transfer Learning on fMRI Datasets., AISTATS, 2018"], "Chaofan Chen": ["An Optimization Approach to Learning Falling Rule Lists., AISTATS, 2018"], "Cynthia Rudin": ["An Optimization Approach to Learning Falling Rule Lists., AISTATS, 2018", "Direct Learning to Rank And Rerank., AISTATS, 2018"], "Courtney Paquette": ["Catalyst for Gradient-based Nonconvex Optimization., AISTATS, 2018"], "Hongzhou Lin": ["Catalyst for Gradient-based Nonconvex Optimization., AISTATS, 2018"], "Dmitriy Drusvyatskiy": ["Catalyst for Gradient-based Nonconvex Optimization., AISTATS, 2018"], "Julien Mairal": ["Catalyst for Gradient-based Nonconvex Optimization., AISTATS, 2018"], "Za\u00efd Harchaoui": ["Catalyst for Gradient-based Nonconvex Optimization., AISTATS, 2018"], "Hongteng Xu": ["Benefits from Superposed Hawkes Processes., AISTATS, 2018"], "Dixin Luo": ["Benefits from Superposed Hawkes Processes., AISTATS, 2018"], "Xu Chen": ["Benefits from Superposed Hawkes Processes., AISTATS, 2018"], "Julian Katz-Samuels": ["Nonparametric Preference Completion., AISTATS, 2018"], "Clayton Scott": ["Nonparametric Preference Completion., AISTATS, 2018"], "Mathieu Sinn": ["Non-parametric estimation of Jensen-Shannon Divergence in Generative Adversarial Network training., AISTATS, 2018"], "Ambrish Rawat": ["Non-parametric estimation of Jensen-Shannon Divergence in Generative Adversarial Network training., AISTATS, 2018"], "Dougal J. Sutherland": ["Efficient and principled score estimation with Nystr\u00f6m kernel exponential families., AISTATS, 2018", "Bayesian Approaches to Distribution Regression., AISTATS, 2018"], "Heiko Strathmann": ["Efficient and principled score estimation with Nystr\u00f6m kernel exponential families., AISTATS, 2018"], "Michael Arbel": ["Efficient and principled score estimation with Nystr\u00f6m kernel exponential families., AISTATS, 2018", "Kernel Conditional Exponential Family., AISTATS, 2018"], "Arthur Gretton": ["Efficient and principled score estimation with Nystr\u00f6m kernel exponential families., AISTATS, 2018", "Kernel Conditional Exponential Family., AISTATS, 2018"], "Liqun Chen": ["Symmetric Variational Autoencoder and Connections to Adversarial Learning., AISTATS, 2018"], "Shuyang Dai": ["Symmetric Variational Autoencoder and Connections to Adversarial Learning., AISTATS, 2018"], "Yunchen Pu": ["Symmetric Variational Autoencoder and Connections to Adversarial Learning., AISTATS, 2018"], "Erjin Zhou": ["Symmetric Variational Autoencoder and Connections to Adversarial Learning., AISTATS, 2018"], "Chunyuan Li": ["Symmetric Variational Autoencoder and Connections to Adversarial Learning., AISTATS, 2018", "Learning Structural Weight Uncertainty for Sequential Decision-Making., AISTATS, 2018"], "Qinliang Su": ["Symmetric Variational Autoencoder and Connections to Adversarial Learning., AISTATS, 2018"], "Changyou Chen": ["Symmetric Variational Autoencoder and Connections to Adversarial Learning., AISTATS, 2018", "Learning Structural Weight Uncertainty for Sequential Decision-Making., AISTATS, 2018"], "Sergey Bartunov": ["Few-shot Generative Modelling with Generative Matching Networks., AISTATS, 2018"], "Dmitry P. Vetrov": ["Few-shot Generative Modelling with Generative Matching Networks., AISTATS, 2018"], "Tianyu Li": ["Nonlinear Weighted Finite Automata., AISTATS, 2018"], "Guillaume Rabusseau": ["Nonlinear Weighted Finite Automata., AISTATS, 2018"], "Doina Precup": ["Nonlinear Weighted Finite Automata., AISTATS, 2018"], "Hugh Salimbeni": ["Natural Gradients in Practice: Non-Conjugate Variational Inference in Gaussian Process Models., AISTATS, 2018"], "Stefanos Eleftheriadis": ["Natural Gradients in Practice: Non-Conjugate Variational Inference in Gaussian Process Models., AISTATS, 2018"], "James Hensman": ["Natural Gradients in Practice: Non-Conjugate Variational Inference in Gaussian Process Models., AISTATS, 2018"], "I\u00f1igo Urteaga": ["Variational inference for the multi-armed contextual bandit., AISTATS, 2018"], "Chris Wiggins": ["Variational inference for the multi-armed contextual bandit., AISTATS, 2018"], "Robert M. Gower": ["Tracking the gradients using the Hessian: A new look at variance reducing stochastic methods., AISTATS, 2018", "Stochastic algorithms for entropy-regularized optimal transport problems., AISTATS, 2018"], "Nicolas Le Roux": ["Tracking the gradients using the Hessian: A new look at variance reducing stochastic methods., AISTATS, 2018"], "Michal Derezinski": ["Subsampling for Ridge Regression via Regularized Volume Sampling., AISTATS, 2018", "Batch-Expansion Training: An Efficient Optimization Framework., AISTATS, 2018"], "Manfred K. Warmuth": ["Subsampling for Ridge Regression via Regularized Volume Sampling., AISTATS, 2018"], "Pavel Izmailov": ["Scalable Gaussian Processes with Billions of Inducing Inputs via Tensor Train Decomposition., AISTATS, 2018"], "Alexander Novikov": ["Scalable Gaussian Processes with Billions of Inducing Inputs via Tensor Train Decomposition., AISTATS, 2018"], "Dmitry Kropotov": ["Scalable Gaussian Processes with Billions of Inducing Inputs via Tensor Train Decomposition., AISTATS, 2018"], "Dhruv Mahajan": ["Batch-Expansion Training: An Efficient Optimization Framework., AISTATS, 2018"], "S. Sathiya Keerthi": ["Batch-Expansion Training: An Efficient Optimization Framework., AISTATS, 2018"], "S. V. N. Vishwanathan": ["Batch-Expansion Training: An Efficient Optimization Framework., AISTATS, 2018"], "Markus Weimer": ["Batch-Expansion Training: An Efficient Optimization Framework., AISTATS, 2018"], "Zi Wang": ["Batched Large-scale Bayesian Optimization in High-dimensional Spaces., AISTATS, 2018"], "Clement Gehring": ["Batched Large-scale Bayesian Optimization in High-dimensional Spaces., AISTATS, 2018"], "Pushmeet Kohli": ["Batched Large-scale Bayesian Optimization in High-dimensional Spaces., AISTATS, 2018"], "Stefanie Jegelka": ["Batched Large-scale Bayesian Optimization in High-dimensional Spaces., AISTATS, 2018", "Structured Optimal Transport., AISTATS, 2018"], "Feras Saad": ["Temporally-Reweighted Chinese Restaurant Process Mixtures for Clustering, Imputing, and Forecasting Multivariate Time Series., AISTATS, 2018"], "Vikash Mansinghka": ["Temporally-Reweighted Chinese Restaurant Process Mixtures for Clustering, Imputing, and Forecasting Multivariate Time Series., AISTATS, 2018"], "Renbo Zhao": ["Stochastic Three-Composite Convex Minimization with a Linear Operator., AISTATS, 2018"], "Yining Wang": ["Direct Learning to Rank And Rerank., AISTATS, 2018", "Stochastic Zeroth-order Optimization in High Dimensions., AISTATS, 2018"], "Olivier Bachem": ["One-shot Coresets: The Case of k-Clustering., AISTATS, 2018"], "Mario Lucic": ["One-shot Coresets: The Case of k-Clustering., AISTATS, 2018"], "Silvio Lattanzi": ["One-shot Coresets: The Case of k-Clustering., AISTATS, 2018"], "Lingfei Wu": ["Random Warping Series: A Random Features Method for Time-Series Embedding., AISTATS, 2018"], "Ian En-Hsu Yen": ["Random Warping Series: A Random Features Method for Time-Series Embedding., AISTATS, 2018"], "Jinfeng Yi": ["Random Warping Series: A Random Features Method for Time-Series Embedding., AISTATS, 2018"], "Fangli Xu": ["Random Warping Series: A Random Features Method for Time-Series Embedding., AISTATS, 2018"], "Qi Lei": ["Random Warping Series: A Random Features Method for Time-Series Embedding., AISTATS, 2018"], "Michael Witbrock": ["Random Warping Series: A Random Features Method for Time-Series Embedding., AISTATS, 2018"], "Sanghamitra Dutta": ["Slow and Stale Gradients Can Win the Race: Error-Runtime Trade-offs in Distributed SGD., AISTATS, 2018"], "Gauri Joshi": ["Slow and Stale Gradients Can Win the Race: Error-Runtime Trade-offs in Distributed SGD., AISTATS, 2018"], "Soumyadip Ghosh": ["Slow and Stale Gradients Can Win the Race: Error-Runtime Trade-offs in Distributed SGD., AISTATS, 2018"], "Parijat Dube": ["Slow and Stale Gradients Can Win the Race: Error-Runtime Trade-offs in Distributed SGD., AISTATS, 2018"], "Priya Nagpurkar": ["Slow and Stale Gradients Can Win the Race: Error-Runtime Trade-offs in Distributed SGD., AISTATS, 2018"], "Futoshi Futami": ["Variational Inference based on Robust Divergences., AISTATS, 2018"], "Issei Sato": ["Variational Inference based on Robust Divergences., AISTATS, 2018", "Bayesian Nonparametric Poisson-Process Allocation for Time-Sequence Modeling., AISTATS, 2018"], "Masashi Sugiyama": ["Variational Inference based on Robust Divergences., AISTATS, 2018", "A fully adaptive algorithm for pure exploration in linear bandits., AISTATS, 2018", "Bayesian Nonparametric Poisson-Process Allocation for Time-Sequence Modeling., AISTATS, 2018"], "Aditya Grover": ["Variational Rejection Sampling., AISTATS, 2018", "Best arm identification in multi-armed bandits with delayed feedback., AISTATS, 2018"], "Ramki Gummadi": ["Variational Rejection Sampling., AISTATS, 2018"], "Miguel L\u00e1zaro-Gredilla": ["Variational Rejection Sampling., AISTATS, 2018"], "Dale Schuurmans": ["Variational Rejection Sampling., AISTATS, 2018"], "Stefano Ermon": ["Variational Rejection Sampling., AISTATS, 2018", "Best arm identification in multi-armed bandits with delayed feedback., AISTATS, 2018"], "Todor Markov": ["Best arm identification in multi-armed bandits with delayed feedback., AISTATS, 2018"], "Peter Attia": ["Best arm identification in multi-armed bandits with delayed feedback., AISTATS, 2018"], "Norman Jin": ["Best arm identification in multi-armed bandits with delayed feedback., AISTATS, 2018"], "Nicolas Perkins": ["Best arm identification in multi-armed bandits with delayed feedback., AISTATS, 2018"], "Bryan Cheong": ["Best arm identification in multi-armed bandits with delayed feedback., AISTATS, 2018"], "Michael Chen": ["Best arm identification in multi-armed bandits with delayed feedback., AISTATS, 2018"], "Zi Yang": ["Best arm identification in multi-armed bandits with delayed feedback., AISTATS, 2018"], "Stephen Harris": ["Best arm identification in multi-armed bandits with delayed feedback., AISTATS, 2018"], "William Chueh": ["Best arm identification in multi-armed bandits with delayed feedback., AISTATS, 2018"], "Liyuan Xu": ["A fully adaptive algorithm for pure exploration in linear bandits., AISTATS, 2018"], "Junya Honda": ["A fully adaptive algorithm for pure exploration in linear bandits., AISTATS, 2018"], "Rajat Sen": ["Contextual Bandits with Stochastic Experts., AISTATS, 2018"], "Karthikeyan Shanmugam": ["Contextual Bandits with Stochastic Experts., AISTATS, 2018"], "Sanjay Shakkottai": ["Contextual Bandits with Stochastic Experts., AISTATS, 2018"], "Sven Schmit": ["Human Interaction with Recommendation Systems., AISTATS, 2018"], "Carlos Riquelme": ["Human Interaction with Recommendation Systems., AISTATS, 2018"], "I Eli Chien": ["Community Detection in Hypergraphs: Optimal Statistical Limit and Efficient Algorithms., AISTATS, 2018"], "Chung-Yi Lin": ["Community Detection in Hypergraphs: Optimal Statistical Limit and Efficient Algorithms., AISTATS, 2018"], "I-Hsiang Wang": ["Community Detection in Hypergraphs: Optimal Statistical Limit and Efficient Algorithms., AISTATS, 2018"], "Mathieu Blondel": ["Smooth and Sparse Optimal Transport., AISTATS, 2018"], "Vivien Seguy": ["Smooth and Sparse Optimal Transport., AISTATS, 2018"], "Antoine Rolet": ["Smooth and Sparse Optimal Transport., AISTATS, 2018"], "Junyao Zhao": ["Robust Maximization of Non-Submodular Objectives., AISTATS, 2018"], "Patrick Bl\u00f6baum": ["Cause-Effect Inference by Comparing Regression Errors., AISTATS, 2018"], "Takashi Washio": ["Cause-Effect Inference by Comparing Regression Errors., AISTATS, 2018"], "Shohei Shimizu": ["Cause-Effect Inference by Comparing Regression Errors., AISTATS, 2018"], "Alexis Bellot": ["Tree-based Bayesian Mixture Model for Competing Risks., AISTATS, 2018"], "Mihaela van der Schaar": ["Tree-based Bayesian Mixture Model for Competing Risks., AISTATS, 2018"], "Julien P\u00e9rolat": ["Actor-Critic Fictitious Play in Simultaneous Move Multistage Games., AISTATS, 2018"], "Bilal Piot": ["Actor-Critic Fictitious Play in Simultaneous Move Multistage Games., AISTATS, 2018"], "Olivier Pietquin": ["Actor-Critic Fictitious Play in Simultaneous Move Multistage Games., AISTATS, 2018"], "Antonio Sutera": ["Random Subspace with Trees for Feature Selection Under Memory Constraints., AISTATS, 2018"], "C\u00e9lia Ch\u00e2tel": ["Random Subspace with Trees for Feature Selection Under Memory Constraints., AISTATS, 2018"], "Gilles Louppe": ["Random Subspace with Trees for Feature Selection Under Memory Constraints., AISTATS, 2018"], "Louis Wehenkel": ["Random Subspace with Trees for Feature Selection Under Memory Constraints., AISTATS, 2018"], "Pierre Geurts": ["Random Subspace with Trees for Feature Selection Under Memory Constraints., AISTATS, 2018"], "Jakob Runge": ["Conditional independence testing based on a nearest-neighbor estimator of conditional mutual information., AISTATS, 2018"], "Tomi Silander": ["Quotient Normalized Maximum Likelihood Criterion for Learning Bayesian Network Structures., AISTATS, 2018"], "Janne Lepp\u00e4-aho": ["Quotient Normalized Maximum Likelihood Criterion for Learning Bayesian Network Structures., AISTATS, 2018"], "Elias J\u00e4\u00e4saari": ["Quotient Normalized Maximum Likelihood Criterion for Learning Bayesian Network Structures., AISTATS, 2018"], "Teemu Roos": ["Quotient Normalized Maximum Likelihood Criterion for Learning Bayesian Network Structures., AISTATS, 2018"], "Achintya Kundu": ["Convex Optimization over Intersection of Simple Sets: improved Convergence Rate Guarantees via an Exact Penalty Approach., AISTATS, 2018"], "Chiranjib Bhattacharyya": ["Convex Optimization over Intersection of Simple Sets: improved Convergence Rate Guarantees via an Exact Penalty Approach., AISTATS, 2018"], "Christian A. Naesseth": ["Variational Sequential Monte Carlo., AISTATS, 2018"], "Scott W. Linderman": ["Variational Sequential Monte Carlo., AISTATS, 2018", "Reparameterizing the Birkhoff Polytope for Variational Permutation Inference., AISTATS, 2018"], "Rajesh Ranganath": ["Variational Sequential Monte Carlo., AISTATS, 2018", "Proximity Variational Inference., AISTATS, 2018"], "David M. Blei": ["Variational Sequential Monte Carlo., AISTATS, 2018", "Proximity Variational Inference., AISTATS, 2018"], "Masaaki Imaizumi": ["Statistically Efficient Estimation for Non-Smooth Probability Densities., AISTATS, 2018"], "Takanori Maehara": ["Statistically Efficient Estimation for Non-Smooth Probability Densities., AISTATS, 2018"], "Yuichi Yoshida": ["Statistically Efficient Estimation for Non-Smooth Probability Densities., AISTATS, 2018", "Guaranteed Sufficient Decrease for Stochastic Variance Reduced Gradient Optimization., AISTATS, 2018"], "Xu Hu": ["SDCA-Powered Inexact Dual Augmented Lagrangian Method for Fast CRF Learning., AISTATS, 2018"], "Guillaume Obozinski": ["SDCA-Powered Inexact Dual Augmented Lagrangian Method for Fast CRF Learning., AISTATS, 2018"], "Mathurin Massias": ["Generalized Concomitant Multi-Task Lasso for Sparse Multimodal Regression., AISTATS, 2018"], "Olivier Fercoq": ["Generalized Concomitant Multi-Task Lasso for Sparse Multimodal Regression., AISTATS, 2018"], "Alexandre Gramfort": ["Generalized Concomitant Multi-Task Lasso for Sparse Multimodal Regression., AISTATS, 2018"], "Joseph Salmon": ["Generalized Concomitant Multi-Task Lasso for Sparse Multimodal Regression., AISTATS, 2018"], "Atsushi Nitanda": ["Gradient Layer: Enhancing the Convergence of Adversarial Training for Generative Models., AISTATS, 2018"], "Jianqing Fan": ["Statistical Sparse Online Regression: A Diffusion Approximation Perspective., AISTATS, 2018"], "Wenyan Gong": ["Statistical Sparse Online Regression: A Diffusion Approximation Perspective., AISTATS, 2018"], "Chris Junchi Li": ["Statistical Sparse Online Regression: A Diffusion Approximation Perspective., AISTATS, 2018"], "Qiang Sun": ["Statistical Sparse Online Regression: A Diffusion Approximation Perspective., AISTATS, 2018"], "Fanhua Shang": ["Guaranteed Sufficient Decrease for Stochastic Variance Reduced Gradient Optimization., AISTATS, 2018"], "Yuanyuan Liu": ["Guaranteed Sufficient Decrease for Stochastic Variance Reduced Gradient Optimization., AISTATS, 2018"], "Kaiwen Zhou": ["Guaranteed Sufficient Decrease for Stochastic Variance Reduced Gradient Optimization., AISTATS, 2018"], "James Cheng": ["Guaranteed Sufficient Decrease for Stochastic Variance Reduced Gradient Optimization., AISTATS, 2018"], "Kelvin Kai Wing Ng": ["Guaranteed Sufficient Decrease for Stochastic Variance Reduced Gradient Optimization., AISTATS, 2018"], "Lawrence Murray": ["Delayed Sampling and Automatic Rao-Blackwellization of Probabilistic Programs., AISTATS, 2018"], "Daniel Lund\u00ebn": ["Delayed Sampling and Automatic Rao-Blackwellization of Probabilistic Programs., AISTATS, 2018"], "Jan Kudlicka": ["Delayed Sampling and Automatic Rao-Blackwellization of Probabilistic Programs., AISTATS, 2018"], "David Broman": ["Delayed Sampling and Automatic Rao-Blackwellization of Probabilistic Programs., AISTATS, 2018"], "Thomas B. Sch\u00f6n": ["Delayed Sampling and Automatic Rao-Blackwellization of Probabilistic Programs., AISTATS, 2018"], "Pritish Mohapatra": ["Learning to Round for Discrete Labeling Problems., AISTATS, 2018"], "C. V. Jawahar": ["Learning to Round for Discrete Labeling Problems., AISTATS, 2018"], "Reinhard Heckel": ["Approximate ranking from pairwise comparisons., AISTATS, 2018"], "Max Simchowitz": ["Approximate ranking from pairwise comparisons., AISTATS, 2018"], "Kannan Ramchandran": ["Approximate ranking from pairwise comparisons., AISTATS, 2018", "Gradient Diversity: a Key Ingredient for Scalable Distributed Learning., AISTATS, 2018"], "Martin J. Wainwright": ["Approximate ranking from pairwise comparisons., AISTATS, 2018"], "Michael C. Hughes": ["Semi-Supervised Prediction-Constrained Topic Models., AISTATS, 2018"], "Gabriel Hope": ["Semi-Supervised Prediction-Constrained Topic Models., AISTATS, 2018"], "Leah Weiner": ["Semi-Supervised Prediction-Constrained Topic Models., AISTATS, 2018"], "Thomas H. McCoy Jr.": ["Semi-Supervised Prediction-Constrained Topic Models., AISTATS, 2018"], "Roy H. Perlis": ["Semi-Supervised Prediction-Constrained Topic Models., AISTATS, 2018"], "Erik B. Sudderth": ["Semi-Supervised Prediction-Constrained Topic Models., AISTATS, 2018"], "Finale Doshi-Velez": ["Semi-Supervised Prediction-Constrained Topic Models., AISTATS, 2018", "Weighted Tensor Decomposition for Learning Latent Variables with Partial Data., AISTATS, 2018"], "Yichen Wang": ["A Stochastic Differential Equation Framework for Guiding Online User Activities in Closed Loop., AISTATS, 2018"], "Evangelos Theodorou": ["A Stochastic Differential Equation Framework for Guiding Online User Activities in Closed Loop., AISTATS, 2018"], "Apurv Verma": ["A Stochastic Differential Equation Framework for Guiding Online User Activities in Closed Loop., AISTATS, 2018"], "Pan Xu": ["Accelerated Stochastic Mirror Descent: From Continuous-time Dynamics to Discrete-time Algorithms., AISTATS, 2018"], "Tianhao Wang": ["Accelerated Stochastic Mirror Descent: From Continuous-time Dynamics to Discrete-time Algorithms., AISTATS, 2018"], "Quanquan Gu": ["Accelerated Stochastic Mirror Descent: From Continuous-time Dynamics to Discrete-time Algorithms., AISTATS, 2018", "A Unified Framework for Nonconvex Low-Rank plus Sparse Matrix Recovery., AISTATS, 2018"], "Xiao Zhang": ["A Unified Framework for Nonconvex Low-Rank plus Sparse Matrix Recovery., AISTATS, 2018"], "Lingxiao Wang": ["A Unified Framework for Nonconvex Low-Rank plus Sparse Matrix Recovery., AISTATS, 2018"], "Hongyi Ding": ["Bayesian Nonparametric Poisson-Process Allocation for Time-Sequence Modeling., AISTATS, 2018"], "Mohammad Emtiyaz Khan": ["Bayesian Nonparametric Poisson-Process Allocation for Time-Sequence Modeling., AISTATS, 2018"], "Masayuki Karasuyama": ["Factor Analysis on a Graph., AISTATS, 2018"], "Hiroshi Mamitsuka": ["Factor Analysis on a Graph., AISTATS, 2018"], "Junxiang Chen": ["Crowdclustering with Partition Labels., AISTATS, 2018"], "Yale Chang": ["Crowdclustering with Partition Labels., AISTATS, 2018"], "Peter J. Castaldi": ["Crowdclustering with Partition Labels., AISTATS, 2018"], "Michael H. Cho": ["Crowdclustering with Partition Labels., AISTATS, 2018"], "Brian Hobbs": ["Crowdclustering with Partition Labels., AISTATS, 2018"], "Ruiyi Zhang": ["Learning Structural Weight Uncertainty for Sequential Decision-Making., AISTATS, 2018"], "Jiahao Xie": ["Towards Memory-Friendly Deterministic Incremental Gradient Method., AISTATS, 2018"], "Hui Qian": ["Towards Memory-Friendly Deterministic Incremental Gradient Method., AISTATS, 2018"], "Zebang Shen": ["Towards Memory-Friendly Deterministic Incremental Gradient Method., AISTATS, 2018"], "Chao Zhang": ["Towards Memory-Friendly Deterministic Incremental Gradient Method., AISTATS, 2018"], "Hunter Lang": ["Optimality of Approximate Inference Algorithms on Stable Instances., AISTATS, 2018"], "David Sontag": ["Optimality of Approximate Inference Algorithms on Stable Instances., AISTATS, 2018"], "Aravindan Vijayaraghavan": ["Optimality of Approximate Inference Algorithms on Stable Instances., AISTATS, 2018"], "Ho Chung Leon Law": ["Bayesian Approaches to Distribution Regression., AISTATS, 2018"], "Dino Sejdinovic": ["Bayesian Approaches to Distribution Regression., AISTATS, 2018"], "Marko Mitrovic": ["Submodularity on Hypergraphs: From Sets to Sequences., AISTATS, 2018"], "Moran Feldman": ["Submodularity on Hypergraphs: From Sets to Sequences., AISTATS, 2018"], "Andreas Krause": ["Submodularity on Hypergraphs: From Sets to Sequences., AISTATS, 2018"], "Amin Karbasi": ["Submodularity on Hypergraphs: From Sets to Sequences., AISTATS, 2018", "Comparison Based Learning from Weak Oracles., AISTATS, 2018", "Conditional Gradient Method for Stochastic Submodular Maximization: Closing the Gap., AISTATS, 2018", "Online Continuous Submodular Maximization., AISTATS, 2018"], "Bowei Yan": ["Provable Estimation of the Number of Blocks in Block Models., AISTATS, 2018"], "Purnamrita Sarkar": ["Provable Estimation of the Number of Blocks in Block Models., AISTATS, 2018"], "Xiuyuan Cheng": ["Provable Estimation of the Number of Blocks in Block Models., AISTATS, 2018"], "Michael Thomas Smith": ["Differentially Private Regression with Gaussian Processes., AISTATS, 2018"], "Mauricio A. \u00c1lvarez": ["Differentially Private Regression with Gaussian Processes., AISTATS, 2018"], "Max Zwiessele": ["Differentially Private Regression with Gaussian Processes., AISTATS, 2018"], "Neil D. Lawrence": ["Differentially Private Regression with Gaussian Processes., AISTATS, 2018"], "Sai Praneeth Reddy Karimireddy": ["Adaptive balancing of gradient and update computation times using global geometry and approximate subproblems., AISTATS, 2018"], "Sebastian U. Stich": ["Adaptive balancing of gradient and update computation times using global geometry and approximate subproblems., AISTATS, 2018"], "Martin Jaggi": ["Adaptive balancing of gradient and update computation times using global geometry and approximate subproblems., AISTATS, 2018"], "Jakub M. Tomczak": ["VAE with a VampPrior., AISTATS, 2018"], "Max Welling": ["VAE with a VampPrior., AISTATS, 2018"], "Avi Pfeffer": ["Structured Factored Inference for Probabilistic Programming., AISTATS, 2018"], "Brian E. Ruttenberg": ["Structured Factored Inference for Probabilistic Programming., AISTATS, 2018"], "William Kretschmer": ["Structured Factored Inference for Probabilistic Programming., AISTATS, 2018"], "Alison O'Connor": ["Structured Factored Inference for Probabilistic Programming., AISTATS, 2018"], "Sashank J. Reddi": ["A Generic Approach for Escaping Saddle points., AISTATS, 2018"], "Manzil Zaheer": ["A Generic Approach for Escaping Saddle points., AISTATS, 2018"], "Suvrit Sra": ["A Generic Approach for Escaping Saddle points., AISTATS, 2018"], "Ruslan Salakhutdinov": ["A Generic Approach for Escaping Saddle points., AISTATS, 2018"], "Alexander J. Smola": ["A Generic Approach for Escaping Saddle points., AISTATS, 2018"], "Nathan Kallus": ["Policy Evaluation and Optimization with Continuous Treatments., AISTATS, 2018"], "Angela Zhou": ["Policy Evaluation and Optimization with Continuous Treatments., AISTATS, 2018"], "Alan Lazarus": ["Multiphase MCMC Sampling for Parameter Inference in Nonlinear Ordinary Differential Equations., AISTATS, 2018"], "Dirk Husmeier": ["Multiphase MCMC Sampling for Parameter Inference in Nonlinear Ordinary Differential Equations., AISTATS, 2018"], "Theodore Papamarkou": ["Multiphase MCMC Sampling for Parameter Inference in Nonlinear Ordinary Differential Equations., AISTATS, 2018"], "Xinkun Nie": ["Why Adaptively Collected Data Have Negative Bias and How to Correct for It., AISTATS, 2018"], "Xiaoying Tian": ["Why Adaptively Collected Data Have Negative Bias and How to Correct for It., AISTATS, 2018"], "Jonathan Taylor": ["Why Adaptively Collected Data Have Negative Bias and How to Correct for It., AISTATS, 2018"], "James Zou": ["Why Adaptively Collected Data Have Negative Bias and How to Correct for It., AISTATS, 2018"], "Sheng Chen": ["Sparse Linear Isotonic Models., AISTATS, 2018"], "Arindam Banerjee": ["Sparse Linear Isotonic Models., AISTATS, 2018"], "Jean-Yves Franceschi": ["Robustness of classifiers to uniform $\\ell_p$ and Gaussian noise., AISTATS, 2018"], "Alhussein Fawzi": ["Robustness of classifiers to uniform $\\ell_p$ and Gaussian noise., AISTATS, 2018"], "Omar Fawzi": ["Robustness of classifiers to uniform $\\ell_p$ and Gaussian noise., AISTATS, 2018"], "Xi Tan": ["Nested CRP with Hawkes-Gaussian Processes., AISTATS, 2018"], "Vinayak Rao": ["Nested CRP with Hawkes-Gaussian Processes., AISTATS, 2018"], "Jennifer Neville": ["Nested CRP with Hawkes-Gaussian Processes., AISTATS, 2018"], "Huaian Diao": ["Sketching for Kronecker Product Regression and P-splines., AISTATS, 2018"], "Wen Sun": ["Sketching for Kronecker Product Regression and P-splines., AISTATS, 2018"], "David P. Woodruff": ["Sketching for Kronecker Product Regression and P-splines., AISTATS, 2018"], "Ardavan Saeedi": ["Multimodal Prediction and Personalization of Photo Edits with Deep Generative Models., AISTATS, 2018"], "Stephen J. DiVerdi": ["Multimodal Prediction and Personalization of Photo Edits with Deep Generative Models., AISTATS, 2018"], "Asma Ghandeharioun": ["Multimodal Prediction and Personalization of Photo Edits with Deep Generative Models., AISTATS, 2018"], "Matthew J. Johnson": ["Multimodal Prediction and Personalization of Photo Edits with Deep Generative Models., AISTATS, 2018"], "Ryan P. Adams": ["Multimodal Prediction and Personalization of Photo Edits with Deep Generative Models., AISTATS, 2018"], "Chris Hickey": ["Cheap Checking for Cloud Computing: Statistical Analysis via Annotated Data Streams., AISTATS, 2018"], "Graham Cormode": ["Cheap Checking for Cloud Computing: Statistical Analysis via Annotated Data Streams., AISTATS, 2018"], "Shashank Singh": ["Minimax Reconstruction Risk of Convolutional Sparse Dictionary Learning., AISTATS, 2018"], "Jian Ma": ["Minimax Reconstruction Risk of Convolutional Sparse Dictionary Learning., AISTATS, 2018"], "Chandrashekar Lakshminarayanan": ["Linear Stochastic Approximation: How Far Does Constant Step-Size and Iterate Averaging Go?, AISTATS, 2018"], "Csaba Szepesv\u00e1ri": ["Linear Stochastic Approximation: How Far Does Constant Step-Size and Iterate Averaging Go?, AISTATS, 2018"], "Simon S. Du": ["Stochastic Zeroth-order Optimization in High Dimensions., AISTATS, 2018"], "Sivaraman Balakrishnan": ["Stochastic Zeroth-order Optimization in High Dimensions., AISTATS, 2018"], "Aarti Singh": ["Stochastic Zeroth-order Optimization in High Dimensions., AISTATS, 2018"], "Yuzhe Ma": ["Teacher Improves Learning by Selecting a Training Subset., AISTATS, 2018"], "Robert Nowak": ["Teacher Improves Learning by Selecting a Training Subset., AISTATS, 2018", "Adaptive Sampling for Coarse Ranking., AISTATS, 2018"], "Philippe Rigollet": ["Teacher Improves Learning by Selecting a Training Subset., AISTATS, 2018"], "Xuezhou Zhang": ["Teacher Improves Learning by Selecting a Training Subset., AISTATS, 2018"], "Xiaojin Zhu": ["Teacher Improves Learning by Selecting a Training Subset., AISTATS, 2018"], "Penporn Koanantakool": ["Communication-Avoiding Optimization Methods for Distributed Massive-Scale Sparse Inverse Covariance Estimation., AISTATS, 2018"], "Alnur Ali": ["Communication-Avoiding Optimization Methods for Distributed Massive-Scale Sparse Inverse Covariance Estimation., AISTATS, 2018"], "Ariful Azad": ["Communication-Avoiding Optimization Methods for Distributed Massive-Scale Sparse Inverse Covariance Estimation., AISTATS, 2018"], "Aydin Bulu\u00e7": ["Communication-Avoiding Optimization Methods for Distributed Massive-Scale Sparse Inverse Covariance Estimation., AISTATS, 2018"], "Dmitriy Morozov": ["Communication-Avoiding Optimization Methods for Distributed Massive-Scale Sparse Inverse Covariance Estimation., AISTATS, 2018"], "Leonid Oliker": ["Communication-Avoiding Optimization Methods for Distributed Massive-Scale Sparse Inverse Covariance Estimation., AISTATS, 2018"], "Katherine A. Yelick": ["Communication-Avoiding Optimization Methods for Distributed Massive-Scale Sparse Inverse Covariance Estimation., AISTATS, 2018"], "Sang-Yun Oh": ["Communication-Avoiding Optimization Methods for Distributed Massive-Scale Sparse Inverse Covariance Estimation., AISTATS, 2018"], "Pranjal Awasthi": ["Robust Vertex Enumeration for Convex Hulls in High Dimensions., AISTATS, 2018"], "Bahman Kalantari": ["Robust Vertex Enumeration for Convex Hulls in High Dimensions., AISTATS, 2018"], "Yikai Zhang": ["Robust Vertex Enumeration for Convex Hulls in High Dimensions., AISTATS, 2018"], "Jacob R. Gardner": ["Product Kernel Interpolation for Scalable Gaussian Processes., AISTATS, 2018"], "Geoff Pleiss": ["Product Kernel Interpolation for Scalable Gaussian Processes., AISTATS, 2018"], "Ruihan Wu": ["Product Kernel Interpolation for Scalable Gaussian Processes., AISTATS, 2018"], "Kilian Q. Weinberger": ["Product Kernel Interpolation for Scalable Gaussian Processes., AISTATS, 2018"], "Mohammadreza Soltani": ["Towards Provable Learning of Polynomial Neural Networks Using Low-Rank Matrix Estimation., AISTATS, 2018"], "Chinmay Hegde": ["Towards Provable Learning of Polynomial Neural Networks Using Low-Rank Matrix Estimation., AISTATS, 2018"], "Patrick J\u00e4hnichen": ["Scalable Generalized Dynamic Topic Models., AISTATS, 2018"], "Florian Wenzel": ["Scalable Generalized Dynamic Topic Models., AISTATS, 2018"], "Marius Kloft": ["Scalable Generalized Dynamic Topic Models., AISTATS, 2018"], "Stephan Mandt": ["Scalable Generalized Dynamic Topic Models., AISTATS, 2018"], "Michael Riis Andersen": ["Bayesian Structure Learning for Dynamic Brain Connectivity., AISTATS, 2018"], "Ole Winther": ["Bayesian Structure Learning for Dynamic Brain Connectivity., AISTATS, 2018"], "Lars Kai Hansen": ["Bayesian Structure Learning for Dynamic Brain Connectivity., AISTATS, 2018"], "Russell A. Poldrack": ["Bayesian Structure Learning for Dynamic Brain Connectivity., AISTATS, 2018"], "Oluwasanmi Koyejo": ["Bayesian Structure Learning for Dynamic Brain Connectivity., AISTATS, 2018"], "Mark Eisen": ["Large Scale Empirical Risk Minimization via Truncated Adaptive Newton Method., AISTATS, 2018"], "Aryan Mokhtari": ["Large Scale Empirical Risk Minimization via Truncated Adaptive Newton Method., AISTATS, 2018", "Conditional Gradient Method for Stochastic Submodular Maximization: Closing the Gap., AISTATS, 2018"], "Alejandro Ribeiro": ["Large Scale Empirical Risk Minimization via Truncated Adaptive Newton Method., AISTATS, 2018"], "Gauthier Gidel": ["Frank-Wolfe Splitting via Augmented Lagrangian Method., AISTATS, 2018"], "Fabian Pedregosa": ["Frank-Wolfe Splitting via Augmented Lagrangian Method., AISTATS, 2018"], "Simon Lacoste-Julien": ["Frank-Wolfe Splitting via Augmented Lagrangian Method., AISTATS, 2018"], "Asish Ghoshal": ["Learning linear structural equation models in polynomial time and sample complexity., AISTATS, 2018", "Learning Sparse Polymatrix Games in Polynomial Time and Sample Complexity., AISTATS, 2018"], "Jean Honorio": ["Learning linear structural equation models in polynomial time and sample complexity., AISTATS, 2018", "Learning Sparse Polymatrix Games in Polynomial Time and Sample Complexity., AISTATS, 2018", "On the Statistical Efficiency of Compositional Nonparametric Prediction., AISTATS, 2018"], "Jerry Chee": ["Convergence diagnostics for stochastic gradient descent with constant learning rate., AISTATS, 2018"], "Panos Toulis": ["Convergence diagnostics for stochastic gradient descent with constant learning rate., AISTATS, 2018"], "Seung-Jean Kim": ["Nonparametric Sharpe Ratio Function Estimation in Heteroscedastic Regression Models via Convex Optimization., AISTATS, 2018"], "Johan Lim": ["Nonparametric Sharpe Ratio Function Estimation in Heteroscedastic Regression Models via Convex Optimization., AISTATS, 2018"], "Joong-Ho Won": ["Nonparametric Sharpe Ratio Function Estimation in Heteroscedastic Regression Models via Convex Optimization., AISTATS, 2018"], "Brahim Khalil Abid": ["Stochastic algorithms for entropy-regularized optimal transport problems., AISTATS, 2018"], "Steffen Gr\u00fcnew\u00e4lder": ["Plug-in Estimators for Conditional Expectations and Probabilities., AISTATS, 2018"], "Francois Belletti": ["Factorized Recurrent Neural Architectures for Longer Range Dependence., AISTATS, 2018"], "Alex Beutel": ["Factorized Recurrent Neural Architectures for Longer Range Dependence., AISTATS, 2018"], "Sagar Jain": ["Factorized Recurrent Neural Architectures for Longer Range Dependence., AISTATS, 2018"], "Ed Huai-hsin Chi": ["Factorized Recurrent Neural Architectures for Longer Range Dependence., AISTATS, 2018"], "Yixi Xu": ["On the Statistical Efficiency of Compositional Nonparametric Prediction., AISTATS, 2018"], "Xiao Wang": ["On the Statistical Efficiency of Compositional Nonparametric Prediction., AISTATS, 2018"], "Nutan Chen": ["Metrics for Deep Generative Models., AISTATS, 2018"], "Alexej Klushyn": ["Metrics for Deep Generative Models., AISTATS, 2018"], "Richard Kurle": ["Metrics for Deep Generative Models., AISTATS, 2018"], "Xueyan Jiang": ["Metrics for Deep Generative Models., AISTATS, 2018"], "Justin Bayer": ["Metrics for Deep Generative Models., AISTATS, 2018"], "Patrick van der Smagt": ["Metrics for Deep Generative Models., AISTATS, 2018"], "Marwa El Halabi": ["Combinatorial Penalties: Which structures are preserved by convex relaxations?, AISTATS, 2018"], "Stephen Mussmann": ["Generalized Binary Search For Split-Neighborly Problems., AISTATS, 2018"], "Percy Liang": ["Generalized Binary Search For Split-Neighborly Problems., AISTATS, 2018"], "Jussi Viinikka": ["Intersection-Validation: A Method for Evaluating Structure Learning without Ground Truth., AISTATS, 2018"], "Ralf Eggeling": ["Intersection-Validation: A Method for Evaluating Structure Learning without Ground Truth., AISTATS, 2018"], "Mikko Koivisto": ["Intersection-Validation: A Method for Evaluating Structure Learning without Ground Truth., AISTATS, 2018"], "Debdeep Pati": ["On Statistical Optimality of Variational Bayes., AISTATS, 2018"], "Anirban Bhattacharya": ["On Statistical Optimality of Variational Bayes., AISTATS, 2018"], "Yun Yang": ["On Statistical Optimality of Variational Bayes., AISTATS, 2018"], "Jason Ge": ["Minimax-Optimal Privacy-Preserving Sparse PCA in Distributed Systems., AISTATS, 2018"], "Mengdi Wang": ["Minimax-Optimal Privacy-Preserving Sparse PCA in Distributed Systems., AISTATS, 2018"], "Han Liu": ["Minimax-Optimal Privacy-Preserving Sparse PCA in Distributed Systems., AISTATS, 2018"], "Shinji Ito": ["Online Regression with Partial Information: Generalization and Linear Projection., AISTATS, 2018"], "Daisuke Hatano": ["Online Regression with Partial Information: Generalization and Linear Projection., AISTATS, 2018"], "Hanna Sumita": ["Online Regression with Partial Information: Generalization and Linear Projection., AISTATS, 2018"], "Akihiro Yabe": ["Online Regression with Partial Information: Generalization and Linear Projection., AISTATS, 2018"], "Takuro Fukunaga": ["Online Regression with Partial Information: Generalization and Linear Projection., AISTATS, 2018"], "Naonori Kakimura": ["Online Regression with Partial Information: Generalization and Linear Projection., AISTATS, 2018"], "Ken-ichi Kawarabayashi": ["Online Regression with Partial Information: Generalization and Linear Projection., AISTATS, 2018"], "Aude Genevay": ["Learning Generative Models with Sinkhorn Divergences., AISTATS, 2018"], "Gabriel Peyr\u00e9": ["Learning Generative Models with Sinkhorn Divergences., AISTATS, 2018"], "Marco Cuturi": ["Learning Generative Models with Sinkhorn Divergences., AISTATS, 2018"], "Gonzalo E. Mena": ["Reparameterizing the Birkhoff Polytope for Variational Permutation Inference., AISTATS, 2018"], "Hal Cooper": ["Reparameterizing the Birkhoff Polytope for Variational Permutation Inference., AISTATS, 2018"], "Liam Paninski": ["Reparameterizing the Birkhoff Polytope for Variational Permutation Inference., AISTATS, 2018"], "John P. Cunningham": ["Reparameterizing the Birkhoff Polytope for Variational Permutation Inference., AISTATS, 2018"], "Lirong Xue": ["Achieving the time of 1-NN, but the accuracy of k-NN., AISTATS, 2018"], "Samory Kpotufe": ["Achieving the time of 1-NN, but the accuracy of k-NN., AISTATS, 2018"], "Mohammad Khan Al Farabi": ["Efficient Weight Learning in High-Dimensional Untied MLNs., AISTATS, 2018"], "Somdeb Sarkhel": ["Efficient Weight Learning in High-Dimensional Untied MLNs., AISTATS, 2018"], "Deepak Venugopal": ["Efficient Weight Learning in High-Dimensional Untied MLNs., AISTATS, 2018"], "Harikrishna Narasimhan": ["Learning with Complex Loss Functions and Constraints., AISTATS, 2018"], "Saverio Salzo": ["Solving lp-norm regularization with tensor kernels., AISTATS, 2018"], "Lorenzo Rosasco": ["Solving lp-norm regularization with tensor kernels., AISTATS, 2018"], "Johan Suykens": ["Solving lp-norm regularization with tensor kernels., AISTATS, 2018"], "Omer Gottesman": ["Weighted Tensor Decomposition for Learning Latent Variables with Partial Data., AISTATS, 2018"], "Weiwei Pan": ["Weighted Tensor Decomposition for Learning Latent Variables with Partial Data., AISTATS, 2018"], "Eralp Turgay": ["Multi-objective Contextual Bandit Problem with Similarity Information., AISTATS, 2018"], "Doruk \u00d6ner": ["Multi-objective Contextual Bandit Problem with Similarity Information., AISTATS, 2018"], "Cem Tekin": ["Multi-objective Contextual Bandit Problem with Similarity Information., AISTATS, 2018"], "Hong Ge": ["Turing: Composable inference for probabilistic programming., AISTATS, 2018"], "Kai Xu": ["Turing: Composable inference for probabilistic programming., AISTATS, 2018"], "Zoubin Ghahramani": ["Turing: Composable inference for probabilistic programming., AISTATS, 2018"], "Beilun Wang": ["Fast and Scalable Learning of Sparse Changes in High-Dimensional Gaussian Graphical Model Structure., AISTATS, 2018"], "Arshdeep Sekhon": ["Fast and Scalable Learning of Sparse Changes in High-Dimensional Gaussian Graphical Model Structure., AISTATS, 2018"], "Yanjun Qi": ["Fast and Scalable Learning of Sparse Changes in High-Dimensional Gaussian Graphical Model Structure., AISTATS, 2018"], "Sanket Kamthe": ["Data-Efficient Reinforcement Learning with Probabilistic Model Predictive Control., AISTATS, 2018"], "Marc Peter Deisenroth": ["Data-Efficient Reinforcement Learning with Probabilistic Model Predictive Control., AISTATS, 2018"], "Bai Jiang": ["Approximate Bayesian Computation with Kullback-Leibler Divergence as Data Discrepancy., AISTATS, 2018"], "Ruben Martinez-Cantin": ["Practical Bayesian optimization in the presence of outliers., AISTATS, 2018"], "Kevin Tee": ["Practical Bayesian optimization in the presence of outliers., AISTATS, 2018"], "Michael McCourt": ["Practical Bayesian optimization in the presence of outliers., AISTATS, 2018"], "Mehryar Mohri": ["Competing with Automata-based Expert Sequences., AISTATS, 2018"], "Scott Yang": ["Competing with Automata-based Expert Sequences., AISTATS, 2018"], "Devavrat Shah": ["Reducing Crowdsourcing to Graphon Estimation, Statistically., AISTATS, 2018"], "Christina E. Lee": ["Reducing Crowdsourcing to Graphon Estimation, Statistically., AISTATS, 2018"], "Ershad Banijamali": ["Robust Locally-Linear Controllable Embedding., AISTATS, 2018"], "Rui Shu": ["Robust Locally-Linear Controllable Embedding., AISTATS, 2018"], "Mohammad Ghavamzadeh": ["Robust Locally-Linear Controllable Embedding., AISTATS, 2018"], "Hung Hai Bui": ["Robust Locally-Linear Controllable Embedding., AISTATS, 2018"], "Ali Ghodsi": ["Robust Locally-Linear Controllable Embedding., AISTATS, 2018"], "Karthik Abinav Sankararaman": ["Combinatorial Semi-Bandits with Knapsacks., AISTATS, 2018"], "Aleksandrs Slivkins": ["Combinatorial Semi-Bandits with Knapsacks., AISTATS, 2018"], "David Alvarez-Melis": ["Structured Optimal Transport., AISTATS, 2018"], "Tommi S. Jaakkola": ["Structured Optimal Transport., AISTATS, 2018"], "Shiqing Yu": ["Graphical Models for Non-Negative Data Using Generalized Score Matching., AISTATS, 2018"], "Mathias Drton": ["Graphical Models for Non-Negative Data Using Generalized Score Matching., AISTATS, 2018"], "Ali Shojaie": ["Graphical Models for Non-Negative Data Using Generalized Score Matching., AISTATS, 2018"], "Bin Gu": ["Asynchronous Doubly Stochastic Group Regularized Learning., AISTATS, 2018"], "Zhouyuan Huo": ["Asynchronous Doubly Stochastic Group Regularized Learning., AISTATS, 2018"], "Heng Huang": ["Asynchronous Doubly Stochastic Group Regularized Learning., AISTATS, 2018"], "Ching-An Cheng": ["Convergence of Value Aggregation for Imitation Learning., AISTATS, 2018"], "Byron Boots": ["Convergence of Value Aggregation for Imitation Learning., AISTATS, 2018", "Learning Hidden Quantum Markov Models., AISTATS, 2018"], "Dylan J. Foster": ["Inference in Sparse Graphs with Pairwise Measurements and Side Information., AISTATS, 2018"], "Karthik Sridharan": ["Inference in Sparse Graphs with Pairwise Measurements and Side Information., AISTATS, 2018"], "Daniel Reichman": ["Inference in Sparse Graphs with Pairwise Measurements and Side Information., AISTATS, 2018"], "Arkabandhu Chowdhury": ["Parallel and Distributed MCMC via Shepherding Distributions., AISTATS, 2018"], "Christopher M. Jermaine": ["Parallel and Distributed MCMC via Shepherding Distributions., AISTATS, 2018"], "Pedro Mercado": ["The Power Mean Laplacian for Multilayer Graph Clustering., AISTATS, 2018"], "Antoine Gautier": ["The Power Mean Laplacian for Multilayer Graph Clustering., AISTATS, 2018"], "Francesco Tudisco": ["The Power Mean Laplacian for Multilayer Graph Clustering., AISTATS, 2018"], "Matthias Hein": ["The Power Mean Laplacian for Multilayer Graph Clustering., AISTATS, 2018"], "Sumeet Katariya": ["Adaptive Sampling for Coarse Ranking., AISTATS, 2018"], "Lalit Jain": ["Adaptive Sampling for Coarse Ranking., AISTATS, 2018"], "Nandana Sengupta": ["Adaptive Sampling for Coarse Ranking., AISTATS, 2018"], "James Evans": ["Adaptive Sampling for Coarse Ranking., AISTATS, 2018"], "Ehsan Kazemi": ["Comparison Based Learning from Weak Oracles., AISTATS, 2018"], "Lin Chen": ["Comparison Based Learning from Weak Oracles., AISTATS, 2018", "Online Continuous Submodular Maximization., AISTATS, 2018"], "Sanjoy Dasgupta": ["Comparison Based Learning from Weak Oracles., AISTATS, 2018"], "Xuhui Fan": ["The Binary Space Partitioning-Tree Process., AISTATS, 2018"], "Bin Li": ["The Binary Space Partitioning-Tree Process., AISTATS, 2018"], "Scott Sisson": ["The Binary Space Partitioning-Tree Process., AISTATS, 2018"], "Mihai Cucuringu": ["On denoising modulo 1 samples of a function., AISTATS, 2018"], "Hemant Tyagi": ["On denoising modulo 1 samples of a function., AISTATS, 2018"], "Morteza Noshad": ["Scalable Hash-Based Estimation of Divergence Measures., AISTATS, 2018"], "Hamed Hassani": ["Conditional Gradient Method for Stochastic Submodular Maximization: Closing the Gap., AISTATS, 2018", "Online Continuous Submodular Maximization., AISTATS, 2018"], "Ferdian Jovan": ["Efficient Bayesian Methods for Counting Processes in Partially Observable Environments., AISTATS, 2018"], "Jeremy L. Wyatt": ["Efficient Bayesian Methods for Counting Processes in Partially Observable Environments., AISTATS, 2018"], "Nick Hawes": ["Efficient Bayesian Methods for Counting Processes in Partially Observable Environments., AISTATS, 2018"], "Michael Shvartsman": ["Matrix-normal models for fMRI analysis., AISTATS, 2018"], "Narayanan Sundaram": ["Matrix-normal models for fMRI analysis., AISTATS, 2018"], "Mikio Aoi": ["Matrix-normal models for fMRI analysis., AISTATS, 2018"], "Adam Charles": ["Matrix-normal models for fMRI analysis., AISTATS, 2018"], "Theodore L. Willke": ["Matrix-normal models for fMRI analysis., AISTATS, 2018"], "Jonathan D. Cohen": ["Matrix-normal models for fMRI analysis., AISTATS, 2018"], "Jeffrey Pennington": ["The emergence of spectral universality in deep networks., AISTATS, 2018"], "Samuel S. Schoenholz": ["The emergence of spectral universality in deep networks., AISTATS, 2018"], "Surya Ganguli": ["The emergence of spectral universality in deep networks., AISTATS, 2018"], "Mahbod Olfat": ["Spectral Algorithms for Computing Fair Support Vector Machines., AISTATS, 2018"], "Anil Aswani": ["Spectral Algorithms for Computing Fair Support Vector Machines., AISTATS, 2018"], "He Zhao": ["Bayesian Multi-label Learning with Sparse Features and Labels, and Label Co-occurrences., AISTATS, 2018"], "Piyush Rai": ["Bayesian Multi-label Learning with Sparse Features and Labels, and Label Co-occurrences., AISTATS, 2018"], "Lan Du": ["Bayesian Multi-label Learning with Sparse Features and Labels, and Label Co-occurrences., AISTATS, 2018"], "Wray L. Buntine": ["Bayesian Multi-label Learning with Sparse Features and Labels, and Label Co-occurrences., AISTATS, 2018"], "Rahi Kalantari": ["Nonparametric Bayesian sparse graph linear dynamical systems., AISTATS, 2018"], "Mingyuan Zhou": ["Nonparametric Bayesian sparse graph linear dynamical systems., AISTATS, 2018"], "Jaan Altosaar": ["Proximity Variational Inference., AISTATS, 2018"], "Yuxin Chen": ["Near-Optimal Machine Teaching via Explanatory Teaching Sets., AISTATS, 2018"], "Oisin Mac Aodha": ["Near-Optimal Machine Teaching via Explanatory Teaching Sets., AISTATS, 2018"], "Shihan Su": ["Near-Optimal Machine Teaching via Explanatory Teaching Sets., AISTATS, 2018"], "Pietro Perona": ["Near-Optimal Machine Teaching via Explanatory Teaching Sets., AISTATS, 2018"], "Yisong Yue": ["Near-Optimal Machine Teaching via Explanatory Teaching Sets., AISTATS, 2018"], "Siddarth Srinivasan": ["Learning Hidden Quantum Markov Models., AISTATS, 2018"], "Geoffrey J. Gordon": ["Learning Hidden Quantum Markov Models., AISTATS, 2018"], "Shiau Hong Lim": ["Labeled Graph Clustering via Projected Gradient Descent., AISTATS, 2018"], "Gregory Calvez": ["Labeled Graph Clustering via Projected Gradient Descent., AISTATS, 2018"], "Dong Yin": ["Gradient Diversity: a Key Ingredient for Scalable Distributed Learning., AISTATS, 2018"], "Ashwin Pananjady": ["Gradient Diversity: a Key Ingredient for Scalable Distributed Learning., AISTATS, 2018"], "Maximilian Lam": ["Gradient Diversity: a Key Ingredient for Scalable Distributed Learning., AISTATS, 2018"], "Dimitris S. Papailiopoulos": ["Gradient Diversity: a Key Ingredient for Scalable Distributed Learning., AISTATS, 2018"], "Peter Bartlett": ["Gradient Diversity: a Key Ingredient for Scalable Distributed Learning., AISTATS, 2018"], "Yuting Ye": ["HONES: A Fast and Tuning-free Homotopy Method For Online Newton Step., AISTATS, 2018"], "Lihua Lei": ["HONES: A Fast and Tuning-free Homotopy Method For Online Newton Step., AISTATS, 2018"], "Cheng Ju": ["HONES: A Fast and Tuning-free Homotopy Method For Online Newton Step., AISTATS, 2018"], "Krzysztof Onak": ["Probability-Revealing Samples., AISTATS, 2018"], "Xiaorui Sun": ["Probability-Revealing Samples., AISTATS, 2018"], "Tatsunori Hashimoto": ["Derivative Free Optimization Via Repeated Classification., AISTATS, 2018"], "Steve Yadlowsky": ["Derivative Free Optimization Via Repeated Classification., AISTATS, 2018"], "John C. Duchi": ["Derivative Free Optimization Via Repeated Classification., AISTATS, 2018"], "Yanning Shen": ["Online Ensemble Multi-kernel Learning Adaptive to Non-stationary and Adversarial Environments., AISTATS, 2018"], "Tianyi Chen": ["Online Ensemble Multi-kernel Learning Adaptive to Non-stationary and Adversarial Environments., AISTATS, 2018"], "Georgios B. Giannakis": ["Online Ensemble Multi-kernel Learning Adaptive to Non-stationary and Adversarial Environments., AISTATS, 2018"], "Chendi Huang": ["A Unified Dynamic Approach to Sparse Model Selection., AISTATS, 2018"], "Costis Daskalakis": ["Bootstrapping EM via Power EM and Convergence in the Naive Bayes Model., AISTATS, 2018"], "Christos Tzamos": ["Bootstrapping EM via Power EM and Convergence in the Naive Bayes Model., AISTATS, 2018"], "Manolis Zampetakis": ["Bootstrapping EM via Power EM and Convergence in the Naive Bayes Model., AISTATS, 2018"], "Yingzhen Yang": ["Dimensionality Reduced $\\ell^{0}$-Sparse Subspace Clustering., AISTATS, 2018"]}