{"Tianyang Li": ["Minimax Gaussian Classification & Clustering., AISTATS, 2017"], "Mark Rowland": ["Conditions beyond treewidth for tightness of higher-order LP relaxations., AISTATS, 2017"], "Catalin Ionescu": ["Large-Scale Data-Dependent Kernel Approximation., AISTATS, 2017"], "Yale Chang": ["Clustering from Multiple Uncertain Experts., AISTATS, 2017"], "Renbo Zhao": ["Online Nonnegative Matrix Factorization with General Divergences., AISTATS, 2017"], "R\u00e9mi Leblond": ["ASAGA: Asynchronous Parallel SAGA., AISTATS, 2017"], "Jonathan Scarlett": ["Lower Bounds on Active Learning for Graphical Model Selection., AISTATS, 2017"], "Dohyung Park": ["Non-square matrix sensing without spurious local minima via the Burer-Monteiro approach., AISTATS, 2017"], "Pierre Gaillard": ["Sparse Accelerated Exponential Weights., AISTATS, 2017"], "Yuchen Zhang": ["On the Learnability of Fully-Connected Neural Networks., AISTATS, 2017"], "Ibrahim M. Alabdulmohsin": ["An Information-Theoretic Route from Generalization in Expectation to Generalization in Probability., AISTATS, 2017"], "Lijie Chen": ["Nearly Instance Optimal Sample Complexity Bounds for Top-k Arm Selection., AISTATS, 2017"], "Andrew An Bian": ["Guaranteed Non-convex Optimization: Submodular Maximization over Continuous Domains., AISTATS, 2017"], "Andrew Stevens": ["Tensor-Dictionary Learning with Deep Kruskal-Factor Analysis., AISTATS, 2017"], "Satoshi Hara": ["Consistent and Efficient Nonparametric Different-Feature Selection., AISTATS, 2017"], "Francois Fagan": ["Annular Augmentation Sampling., AISTATS, 2017"], "Lihua Lei": ["Less than a Single Pass: Stochastically Controlled Stochastic Gradient., AISTATS, 2017"], "Roy Adams": ["Learning Time Series Detection Models from Temporally Imprecise Labels., AISTATS, 2017"], "Himabindu Lakkaraju": ["Learning Cost-Effective and Interpretable Treatment Regimes., AISTATS, 2017"], "Marc Abeille": ["Linear Thompson Sampling Revisited., AISTATS, 2017", "Thompson Sampling for Linear-Quadratic Control Problems., AISTATS, 2017"], "James Newling": ["A Sub-Quadratic Exact Medoid Algorithm., AISTATS, 2017"], "Daniel McDonald": ["Minimax Density Estimation for Growing Dimension., AISTATS, 2017"], "Hiroaki Sasaki": ["Estimating Density Ridges by Direct Estimation of Density-Derivative-Ratios., AISTATS, 2017"], "Alexander Zimin": ["Learning Theory for Conditional Risk Minimization., AISTATS, 2017"], "Yuxin Chen": ["Near-optimal Bayesian Active Learning with Correlated and Noisy Tests., AISTATS, 2017"], "Julien P\u00e9rolat": ["Learning Nash Equilibrium for General-Sum Markov Games from Batch Data., AISTATS, 2017"], "Benjamin Cowley": ["Distance Covariance Analysis., AISTATS, 2017"], "Sohail Bahmani": ["Phase Retrieval Meets Statistical Learning Theory: A Flexible Convex Relaxation., AISTATS, 2017"], "Pierre Alquier": ["Regret Bounds for Lifelong Learning., AISTATS, 2017"], "Seth R. Flaxman": ["Poisson intensity estimation with reproducing kernels., AISTATS, 2017"], "Alnur Ali": ["Generalized Pseudolikelihood Methods for Inverse Covariance Estimation., AISTATS, 2017"], "Ian Fellows": ["Removing Phase Transitions from Gibbs Measures., AISTATS, 2017"], "Rebecca C. Steorts": ["Performance Bounds for Graphical Record Linkage., AISTATS, 2017"], "Alistair Shilton": ["Regret Bounds for Transfer Learning in Bayesian Optimisation., AISTATS, 2017"], "Tianyi Zhou": ["Scaling Submodular Maximization via Pruned Submodularity Graphs., AISTATS, 2017"], "Makoto Yamada": ["Localized Lasso for High-Dimensional Regression., AISTATS, 2017"], "Pedro M. Esperan\u00e7a": ["Encrypted Accelerated Least Squares Regression., AISTATS, 2017"], "Daniel L. Pimentel-Alarc\u00f3n": ["Random Consensus Robust PCA., AISTATS, 2017"], "Pietro Galliani": ["Gray-box Inference for Structured Gaussian Process Models., AISTATS, 2017"], "Gauthier Gidel": ["Frank-Wolfe Algorithms for Saddle Point Problems., AISTATS, 2017"], "Nathan Kallus": ["A Framework for Optimal Matching for Causal Inference., AISTATS, 2017"], "Jonathan Huggins": ["Quantifying the accuracy of approximate diffusions and Markov chains., AISTATS, 2017"], "Sumeet Katariya": ["Stochastic Rank-1 Bandits., AISTATS, 2017"], "G\u00e9raud Le Falher": ["On the Troll-Trust Model for Edge Sign Prediction in Social Networks., AISTATS, 2017"], "Vincent Cohen-Addad": ["Online Optimization of Smoothed Piecewise Constant Functions., AISTATS, 2017"], "Ke Jiang": ["Combinatorial Topic Models using Small-Variance Asymptotics., AISTATS, 2017"], "Le Hou": ["ConvNets with Smooth Adaptive Activation Functions for Regression., AISTATS, 2017"], "Sejun Park": ["Rapid Mixing Swendsen-Wang Sampler for Stochastic Partitioned Attractive Models., AISTATS, 2017"], "Pan Li": ["Efficient Rank Aggregation via Lehmer Codes., AISTATS, 2017"], "Aapo Hyv\u00e4rinen": ["Nonlinear ICA of Temporally Dependent Stationary Sources., AISTATS, 2017"], "Atsushi Nitanda": ["Stochastic Difference of Convex Algorithm and its Application to Training Deep Boltzmann Machines., AISTATS, 2017"], "Prateek Jain": ["Global Convergence of Non-Convex Gradient Descent for Computing Matrix Squareroot., AISTATS, 2017"], "Christian A. Naesseth": ["Reparameterization Gradients through Acceptance-Rejection Sampling Algorithms., AISTATS, 2017"], "Matthew M. Graham": ["Asymptotically exact inference in differentiable generative models., AISTATS, 2017"], "Paul Vanhaesebrouck": ["Decentralized Collaborative Learning of Personalized Models over Networks., AISTATS, 2017"], "Rajat Sen": ["Contextual Bandits with Latent Confounders: An NMF Approach., AISTATS, 2017"], "Aaron Klein": ["Fast Bayesian Optimization of Machine Learning Hyperparameters on Large Datasets., AISTATS, 2017"], "Mina Ashizawa": ["Least-Squares Log-Density Gradient Clustering for Riemannian Manifolds., AISTATS, 2017"], "Marina Vinyes": ["Fast column generation for atomic norm regularization., AISTATS, 2017"], "Thomas Brouwer": ["Bayesian Hybrid Matrix Factorisation for Data Integration., AISTATS, 2017"], "Youssef Mroueh": ["Co-Occurring Directions Sketching for Approximate Matrix Multiply., AISTATS, 2017"], "Ronan Fruit": ["Exploration-Exploitation in MDPs with Options., AISTATS, 2017"], "Gedas Bertasius": ["Local Perturb-and-MAP for Structured Prediction., AISTATS, 2017"], "Hanzhang Hu": ["Gradient Boosting on Stochastic Data Streams., AISTATS, 2017"], "Joon Kwon": ["Online Learning and Blackwell Approachability with Partial Monitoring: Optimal Convergence Rates., AISTATS, 2017"], "Miaoyan Wang": ["Tensor Decompositions via Two-Mode Higher-Order SVD (HOSVD)., AISTATS, 2017"], "Meelis Kull": ["Beta calibration: a well-founded and easily implemented improvement on logistic calibration for binary classifiers., AISTATS, 2017"], "Feras Saad": ["Detecting Dependencies in Sparse, Multivariate Databases Using Probabilistic Programming and Non-parametric Bayes., AISTATS, 2017"], "Dezhi Hong": ["High-dimensional Time Series Clustering via Cross-Predictability., AISTATS, 2017"], "Alexey Zaytsev": ["Minimax Approach to Variable Fidelity Data Interpolation., AISTATS, 2017"], "Travis Dick": ["Data Driven Resource Allocation for Distributed Learning., AISTATS, 2017"], "Yuancheng Zhu": ["Learning Nonparametric Forest Graphical Models with Prior Information., AISTATS, 2017"], "Kaushik Sinha": ["Sparse Randomized Partition Trees for Nearest Neighbor Search., AISTATS, 2017"], "Sharan Vaswani": ["Horde of Bandits using Gaussian Markov Random Fields., AISTATS, 2017"], "Francois Belletti": ["Random projection design for scalable implicit smoothing of randomly observed stochastic processes., AISTATS, 2017"], "Akram Erraqabi": ["Trading off Rewards and Errors in Multi-Armed Bandits., AISTATS, 2017"], "Zheng Xu": ["Adaptive ADMM with Spectral Penalty Parameter Selection., AISTATS, 2017"], "Tor Lattimore": ["The End of Optimism? An Asymptotic Analysis of Finite-Armed Linear Bandits., AISTATS, 2017"], "Ghassen Jerfel": ["Dynamic Collaborative Filtering With Compound Poisson Factorization., AISTATS, 2017"], "Kai-Yang Chiang": ["Rank Aggregation and Prediction with Item Features., AISTATS, 2017"], "Chengming Jiang": ["Robust and Efficient Computation of Eigenvectors in a Generalized Spectral Method for Constrained Clustering., AISTATS, 2017"], "Asish Ghoshal": ["Information-theoretic limits of Bayesian network structure learning., AISTATS, 2017", "Learning Graphical Games from Behavioral Data: Sufficient and Necessary Conditions., AISTATS, 2017"], "Colin Wei": ["Markov Chain Truncation for Doubly-Intractable Inference., AISTATS, 2017"], "Yi Hong": ["Regression Uncertainty on the Grassmannian., AISTATS, 2017"], "Ziqi Liu": ["Attributing Hacks., AISTATS, 2017"], "Manjesh Kumar Hanawal": ["Unsupervised Sequential Sensor Acquisition., AISTATS, 2017"], "Songtao Lu": ["A Stochastic Nonconvex Splitting Method for Symmetric Nonnegative Matrix Factorization., AISTATS, 2017"], "Byung-Jun Lee": ["Hierarchically-partitioned Gaussian Process Approximation., AISTATS, 2017"], "Elad Eban": ["Scalable Learning of Non-Decomposable Objectives., AISTATS, 2017"], "Tianfan Fu": ["CPSG-MCMC: Clustering-Based Preprocessing method for Stochastic Gradient MCMC., AISTATS, 2017"], "Siavash Haghiri": ["Comparison-Based Nearest Neighbor Search., AISTATS, 2017"], "Francesco Locatello": ["A Unified Optimization View on Generalized Matching Pursuit and Frank-Wolfe., AISTATS, 2017"], "Dmytro Perekrestenko": ["Faster Coordinate Descent via Adaptive Importance Sampling., AISTATS, 2017"], "Mohammad Emtiyaz Khan": ["Conjugate-Computation Variational Inference: Converting Variational Inference in Non-Conjugate Models to Inferences in Conjugate Models., AISTATS, 2017"], "Yasin Abbasi-Yadkori": ["Hit-and-Run for Sampling and Planning in Non-Convex Spaces., AISTATS, 2017"], "Mijung Park": ["DP-EM: Differentially Private Expectation Maximization., AISTATS, 2017"], "Juho Piironen": ["On the Hyperprior Choice for the Global Shrinkage Parameter in the Horseshoe Prior., AISTATS, 2017"], "Scott W. Linderman": ["Bayesian Learning and Inference in Recurrent Switching Linear Dynamical Systems., AISTATS, 2017"], "Pan Xu": ["Efficient Algorithm for Sparse Tensor-variate Gaussian Graphical Models via Gradient Descent., AISTATS, 2017"], "Amit Moscovich": ["Minimax-optimal semi-supervised regression on unknown manifolds., AISTATS, 2017"], "Kwang-Sung Jun": ["Improved Strongly Adaptive Online Learning using Coin Betting., AISTATS, 2017"], "Qiang Liu": ["Black-box Importance Sampling., AISTATS, 2017"], "Muhammad Bilal Zafar": ["Fairness Constraints: Mechanisms for Fair Classification., AISTATS, 2017"], "Avradeep Bhowmik": ["Frequency Domain Predictive Modelling with Aggregated Data., AISTATS, 2017"], "Lingxiao Wang": ["A Unified Computational and Statistical Framework for Nonconvex Low-rank Matrix Estimation., AISTATS, 2017"], "Ryan Rogers": ["A New Class of Private Chi-Square Hypothesis Tests., AISTATS, 2017"], "Anna Korba": ["A Learning Theory of Ranking Aggregation., AISTATS, 2017"], "Albert Thomas": ["Anomaly Detection in Extreme Regions via Empirical MV-sets on the Sphere., AISTATS, 2017"], "Mariusz Bojarski": ["Structured adaptive and random spinners for fast machine learning computations., AISTATS, 2017"], "Aleksandar Botev": ["Complementary Sum Sampling for Likelihood Approximation in Large Scale Classification., AISTATS, 2017"], "Jonas Mueller": ["Learning Optimal Interventions., AISTATS, 2017"], "Nicholas Ruozzi": ["A Lower Bound on the Partition Function of Attractive Graphical Models in the Continuous Case., AISTATS, 2017"], "Ruoxi Sun": ["Scalable Variational Inference for Super Resolution Microscopy., AISTATS, 2017"], "Donald Goldfarb": ["Linear Convergence of Stochastic Frank Wolfe Variants., AISTATS, 2017"], "Seong-Hwan Jun": ["Sequential Graph Matching with Sequential Monte Carlo., AISTATS, 2017"], "Nishant Mehta": ["Fast rates with high probability in exp-concave statistical learning., AISTATS, 2017"], "Jure Sokolic": ["Generalization Error of Invariant Classifiers., AISTATS, 2017"], "Stefanos Poulis": ["Learning with Feature Feedback: from Theory to Practice., AISTATS, 2017"], "Ciara Pike-Burke": ["Optimistic Planning for the Stochastic Knapsack Problem., AISTATS, 2017"], "Raman Sankaran": ["Identifying Groups of Strongly Correlated Variables through Smoothed Ordered Weighted L1-norms., AISTATS, 2017"], "Shaofei Wang": ["Tracking Objects with Higher Order Interactions via Delayed Column Generation., AISTATS, 2017"], "Wei Ping": ["Belief Propagation in Conditional RBMs for Structured Prediction., AISTATS, 2017"], "Jialei Wang": ["Sketching Meets Random Projection in the Dual: A Provable Recovery Algorithm for Big and High-dimensional Data., AISTATS, 2017"], "Xiangru Lian": ["Finite-sum Composition Optimization via Variance Reduced Gradient Descent., AISTATS, 2017"], "Beilun Wang": ["A Fast and Scalable Joint Estimator for Learning Multiple Related Sparse Gaussian Graphical Models., AISTATS, 2017"], "Lu Tian": ["Communication-efficient Distributed Sparse Linear Discriminant Analysis., AISTATS, 2017"], "Alp Yurtsever": ["Sketchy Decisions: Convex Low-Rank Matrix Optimization with Optimal Storage., AISTATS, 2017"], "Heinrich Jiang": ["Modal-set estimation with an application to clustering., AISTATS, 2017"], "Martin Slawski": ["Compressed Least Squares Regression revisited., AISTATS, 2017"], "Bo Xie": ["Diverse Neural Network Learns True Target Functions., AISTATS, 2017"], "Anant Raj": ["Local Group Invariant Representations via Orbit Embeddings., AISTATS, 2017"], "Xiaoyu Lu": ["Relativistic Monte Carlo., AISTATS, 2017"], "Kai Zhong": ["Fast Classification with Binary Prototypes., AISTATS, 2017"], "Johan W\u00e5gberg": ["Prediction Performance After Learning in Gaussian Process Regression., AISTATS, 2017"], "Brendan McMahan": ["Communication-Efficient Learning of Deep Networks from Decentralized Data., AISTATS, 2017"], "Shengyang Sun": ["Learning Structured Weight Uncertainty in Bayesian Neural Networks., AISTATS, 2017"], "David A. Moore": ["Signal-based Bayesian Seismic Monitoring., AISTATS, 2017"], "Youngsuk Park": ["Learning the Network Structure of Heterogeneous Data via Pairwise Exponential Markov Random Fields., AISTATS, 2017"], "Jacob R. Gardner": ["Discovering and Exploiting Additive Structure for Bayesian Optimization., AISTATS, 2017"], "Samory Kpotufe": ["Lipschitz Density-Ratios, Structured Data, and Data-driven Tuning., AISTATS, 2017"], "Philipp Thomann": ["Spatial Decompositions for Large Scale SVMs., AISTATS, 2017"], "Tuan Anh Le": ["Inference Compilation and Universal Probabilistic Programming., AISTATS, 2017"], "Aniruddha Bhargava": ["Active Positive Semidefinite Matrix Completion: Algorithms, Theory and Applications., AISTATS, 2017"], "Rajiv Khanna": ["Information Projection and Approximate Inference for Structured Sparse Variables., AISTATS, 2017", "Scalable Greedy Feature Selection via Weak Submodularity., AISTATS, 2017"], "Yihan Gao": ["On the Interpretability of Conditional Probability Estimates in the Agnostic Setting., AISTATS, 2017"], "Yichen Wang": ["Linking Micro Event History to Macro Prediction in Point Process Models., AISTATS, 2017"], "Da Tang": ["Initialization and Coordinate Optimization for Multi-way Matching., AISTATS, 2017"], "Vivek F. Farias": ["Optimal Recovery of Tensor Slices., AISTATS, 2017"], "Alexander Rakhlin": ["Efficient Online Multiclass Prediction on Graphs via Surrogate Losses., AISTATS, 2017"], "Justin Bewsher": ["Distribution of Gaussian Process Arc Lengths., AISTATS, 2017"], "Daniele Calandriello": ["Distributed Adaptive Sampling for Kernel Matrix Approximation., AISTATS, 2017"], "Ping Li": ["Binary and Multi-Bit Coding for Stable Random Projections., AISTATS, 2017"], "Forough Arabshahi": ["Spectral Methods for Correlated Topic Models., AISTATS, 2017"], "Alexandru Niculescu-Mizil": ["Label Filters for Large Scale Multilabel Classification., AISTATS, 2017"], "Bo Dai": ["Learning from Conditional Distributions via Dual Embeddings., AISTATS, 2017"], "Alan Malek": ["Sequential Multiple Hypothesis Testing with Type I Error Control., AISTATS, 2017"], "Ariadna Quattoni": ["A Maximum Matching Algorithm for Basis Selection in Spectral Learning., AISTATS, 2017"], "Amir Massoud Farahmand": ["Value-Aware Loss Function for Model-based Reinforcement Learning., AISTATS, 2017"], "Cheng Tang": ["Convergence Rate of Stochastic k-means., AISTATS, 2017"], "Soham De": ["Automated Inference with Adaptive Batches., AISTATS, 2017"], "Jiong Zhang": ["Scalable Convex Multiple Sequence Alignment via Entropy-Regularized Dual Decomposition., AISTATS, 2017"], "Ioan Gabriel Bucur": ["Robust Causal Estimation in the Large-Sample Limit without Strict Faithfulness., AISTATS, 2017"], "Ankit Anand": ["Non-Count Symmetries in Boolean & Multi-Valued Prob. Graphical Models., AISTATS, 2017"], "Xiangru Huang": ["Greedy Direction Method of Multiplier for MAP Inference of Large Output Domain., AISTATS, 2017"]}