{"Dan Roth": ["A Uniform Convergence Bound for the Area Under the ROC Curve., AISTATS, 2005"], "Eric Horvitz": ["On the Path to an Ideal ROC Curve: Considering Cost Asymmetry in Learning Classifiers., AISTATS, 2005"], "Vikas Sindhwani": ["On Manifold Regularization., AISTATS, 2005"], "Fernando Pereira": ["Distributed Latent Variable Models of Lexical Co-occurrences., AISTATS, 2005"], "Geoffrey E. Hinton": ["On Contrastive Divergence Learning., AISTATS, 2005"], "Fabio Corradi": ["OOBN for Forensic Identification through Searching a DNA profiles' Database., AISTATS, 2005"], "Olivier Chapelle": ["Active Learning for Parzen Window Classifier., AISTATS, 2005"], "Alexander Zien": ["Semi-Supervised Classification by Low Density Separation., AISTATS, 2005"], "Jianbo Shi": ["Learning spectral graph segmentation., AISTATS, 2005"], "Martin Szummer": ["A Graphical Model for Simultaneous Partitioning and Labeling., AISTATS, 2005"], "Denver Dash": ["Restructuring Dynamic Causal Systems in Equilibrium., AISTATS, 2005"], "A. Philip Dawid": ["Probability and Statistics in the Law., AISTATS, 2005"], "Nicolas Le Roux": ["Efficient Non-Parametric Function Induction in Semi-Supervised Learning., AISTATS, 2005"], "Christopher Meek": ["Structured Variational Inference Procedures and their Realizations., AISTATS, 2005", "Efficient Gradient Computation for Conditional Gaussian Models., AISTATS, 2005"], "Nikos K. Logothetis": ["Kernel Constrained Covariance for Dependence Measurement., AISTATS, 2005"], "Lawrence K. Saul": ["Semisupervised alignment of manifolds., AISTATS, 2005", "Nonlinear Dimensionality Reduction by Semidefinite Programming and Kernel Matrix Factorization., AISTATS, 2005"], "Kejie Bao": ["Learning Causally Linked Markov Random Fields., AISTATS, 2005"], "Olivier Bousquet": ["Hilbertian Metrics and Positive Definite Kernels on Probability Measures., AISTATS, 2005"], "Marcus Hutter": ["Fast Non-Parametric Bayesian Inference on Infinite Trees., AISTATS, 2005"], "Steffen L. Lauritzen": ["Restricted concentration models - graphical Gaussian models with concentration parameters restricted to being equal., AISTATS, 2005"], "Nando de Freitas": ["Fast maximum a-posteriori inference on Monte Carlo state spaces., AISTATS, 2005"], "Brendan J. Frey": ["Generative Model for Layers of Appearance and Deformation., AISTATS, 2005"], "Kevin Knuth": ["Toward Question-Asking Machines: The Logic of Questions and the Inquiry Calculus., AISTATS, 2005"], "Vladimir Kolmogorov": ["Convergent tree-reweighted message passing for energy minimization., AISTATS, 2005"], "Zhihong Cai": ["Instrumental variable tests for Directed Acyclic Graph Models., AISTATS, 2005"], "Bianca Zadrozny": ["Estimating Class Membership Probabilities using Classifier Learners., AISTATS, 2005"], "Fu Jie Huang": ["Loss Functions for Discriminative Training of Energy-Based Models., AISTATS, 2005"], "Rainer Spang": ["Probabilistic Soft Interventions in Conditional Gaussian Networks., AISTATS, 2005"], "Richard S. Zemel": ["Unsupervised Learning with Non-Ignorable Missing Data., AISTATS, 2005"], "Liang Xu": ["Regularized spectral learning., AISTATS, 2005"], "Andrey Kolobov": ["Approximate Inference for Infinite Contingent Bayesian Networks., AISTATS, 2005"], "Yoshua Bengio": ["Hierarchical Probabilistic Neural Network Language Model., AISTATS, 2005", "Greedy Spectral Embedding., AISTATS, 2005"], "John Platt": ["FastMap, MetricMap, and Landmark MDS are all Nystrom Algorithms., AISTATS, 2005"], "Tom Minka": ["Bayesian Conditional Random Fields., AISTATS, 2005"], "Ralf Herbrich": ["Poisson-Networks: A Model for Structured Poisson Processes., AISTATS, 2005"], "Daniel P. W. Ellis": ["Deformable Spectrograms., AISTATS, 2005"], "Parham Aarabi": ["Variational Speech Separation of More Sources than Mixtures., AISTATS, 2005"], "Ad Feelders": ["Learning Bayesian Network Models from Incomplete Data using Importance Sampling., AISTATS, 2005"], "Henry Tirri": ["On the Behavior of MDL Denoising., AISTATS, 2005"], "Tommi S. Jaakkola": ["Focused Inference., AISTATS, 2005"], "Thomas Hofmann": ["Kernel Methods for Missing Variables., AISTATS, 2005"], "Michael I. Jordan": ["Semiparametric latent factor models., AISTATS, 2005"], "Pak-Ming Cheung": ["Very Large SVM Training using Core Vector Machines., AISTATS, 2005"], "Bob A. Stine": ["Streaming Feature Selection using IIC., AISTATS, 2005"], "Glenn Shafer": ["Defensive Forecasting., AISTATS, 2005"], "D. M. Titterington": ["Inadequacy of interval estimates corresponding to variational Bayesian approximations., AISTATS, 2005"], "Max Welling": ["An Expectation Maximization Algorithm for Inferring Offset-Normal Shape Distributions., AISTATS, 2005", "Robust Higher Order Statistics., AISTATS, 2005"], "Charles A. Sutton": ["Learning in Markov Random Fields with Contrastive Free Energies., AISTATS, 2005"], "L\u00e9on Bottou": ["Online (and Offline) on an Even Tighter Budget., AISTATS, 2005"], "Wim Wiegerinck": ["Approximations with Reweighted Generalized Belief Propagation., AISTATS, 2005"], "Boaz Lerner": ["Recursive Autonomy Identification for Bayesian Network Structure Learning., AISTATS, 2005"], "Volker Tresp": ["Dirichlet Enhanced Latent Semantic Analysis., AISTATS, 2005"], "Tom Heskes": ["Gaussian Quadrature Based Expectation Propagation., AISTATS, 2005"]}