{"Marina Meila": ["Preface., AISTATS, 2007"], "Xiaotong Shen": ["Preface., AISTATS, 2007"], "Douglas Aberdeen": ["Policy-Gradients for PSRs and POMDPs., AISTATS, 2007"], "Olivier Buffet": ["Policy-Gradients for PSRs and POMDPs., AISTATS, 2007"], "Owen Thomas": ["Policy-Gradients for PSRs and POMDPs., AISTATS, 2007"], "Sameer Agarwal": ["Generalized Non-metric Multidimensional Scaling., AISTATS, 2007"], "Josh Wills": ["Generalized Non-metric Multidimensional Scaling., AISTATS, 2007"], "Lawrence Cayton": ["Generalized Non-metric Multidimensional Scaling., AISTATS, 2007"], "Gert R. G. Lanckriet": ["Generalized Non-metric Multidimensional Scaling., AISTATS, 2007"], "David J. Kriegman": ["Generalized Non-metric Multidimensional Scaling., AISTATS, 2007"], "Serge J. Belongie": ["Generalized Non-metric Multidimensional Scaling., AISTATS, 2007"], "Amr Ahmed": ["Seeking The Truly Correlated Topic Posterior - on tight approximate inference of logistic-normal admixture model., AISTATS, 2007"], "Eric P. Xing": ["Seeking The Truly Correlated Topic Posterior - on tight approximate inference of logistic-normal admixture model., AISTATS, 2007"], "Yonatan Amit": ["A Boosting Algorithm for Label Covering in Multilabel Problems., AISTATS, 2007"], "Ofer Dekel": ["A Boosting Algorithm for Label Covering in Multilabel Problems., AISTATS, 2007"], "Yoram Singer": ["A Boosting Algorithm for Label Covering in Multilabel Problems., AISTATS, 2007", "A Unified Algorithmic Approach for Efficient Online Label Ranking., AISTATS, 2007"], "Avleen Singh Bijral": ["Mixture of Watson Distributions: A Generative Model for Hyperspherical Embeddings., AISTATS, 2007"], "Markus Breitenbach": ["Mixture of Watson Distributions: A Generative Model for Hyperspherical Embeddings., AISTATS, 2007"], "Gregory Z. Grudic": ["Mixture of Watson Distributions: A Generative Model for Hyperspherical Embeddings., AISTATS, 2007"], "Edwin V. Bonilla": ["Kernel Multi-task Learning using Task-specific Features., AISTATS, 2007"], "Felix V. Agakov": ["Kernel Multi-task Learning using Task-specific Features., AISTATS, 2007"], "Christopher K. I. Williams": ["Kernel Multi-task Learning using Task-specific Features., AISTATS, 2007"], "Julie Carreau": ["A Hybrid Pareto Model for Conditional Density Estimation of Asymmetric Fat-Tail Data., AISTATS, 2007"], "Yoshua Bengio": ["A Hybrid Pareto Model for Conditional Density Estimation of Asymmetric Fat-Tail Data., AISTATS, 2007", "Continuous Neural Networks., AISTATS, 2007"], "Miguel \u00c1. Carreira-Perpi\u00f1\u00e1n": ["The Laplacian Eigenmaps Latent Variable Model., AISTATS, 2007"], "Zhengdong Lu": ["The Laplacian Eigenmaps Latent Variable Model., AISTATS, 2007", "Semi-supervised Clustering with Pairwise Constraints: A Discriminative Approach., AISTATS, 2007"], "James Cook": ["Visualizing Similarity Data with a Mixture of Maps., AISTATS, 2007"], "Ilya Sutskever": ["Visualizing Similarity Data with a Mixture of Maps., AISTATS, 2007", "Learning Multilevel Distributed Representations for High-Dimensional Sequences., AISTATS, 2007"], "Andriy Mnih": ["Visualizing Similarity Data with a Mixture of Maps., AISTATS, 2007"], "Geoffrey E. Hinton": ["Visualizing Similarity Data with a Mixture of Maps., AISTATS, 2007", "Learning a Nonlinear Embedding by Preserving Class Neighbourhood Structure., AISTATS, 2007", "Learning Multilevel Distributed Representations for High-Dimensional Sequences., AISTATS, 2007"], "Timoth\u00e9e Cour": ["Solving Markov Random Fields with Spectral Relaxation., AISTATS, 2007"], "Jianbo Shi": ["Solving Markov Random Fields with Spectral Relaxation., AISTATS, 2007"], "Hal Daum\u00e9 III": ["Fast search for Dirichlet process mixture models., AISTATS, 2007"], "Ricky Der": ["Large-Margin Classification in Banach Spaces., AISTATS, 2007"], "Daniel Lee": ["Large-Margin Classification in Banach Spaces., AISTATS, 2007"], "Gregory Druck": ["Learning A* underestimates: Using inference to guide inference., AISTATS, 2007"], "Mukund Narasimhan": ["Learning A* underestimates: Using inference to guide inference., AISTATS, 2007"], "Paul A. Viola": ["Learning A* underestimates: Using inference to guide inference., AISTATS, 2007"], "Daniel Eaton": ["Exact Bayesian structure learning from uncertain interventions., AISTATS, 2007"], "Kevin P. Murphy": ["Exact Bayesian structure learning from uncertain interventions., AISTATS, 2007"], "Michael Fink": ["Online Learning of Search Heuristics., AISTATS, 2007"], "Peter V. Gehler": ["Deterministic Annealing for Multiple-Instance Learning., AISTATS, 2007"], "Olivier Chapelle": ["Deterministic Annealing for Multiple-Instance Learning., AISTATS, 2007"], "Amir Globerson": ["Approximate inference using conditional entropy decompositions., AISTATS, 2007", "Visualizing pairwise similarity via semidefinite programming., AISTATS, 2007"], "Tommi S. Jaakkola": ["Approximate inference using conditional entropy decompositions., AISTATS, 2007", "Predictive Discretization during Model Selection., AISTATS, 2007"], "Sam T. Roweis": ["Visualizing pairwise similarity via semidefinite programming., AISTATS, 2007"], "Vibhav Gogate": ["SampleSearch: A Scheme that Searches for Consistent Samples., AISTATS, 2007"], "Rina Dechter": ["SampleSearch: A Scheme that Searches for Consistent Samples., AISTATS, 2007"], "Andrew B. Goldberg": ["Dissimilarity in Graph-Based Semi-Supervised Classification., AISTATS, 2007"], "Xiaojin Zhu": ["Dissimilarity in Graph-Based Semi-Supervised Classification., AISTATS, 2007"], "Stephen J. Wright": ["Dissimilarity in Graph-Based Semi-Supervised Classification., AISTATS, 2007"], "Amit Gruber": ["Hidden Topic Markov Models., AISTATS, 2007"], "Yair Weiss": ["Hidden Topic Markov Models., AISTATS, 2007"], "Michal Rosen-Zvi": ["Hidden Topic Markov Models., AISTATS, 2007"], "Sudipto Guha": ["Space-Efficient Sampling., AISTATS, 2007"], "Andrew McGregor": ["Space-Efficient Sampling., AISTATS, 2007"], "David R. Hardoon": ["Information Retrieval by Inferring Implicit Queries from Eye Movements., AISTATS, 2007"], "John Shawe-Taylor": ["Information Retrieval by Inferring Implicit Queries from Eye Movements., AISTATS, 2007", "Margin based Transductive Graph Cuts using Linear Programming., AISTATS, 2007", "A Framework for Probability Density Estimation., AISTATS, 2007"], "Antti Ajanki": ["Information Retrieval by Inferring Implicit Queries from Eye Movements., AISTATS, 2007"], "Kai Puolam\u00e4ki": ["Information Retrieval by Inferring Implicit Queries from Eye Movements., AISTATS, 2007"], "Samuel Kaski": ["Information Retrieval by Inferring Implicit Queries from Eye Movements., AISTATS, 2007", "Nonlinear Dimensionality Reduction as Information Retrieval., AISTATS, 2007"], "Katherine A. Heller": ["A Nonparametric Bayesian Approach to Modeling Overlapping Clusters., AISTATS, 2007", "Analogical Reasoning with Relational Bayesian Sets., AISTATS, 2007"], "Zoubin Ghahramani": ["A Nonparametric Bayesian Approach to Modeling Overlapping Clusters., AISTATS, 2007", "Analogical Reasoning with Relational Bayesian Sets., AISTATS, 2007", "Local and global sparse Gaussian process approximations., AISTATS, 2007", "Stick-breaking Construction for the Indian Buffet Process., AISTATS, 2007"], "Bert C. Huang": ["Loopy Belief Propagation for Bipartite Maximum Weight b-Matching., AISTATS, 2007"], "Tony Jebara": ["Loopy Belief Propagation for Bipartite Maximum Weight b-Matching., AISTATS, 2007", "Multi-object tracking with representations of the symmetric group., AISTATS, 2007", "Minimum Volume Embedding., AISTATS, 2007", "Ellipsoidal Machines., AISTATS, 2007"], "Jason K. Johnson": ["Learning Markov Structure by Maximum Entropy Relaxation., AISTATS, 2007"], "Venkat Chandrasekaran": ["Learning Markov Structure by Maximum Entropy Relaxation., AISTATS, 2007"], "Alan S. Willsky": ["Learning Markov Structure by Maximum Entropy Relaxation., AISTATS, 2007", "Performance Guarantees for Information Theoretic Active Inference., AISTATS, 2007"], "Risi Kondor": ["Multi-object tracking with representations of the symmetric group., AISTATS, 2007"], "Andrew Howard": ["Multi-object tracking with representations of the symmetric group., AISTATS, 2007"], "Petri Kontkanen": ["MDL Histogram Density Estimation., AISTATS, 2007"], "Petri Myllym\u00e4ki": ["MDL Histogram Density Estimation., AISTATS, 2007"], "Eyal Krupka": ["Incorporating Prior Knowledge on Features into Learning., AISTATS, 2007"], "Naftali Tishby": ["Incorporating Prior Knowledge on Features into Learning., AISTATS, 2007"], "Brian Kulis": ["Fast Low-Rank Semidefinite Programming for Embedding and Clustering., AISTATS, 2007"], "Arun C. Surendran": ["Fast Low-Rank Semidefinite Programming for Embedding and Clustering., AISTATS, 2007"], "John C. Platt": ["Fast Low-Rank Semidefinite Programming for Embedding and Clustering., AISTATS, 2007"], "Neil D. Lawrence": ["Learning for Larger Datasets with the Gaussian Process Latent Variable Model., AISTATS, 2007"], "Svetlana Lazebnik": ["Learning Nearest-Neighbor Quantizers from Labeled Data by Information Loss Minimization., AISTATS, 2007"], "Maxim Raginsky": ["Learning Nearest-Neighbor Quantizers from Labeled Data by Information Loss Minimization., AISTATS, 2007"], "Ann B. Lee": ["Treelets | A Tool for Dimensionality Reduction and Multi-Scale Analysis of Unstructured Data., AISTATS, 2007"], "Boaz Nadler": ["Treelets | A Tool for Dimensionality Reduction and Multi-Scale Analysis of Unstructured Data., AISTATS, 2007"], "Jeremy Lewi": ["Efficient active learning with generalized linear models., AISTATS, 2007"], "Robert J. Butera": ["Efficient active learning with generalized linear models., AISTATS, 2007"], "Liam Paninski": ["Efficient active learning with generalized linear models., AISTATS, 2007"], "Xiao Li": ["A Bayesian Divergence Prior for Classiffier Adaptation., AISTATS, 2007"], "Jeff A. Bilmes": ["A Bayesian Divergence Prior for Classiffier Adaptation., AISTATS, 2007"], "Han Liu": ["Sparse Nonparametric Density Estimation in High Dimensions Using the Rodeo., AISTATS, 2007"], "John D. Lafferty": ["Sparse Nonparametric Density Estimation in High Dimensions Using the Rodeo., AISTATS, 2007"], "Larry A. Wasserman": ["Sparse Nonparametric Density Estimation in High Dimensions Using the Rodeo., AISTATS, 2007"], "Yufeng Liu": ["Fisher Consistency of Multicategory Support Vector Machines., AISTATS, 2007"], "Omid Madani": ["Recall Systems: Effcient Learning and Use of Category Indices., AISTATS, 2007"], "Wiley Greiner": ["Recall Systems: Effcient Learning and Use of Category Indices., AISTATS, 2007"], "David Kempe": ["Recall Systems: Effcient Learning and Use of Category Indices., AISTATS, 2007"], "Mohammad R. Salavatipour": ["Recall Systems: Effcient Learning and Use of Category Indices., AISTATS, 2007"], "Vikash K. Mansinghka": ["AClass: A simple, online, parallelizable algorithm for probabilistic classification., AISTATS, 2007"], "Daniel M. Roy": ["AClass: A simple, online, parallelizable algorithm for probabilistic classification., AISTATS, 2007"], "Ryan Rifkin": ["AClass: A simple, online, parallelizable algorithm for probabilistic classification., AISTATS, 2007"], "Joshua B. Tenenbaum": ["AClass: A simple, online, parallelizable algorithm for probabilistic classification., AISTATS, 2007"], "H. Brendan McMahan": ["A Fast Bundle-based Anytime Algorithm for Poker and other Convex Games., AISTATS, 2007"], "Geoffrey J. Gordon": ["A Fast Bundle-based Anytime Algorithm for Poker and other Convex Games., AISTATS, 2007", "A Latent Space Approach to Dynamic Embedding of Co-occurrence Data., AISTATS, 2007", "Fast State Discovery for HMM Model Selection and Learning., AISTATS, 2007"], "Joris M. Mooij": ["Loop Corrected Belief Propagation., AISTATS, 2007"], "Bastian Wemmenhove": ["Loop Corrected Belief Propagation., AISTATS, 2007"], "Bert Kappen": ["Loop Corrected Belief Propagation., AISTATS, 2007"], "Tommaso Rizzo": ["Loop Corrected Belief Propagation., AISTATS, 2007"], "Alexandru Niculescu-Mizil": ["Inductive Transfer for Bayesian Network Structure Learning., AISTATS, 2007"], "Rich Caruana": ["Inductive Transfer for Bayesian Network Structure Learning., AISTATS, 2007"], "Luis E. Ortiz": ["Maximum Entropy Correlated Equilibria., AISTATS, 2007"], "Robert E. Schapire": ["Maximum Entropy Correlated Equilibria., AISTATS, 2007"], "Sham M. Kakade": ["Maximum Entropy Correlated Equilibria., AISTATS, 2007"], "Jos\u00e9 M. Pe\u00f1a": ["Approximate Counting of Graphical Models Via MCMC., AISTATS, 2007"], "Kristiaan Pelckmans": ["Margin based Transductive Graph Cuts using Linear Programming., AISTATS, 2007"], "Johan A. K. Suykens": ["Margin based Transductive Graph Cuts using Linear Programming., AISTATS, 2007"], "Bart De Moor": ["Margin based Transductive Graph Cuts using Linear Programming., AISTATS, 2007"], "Marc'Aurelio Ranzato": ["A Unified Energy-Based Framework for Unsupervised Learning., AISTATS, 2007"], "Y-Lan Boureau": ["A Unified Energy-Based Framework for Unsupervised Learning., AISTATS, 2007"], "Sumit Chopra": ["A Unified Energy-Based Framework for Unsupervised Learning., AISTATS, 2007"], "Yann LeCun": ["A Unified Energy-Based Framework for Unsupervised Learning., AISTATS, 2007"], "Nathan D. Ratliff": ["(Approximate) Subgradient Methods for Structured Prediction., AISTATS, 2007"], "J. Andrew Bagnell": ["(Approximate) Subgradient Methods for Structured Prediction., AISTATS, 2007"], "Martin Zinkevich": ["(Approximate) Subgradient Methods for Structured Prediction., AISTATS, 2007"], "Vikas C. Raykar": ["A fast algorithm for learning large scale preference relations., AISTATS, 2007"], "Ramani Duraiswami": ["A fast algorithm for learning large scale preference relations., AISTATS, 2007"], "Balaji Krishnapuram": ["A fast algorithm for learning large scale preference relations., AISTATS, 2007"], "David S. Rosenberg": ["The Rademacher Complexity of Co-Regularized Kernel Classes., AISTATS, 2007"], "Peter L. Bartlett": ["The Rademacher Complexity of Co-Regularized Kernel Classes., AISTATS, 2007"], "Nicolas Le Roux": ["Continuous Neural Networks., AISTATS, 2007"], "Ruslan Salakhutdinov": ["Learning a Nonlinear Embedding by Preserving Class Neighbourhood Structure., AISTATS, 2007"], "Purnamrita Sarkar": ["A Latent Space Approach to Dynamic Embedding of Co-occurrence Data., AISTATS, 2007"], "Sajid M. Siddiqi": ["A Latent Space Approach to Dynamic Embedding of Co-occurrence Data., AISTATS, 2007", "Fast State Discovery for HMM Model Selection and Learning., AISTATS, 2007"], "Martin Schaff\u00f6ner": ["Memory-Effcient Orthogonal Least Squares Kernel Density Estimation using Enhanced Empirical Cumulative Distribution Functions., AISTATS, 2007"], "Edin Andelic": ["Memory-Effcient Orthogonal Least Squares Kernel Density Estimation using Enhanced Empirical Cumulative Distribution Functions., AISTATS, 2007"], "Marcel Katz": ["Memory-Effcient Orthogonal Least Squares Kernel Density Estimation using Enhanced Empirical Cumulative Distribution Functions., AISTATS, 2007"], "Sven E. Kr\u00fcger": ["Memory-Effcient Orthogonal Least Squares Kernel Density Estimation using Enhanced Empirical Cumulative Distribution Functions., AISTATS, 2007"], "Andreas Wendemuth": ["Memory-Effcient Orthogonal Least Squares Kernel Density Estimation using Enhanced Empirical Cumulative Distribution Functions., AISTATS, 2007"], "Nicol N. Schraudolph": ["A Stochastic Quasi-Newton Method for Online Convex Optimization., AISTATS, 2007"], "Jin Yu": ["A Stochastic Quasi-Newton Method for Online Convex Optimization., AISTATS, 2007"], "Simon G\u00fcnter": ["A Stochastic Quasi-Newton Method for Online Convex Optimization., AISTATS, 2007"], "Matthias W. Seeger": ["Bayesian Inference and Optimal Design in the Sparse Linear Model., AISTATS, 2007"], "Florian Steinke": ["Bayesian Inference and Optimal Design in the Sparse Linear Model., AISTATS, 2007"], "Koji Tsuda": ["Bayesian Inference and Optimal Design in the Sparse Linear Model., AISTATS, 2007"], "Shai Shalev-Shwartz": ["A Unified Algorithmic Approach for Efficient Online Label Ranking., AISTATS, 2007"], "Blake Shaw": ["Minimum Volume Embedding., AISTATS, 2007"], "Alexander N. Dolia": ["A Framework for Probability Density Estimation., AISTATS, 2007"], "Hao Shen": ["Fast Kernel ICA using an Approximate Newton Method., AISTATS, 2007"], "Stefanie Jegelka": ["Fast Kernel ICA using an Approximate Newton Method., AISTATS, 2007"], "Arthur Gretton": ["Fast Kernel ICA using an Approximate Newton Method., AISTATS, 2007"], "Pannagadatta K. Shivaswamy": ["Ellipsoidal Machines., AISTATS, 2007"], "Andrew W. Moore": ["Fast State Discovery for HMM Model Selection and Learning., AISTATS, 2007"], "Ricardo Bezerra de Andrade e Silva": ["Analogical Reasoning with Relational Bayesian Sets., AISTATS, 2007"], "Michael Siracusa": ["Dynamic Factorization Tests: Applications to Multi-modal Data Association., AISTATS, 2007"], "John W. Fisher III": ["Dynamic Factorization Tests: Applications to Multi-modal Data Association., AISTATS, 2007", "Performance Guarantees for Information Theoretic Active Inference., AISTATS, 2007"], "Cristian Sminchisescu": ["Generalized Darting Monte Carlo., AISTATS, 2007"], "Max Welling": ["Generalized Darting Monte Carlo., AISTATS, 2007"], "Edward Snelson": ["Local and global sparse Gaussian process approximations., AISTATS, 2007"], "Harald Steck": ["Predictive Discretization during Model Selection., AISTATS, 2007"], "Peter Sunehag": ["Emerge and spread models and word burstiness., AISTATS, 2007"], "Yee Whye Teh": ["Stick-breaking Construction for the Indian Buffet Process., AISTATS, 2007"], "Dilan G\u00f6r\u00fcr": ["Stick-breaking Construction for the Indian Buffet Process., AISTATS, 2007"], "Romain Thibaux": ["Hierarchical Beta Processes and the Indian Buffet Process., AISTATS, 2007"], "Michael I. Jordan": ["Hierarchical Beta Processes and the Indian Buffet Process., AISTATS, 2007"], "Jarkko Venna": ["Nonlinear Dimensionality Reduction as Information Retrieval., AISTATS, 2007"], "Gang Wang": ["The Kernel Path in Kernelized LASSO., AISTATS, 2007"], "Dit-Yan Yeung": ["The Kernel Path in Kernelized LASSO., AISTATS, 2007"], "Frederick H. Lochovsky": ["The Kernel Path in Kernelized LASSO., AISTATS, 2007"], "Junhui Wang": ["Efficient large margin semisupervised learning., AISTATS, 2007"], "Fei Wang": ["Semi-Supervised Mean Fields., AISTATS, 2007"], "Shijun Wang": ["Semi-Supervised Mean Fields., AISTATS, 2007"], "Changshui Zhang": ["Semi-Supervised Mean Fields., AISTATS, 2007"], "Ole Winther": ["Semi-Supervised Mean Fields., AISTATS, 2007"], "Ping Wang": ["Fast Mean Shift with Accurate and Stable Convergence., AISTATS, 2007"], "Dongryeol Lee": ["Fast Mean Shift with Accurate and Stable Convergence., AISTATS, 2007"], "Alexander G. Gray": ["Fast Mean Shift with Accurate and Stable Convergence., AISTATS, 2007"], "James M. Rehg": ["Fast Mean Shift with Accurate and Stable Convergence., AISTATS, 2007"], "Kilian Q. Weinberger": ["Metric Learning for Kernel Regression., AISTATS, 2007"], "Gerald Tesauro": ["Metric Learning for Kernel Regression., AISTATS, 2007"], "Jason L. Williams": ["Performance Guarantees for Information Theoretic Active Inference., AISTATS, 2007"], "Mingrui Wu": ["Transductive Classification via Local Learning Regularization., AISTATS, 2007"], "Bernhard Sch\u00f6lkopf": ["Transductive Classification via Local Learning Regularization., AISTATS, 2007"], "Yuhong Yang": ["How Powerful Can Any Regression Learning Procedure Be?., AISTATS, 2007"], "Jieping Ye": ["SVM versus Least Squares SVM., AISTATS, 2007"], "Tao Xiong": ["SVM versus Least Squares SVM., AISTATS, 2007"], "Changhe Yuan": ["Importance Sampling for General Hybrid Bayesian Networks., AISTATS, 2007"], "Marek J. Druzdzel": ["Importance Sampling for General Hybrid Bayesian Networks., AISTATS, 2007"], "Ming Yuan": ["Nonnegative Garrote Component Selection in Functional ANOVA models., AISTATS, 2007"], "Jiji Zhang": ["Generalized Do-Calculus with Testable Causal Assumptions., AISTATS, 2007"], "Hui Zou": ["An Improved 1-norm SVM for Simultaneous Classification and Variable Selection., AISTATS, 2007"]}