{"Alex Lascarides": ["Interferring Discourse Relations in Context., ACL, 1992"], "Daniel Hardt": ["An Algorithm for VP Ellipsis., ACL, 1992", "Some Problematic Cases of VP Ellipsis., ACL, 1992"], "Rajeev Agarwal": ["A Simple But Useful Approach to Conjunct Identification., ACL, 1992"], "Susann LuperFoy": ["The Representation of Multimodal User Interface Dialogues Using Discourse Pegs., ACL, 1992"], "Hiyan Alshawi": ["Monotonic Semantic Interpretation., ACL, 1992"], "David M. Magerman": ["Efficiency, Robustness and Accuracy in Picky Chart Parsing., ACL, 1992"], "Kathleen F. McCoy": ["A Functional Approach to Generation with TAG., ACL, 1992"], "John Bear": ["Integrating Multiple Knowledge Sources for Detection and Correction of Repairs in Human-Computer Dialog., ACL, 1992"], "Nancy Green": ["Conversational Implicatures in Indirect Replies., ACL, 1992"], "James Rogers": ["Reasoning with Descriptions of Trees., ACL, 1992"], "Miroslav Martinovic": ["Comparing Two Grammar-Based Generation Algorithms: A Case Study., ACL, 1992"], "Giorgio Satta": ["Recognition of Linear Context-Free Rewriting Systems., ACL, 1992"], "Bonnie L. Webber": ["Accommodating Context Change., ACL, 1992"], "Tomek Strzalkowski": ["Information Retrieval Using Robust Natural Language Processing., ACL, 1992"], "Chris D. Rowles": ["Prosodic Aids to Syntactic and Semantic Analysis of Spoken English., ACL, 1992"], "Barbara Di Eugenio": ["Understanding Natural Language Instructions: The Case of Purpose Clauses., ACL, 1992"], "Fernando C. N. Pereira": ["Inside-Outside Reestimation from Partially Bracketed Corpora., ACL, 1992"], "David J. Weir": ["Linear Context-Free Rewriting Systems and Deterministic Tree-Walking Transducers., ACL, 1992"], "James Henderson": ["A Connectionist Parser for Structure Unification Grammar., ACL, 1992"], "Carl Gutwin": ["Would I Lie to You? Modelling Misrepresentation and Context in Dialogue., ACL, 1992"], "David M. Carter": ["Lattice-Based Word Identification in CLARE., ACL, 1992"], "Yves Schabes": ["An Alternative Conception of Tree-Adjoining Derivation., ACL, 1992"], "Jing-Shin Chang": ["GPSM: A Generalized Probabilistic Semantic Model for Ambiguity Resolution., ACL, 1992"], "Ezra Black": ["Development and Evaluation of a Broad-Coverage Probabilistic Grammar of English-Language Computer Manuals., ACL, 1992"], "Lynn Lambert": ["Modeling Negotiation Subdialogues., ACL, 1992"], "Judith Engelkamp": ["Handling Linear Precedence Constraints by Unification., ACL, 1992"], "Jong C. Park": ["A Unification-Based Semantic Interpretation for Coordinate Constructs., ACL, 1992"], "Claire Cardie": ["Corpus-Based Acquisition of Relative Pronoun Disambiguation Heuristics., ACL, 1992"], "Kazuhiro Kimura": ["Association-Based Natural Language Processing with Neural Networks., ACL, 1992"], "Chung Hee Hwang": ["Tense Trees as the \"Fine Structure\" of Discourse., ACL, 1992"], "Longin Jan Latecki": ["Connection Relations and Quantifier Scope., ACL, 1992"], "William A. Gale": ["Estimating Upper and Lower Bounds on the Performance of Word-Sense Disambiguation Programs., ACL, 1992"], "Bonnie J. Dorr": ["A Parameterized Approach to Integrating Aspect with Lexical-Semanics for Machine Translation., ACL, 1992"], "Ehud Reiter": ["Using Classification to Generate Text., ACL, 1992"], "Linda Z. Suri": ["Correcting Illegal NP Omissions Using Local Focus., ACL, 1992"], "Sheila Rock": ["Understanding Repetition in Natural Language Instructions - The Semantics of Extent., ACL, 1992"], "Jacqueline C. Kowtko": ["On the Intonation of Mono- and Di-Syllabic Words within the Discourse Framework of Conversational Games., ACL, 1992"], "Michael Niv": ["Right Association Revisited., ACL, 1992"], "Paola Merlo": ["An LR Category-Neutral Parser with Left Corner Prediction., ACL, 1992"], "Vincenzo Lombardo": ["Incremental Dependency Parsing., ACL, 1992"], "Patricia Lutsky": ["Documentation Parser to Extract Software Test Conditions., ACL, 1992"], "Owen Rambow": ["A Linguistic and Computational Analysis of the German \"Third Construction\"., ACL, 1992"], "Beryl Hoffman": ["A CCG Approach to Free Word Order Languages., ACL, 1992"], "J\u00f8rgen Villadsen": ["Information States as First Class Citizens., ACL, 1992"], "Arturo Trujillo": ["Spatial Lexicalization in the Translation of Prepositional Phrases., ACL, 1992"], "Shin-ichiro Kamei": ["Metonymy: Reassessment, Survey of Acceptability, and its Treatment in a Machine Translation System., ACL, 1992"], "Stephen J. Green": ["A Basis for a Formalization of Linguistic Style., ACL, 1992"], "Vibhu O. Mittal": ["Elaboration in Object Descriptions through Examples., ACL, 1992"], "Keith Vander Linden": ["The Expression of Local Rhetorical Relations in Instructional Text., ACL, 1992"], "Mark Alan Jones": ["Generating a Specific Class of Metaphors., ACL, 1992"], "Gregory Grefenstette": ["SEXTANT: Exploring Unexplored Contexts for Semantic Extraction from Syntactic Analysis., ACL, 1992"], "Philip Resnik": ["A Class-Based Approach to Lexical Discovery., ACL, 1992"], "Robert Krovetz": ["Sense-Linking in a Machine Readable Dictionary., ACL, 1992"]}