{"Ralph Grishman": ["Tutorial Abstracts., ACL, 1986"], "Gary G. Hendrix": ["Bringing Natural Language Processing to the microcomputer Market: the Story of Q&a., ACL, 1986"], "Eugene Charniak": ["Time and Tense in English., ACL, 1986"], "John Dowding": ["Recovering Implicit Information., ACL, 1986"], "Douglas E. Stumberger": ["Semantic Acquisition In TELI: A Transportable, User-Customized Natural Language Processor., ACL, 1986"], "Eric Sven Ristad": ["Computational Complexity of Current GPSG Theory., ACL, 1986", "Defining Natural Language Grammars in GPSG., ACL, 1986"], "G. Edward Barton Jr.": ["Constraint Propagation in Kimmo Systems., ACL, 1986", "Computational Complexity in Two-Level Morphology., ACL, 1986"], "Michael B. Kashket": ["Parsing a Free-Word Order Language: Warlpiri., ACL, 1986"], "Aravind K. Joshi": ["The Relationship Between Tree Adjoining Grammars And Head Grammarst., ACL, 1986"], "Ramarathnam Venkatesan": ["Categorial and Non-Categorial Languages., ACL, 1986"], "Donald W. Kosy": ["Parsing Conjunctions Deterministically., ACL, 1986"], "Alexis Manaster-Ramer": ["Copying in Natural Languages, Context-Freeness, and Queue Grammars., ACL, 1986"], "David D. McDonald": ["A Model of Revision in Natural Language Generation., ACL, 1986"], "Kathleen F. McCoy": ["The ROMPER System: Responding to Object-Related Misconceptions using Perspective., ACL, 1986"], "Uri Zernik": ["Encoding and Acquiring Meanings for Figurative Phrases., ACL, 1986"], "Martha W. Evens": ["Semantically Significant Patterns in Dictionary Definitions., ACL, 1986"], "Frank Anshen": ["Computer Methods for Morphological Analysis., ACL, 1986"], "Gary Sabot": ["Bulk Processing of Text on a Massively Parallel Computer., ACL, 1986"], "Janet B. Pierrehumbert": ["The intonational Structuring of Discourse., ACL, 1986", "Japanese prosodic phrasing and intonation Synthesis., ACL, 1986"], "C. E. Wright": ["The Contribution of Parsing to prosodic phrasing in an Experimental Text-to-speech System., ACL, 1986"], "Kenneth Church": ["Morphoogicai Decomposition and Stress Assignment for Speech Synthesis., ACL, 1986"], "Masamichi Shutoh": ["A Sentence Analysis Method for a Japanese Book Reading Machine for the Blind., ACL, 1986"], "Mark Liberman": ["Questions about Connectionist Models of Natural Language., ACL, 1986"], "Terrence J. Sejnowski": ["Language Learning in Massively-Parallel Networks., ACL, 1986"], "David L. Waltz": ["Connectionist Models for Natural Language Processing Program., ACL, 1986"], "Amichai Kronfeld": ["Donnellan's Distinction and a Computational Model of Reference., ACL, 1986"], "Graeme Hirst": ["The detection and representation of ambiguities of intension and description., ACL, 1986"], "Megumi Kameyama": ["A Property-Sharing Constraint in Centering., ACL, 1986"], "Martha E. Pollack": ["A Model of Plan Inference that Distinguishes between the Beliefs of Actors and observers., ACL, 1986"], "Diane J. Litman": ["Linguistic Coherence: a Plan-Based Alternative., ACL, 1986"], "Joyce Conner": ["The Structure of User-Adviser Dialogues: Is there Method in their Madness?, ACL, 1986"], "Kenneth I. Laws": ["Commonsense Metaphysics and Lexical Semantics., ACL, 1986"], "David Stallard": ["A Terminological Simplification Transformation for Natural Language Question-Answering Systems., ACL, 1986"], "Gopalan Nadathur": ["Some Uses of Higher-Order Logic in Computational Linguistics., ACL, 1986"], "Robert T. Kasper": ["A Logical Semantics for Feature Structures., ACL, 1986"], "John S. White": ["What Should Machine Translation Be?, ACL, 1986"], "Martin Kay": ["Machine Translation will not Work., ACL, 1986"], "Margaret King": ["Machine Translation already does Work., ACL, 1986"]}