{"Annette Herskovits": ["On the Spatial Uses of Prepositions., ACL, 1980"], "David L. Waltz": ["Understanding Scene Descriptions as Event Simulations., ACL, 1980"], "Sharon C. Salveter": ["On the Existence of Primitive Meaning Units., ACL, 1980"], "Jaime G. Carbonell": ["Metapher - A Key to Extensible Semantic Analysis., ACL, 1980"], "Jon M. Slack": ["Metaphor Comprehension - A Special Mode of Language Processing?, ACL, 1980"], "Barbara J. Grosz": ["Interactive Discourse: Influence of Problem Context., ACL, 1980"], "Wallace L. Chafe": ["Should Computers Write Spoken Language?, ACL, 1980"], "Philip R. Cohen": ["Signalling the Interpretation of Indicrect Speech Acts., ACL, 1980"], "Aravind K. Joshi": ["PaRasession on Topics in Interactive Discourse Influence of the Problem Context., ACL, 1980", "Phrase Structure Trees Bear More Fruit than You Would Have Thought., ACL, 1980"], "Charlotte Linde": ["On the Independence of Discourse Structure and Semantic Domain., ACL, 1980"], "Joseph A. Goguen": ["On the Independence of Discourse Structure and Semantic Domain., ACL, 1980"], "Deborah Tannen": ["The Parameters of Conversational Style., ACL, 1980"], "Leon S. Levy": ["Phrase Structure Trees Bear More Fruit than You Would Have Thought., ACL, 1980"], "Kurt Konolige": ["Capturing Linguistic Generalizations with Metarules in an Annotated Phrase-Structure Grammar., ACL, 1980"], "Robert C. Berwick": ["Computational Analogues of Constraints on Grammars: A Model of Syntactic Acquisition MIT Artificial Intelligence., ACL, 1980"], "David D. McDonald": ["A Linear-Time Model of Language Production: Some Psychological Implications., ACL, 1980"], "Douglas E. Appelt": ["Problem Solving Applied to Language Generation., ACL, 1980"], "Jerry R. Hobbs": ["Interactive Discourse: Influence of the Social Context., ACL, 1980"], "John Carey": ["Paralanguage in Computer Mediated Communication., ACL, 1980"], "Philip J. Hayes": ["Expanding the Horizons of Natural Language Interfaces., ACL, 1980", "Flexible Parsing., ACL, 1980"], "Starr Roxanne Hiltz": ["The Process of Communication in Face to Face Vs. Computerized Conferences. A Controlled Experiment Using Bales Interaction Process Analysis., ACL, 1980"], "Kenneth Johnson": ["The Process of Communication in Face to Face Vs. Computerized Conferences. A Controlled Experiment Using Bales Interaction Process Analysis., ACL, 1980"], "Ann Marie Rabke": ["The Process of Communication in Face to Face Vs. Computerized Conferences. A Controlled Experiment Using Bales Interaction Process Analysis., ACL, 1980"], "Emanuel A. Schegloff": ["What Type of Interaction Is It to Be., ACL, 1980"], "John C. Thomas": ["The Compupter as an Active Communication Medium., ACL, 1980"], "Eleanor Wynn": ["What Discourse Features Aren't Needed in On-Line Dialogue?, ACL, 1980"], "William A. Martin": ["Parsing., ACL, 1980"], "Ralph M. Weischedel": ["If the Parser Fails., ACL, 1980"], "John E. Black": ["If the Parser Fails., ACL, 1980"], "George V. Mouradian": ["Flexible Parsing., ACL, 1980"], "James Davidson": ["Parsing in the Absence of a Complete Lexicon., ACL, 1980"], "S. Jerrold Kaplan": ["Parsing in the Absence of a Complete Lexicon., ACL, 1980"], "Kenneth Ward Church": ["On Parsing Strategies and Closure., ACL, 1980"], "Giacomo Ferrari": ["Strategy Selection for an ATN Syntactic Parser., ACL, 1980"], "Oliviero Stock": ["Strategy Selection for an ATN Syntactic Parser., ACL, 1980"], "Robert Wilensky": ["Phran - A Knowledge-Base Natural Language Understander., ACL, 1980"], "Yigal Arens": ["Phran - A Knowledge-Base Natural Language Understander., ACL, 1980"], "Thomas P. Kehler": ["ATN Grammar Modeling in Applied Linguistics., ACL, 1980"], "R. C. Woods": ["ATN Grammar Modeling in Applied Linguistics., ACL, 1980"], "Bonnie L. Webber": ["Interactive Discourse: Looking to the Future., ACL, 1980"], "Larry R. Harris": ["Prospects for Practical Natural Language Systems., ACL, 1980"], "Gary G. Hendrix": ["Future Prospects for Computational Linguistics., ACL, 1980"], "A. Michael Noll": ["Natural Language Interaction with Machines: A Passing Fad? Or the Way of the Future?, ACL, 1980"], "Ben Shneiderman": ["Natural Vs. Precise Concise Languages for Human Operation of Computers: Research Issues and Experimental Approaches., ACL, 1980"], "Murray Turoff": ["Natural Language and Computer Interface Design., ACL, 1980"], "Robert F. Simmons": ["Word, Phrase and Sentence., ACL, 1980"], "Nicholas J. Belkin": ["Representation of Texts for Information Retrieval., ACL, 1980"], "B. G. Michell": ["Representation of Texts for Information Retrieval., ACL, 1980"], "D. G. Kuehner": ["Representation of Texts for Information Retrieval., ACL, 1980"], "Marsden S. Blois": ["Word and Object in Disease Descriptions., ACL, 1980"], "David D. Sherertz": ["Word and Object in Disease Descriptions., ACL, 1980"], "Mark S. Tuttle": ["Word and Object in Disease Descriptions., ACL, 1980"], "Kenneth C. Litkowski": ["Requirements of Text - Processing-Lexicons., ACL, 1980"], "Mark S. Seidenberg": ["Chronometric Studies of Lexical Ambiguity Resolution., ACL, 1980"], "Michael K. Tanenhaus": ["Chronometric Studies of Lexical Ambiguity Resolution., ACL, 1980"], "Robert H. Thibadeau": ["Real Reading Behavior., ACL, 1980"], "Marcel Adam Just": ["Real Reading Behavior., ACL, 1980"], "Patricia Carpenter": ["Real Reading Behavior., ACL, 1980"], "Jonathan Slocum": ["An Experiment in Machine Translation., ACL, 1980"]}