{"Chinatsu Aone": ["Resolution of Collective-Distributive Ambiguity Using Model-Based Reasoning., ACL, 1991"], "Bob Carpenter": ["Inclusion, Disjointness and Choice: The Logic of Linguistic Classification., ACL, 1991"], "Greg Whittemore": ["Event-Building through Role-Filling and Anaphora Resolution., ACL, 1991"], "Hiroaki Kitano": ["Toward a Plan-Based Understanding Model for Mixed-Initiative Dialogues., ACL, 1991"], "Karen E. Lochbaum": ["An Algorithm for Plan Recognition in Collaborative Discourse., ACL, 1991"], "Lance A. Ramshaw": ["A Three-Level Model for Plan Exploration., ACL, 1991"], "Lynn Lambert": ["A Tripartite Plan-Based Model of Dialogue., ACL, 1991", "Modifying Beliefs in a Plan-Based Dialogue Model., ACL, 1991"], "Alex Lascarides": ["Discourse Relations and Defeasible Knowledge., ACL, 1991"], "Rebecca J. Passonneau": ["Some Facts about Centers, Indexicals, and Demonstratives., ACL, 1991"], "Mark Steedman": ["Type-Raising and Directionality in Combinatory Grammar., ACL, 1991"], "Mark Hepple": ["Efficient Incremental Processing with Categorial Grammar., ACL, 1991"], "Henry S. Thompson": ["Compose-Reduce Parsing., ACL, 1991"], "Mark Perlin": ["LR Recursive Transition Networks for Earley and Tomita Parsing., ACL, 1991"], "Yves Schabes": ["Polynomial Time and Space Shift-Reduce Parsing of Arbitrary Context-free Grammars., ACL, 1991"], "Gertjan van Noord": ["Head Corner Parsing for Discontinuous Constituency., ACL, 1991"], "Robert F. Simmons": ["The Acquisition and Application of Context Sensitive Grammar for English., ACL, 1991"], "Ido Dagan": ["Two Languages Are More Informative Than One., ACL, 1991", "Lexical Disambiguation: Sources of Information and their Statistical Realization., ACL, 1991"], "Terry Regier": ["Learning Perceptually-Grounded Semantics in The L0 Project., ACL, 1991"], "Joe A. Guthrie": ["Subject-Dependent Co-Occurence and Word Sense Disambiguation., ACL, 1991"], "Nathalie Japkowicz": ["A System for Translating Locative Prepositions from English into French., ACL, 1991"], "Hiyan Alshawi": ["Translation by Quasi Logical Form Transfer., ACL, 1991"], "Peter F. Brown": ["Aligning Sentences in Parallel Corpora., ACL, 1991", "Word-Sense Disambiguation Using Statistical Methods., ACL, 1991"], "William A. Gale": ["A Program for Aligning Sentences in Bilingual Corpora., ACL, 1991"], "Eiichiro Sumita": ["Experiments and Prospects of Example-Based Machine Translation., ACL, 1991"], "Megumi Kameyama": ["Resolving Translation Mismatches with Information Flow., ACL, 1991"], "Naomi Inoue": ["Automatic Noun Classification by Using Japanese-English Word Pairs., ACL, 1991"], "Michael R. Brent": ["Automatic Acquisition of Subcategorization Frames from Untagged Text., ACL, 1991"], "Graham Russell": ["Multipe Default Inheritance in a Unification-Based Lexicon., ACL, 1991"], "Ellen Hays": ["Metaphoric Generalization through Sort Coercion., ACL, 1991"], "Donald Hindle": ["Structural Ambiguity and Lexical Relations., ACL, 1991"], "Hans Uszkoreit": ["Strategies for Adding Control Information to Declarative Grammars., ACL, 1991"], "Fernando C. N. Pereira": ["Finite-State Approximation of Phrase Structure Grammars., ACL, 1991"], "Jochen D\u00f6rre": ["Feature Logic with Weak Subsumption Constraints., ACL, 1991"], "R. Harald Baayen": ["A Stochastic Process for Word Frequency Distributions., ACL, 1991"], "Frank A. Smadja": ["From N-Grams to Collocations: An Evaluation of Xtract., ACL, 1991"], "Michelle Q. Wang": ["Predicting Intonational Phrasing from Text., ACL, 1991"], "Lee-Feng Chien": ["A Preference-first Language Processor Integrating the Unification Grammar and Markov Language Model for Speech Recognition Applications., ACL, 1991"], "Roberto Pieraccini": ["Factorization of Language Constraints in Speech Recognition., ACL, 1991"], "Mikio Nakano": ["Constraint Projection: An Efficient Treatment of Disjunctive Feature Descriptions., ACL, 1991"], "Hideto Tomabechi": ["Quasi-Destructive Graph Unification., ACL, 1991"], "Martin C. Emele": ["Unification with Lazy Non-Redundant Copying., ACL, 1991"], "Cecile T. Balkanski": ["Logical Form of Complex Sentences in Task-Oriented Dialogues., ACL, 1991"], "Barbara Di Eugenio": ["Action Representation for NL Instructions., ACL, 1991"], "Sylvie Ratt\u00e9": ["Extracting Semantic Roles from a Model of Eventualities., ACL, 1991"], "Fuliang Weng": ["Case Revisited: In the Shadow of Automatic Processing of Machine-Readable Dictionaries., ACL, 1991"], "Eric Brill": ["Discovering the Lexical Features of a Language., ACL, 1991"], "Eric Iverson": ["Non-Literal Word Sense Identification Through Semantic Network Path Schemata., ACL, 1991"], "Peter A. Heeman": ["Collaborating on Referring Expressions., ACL, 1991"], "Ben E. Cline": ["Conceptual Revision for Natural Language Generation., ACL, 1991"], "Christine H. Nakatani": ["Resolving a Pragmatic Prepositional Phrase Attachment Ambiguity., ACL, 1991"], "Carla B. Zoltowski": ["Current Research in the Development of a Spoken Language Understanding System using PARSEC., ACL, 1991"], "Jeff Martin": ["Syntactic Graphs and Constraint Satisfaction., ACL, 1991"], "James Henderson": ["An Incremental Connectionist Phrase Structure Parser., ACL, 1991"], "Lynette Hirschman": ["Automated Pruning for a General Lexicon and Grammar., ACL, 1991"], "Randall Sharp": ["The CAT2 Machine Translation System., ACL, 1991"], "Marilyn A. Walker": ["Centering in Japanese Discourse., ACL, 1991"]}