{"Carole D. Hafner": ["Semantics of Temporal Queries and Temporal Data., ACL, 1985"], "Klaus K. Obermeier": ["Temporal Inferences in Medical Texts., ACL, 1985"], "Kenneth Man-kam Yip": ["Tense, Aspect and the Cognitive Representation of Time., ACL, 1985"], "Shozo Naito": ["Classification of Modality Function and Its Application to Japanese Language Analysis., ACL, 1985"], "Akira Shimazu": ["Classification of Modality Function and Its Application to Japanese Language Analysis., ACL, 1985"], "Hirosato Nomura": ["Classification of Modality Function and Its Application to Japanese Language Analysis., ACL, 1985"], "John C. Mallery": ["Universality and Individuality: The Interaction of Noun Phrase Determiners in Corpular Clauses., ACL, 1985"], "William J. Rapaport": ["Meinongian Semantics for Propositional Semantic Networks., ACL, 1985"], "Philip R. Cohen": ["Speech Acts and Rationality., ACL, 1985"], "Hector J. Levesque": ["Speech Acts and Rationality., ACL, 1985"], "Jerry R. Hobbs": ["Ontological Promiscuity., ACL, 1985"], "Samuel F. Pilato": ["Reversible Automata and Induction of the English Auxiliary System., ACL, 1985"], "Robert C. Berwick": ["Reversible Automata and Induction of the English Auxiliary System., ACL, 1985", "New Approaches to Parsing Conjunctions Using Prolog., ACL, 1985"], "G. Edward Barton Jr.": ["The Computational Difficulty of ID/LP Parsing., ACL, 1985"], "Aravind K. Joshi": ["Some Computational Properties of Tree Adjoining Grammars., ACL, 1985"], "K. Vijay-Shanker": ["Some Computational Properties of Tree Adjoining Grammars., ACL, 1985"], "David D. McDonald": ["TAGs as a Grammatical Formalism for Generation., ACL, 1985"], "James Pustejovsky": ["TAGs as a Grammatical Formalism for Generation., ACL, 1985"], "Michael C. McCord": ["Modular Logic Grammars., ACL, 1985"], "Sandiway Fong": ["New Approaches to Parsing Conjunctions Using Prolog., ACL, 1985"], "Mark Johnson": ["Parsing with Discontinuous Constituents., ACL, 1985"], "Lauri Karttunen": ["Structure Sharing with Binary Trees., ACL, 1985"], "Martin Kay": ["Structure Sharing with Binary Trees., ACL, 1985"], "Fernando C. N. Pereira": ["A Structure-Sharing Representation for Unification-Based Grammar Formalisms., ACL, 1985"], "Stuart M. Shieber": ["Using Restriction to Extend Parsing Algorithms for Complex-Feature-Based Formalisms., ACL, 1985"], "Philip J. Hayes": ["Semantic Caseframe Parsing & Syntactic Generality., ACL, 1985"], "Peggy M. Anderson": ["Semantic Caseframe Parsing & Syntactic Generality., ACL, 1985"], "Scott Safier": ["Semantic Caseframe Parsing & Syntactic Generality., ACL, 1985"], "Mark A. Jones": ["Movement in Active Production Networks., ACL, 1985"], "Alan S. Driscoll": ["Movement in Active Production Networks., ACL, 1985"], "Derek Proudian": ["Parsing Head-Driven Phrase Structure Grammar., ACL, 1985"], "Carl Pollard": ["Parsing Head-Driven Phrase Structure Grammar., ACL, 1985", "A Computational Semantics for Natural Language., ACL, 1985", "Structure-Sharing in Lexical Representation., ACL, 1985"], "Lewis G. Creary": ["A Computational Semantics for Natural Language., ACL, 1985"], "Leonardo Lesmo": ["Analysis of Conjunctions in a Rule-Based Parser., ACL, 1985"], "Pietro Torasso": ["Analysis of Conjunctions in a Rule-Based Parser., ACL, 1985"], "Sandra Carberry": ["A Pragmatics-Based Approach to Understanding Intersentential Ellipsis., ACL, 1985"], "Douglas E. Appelt": ["Some Pragmatic Issues in the Planning of Definite & Indefinite Noun Phrases., ACL, 1985"], "Bradley A. Goodman": ["Repairing Reference Identification Failures by Relaxation., ACL, 1985"], "Raymonde Guindon": ["Anaphora Resolution: Short-Term Memory and Focusing., ACL, 1985"], "Karen Kukich": ["Link-Dependent Message Generation in XSEL., ACL, 1985"], "C\u00e9cile Paris": ["Description Strategies for Naive & Expert Users., ACL, 1985"], "Kenneth Ward Church": ["Stress Assignment in Letter to Sound Rules for Speech Synthesis., ACL, 1985"], "Brian Phillips": ["An Eclectic Approach to Building Natural Languages Interfaces., ACL, 1985"], "Michael J. Freiling": ["An Eclectic Approach to Building Natural Languages Interfaces., ACL, 1985"], "James H. Alexander": ["An Eclectic Approach to Building Natural Languages Interfaces., ACL, 1985"], "Steven Messick": ["An Eclectic Approach to Building Natural Languages Interfaces., ACL, 1985"], "Steven Rehfuss": ["An Eclectic Approach to Building Natural Languages Interfaces., ACL, 1985"], "Sheldon Nicholl": ["An Eclectic Approach to Building Natural Languages Interfaces., ACL, 1985"], "Dan Flickinger": ["Structure-Sharing in Lexical Representation., ACL, 1985"], "Thomas Wasow": ["Structure-Sharing in Lexical Representation., ACL, 1985"], "Thomas Ahlswede": ["A Tool Kit for Lexicon Building., ACL, 1985"], "Roy J. Byrd": ["Using an On-Line Dictionary to Find Rhyming Words and Pronunciations for Unknown Words., ACL, 1985", "Extracting Semantic Hierarchies from a Large On-Line Dictionary., ACL, 1985"], "Martin Chodorow": ["Using an On-Line Dictionary to Find Rhyming Words and Pronunciations for Unknown Words., ACL, 1985", "Extracting Semantic Hierarchies from a Large On-Line Dictionary., ACL, 1985"], "Uri Zernik": ["Towards a Self-Extending Lexicon., ACL, 1985"], "Michael G. Dyer": ["Towards a Self-Extending Lexicon., ACL, 1985"], "Andrew David Beale": ["Grammatical Analysis by Computer of the Lancaster-Oslo/Bergen (LOB) Corpus of British English Texts., ACL, 1985"], "George E. Heidorn": ["Extracting Semantic Hierarchies from a Large On-Line Dictionary., ACL, 1985"], "George A. Miller": ["Dictionaries of the Mind., ACL, 1985"], "Nan Decker": ["The Use of Syntactic Clues in Discourse Processing., ACL, 1985"], "Helen M. Gigley": ["Grammar Viewed as a Functional Part of a Cognitive System., ACL, 1985"]}