{"Changning Huang": ["A Quasi-Dependency Model for Structural Analysis of Chinese BaseNPs., ACL, 1998", "Combining a Chinese Thesaurus with a Chinese Dictionary., ACL, 1998"], "David Sankoff": ["The Production of Code-Mixed Discourse., ACL, 1998"], "Atro Voutilainen": ["Towards a Single Proposal in Spelling Correction., ACL, 1998"], "Magnus Merkel": ["A Simple Hybrid Aligner for Generating Lexical Correspondences in Parallel Texts., ACL, 1998"], "Jean Caelen": ["Parole et Traduction Automatique: Le Module de Reconnaissance RAPHAEL., ACL, 1998"], "Shona Douglas": ["Automatic Acquisition of Hierarchical Transduction Models for Machine Translation., ACL, 1998"], "Corinne Rossari": ["Tense and Connective Constraints on the Expression of Causality., ACL, 1998"], "Volker Weber": ["Time Mapping with Hypergraphs., ACL, 1998"], "James Gorlinsky": ["Trainable, Scalable Summarization Using Robust NLP and Machine Learning., ACL, 1998"], "Yuval Krymolowski": ["A Memory-Based Approach to Learning Shallow Natural Language Patterns., ACL, 1998"], "Robert J. Gaizauskas": ["Evaluating a Focus-Based Approach to Anaphora Resolution., ACL, 1998"], "Breck Baldwin": ["Entity-Based Cross-Document Coreferencing Using the Vector Space Model., ACL, 1998"], "John B. Lowe": ["The Berkeley FrameNet Project., ACL, 1998"], "Markus Walther": ["Processing Unknown Words in HPSG., ACL, 1998"], "Stan Szpakowicz": ["Semi-Automatic Recognition of Noun Modifier Relationships., ACL, 1998"], "Caroline Barri\u00e8re": ["Redundancy: Helping Semantic Disambiguation., ACL, 1998"], "Peter Poller": ["An Efficient Kernel for Multilingual Generation in Speech-to-Speech Dialogue Translation., ACL, 1998"], "Kenneth R. Beesley": ["Consonant Spreading in Arabic Stems., ACL, 1998"], "Philippe Blache": ["Parsing Ambiguous Structures using Controlled Disjunctions and Unary Quasi-Trees., ACL, 1998"], "Hideki Kashioka": ["Trigger-Pair Predictors in Parsing and Tagging., ACL, 1998"], "Rens Bod": ["Spoken Dialogue Interpretation with the DOP Model., ACL, 1998"], "Ronald M. Kaplan": ["A Probabilistic Corpus-Driven Model for Lexical-Functional Analysis., ACL, 1998"], "Satoshi Shirai": ["Anchoring Floating Quantifiers in Japanese-to-English Machine Transltion., ACL, 1998"], "Michael Dorna": ["Managing Information at Linguistic Interfaces., ACL, 1998", "Ambiguity Preserving Machine Translation using Packed Representations., ACL, 1998"], "Cem H. Bozsahin": ["Deriving the Predicate-Argument Structure for a Free Word Order Language., ACL, 1998"], "Norbert Br\u00f6ker": ["Separating Surface Order and Syntactic Relations in a Dependency Grammar., ACL, 1998"], "Ant\u00f3nio Horta Branco": ["The Logical Structure of Binding., ACL, 1998"], "Lidia Mangu": ["Beyond N-Grams: Can Linguistic Sophistication Improve Language Modeling?, ACL, 1998"], "Jun Wu": ["Classifier Combination for Improved Lexical Disambiguation., ACL, 1998"], "Caroline Brun": ["Terminology Finite-State Preprocessing for Computational LFG., ACL, 1998"], "Lynette Hirschman": ["Named Entity Scoring for Speech Input., ACL, 1998"], "Mary Dee Harris": ["Automated Scoring Using A Hybrid Feature Identification Technique., ACL, 1998"], "Marie-H\u00e9l\u00e8ne Candito": ["Building Parallel LTAG for French and Italian., ACL, 1998"], "David R. Pierce": ["Error-Driven Pruning of Treebank Grammars for Base Noun Phrase Identification., ACL, 1998"], "Frederick Jelinek": ["Exploiting Syntactic Structure for Language Modeling., ACL, 1998"], "Shih-Chung Tsai": ["Proper Name Translation in Cross-Language Information Retrieval., ACL, 1998"], "Jason S. Chang": ["A Concept-based Adaptive Approach to Word Sense Disambiguation., ACL, 1998"], "Lee-Feng Chien": ["PAT-Trees with the Deletion Function as the Learning Device for Linguistic Patterns., ACL, 1998"], "Key-Sun Choi": ["Hybrid Approaches to Improvement of Translation Quality in Web-based English-Korean Machine Translation., ACL, 1998", "Automatic Acquisition of Language Model based on Head-Dependent Relation between Words., ACL, 1998", "Machine Aided Error-Correction Environment for Korean Morphological Analysis and Part-of-Speech Tagging., ACL, 1998"], "Bob Carpenter": ["Dialogue Management in Vector-Based Call Routing., ACL, 1998"], "Akira Kumano": ["Machine Translation versus Dictionary Term Translation - A Comparison for English-Japanese News Article Alignment., ACL, 1998"], "Hideki Hirakawa": ["An Experiment in Hybrid Dictionary and Statistical Sentence Alignment., ACL, 1998"], "Michael A. Covington": ["Alignment of Multiple Languages for Historical Comparison., ACL, 1998"], "Laurent Romary": ["Veins Theory: A Model of Global Discourse Cohesion and Coherence., ACL, 1998"], "Paola Velardi": ["Automatic Semantic Tagging of Unknown Proper Names., ACL, 1998"], "Joseph Rosenzweig": ["Investigating Regular Sense Extensions Based on Intersective Levin Classes., ACL, 1998"], "Yoshinori Sagisaka": ["Learning a Syntagmatic and Paradigmatic Structure from Language Data with a Bi-Multigram Model., ACL, 1998"], "Stan Matwin": ["Experiments with Learning Parsing Heuristics., ACL, 1998"], "Dan Tufis": ["Multext-East: Parallel and Comparable Corpora and Lexicons for Six Central and Eastern European Languages., ACL, 1998"], "Fr\u00e9d\u00e9rique Segond": ["Error Driven Word Sense Disambiguation., ACL, 1998"], "Richmond H. Thomason": ["An Empirical Investigation of Proposals in Collaborative Dialogues., ACL, 1998"], "Hai Doan-Nguyen": ["Accumulation of Lexical Sets: Acquisition of Dictionary Resources and Production of New Lexical Sets., ACL, 1998"], "Kiyoshi Yamabana": ["A Text Input Front-end Processor as an Information Access Platform., ACL, 1998"], "Martin C. Emele": ["Syntactic and Semantic Transfer with F-Structures., ACL, 1998"], "Marc Dymetman": ["Group Theory and Linguistic Processing., ACL, 1998"], "Feiyu Xu": ["Constraints over Lambda-Structures in Semantic Underspecification., ACL, 1998"], "Martha W. Evens": ["Spelling Correction Using Context., ACL, 1998"], "David J. Weir": ["A Structure-Sharing Parser for Lexicalized Grammars., ACL, 1998"], "Itziar Aduriz": ["Combining Stochastic and Rule-Based Methods for Disambiguation in Agglutinative Languages., ACL, 1998"], "Lidia Moreno": ["Anaphor Resolution in Unrestricted Texts with Partial Parsing., ACL, 1998"], "Nicolas Masson": ["Thematic Segmentation of Texts: Two Methods for Two Kinds of Text., ACL, 1998"], "Sharon Flank": ["A Layered Approach to NLP-Based Information Retrieval., ACL, 1998"], "Dayne Freitag": ["Toward General-Purpose Learning for Information Extraction., ACL, 1998"], "Shinichiro Takagi": ["Japanese Morphological Analyzer using Word Co-occurence -JTAG., ACL, 1998"], "Yuen Yee Lo": ["An IR Approach for Translating New Words from Nonparallel, Comparable Texts., ACL, 1998"], "Kazuhide Yamamoto": ["Splitting Long or Ill-formed Input for Robust Spoken-language Translation., ACL, 1998"], "Susanne Gahl": ["Automatic Extraction of Subcorpora based on Subcategorization Frames from a Part-of-Speech Tagged Corpus., ACL, 1998"], "Johan Bos": ["Semantic-Head Based Resolution of Scopal Ambiguities., ACL, 1998"], "Abdelmajid Ben Hamadou": ["Vers l'utilisation des m\u00e9thodes formelles pour le d\u00e9veloppement de linguiciels., ACL, 1998"], "\u00c9ric Gaussier": ["Flow Network Models for Word Alignment and Terminology Extraction from Bilingual Corpora., ACL, 1998"], "Alex Waibel": ["Growing Semantic Grammars., ACL, 1998", "Modeling with Structures in Statistical Machine Translation., ACL, 1998", "Using Chunk Based Partial Parsing of Spontaneous Speech in Unrestricted Domains for Reducing Word Error Rate in Speech Recognition., ACL, 1998"], "Jin Guo": ["One Tokenization per Source., ACL, 1998"], "John Lamping": ["Efficient Linear Logic Meaning Assembly., ACL, 1998"], "Stephan Bopp": ["Separable Verbs in a Reusable Morphological Dictionary for German., ACL, 1998"], "Klemens Schnattinger": ["A Text Understander that Learns., ACL, 1998"], "Barbora Hladk\u00e1": ["Tagging Inflective Languages: Prediction of Morphological Categories for a Rich, Structured Tagset., ACL, 1998"], "Walter Daelemans": ["Improving Data Driven Wordclass Tagging by System Combination., ACL, 1998"], "C\u00e9cile Gros": ["A Step towards the Detection of Semantic Variants of Terms in Technical Documents., ACL, 1998"], "Yoshifumi Ooyama": ["Using Decision Trees to Construct a Practical Parser., ACL, 1998"], "Sandra Carberry": ["Integrating Text Plans for Conciseness and Coherence., ACL, 1998"], "Julia E. Heine": ["Definiteness Predictions for Japanese Noun Phrases., ACL, 1998"], "Ingo Schr\u00f6der": ["Eliminative Parsing with Graded Constraints., ACL, 1998"], "Peter Lane": ["A Connectionist Architecture for Learning to Parse., ACL, 1998"], "Mark Hepple": ["Memoisation for Glue Language Deduction and Categorial Parsing., ACL, 1998"], "Derrick Higgins": ["Parsing Parallel Grammatical Representation., ACL, 1998"], "Massimo Poesio": ["Long Distance Pronominalisation and Global Focus., ACL, 1998"], "Rebecca Hwa": ["An Empirical Evaluation of Probabilistic Lexicalized Tree Insertion Grammars., ACL, 1998"], "Fidelia Ibekwe-Sanjuan": ["Terminological Variation, a Means of Identifying Research Topics from Texts., ACL, 1998"], "Kazunori Muraki": ["Information Classification and Navigation Based on 5W1H of the Target Information., ACL, 1998"], "Wiebke Brockhaus": ["A Concurrent Approach to the Automatic Extraction of Subsegmental Primes and Phonological Constituents from Speech., ACL, 1998"], "Tsuneaki Kato": ["Exploring the Characteristics of Multi-Party Dialogues., ACL, 1998"], "Lena Str\u00f6mb\u00e4ck": ["Robust Interaction through Partial Interpretation and Dialogue Management., ACL, 1998"], "Christian Jacquemin": ["Improving Automatic Indexing through Concept Combination and Term Enrichment., ACL, 1998"], "Kathleen R. McKeown": ["Combining Multiple, Large-Scale Resources in a Reusable Lexicon for Natural Language Generation., ACL, 1998", "Learning Intonation Rules for Concept to Speech Generation., ACL, 1998"], "Lindsay J. Evett": ["Text Segmentation Using Reiteration and Collocation., ACL, 1998"], "Mark Johnson": ["Finite-state Approximation of Constraint-based Grammars using Left-corner Grammar Transforms., ACL, 1998"], "Michael Johnston": ["Unification-based Multimodal Parsing., ACL, 1998"], "Hideki Tanaka": ["Context Management with Topics for Spoken Dialogue Systems., ACL, 1998"], "Kyo Kageura": ["A Statistical Analysis of Morphemes in Japanese Terminology., ACL, 1998"], "Owen Rambow": ["Pseudo-Projectivity: A Polynomially Parsable Non-Projective Dependency Grammar., ACL, 1998", "A Framework for Customizable Generation of Hypertext Presentations., ACL, 1998"], "Hitoshi Iida": ["A Method for Correcting Errors in Speech Recognition Using the Statistical Features of Character Co-occurence., ACL, 1998"], "Ezra Black": ["Use of Mutual Information Based Character Clusters in Dictionary-less Morphological Analysis of Japanese., ACL, 1998"], "Paul C. Davis": ["Know When to Hold 'Em: Shuffling Deterministically in a Parser for Nonconcatenative Grammars., ACL, 1998"], "Gen-ichiro Kikui": ["Term-list Translation using Mono-lingual Word Co-occurence Vectors., ACL, 1998"], "Jong-Hyeok Lee": ["Unlimited Vocabulary Grapheme to Phoneme Conversion for Korean TTS., ACL, 1998"], "Min-Yen Kan": ["Role of Verbs in Document Analysis., ACL, 1998"], "Tang Enya Kong": ["A Flexible Example-Based Parser Based on the SSTC., ACL, 1998"], "Kosho Shudo": ["Large Scale Collocation Data and Their Application to Japanese Word Processor Technology., ACL, 1998"], "Yorick Wilks": ["Compacting the Penn Treebank Grammar., ACL, 1998"], "Kevin Knight": ["Generation that Exploits Corpus-Based Statistical Knowledge., ACL, 1998"], "Jean V\u00e9ronis": ["Methods and Practical Issues in Evaluating Alignment Techniques., ACL, 1998"], "Yves Lepage": ["Solving Analogies on Words: An Algorithm., ACL, 1998"], "Gina-Anne Levow": ["Characterizing and Recognizing Spoken Corrections in Human-Computer Dialogue., ACL, 1998"], "Manfred Wettler": ["A Freely Available Morphological Analyzer, Disambiguator and Context Sensitive Lemmatizer for German., ACL, 1998"], "Naoki Abe": ["Word Clustering and Disambiguation Based on Co-occurence Data., ACL, 1998"], "Gary Geunbae Lee": ["Identifying Syntactic Role of Antecedent in Korean Relative Clause Using Corpus and Thesaurus Information., ACL, 1998"], "Dongdong Chen": ["A Test Environment for Natural Language Understanding Systems., ACL, 1998"], "Dekang Lin": ["Automatic Retrieval and Clustering of Similar Words., ACL, 1998"], "Martin Eineborg": ["Learning Constraint Grammar-style Disambiguation Rules using Inductive Logic Programming., ACL, 1998"], "Marilyn A. Walker": ["Evaluating Response Strategies in a Web-Based Spoken Dialogue Agent., ACL, 1998"], "Leonardo Lesmo": ["Formal Aspects and Parsing Issues of Dependency Theory., ACL, 1998"], "Lisa Harper": ["An Architecture for Dialogue Management, Context Tracking, and Pragmatic Adaptation in Spoken Dialogue Systems., ACL, 1998"], "Hitoshi Isahara": ["A Multi-Neuro Tagger Using Variable Lenghts of Contexts., ACL, 1998"], "Jun'ichi Tsujii": ["LiLFes - Towards a Practical HPSG Parser., ACL, 1998", "HPSG-Style Underspecified Japanese Grammar with Wide Coverage., ACL, 1998", "An Efficient Parallel Substrate tor Typed Feature Structures on Shared Memory Parallel Machines., ACL, 1998"], "Arantza Casillas": ["Bitext Correspondences through Rich Mark-up., ACL, 1998"], "Mark T. Maybury": ["Discourse Cues for Broadcast News Segmentation., ACL, 1998"], "Sharon L. Oviatt": ["Confirmation in Multimodal Systems., ACL, 1998"], "Angus McIntyre": ["Babel: A Testbed for Research in Origins of Language., ACL, 1998"], "Cholwich Nattee": ["Combining Trigram and Winnow in Thai OCR Error Correction., ACL, 1998"], "Antonio Moreno-Sandoval": ["Deriving Transfer Rules from Dominance-Preserving Alignments., ACL, 1998"], "Andrei Mikheev": ["Feature Lattices for Maximum Entropy Modelling., ACL, 1998"], "Osamu Furuse": ["Simultaneous Interpretation Utilizing Example-based Incremental Transfer., ACL, 1998"], "William H. Wilson": ["Integrated Control of Chart Items for Error Repair., ACL, 1998"], "Ruslan Mitkov": ["Robust Pronoun Resolution with Limited Knowledge., ACL, 1998"], "Manabu Okumura": ["Text Segmentation with Multiple Surface Linguistic Cues., ACL, 1998"], "Chadia Moghrabi": ["Using Language Resources in an Intelligent Tutoring System for French., ACL, 1998"], "Fernando C. N. Pereira": ["Dynamic Compilation of Weighted Context-Free Grammars., ACL, 1998"], "Makoto Nagao": ["A Stochastic Language Model using Dependency and Its Improvement by Word Clustering., ACL, 1998", "An Estimate of Referent of Noun Phrases in Japanese Sentences., ACL, 1998", "Diagram Understanding Using Integration of Layout Information and Textual Information., ACL, 1998", "Aligning Articles in TV Newscasts and Newspapers., ACL, 1998"], "Monique Rolbert": ["Dealing with Distinguishing Descriptions in a Guided Composition System., ACL, 1998"], "K\u00f4iti Hasida": ["Automatic Text Summarization Based on the Global Document Annotation., ACL, 1998"], "Masaaki Nagata": ["Japanese OCR Error Correction using Character Shape Similarity and Statistical Language Model., ACL, 1998"], "Jun Okamura": ["Hypertext Authoring for Linking Relevant Segments of Related Instruction Manuals., ACL, 1998"], "Akira Shimazu": ["Translating a Unification Grammar with Disjunctions into Logical Constraints., ACL, 1998"], "Christine H. Nakatani": ["Constituent-based Accent Prediction., ACL, 1998"], "Mark-Jan Nederhof": ["An Alternative LR Algorithm for TAGs., ACL, 1998"], "Giorgio Satta": ["Prefix Probabilities from Stochastic Tree Adjoining Grammars., ACL, 1998"], "Christoph Tillmann": ["A DP based Search Algorithm for Statistical Machine Translation., ACL, 1998"], "Victor Raskin": ["Universal Grammar and Lexis for Quick Ramp-Up of MT., ACL, 1998"], "Katharine P. Beals": ["Integration of Large-Scale Linguistic Resources in a Natural Language Understanding System., ACL, 1998"], "Hans Weber": ["Improving Statistical Natural Language Translation with Categories and Rules., ACL, 1998"], "Yuji Matsumoto": ["Recognition of the Coherence Relation between Te-linked Clauses., ACL, 1998", "General-to-Specific Model Selection for Subcategorization Preference., ACL, 1998", "Head-Driven Generation with HPSG., ACL, 1998"], "Llu\u00eds M\u00e0rquez": ["On the Evaluation and Comparison of Taggers: the Effect of Noise in Testing Corpora., ACL, 1998"], "Vera L\u00facia Strube de Lima": ["Possissive Pronominal Anaphor Resolution in Portuguese Written Texts., ACL, 1998"], "Alex Quilici": ["A Computational Model of Social Perlocutions., ACL, 1998"], "Gerald Penn": ["Parametric Types for Typed Attribute-Value Logic., ACL, 1998"], "Ra\u00fal E. Vald\u00e9s-P\u00e9rez": ["A Procedure for Multi-Class Discrimination and some Linguistic Applications., ACL, 1998"], "Harald Trost": ["From Information Structure to Intonation: A Phonological Interface for Concept-to-Speech., ACL, 1998"], "G\u00e9rard Sabah": ["Reference Resolution beyond Coreference: a Conceptual Frame and its Application., ACL, 1998"], "Donia Scott": ["Multilingual Authoring Using Feedback Texts., ACL, 1998"], "Steffan Corley": ["Practical Glossing by Prioritised Tining., ACL, 1998"], "G\u00e1bor Pr\u00f3sz\u00e9ky": ["An Intelligent Multi-Dictionary Environment., ACL, 1998"], "Dragomir R. Radev": ["Learning Correlations between Linguistic Indicators and Semantic Constraints: Reuse of Context-Dependent Decsriptions of Entities., ACL, 1998"], "Adwait Ratnaparkhi": ["Statistical Models for Unsupervised Prepositional Phrase Attachement., ACL, 1998"], "Elena B\u00e1rcena": ["JaBot: A Multilingual Java-Based Intelligent Agent for Web Sites., ACL, 1998"], "Derek Long": ["Generating the Structure of Argument., ACL, 1998"], "Lucy Vanderwende": ["MindNet: Acquiring and Structuring Semantic Information from Text., ACL, 1998"], "Eneko Agirre": ["Building Accurate Semantic Taxonomies from Monolingual MRDs., ACL, 1998"], "Eugene Charniak": ["Noun-Phrase Co-Occurence Statistics for Semi-Automatic Semantic Lexicon Construction., ACL, 1998"], "James Rogers": ["A Descriptive Characterization of Tree-Adjoining Languages (Project Note)., ACL, 1998"], "Daniel Jurafsky": ["How Verb Subcategorization Frequencies Are Affected By Corpus Choice., ACL, 1998"], "Lori S. Levin": ["An Interactive Domain Independent Approach to Robust Dialogue Interpretation., ACL, 1998"], "Dmitry Zelenko": ["Part of Speech Tagging Using a Network of Linear Separators., ACL, 1998"], "Patrick Saint-Dizier": ["A Generative Lexicon Perspective for Adjectival Modification., ACL, 1998"], "K. Vijay-Shanker": ["Dialogue Act Tagging with Transformation-Based Learning., ACL, 1998"], "Antonio Sanfilippo": ["Ranking Text Units According to Textual Saliency, Connectivity and Topic Aptness., ACL, 1998"], "Anoop Sarkar": ["Conditions on Consistency of Probabilistic Tree Adjoining Grammars., ACL, 1998"], "Masakazu Nakanishi": ["Maximum Entropy Model Learning of the Translation Rules., ACL, 1998"], "William Schuler": ["Restrictions on Tree Adjoining Languages., ACL, 1998"], "Michael Schiehlen": ["Learning Tense Translation from Bilingual Corpora., ACL, 1998"], "Frank Schilder": ["An Underspecified Segmented Discourse Representation Theory (USDRT)., ACL, 1998", "Coherence in Spoken Discourse., ACL, 1998"], "Andrew Bredenkamp": ["Natural Language Access to Software Applications., ACL, 1998"], "Kathleen F. McCoy": ["Recognizing Syntactic Errors in the Writing of Second Language Learners., ACL, 1998"], "Boubaker Meddeb-Hamrouni": ["Transforming Lattices into Non-deterministic Automata with Optional Null Arcs., ACL, 1998"], "Jean Senellart": ["Locating Noun Phrases with Finite State Transducers., ACL, 1998"], "James Shaw": ["Segregatory Coordination and Ellipsis in Text Generation., ACL, 1998"], "Harold L. Somers": ["Similarity Metrics for Aligning Children's Articulation Data., ACL, 1998"], "Joan L\u00f3pez-Moliner": ["A Connectionist Approach to Propositional Phrase Attachment for Real World Texts., ACL, 1998"], "Carla Umbach": ["DiMLex: A Lexicon of Discorse Markers for Text Generation and Understanding., ACL, 1998"], "Fr\u00e9d\u00e9ric Kaplan": ["Spontaneous Lexicon Change., ACL, 1998"], "Michael Strube": ["Never Look Back: An Alternative to Centering., ACL, 1998"], "G. Bowden Wise": ["Summarization-based Query Expansion in Information Retrieval., ACL, 1998"], "Benjamin K. Tsou": ["Chinese Work Segmentation without Using Lexicon and Hand-crafted Training Data., ACL, 1998"], "Yoshihiro Sekiguchi": ["Keyword Extraction using Term-Domain Interdependence for Dictation of Radio News., ACL, 1998"], "Kemal Oflazer": ["Tagging English by Path Voting Constraints., ACL, 1998"], "Itsuki Noda": ["Reactive Content Selection in the Generation of Real-time Soccer Commentary., ACL, 1998"], "Timo J\u00e4rvinen": ["Idiomatic Object Usage and Support Verbs., ACL, 1998"], "Davide Turcato": ["Automatically Creating Bilingual Lexicons for Machine Translation from Bilingual Text., ACL, 1998"], "Koichi Takeda": ["A Method for Relating Multiple Newspaper Articles by Using Graphs, and Its Application to Webcasting., ACL, 1998", "A Pattern-Based Machine Translation System Extended by Example-Based Processing., ACL, 1998"], "Evelyne Viegas": ["Multilingual Computational Semantic Lexicons in Action: The WYSINNWYG Approach to NLP., ACL, 1998"], "Sergei Nirenburg": ["The Computational Lexical Semantics of Syntagmatic Relations., ACL, 1998"], "Miguel A. Alonso": ["A Tabular Interpretation of a Class of 2-Stack Automata., ACL, 1998"], "Katsuhiko Shirai": ["Project for Production of Closed-Caption TV Programs for the Hearing Impaired., ACL, 1998"], "Shrikanth Narayanan": ["Learning Optimal Dialogue Strategies: A Case Study of a Spoken Dialogue Agent for Email., ACL, 1998"], "Cornelia Verspoor": ["Automatic English-Chinese Name Transliteration for Development of Multilingual Resources., ACL, 1998"], "Mark Wasson": ["Using Leading Text for News Summaries: Evaluation Results and Implications for Commercial Summarization Applications., ACL, 1998"], "Eric Wehrli": ["Translating Idioms., ACL, 1998"], "Mark Stevenson": ["Word Sense Disambiguation using Optimised Combinations of Knowledge Sources., ACL, 1998"], "Karsten L. Worm": ["A Model for Robust Processing of Spontaneous Speech by Integrating Viable Fragments., ACL, 1998"], "Hongsing Wong": ["Machine Translation with a Stochastic Grammatical Channel., ACL, 1998"], "Eduardo de Paiva Alves": ["Structural Disambiguation Based on Reliable Estimation of Strength of Association., ACL, 1998"], "Hirohiko Nisimura": ["Combination of an Automatic and an Interactive Disambiguation Method., ACL, 1998"], "Eiichiro Sumita": ["Feasibility Study for Ellipsis Resultion in Dialogues by Machine-Learning Technique., ACL, 1998"], "Marc B. Vilain": ["Some Properties of Preposition and Subordinate Conjunction Attachments., ACL, 1998"], "Yoji Fukumochi": ["Evaluation of Importance of Sentences based on Connectivity to Title., ACL, 1998"], "Klaus Zechner": ["Automatic Construction of Frame Representations for Spontaneous Speech in Unrestricted Domains., ACL, 1998"], "Xiaoheng Zhang": ["Dialect MT: A Case Study between Cantonese and Mandarin., ACL, 1998"], "Kimteng Lua": ["Word Association and MI-TRigger-based Language Modeling., ACL, 1998"], "Anja Belz": ["Discovering Phonotactic Finite-State Automata by Generic Search., ACL, 1998"], "Amanda Stent": ["A Preliminary Model of Centering in Dialog., ACL, 1998"], "Hua Cheng": ["Embedding New Information into Referring Expressions., ACL, 1998"], "Olivier Ferret": ["How to Thematically Segemt Texts by Using Lexical Cohesion?, ACL, 1998"], "Oskari Heinonen": ["Optimal Multi-Paragraph Text Segmentation by Dynamic Programming., ACL, 1998"], "Oi Yee Kwong": ["Bridging the Gap between Dictionary and Thesaurus., ACL, 1998"], "Mark Lewellen": ["Neural Network Recognition of Spelling Errors., ACL, 1998"], "Anna Korhonen": ["Detecting Verbal Participation in Diathesis Alternations., ACL, 1998"], "Scott McDonald": ["Target Word Selection as Proximity in Semantic Space., ACL, 1998"], "Elliot Smith": ["A Cognitive Model of Coherence-Driven Story Comprehension., ACL, 1998"], "Ivelin Stoianov": ["Tree-based Analysis of Simple Recurrent Network Learning., ACL, 1998"], "Scott M. Thede": ["Predicting Part-of-Speech Information about Unknown Words using Statistical Methods., ACL, 1998"]}