{"Geoffrey K. Pullum": ["Context-Freeness and the Computer Processing of Human Languages., ACL, 1983"], "Aravind K. Joshi": ["Factoring Recursion and Dependencies: an Aspect of Tree Adjoining Grammars (Tag) and a Comparison of Some Formal Properties of Tags, GPSGs, Plgs, and LPGS., ACL, 1983"], "Henry Thompson": ["Crossed Serial Dependencies: A low-power parseable extension to GPSG., ACL, 1983"], "Jane J. Robinson": ["Formal Constraints on Metarules., ACL, 1983"], "David J. Israel": ["A Prolegomenon to Situation Semantics., ACL, 1983"], "Eric Mays": ["A Modal Temporal Logic for Reasoning about Change., ACL, 1983"], "Scott Weinstein": ["Providing a Unified Account of Definite Noun Phrases in Discourse., ACL, 1983"], "David Scott Warren": ["Using X-Calculus to Represent Meanings in Logic Grammars., ACL, 1983"], "Jerry R. Hobbs": ["An improper Treatment of Quantification in Ordinary English., ACL, 1983"], "Graeme Hirst": ["A Foundation for Semantic Interpretation., ACL, 1983"], "Douglas E. Appelt": ["Telegram: a Grammar. Formalism for Language Planning., ACL, 1983"], "William C. Mann": ["An Overview of the Nigel Text Generation Grammar., ACL, 1983"], "Janet B. Pierrehumbert": ["Automatic Recognition of Intonation Patterns., ACL, 1983"], "Kenneth Ward Church": ["A Finite-State Parser for Use in Speech Recognition., ACL, 1983"], "C. Raymond Perrault": ["On the Mathematical Properties of Linguistic Theories., ACL, 1983"], "Hans Uszkoreit": ["A Framework for Processing Partially Free Word Order., ACL, 1983"], "Stuart M. Shieber": ["Sentence Disambiguation by a Shift-Reduce Parsing Technique., ACL, 1983"], "Amy Weinberg": ["Syntactic Constraints and Efficient Parsability., ACL, 1983"], "Donald Hindle": ["Deterministic Parsing of Syntactic Non-fluencies., ACL, 1983"], "Margaret M. Fleck": ["D-Theory: Talking about Talking about Trees., ACL, 1983"], "David H. D. Warren": ["Parsing as Deduction., ACL, 1983"], "Karen Kukich": ["Design of a Knowledge-Based Report Generator., ACL, 1983"], "James R. Miller": ["Menu-Based Natural Language Understanding., ACL, 1983"], "David N. Chin": ["Knowledge Structures in UC, the UNIX* Consultant., ACL, 1983"], "Jaime G. Carbonell": ["Discourse Pragmatics and Ellipsis Resolution in Task-Oriented Natural Language Interfaces., ACL, 1983"]}