{"Thilo G\u00f6tz": ["Interleaving Universal Principles and Relational Constraints over Typed Feature Logic., ACL, 1997"], "Detmar Meurers": ["Interleaving Universal Principles and Relational Constraints over Typed Feature Logic., ACL, 1997"], "Lillian Lee": ["Fast Context-Free Parsing Requires Fast Boolean Matrix Multiplication., ACL, 1997", "Similarity-Based Methods for Word Sense Disambiguation., ACL, 1997"], "Michael Collins": ["Three Generative, Lexicalised Models for Statistical Parsing., ACL, 1997"], "Christian Jacquemin": ["Expansion of Multi-Word Terms for Indexing and Retrieval Using Morphology and Syntax., ACL, 1997"], "Judith Klavans": ["Expansion of Multi-Word Terms for Indexing and Retrieval Using Morphology and Syntax., ACL, 1997"], "Evelyne Tzoukermann": ["Expansion of Multi-Word Terms for Indexing and Retrieval Using Morphology and Syntax., ACL, 1997"], "Brett Kessler": ["Automatic Detection of Text Genre., ACL, 1997"], "Geoffrey Nunberg": ["Automatic Detection of Text Genre., ACL, 1997"], "Hinrich Sch\u00fctze": ["Automatic Detection of Text Genre., ACL, 1997"], "Hang Li": ["Document Classification Using a Finite Mixture Model., ACL, 1997"], "Kenji Yamanishi": ["Document Classification Using a Finite Mixture Model., ACL, 1997"], "German Rigau": ["Combining Unsupervised Lexical Knowledge Methods for Word Sense Disambiguation., ACL, 1997"], "Jordi Atserias": ["Combining Unsupervised Lexical Knowledge Methods for Word Sense Disambiguation., ACL, 1997"], "Eneko Agirre": ["Combining Unsupervised Lexical Knowledge Methods for Word Sense Disambiguation., ACL, 1997"], "Ido Dagan": ["Similarity-Based Methods for Word Sense Disambiguation., ACL, 1997"], "Fernando C. N. Pereira": ["Similarity-Based Methods for Word Sense Disambiguation., ACL, 1997"], "Dekang Lin": ["Using Syntactic Dependency as Local Context to Resolve Word Sense Ambiguity., ACL, 1997"], "Robert Krovetz": ["Homonymy and Polysemy in Information Retrieval., ACL, 1997"], "Barbara Di Eugenio": ["Learning Features that Predict Cue Usage., ACL, 1997"], "Johanna D. Moore": ["Learning Features that Predict Cue Usage., ACL, 1997"], "Massimo Paolucci": ["Learning Features that Predict Cue Usage., ACL, 1997"], "Dan Cristea": ["Expectations in Incremental Discourse Processing., ACL, 1997"], "Bonnie L. Webber": ["Expectations in Incremental Discourse Processing., ACL, 1997"], "Daniel Marcu": ["The Rhetorical Parsing of Natural Language Texts., ACL, 1997"], "Udo Hahn": ["Centering in-the-Large: Computing Referential Discourse Segments., ACL, 1997"], "Michael Strube": ["Centering in-the-Large: Computing Referential Discourse Segments., ACL, 1997"], "Martin Volk": ["Probing the Lexicon in Evaluating Commercial MT Systems., ACL, 1997"], "Young-Suk Lee": ["Ambiguity Resolution for Machine Translation of Telegraphic Messages., ACL, 1997"], "Clifford J. Weinstein": ["Ambiguity Resolution for Machine Translation of Telegraphic Messages., ACL, 1997"], "Stephanie Seneff": ["Ambiguity Resolution for Machine Translation of Telegraphic Messages., ACL, 1997"], "Dinesh Tummala": ["Ambiguity Resolution for Machine Translation of Telegraphic Messages., ACL, 1997"], "Kevin Knight": ["Machine Transliteration., ACL, 1997"], "Jonathan Graehl": ["Machine Transliteration., ACL, 1997"], "Ann A. Copestake": ["Integrating Symbolic and Statistical Representations: The Lexicon Pragmatics Interface., ACL, 1997"], "Alex Lascarides": ["Integrating Symbolic and Statistical Representations: The Lexicon Pragmatics Interface., ACL, 1997"], "John Fry": ["Negative Polarity Licensing at the Syntax-Semantics Interface., ACL, 1997"], "Bonnie J. Dorr": ["Deriving Verbal and Compositional Lexical Aspect for NLP Applications., ACL, 1997"], "Mari Broman Olsen": ["Deriving Verbal and Compositional Lexical Aspect for NLP Applications., ACL, 1997"], "Remko Bonnema": ["A DOP Model for Semantic Interpretation., ACL, 1997"], "Rens Bod": ["A DOP Model for Semantic Interpretation., ACL, 1997"], "Remko Scha": ["A DOP Model for Semantic Interpretation., ACL, 1997"], "Stephen Della Pietra": ["Fertility Models for Statistical Natural Language Understanding., ACL, 1997"], "Mark Epstein": ["Fertility Models for Statistical Natural Language Understanding., ACL, 1997"], "Salim Roukos": ["Fertility Models for Statistical Natural Language Understanding., ACL, 1997"], "Todd Ward": ["Fertility Models for Statistical Natural Language Understanding., ACL, 1997"], "Vasileios Hatzivassiloglou": ["Predicting the Semantic Orientation of Adjectives., ACL, 1997"], "Kathleen R. McKeown": ["Predicting the Semantic Orientation of Adjectives., ACL, 1997"], "Alexander Franz": ["Independence Assumptions Considered Harmful., ACL, 1997"], "Xiaorong Huang": ["Planning Reference Choices for Argumentative Texts., ACL, 1997"], "Matthew Stone": ["Sentence Planning as Description Using Tree Adjoining Grammar., ACL, 1997"], "Christine Doran": ["Sentence Planning as Description Using Tree Adjoining Grammar., ACL, 1997"], "Helmut Horacek": ["An Algorithm for Generating Referential Descriptions with Flexible Interfaces., ACL, 1997"], "G\u00fcnter Neumann": ["Applying Explanation-based Learning to Control and Speeding-up Natural Language Generation., ACL, 1997"], "Kemal Oflazer": ["Morphological Disambiguation by Voting Constraints., ACL, 1997"], "G\u00f6khan T\u00fcr": ["Morphological Disambiguation by Voting Constraints., ACL, 1997"], "Masahiko Haruno": ["Mistake-Driven Mixture of Hierarchical Tag Context Trees., ACL, 1997"], "Yuji Matsumoto": ["Mistake-Driven Mixture of Hierarchical Tag Context Trees., ACL, 1997", "Automatic Extraction of Aspectual Information from a Monolingual Corpus., ACL, 1997"], "Llu\u00eds M\u00e0rquez": ["A Flexible POS Tagger Using an Automatically Acquired Language Model., ACL, 1997"], "Llu\u00eds Padr\u00f3": ["A Flexible POS Tagger Using an Automatically Acquired Language Model., ACL, 1997"], "Christer Samuelsson": ["Comparing a Linguistic and a Stochastic Tagger., ACL, 1997"], "Atro Voutilainen": ["Comparing a Linguistic and a Stochastic Tagger., ACL, 1997"], "Peter A. Heeman": ["Intonational Boundaries, Speech Repairs and Discourse Markers: Modeling Spoken Dialog., ACL, 1997"], "James F. Allen": ["Intonational Boundaries, Speech Repairs and Discourse Markers: Modeling Spoken Dialog., ACL, 1997"], "Jennifer Chu-Carroll": ["Tracking Initiative in Collaborative Dialogue Interactions., ACL, 1997"], "Michael K. Brown": ["Tracking Initiative in Collaborative Dialogue Interactions., ACL, 1997"], "Marilyn A. Walker": ["PARADISE: A Framework for Evaluating Spoken Dialogue Agents., ACL, 1997"], "Diane J. Litman": ["PARADISE: A Framework for Evaluating Spoken Dialogue Agents., ACL, 1997"], "Candace A. Kamm": ["PARADISE: A Framework for Evaluating Spoken Dialogue Agents., ACL, 1997"], "Alicia Abella": ["PARADISE: A Framework for Evaluating Spoken Dialogue Agents., ACL, 1997"], "Michael Johnston": ["Unification-based Multimodal Integration., ACL, 1997"], "Philip R. Cohen": ["Unification-based Multimodal Integration., ACL, 1997"], "David McGee": ["Unification-based Multimodal Integration., ACL, 1997"], "Sharon L. Oviatt": ["Unification-based Multimodal Integration., ACL, 1997"], "James A. Pittman": ["Unification-based Multimodal Integration., ACL, 1997"], "Ira A. Smith": ["Unification-based Multimodal Integration., ACL, 1997"], "Christoph Tillmann": ["A DP based Search Using Monotone Alignments in Statistical Translation., ACL, 1997"], "Stephan Vogel": ["A DP based Search Using Monotone Alignments in Statistical Translation., ACL, 1997"], "Hermann Ney": ["A DP based Search Using Monotone Alignments in Statistical Translation., ACL, 1997"], "A. Zubiaga": ["A DP based Search Using Monotone Alignments in Statistical Translation., ACL, 1997"], "Jason S. Chang": ["An Alignment Method for Noisy Parallel Corpora based on Image Processing Techniques., ACL, 1997"], "Mathis H. M. Chen": ["An Alignment Method for Noisy Parallel Corpora based on Image Processing Techniques., ACL, 1997"], "I. Dan Melamed": ["A Portable Algorithm for Mapping Bitext Correspondence., ACL, 1997", "A Word-to-Word Model of Translational Equivalence., ACL, 1997"], "Jason Eisner": ["Efficient Generation in Primitive Optimality Theory., ACL, 1997"], "David D. Palmer": ["A Trainable Rule-based Algorithm for Word Segmentation., ACL, 1997"], "George Anton Kiraz": ["Compiling Regular Formalisms with Rule Features into Finite-State Automata., ACL, 1997"], "Peter Neuhaus": ["The Complexity of Recognition of Linguistically Adequate Dependency Grammars., ACL, 1997"], "Norbert Br\u00f6ker": ["The Complexity of Recognition of Linguistically Adequate Dependency Grammars., ACL, 1997"], "Mark Hepple": ["Maximal Incrementality in Linear Categorial Deduction., ACL, 1997"], "Akira Oishi": ["Automatic Extraction of Aspectual Information from a Monolingual Corpus., ACL, 1997"], "Hiyan Alshawi": ["A Comparison of Head Transducers and Transfer for a Limited Domain Translation Application., ACL, 1997"], "Adam L. Buchsbaum": ["A Comparison of Head Transducers and Transfer for a Limited Domain Translation Application., ACL, 1997"], "Fei Xia": ["A Comparison of Head Transducers and Transfer for a Limited Domain Translation Application., ACL, 1997"], "Ye-Yi Wang": ["Decoding Algorithm in Statistical Machine Translation., ACL, 1997"], "Alex Waibel": ["Decoding Algorithm in Statistical Machine Translation., ACL, 1997"], "Doug Beeferman": ["A Model of Lexical Attraction and Repulsion., ACL, 1997"], "Adam L. Berger": ["A Model of Lexical Attraction and Repulsion., ACL, 1997"], "John D. Lafferty": ["A Model of Lexical Attraction and Repulsion., ACL, 1997"], "Eric Sven Ristad": ["Hierarchical Non-Emitting Markov Models., ACL, 1997"], "Robert G. Thomas": ["Hierarchical Non-Emitting Markov Models., ACL, 1997"], "Jochen D\u00f6rre": ["Efficient Construction of Underspecified Semantics under Massive Ambiguity., ACL, 1997"], "Jerry R. Hobbs": ["A Theory of Parallelism and the Case of VP Ellipsis., ACL, 1997"], "Andrew Kehler": ["A Theory of Parallelism and the Case of VP Ellipsis., ACL, 1997"], "Josef van Genabith": ["On Interpreting F-Structures as UDRSs., ACL, 1997"], "Richard S. Crouch": ["On Interpreting F-Structures as UDRSs., ACL, 1997"], "Joachim Niehren": ["A Uniform Approach to Underspecification and Parallelism., ACL, 1997"], "Manfred Pinkal": ["A Uniform Approach to Underspecification and Parallelism., ACL, 1997"], "Peter Ruhrberg": ["A Uniform Approach to Underspecification and Parallelism., ACL, 1997"], "Ted Briscoe": ["Co-evolution of Language and of the Language Acquisition Device., ACL, 1997"], "Fran\u00e7ois Yvon": ["Paradigmatic Cascades: a Linguistically Sound Model of Pronunciation by Analogy., ACL, 1997"], "Jakub Zavrel": ["Memory-Based Learning: Using Similarity for Smoothing., ACL, 1997"], "Walter Daelemans": ["Memory-Based Learning: Using Similarity for Smoothing., ACL, 1997"], "Giorgio Satta": ["String Transformation Learning., ACL, 1997"], "John C. Henderson": ["String Transformation Learning., ACL, 1997"], "Edmund Grimley-Evans": ["Approximating Context-Free Grammars with a Finite-State Calculus., ACL, 1997"], "Andr\u00e9 Kempe": ["Finite State Transducers Approximating Hidden Markov Models., ACL, 1997"], "Frank Morawietz": ["Representing Constraints with Automata., ACL, 1997"], "Tom Cornell": ["Representing Constraints with Automata., ACL, 1997"], "Sayori Shimohata": ["Retrieving Collocations by Co-occurrences and Word Order Constraints., ACL, 1997"], "Toshiyuki Sugio": ["Retrieving Collocations by Co-occurrences and Word Order Constraints., ACL, 1997"], "Junji Nagata": ["Retrieving Collocations by Co-occurrences and Word Order Constraints., ACL, 1997"], "Ulf Hermjakob": ["Learning Parse and Translation Decisions from Examples with Rich Context., ACL, 1997"], "Raymond J. Mooney": ["Learning Parse and Translation Decisions from Examples with Rich Context., ACL, 1997"], "Ciprian Chelba": ["A Structured Language Model., ACL, 1997"], "Katerina T. Frantzi": ["Incorporating Context Information for the Extraction of Terms., ACL, 1997"], "Houssem Assadi": ["Knowledge Acquisition from Texts: Using an Automatic Clustering Method Based on Noun-Modifier Relationship., ACL, 1997"], "Philip Edmonds": ["Choosing the Word Most Typical in Context Using a Lexical Co-Occurrence Network., ACL, 1997"], "Maite Taboada": ["Improving Translation through Contextual Information., ACL, 1997"], "Nobo Komagata": ["Generative Power of CCGs with Generalized Type-Raised Categories., ACL, 1997"], "Marc Dras": ["Representing Paraphrases Using Synchronous TAGs., ACL, 1997"], "Mari\u00ebt Theune": ["Contrastive Accent in a Data-to-Speech System., ACL, 1997"], "Renata Vieira": ["Towards Resolution of Bridging Descriptions., ACL, 1997"], "Simone Teufel": ["Towards Resolution of Bridging Descriptions., ACL, 1997"], "Maria Wolters": ["Compositional Semantics of German Prefix Verbs., ACL, 1997"]}