{"Marti A. Hearst": ["Untangling Text Data Mining., ACL, 1999"], "Sadaoki Furui": ["Automatic Speech Recognition and its Application to Information Extraction., ACL, 1999"], "George A. Miller": ["The Lexical Component of Natural Language Processing., ACL, 1999"], "Lillian Lee": ["Measures of Distributional Similarity., ACL, 1999", "Distributional Similarity Models: Clustering vs. Nearest Neighbors., ACL, 1999"], "Bonnie L. Webber": ["Discourse Relations: A Structural and Presuppositional Account Using Lexicalised TAG., ACL, 1999"], "Claire Garde": ["Unifying Parallels., ACL, 1999"], "Matthew Berland": ["Finding Parts in Very Large Corpora., ACL, 1999"], "Eric Brill": ["Man* vs. Machine: A Case Study in Base Noun Phrase Learning., ACL, 1999"], "Rebecca Hwa": ["Supervised Grammar Induction using Training Data with Limited Constituent Information., ACL, 1999"], "Mark Dras": ["A Meta-Level Grammar: Redefining Synchronous TAG for Translation and Paraphrase., ACL, 1999"], "William Schuler": ["Preserving Semantic Dependencies in Synchronous Tree Adjoining Grammar., ACL, 1999"], "Shuly Wintner": ["Compositional Semantics for Linguistic Formalisms., ACL, 1999"], "Mats Rooth": ["Inducing a Semantically Annotated Lexicon via EM-Based Clustering., ACL, 1999"], "Eric V. Siegel": ["Corpus-Based Linguistic Indicators for Aspectual Classification., ACL, 1999"], "Sharon A. Caraballo": ["Automatic construction of a hypernym-labeled noun hierarchy from text., ACL, 1999"], "John A. Bateman": ["Using aggregation for selecting content when generating referring expressions., ACL, 1999"], "James Shaw": ["Ordering Among Premodifiers., ACL, 1999"], "Yael Dahan Netzer": ["Bilingual Hebrew-English Generation of Possessives and Partitives: Raising the Input Abstraction Level., ACL, 1999"], "Rada Mihalcea": ["A Method for Word Sense Disambiguation of Unrestricted Text., ACL, 1999"], "Andrei Mikheev": ["A Knowledge-free Method for Capitalized Word Disambiguation., ACL, 1999"], "Radu Florian": ["Dynamic Nonlocal Language Modeling via Hierarchical Topic-Based Adaptation., ACL, 1999"], "Scott M. Thede": ["A Second-Order Hidden Markov Model for Part-of-Speech Tagging., ACL, 1999"], "Amanda Stent": ["The CommandTalk Spoken Dialogue System., ACL, 1999"], "Alicia Abella": ["Construct Algebra: Analytical Dialog Management., ACL, 1999"], "Mikio Nakano": ["Understanding Unsegmented User Utterances in Real-Time Spoken Dialogue Systems., ACL, 1999"], "J. Scott McCarley": ["Should we Translate the Documents or the Queries in Cross-language Information Retrieval?, ACL, 1999"], "Hsin-Hsi Chen": ["Resolving Translation Ambiguity and Target Polysemy in Cross-Language Information Retrieval., ACL, 1999"], "Myung-Gil Jang": ["Using Mutual Information to Resolve Query Translation Ambiguities and Query Term Weighting., ACL, 1999"], "Won Seug Choi": ["Analysis System of Speech Acts and Discourse Structures Using Maximum Entropy Model., ACL, 1999"], "Sherri L. Condon": ["Measuring Conformity to Discourse Routines in Decision-Making Interactions., ACL, 1999"], "Janyce Wiebe": ["Development and Use of a Gold-Standard Data Set for Subjectivity Classifications., ACL, 1999"], "Kemal Oflazer": ["Dependency Parsing with an Extended Finite State Approach., ACL, 1999"], "G\u00e1bor Pr\u00f3sz\u00e9ky": ["A Unification-based Approach to Morpho-syntactic Parsing of Agglutinative and Other (Highly) Inflectional Languages., ACL, 1999"], "Franz Beil": ["Inside-Outside Estimation of a Lexicalized PCFG for German., ACL, 1999"], "Masaaki Nagata": ["A Part of Speech Estimation Method for Japanese Unknown Words using a Statistical Model of Morphology and Context., ACL, 1999"], "Antal van den Bosch": ["Memory-Based Morphological Analysis., ACL, 1999"], "Alistair Willis": ["Two Accounts of Scope Availability and Semantic Underspecification., ACL, 1999"], "Mark Steedman": ["Alternating Quantifier Scope in CCG., ACL, 1999"], "Diane J. Litman": ["Automatic Detection of Poor Speech Recognition at the Dialogue Level., ACL, 1999"], "Dekang Lin": ["Automatic Identification of Non-compositional Phrases., ACL, 1999"], "Lynette Hirschman": ["Deep Read: A Reading Comprehension System., ACL, 1999"], "Pascale Fung": ["Mixed Language Query Disambiguation., ACL, 1999"], "Christian Jacquemin": ["Syntagmatic and Paradigmatic Representations of Term Variation., ACL, 1999"], "Simon Corston-Oliver": ["Less is more: Eliminating index terms from subordinate clauses., ACL, 1999"], "Jeffrey C. Reynar": ["Statistical Models for Topic Segmentation., ACL, 1999"], "Daniel Marcu": ["A Decision-Based Approach to Rhetorical Parsing., ACL, 1999"], "David L. Bean": ["Corpus-Based Identification of Non-Anaphoric Noun Phrases., ACL, 1999"], "Hideki Tanaka": ["An Efficient Statistical Speech Act Type Tagging System for Speech Translation Systems., ACL, 1999"], "Emmanuel Morin": ["Projecting Corpus-Based Semantic Links on a Thesaurus., ACL, 1999"], "Maria Lapata": ["Acquiring Lexical Generalizations from Corpora: A Case Study for Diathesis Alternations., ACL, 1999"], "Walter Kasper": ["Charting the Depths of Robust Speech Parsing., ACL, 1999"], "Mark G. Core": ["A Syntactic Framework for Speech Repairs and Other Disruptions., ACL, 1999"], "Brian Roark": ["Efficient probabilistic top-down and left-corner parsing., ACL, 1999"], "Charles D. Yang": ["A Selectionist Theory of Language Acquisition., ACL, 1999"], "Marielle Lange": ["The grapho-phonological system of written French: Statistical analysis and empirical validation., ACL, 1999"], "Hwee Tou Ng": ["Learning to Recognize Tables in Free Text., ACL, 1999"], "Alexander Holt": ["A semantically-derived subset of English for hardware verification., ACL, 1999"], "Jason Eisner": ["Efficient Parsing for Bilexical Context-Free Grammars and Head Automaton Grammars., ACL, 1999"], "Mark Hepple": ["An Earley-style Predictive Chart Parsing Method for Lambek Grammars., ACL, 1999"], "Bernd Kiefer": ["A Bag of Useful Techniques for Efficient and Robust Parsing., ACL, 1999"], "Sadao Kurohashi": ["Semantic Analysis of Japanese Noun Phrases - A New Approach to Dictionary-Based Understanding., ACL, 1999"], "Hitoshi Isahara": ["Lexical Semantics to Disambiguate Polysemous Phenomena of Japanese Adnominal Constituents., ACL, 1999"], "Patrick Caudal": ["Computational Lexical Semantics, Incrementality, and the So-called Punctuality of Events., ACL, 1999"], "Michael Collins": ["A Statistical Parser for Czech., ACL, 1999"], "Don Blaheta": ["Automatic Compensation for Parser Figure-of-Merit Flaws., ACL, 1999"], "Reinhard Rapp": ["Automatic Identification of Word Translations from Unrelated English and German Corpora., ACL, 1999"], "Philip Resnik": ["Mining the Web for Bilingual Text., ACL, 1999"], "Mark Johnson": ["Estimators for Stochastic \"Unification-Based\" Grammars., ACL, 1999"], "Steven P. Abney": ["Relating Probabilistic Grammars and Automata., ACL, 1999"], "Regina Barzilay": ["Information Fusion in the Context of Multi-Document Summarization., ACL, 1999"], "Inderjeet Mani": ["Improving Summaries by Revising Them., ACL, 1999"], "Kavita Thomas": ["Designing a Task-Based Evaluation Methodology for a Spoken Machine Translation System., ACL, 1999"], "Edward C. Kaiser": ["Robust, Finite-State Parsing for Spoken Language Understanding., ACL, 1999"], "Yusuke Miyao": ["Packing of Feature Structures for Efficient Unification of Disjunctive Feature Structures., ACL, 1999"], "Alexandra Kinyon": ["Parsing preferences with Lexicalized Trey Adjoining Grammars exploiting the derivation tree., ACL, 1999"], "Stefan Kaufmann": ["Cohesion and Collocation: Using Context Vectors in Text Segmentation., ACL, 1999"], "Horacio Saggion": ["Using Linguistic Knowledge in Automatic Abstracting., ACL, 1999"], "Joel R. Tetreault": ["Analysis of Syntax-Based Pronoun Resolution Methods., ACL, 1999"], "Adrian Corduneanu": ["A Pylonic Decision-Tree Language Model- with Optimal Question Selection., ACL, 1999"], "Miriam Goldberg": ["An Unsupervised Model for Statistically Determining Coordinate Phrase Attachment., ACL, 1999"], "Freddy Y. Y. Choi": ["A flexible distributed architecture for NLP system development and use., ACL, 1999"], "Sergey V. Pakhomov": ["Modeling Filled Pauses in Medical Dictations., ACL, 1999"]}