{"Stanley J. Rosenschein": ["Translating English into Logical Form., ACL, 1982"], "Stuart M. Shieber": ["Translating English into Logical Form., ACL, 1982"], "Brian Cantwell Smith": ["Linguistic and Computational Semantics., ACL, 1982"], "Douglas B. Moran": ["The Representation of Inconsistent Information in a Dynamic Model-Theoretic Semantics., ACL, 1982"], "James F. Allen": ["What's in a Semantic Network?, ACL, 1982"], "Alan M. Frisch": ["What's in a Semantic Network?, ACL, 1982"], "Philip R. Cohen": ["Dependencies of Discourse Structure on the Modality of Communication: telephone vs. Teletype., ACL, 1982"], "Scott Fertig": ["Dependencies of Discourse Structure on the Modality of Communication: telephone vs. Teletype., ACL, 1982"], "Kathy Starr": ["Dependencies of Discourse Structure on the Modality of Communication: telephone vs. Teletype., ACL, 1982"], "Fernando Gomez": ["Towards a Theory of Comprehension of Declarative Contexts., ACL, 1982"], "Robert C. Moore": ["Natural-Language Access to Databases-Theoretical/Technical Issues., ACL, 1982"], "Barbara J. Grosz": ["Transportable Natural-Language Interfaces: Problems and Techniques., ACL, 1982"], "Stanley R. Petrick": ["Theoretical/Technical Issues in Natural Language Access to Databases., ACL, 1982"], "Remko J. H. Scha": ["English Words and Data Bases: How to Bridge the Gap., ACL, 1982"], "Steven P. Shwartz": ["Problems With Domain-Independent Natural Language Database Access Systems., ACL, 1982"], "David H. D. Warren": ["Issues in Natural Language Access to Databases from a Logic Programming Perspective., ACL, 1982"], "Sharon C. Salveter": ["Natural Language Database Updates., ACL, 1982"], "David Maier": ["Natural Language Database Updates., ACL, 1982"], "Jean Mark Gawron": ["Processing English with a Generalized Phrase Structure Grammar., ACL, 1982"], "Jonathan King": ["Processing English with a Generalized Phrase Structure Grammar., ACL, 1982"], "John Lamping": ["Processing English with a Generalized Phrase Structure Grammar., ACL, 1982"], "Egon E. Loebner": ["Processing English with a Generalized Phrase Structure Grammar., ACL, 1982"], "E. Anne Paulson": ["Processing English with a Generalized Phrase Structure Grammar., ACL, 1982"], "Geoffrey K. Pullum": ["Processing English with a Generalized Phrase Structure Grammar., ACL, 1982"], "Ivan A. Sag": ["Processing English with a Generalized Phrase Structure Grammar., ACL, 1982"], "Thomas Wasow": ["Processing English with a Generalized Phrase Structure Grammar., ACL, 1982"], "George E. Heidorn": ["Experience with an Easily Computed Metric for Ranking Alternative Parses., ACL, 1982"], "Ralph M. Weischedel": ["An Improved Heuristic for Ellipsis Processing., ACL, 1982"], "Norman K. Sondheimer": ["An Improved Heuristic for Ellipsis Processing., ACL, 1982", "On the Present., ACL, 1982"], "Donald E. Walker": ["Reflections on 20 Years of the ACL an Introduction., ACL, 1982", "A Society in Transition., ACL, 1982"], "Victor H. Yngve": ["Our Double Anniversary., ACL, 1982"], "David G. Hays": ["2002: ANOTHER SCORE., ACL, 1982"], "Winfred P. Lehmann": ["My Term., ACL, 1982"], "Robert F. Simmons": ["THEMES FROM 1972., ACL, 1982"], "Aravind K. Joshi": ["Twenty Years of Reflections., ACL, 1982"], "Paul G. Chapin": ["ACL IN 1977., ACL, 1982"], "Jonathan Allen": ["Reflections on Twenty Years of the ACL., ACL, 1982"], "Douglas E. Appelt": ["Planning Natural Language Referring Expressions., ACL, 1982"], "Kathleen R. McKeown": ["The Text System for Natural Language Generation: an Overview., ACL, 1982"], "Kathleen F. McCoy": ["Augmenting a Database Knowledge Representation for Natural Language Generation., ACL, 1982"], "E. Jeffrey Conklin": ["Salience: the Key to the Selection Problem in Natural Language Generation., ACL, 1982"], "David D. McDonald": ["Salience: the Key to the Selection Problem in Natural Language Generation., ACL, 1982"], "Stuart C. Shapiro": ["A Knowledge Engineering Approach to Natural Language Understanding., ACL, 1982"], "Jeannette G. Neal": ["A Knowledge Engineering Approach to Natural Language Understanding., ACL, 1982"], "Pat Langley": ["A Model of Early Syntactic Development., ACL, 1982"], "Mitchell P. Marcus": ["Building Non-Normative Systems - the Search for Robustness an Overview., ACL, 1982"], "Robert J. Bobrow": ["Design Dimensions for Non-Normative Understanding Systems., ACL, 1982"], "Richard H. Granger": ["Scruffy Text Understanding: Design and Implementation of 'Tolerant' Understanders., ACL, 1982"], "Anthony S. Kroch": ["On the Linguistic Character of Non-Standard Input., ACL, 1982"], "Donald Hindle": ["On the Linguistic Character of Non-Standard Input., ACL, 1982"], "Stanley C. Kwasny": ["Ill-Formed and Non-Standard Language Problems., ACL, 1982"], "Lance A. Miller": ["\"Natural Language Texts are not necessarily Grammatical and Unambiguous or even Complete.\"., ACL, 1982"], "Frederick B. Thompson": ["Solutions to Issues Depend on the Knowledge Representation., ACL, 1982"]}