{"Jonathan Slocum": ["A Practical Comparison of Parsing Strategies., ACL, 1981"], "Robert C. Berwick": ["Computational Complexity and Lexical Funtional Grammar., ACL, 1981"], "Karen Ryan": ["Corepresentational Grammar and Parsing English Comparatives., ACL, 1981"], "Jared Bernstein": ["Performance Comparison of Component Algorithms for the Phonemicization of Orthography., ACL, 1981"], "Lee A. Becker": ["PHONY: A Heuristic Phonological Analyzer., ACL, 1981"], "Norman K. Sondheimer": ["Evaluation of Natural Language Interfaces to Database Systems: a Panel Discussion., ACL, 1981"], "J. Norwood Crout": ["Artificial Intelligence Corporation., ACL, 1981"], "William C. Mann": ["Selective Planning of Interface Evaluations., ACL, 1981", "Two Discourse Generators., ACL, 1981"], "S. R. Patrick": ["Field Testing the Transformational Question Answering (Tqa) System., ACL, 1981"], "Harry R. Tennant": ["What Makes Evaluation Hard?, ACL, 1981"], "Bozena Henisz Thompson": ["Evaluation of Natural Language Interfaces to Data Base Systems., ACL, 1981"], "Christian M. I. M. Matthiessen": ["A Grammar and a Lexicon for a Text-Production System., ACL, 1981"], "David D. McDonald": ["Language Production: the Source of the Dictionary., ACL, 1981"], "Rachel Reichman": ["Analogies in Spontaneous Discourse., ACL, 1981"], "Robin Cohen": ["Investigation of Processing Strategies for the Structural Analysis of Arguments., ACL, 1981"], "James F. Allen": ["What's Necessary to Hide?: Modeling Action Verbs., ACL, 1981"], "Robert E. Frederking": ["A Rule-based Conversation Participant., ACL, 1981"], "Kate Ehrlich": ["Search and Inference Strategies in Pronoun Resolution: an Experimental Study., ACL, 1981"], "Jane J. Robinson": ["Perspectives on Parsing Issues., ACL, 1981"], "Robert J. Bobrow": ["Some Issues in Parsing and Natural Language Understanding., ACL, 1981"], "Ralph Grishman": ["Parsing., ACL, 1981"], "Ronald M. Kaplan": ["A View of Parsing., ACL, 1981"], "Christopher Riesbeck": ["Perspectives on Parsing Issues., ACL, 1981"], "Douglas B. Moran": ["Presupposition and Implicature in Model-Theoretic Pragmatics., ACL, 1981"], "Jon Barwise": ["Some Computational Aspects of Situation Semantics., ACL, 1981"], "David Andreoff": ["A Situation Semantics Approach to the Analysis of speech Acts'., ACL, 1981"], "Robert C. Moore": ["Problems in Logical Form., ACL, 1981"], "Martha Palmer": ["A Case for Rule-Driven Semantic Processing., ACL, 1981"], "Robert A. Amsler": ["A Taxonomy for English Nouns and Verbs., ACL, 1981"], "S. Jerrold Kaplan": ["Interpreting Natural Language Database Updates., ACL, 1981"], "Jaime G. Carbonell": ["Dynamic Strategy Selection in Flexible Parsing., ACL, 1981"], "Philip J. Hayes": ["A Construction-Specific approach to Focused Interaction in Flexible Parsing., ACL, 1981"], "Madeleine Bates": ["Controlled Transformational Sentence Generation., ACL, 1981"], "Gary G. Hendrix": ["Transportable Natural-Language Interfaces to Databases., ACL, 1981"], "Henry Thompson": ["Chart Parsing and Rule Schemata in PSG., ACL, 1981"]}