{"Tong Zhang": ["A High-Performance Semi-Supervised Learning Method for Text Chunking., ACL, 2005", "A Localized Prediction Model for Statistical Machine Translation., ACL, 2005"], "Miles Osborne": ["Scaling Conditional Random Fields Using Error-Correcting Codes., ACL, 2005", "Logarithmic Opinion Pools for Conditional Random Fields., ACL, 2005"], "James R. Curran": ["Supersense Tagging of Unknown Nouns Using Semantic Similarity., ACL, 2005"], "Wee Sun Lee": ["Learning Semantic Classes for Word Sense Disambiguation., ACL, 2005"], "Martha Palmer": ["The Role of Semantic Roles in Disambiguating Verb Senses., ACL, 2005", "Machine Translation Using Probabilistic Synchronous Dependency Insertion Grammars., ACL, 2005"], "Michael Glass": ["Aggregation Improves Learning: Experiments in Natural Language Generation for Intelligent Tutoring Systems., ACL, 2005"], "Roger Evans": ["Empirically-based Control of Natural Language Generation., ACL, 2005"], "Daniel Marcu": ["Towards Developing Generation Algorithms for Text-to-Text Applications., ACL, 2005"], "Jun'ichi Tsujii": ["Probabilistic CFG with Latent Annotations., ACL, 2005", "Probabilistic Disambiguation Models for Wide-Coverage HPSG Parsing., ACL, 2005"], "Fernando C. N. Pereira": ["Online Large-Margin Training of Dependency Parsers., ACL, 2005"], "Jens Nilsson": ["Pseudo-Projective Dependency Parsing., ACL, 2005"], "Ido Dagan": ["The Distributional Inclusion Hypotheses and Lexical Entailment., ACL, 2005"], "Lillian Lee": ["Seeing Stars: Exploiting Class Relationships for Sentiment Categorization with Respect to Rating Scales., ACL, 2005"], "Patrick Pantel": ["Inducing Ontological Co-occurrence Vectors., ACL, 2005"], "Manabu Okumura": ["Extracting Semantic Orientations of Words using Spin Model., ACL, 2005"], "Mirella Lapata": ["Modeling Local Coherence: An Entity-Based Approach., ACL, 2005"], "Ben Hutchinson": ["Modelling the Substitutability of Discourse Connectives., ACL, 2005"], "Vincent Ng": ["Machine Learning for Coreference Resolution: From Local Classification to Global Ranking., ACL, 2005"], "Chew Lim Tan": ["Improving Pronoun Resolution Using Statistics-Based Semantic Compatibility Information., ACL, 2005", "Word Sense Disambiguation Using Label Propagation Based Semi-Supervised Learning., ACL, 2005"], "Mark Johnson": ["Coarse-to-Fine n-Best Parsing and MaxEnt Discriminative Reranking., ACL, 2005"], "Ivan Titov": ["Data-Defined Kernels for Parse Reranking Derived from Probabilistic Models., ACL, 2005"], "Hideki Isozaki": ["Boosting-based Parse Reranking with Subtree Features., ACL, 2005"], "Brian MacWhinney": ["Automatic Measurement of Syntactic Development in Child Language., ACL, 2005"], "Dan I. Moldovan": ["Experiments with Interactive Question-Answering., ACL, 2005"], "Yutaka Sasaki": ["Question Answering as Question-Biased Term Extraction: A New Approach toward Multilingual QA., ACL, 2005", "Context-Dependent SMT Model using Bilingual Verb-Noun Collocation., ACL, 2005"], "Keith Trnka": ["Exploring and Exploiting the Limited Utility of Captions in Recognizing Intention in Information Graphics., ACL, 2005"], "Raquel Fern\u00e1ndez": ["Scaling up from Dialogue to Multilogue: Some Principles and Benchmarks., ACL, 2005"], "Johanna D. Moore": ["Implications for Generating Clarification Requests in Task-Oriented Dialogues., ACL, 2005"], "David Schlangen": ["Towards Finding and Fixing Fragments-Using ML to Identify Non-Sentential Utterances and their Antecedents in Multi-Party Dialogue., ACL, 2005"], "Josh Schroeder": ["Scaling Phrase-Based Statistical Machine Translation to Larger Corpora and Longer Phrases., ACL, 2005"], "David Chiang": ["A Hierarchical Phrase-Based Model for Statistical Machine Translation., ACL, 2005"], "Colin Cherry": ["Dependency Treelet Translation: Syntactically Informed Phrasal SMT., ACL, 2005"], "Felisa Verdejo": ["QARLA: A Framework for the Evaluation of Text Summarization Systems., ACL, 2005"], "Eugene Charniak": ["Supervised and Unsupervised Learning for Sentence Compression., ACL, 2005"], "Eduard H. Hovy": ["Digesting Virtual \"Geek\" Culture: The Summarization of Technical Internet Relay Chats., ACL, 2005", "Randomized Algorithms and NLP: Using Locality Sensitive Hash Functions for High Speed Noun Clustering., ACL, 2005"], "Frank Keller": ["Lexicalization in Crosslinguistic Probabilistic Parsing: The Case of French., ACL, 2005"], "Amit Dubey": ["What to Do When Lexicalization Fails: Parsing German with Suffix Analysis and Smoothing., ACL, 2005"], "Walt Detmar Meurers": ["Detecting Errors in Discontinuous Structural Annotation., ACL, 2005"], "Sanae Fujita": ["High Precision Treebanking-Blazing Useful Trees Using POS Information., ACL, 2005"], "Jeff A. Bilmes": ["A Dynamic Bayesian Framework to Model Context and Memory in Edit Distance Learning: An Application to Pronunciation Classification., ACL, 2005"], "Ying Lin": ["Learning Stochastic OT Grammars: A Bayesian Approach using Data Augmentation and Gibbs Sampling., ACL, 2005"], "Jason Eisner": ["Contrastive Estimation: Training Log-Linear Models on Unlabeled Data., ACL, 2005"], "Christopher D. Manning": ["Incorporating Non-local Information into Information Extraction Systems by Gibbs Sampling., ACL, 2005", "Unsupervised Learning of Field Segmentation Models for Information Extraction., ACL, 2005", "Joint Learning Improves Semantic Role Labeling., ACL, 2005"], "Mark A. Greenwood": ["A Semantic Approach to IE Pattern Induction., ACL, 2005"], "Dekai Wu": ["Word Sense Disambiguation vs. Statistical Machine Translation., ACL, 2005"], "Carlo Strapparava": ["Domain Kernels for Word Sense Disambiguation., ACL, 2005", "HAHAcronym: A Computational Humor System., ACL, 2005"], "Ralph Grishman": ["Improving Name Tagging by Reference Resolution and Relation Detection., ACL, 2005", "Extracting Relations with Integrated Information Using Kernel Methods., ACL, 2005"], "Min Zhang": ["Exploring Various Knowledge in Relation Extraction., ACL, 2005"], "Mari Ostendorf": ["A Quantitative Analysis of Lexical Differences Between Genders in Telephone Conversations., ACL, 2005", "Reading Level Assessment Using Support Vector Machines and Statistical Language Models., ACL, 2005"], "Alex Acero": ["Position Specific Posterior Lattices for Indexing Speech., ACL, 2005", "SPEECH OGLE: Indexing Uncertainty for Spoken Document Search., ACL, 2005"], "Mary P. Harper": ["Using Conditional Random Fields for Sentence Boundary Detection in Speech., ACL, 2005"], "Shouxun Lin": ["Log-Linear Models for Word Alignment., ACL, 2005"], "Zhanyi Liu": ["Alignment Model Adaptation for Domain-Specific Word Alignment., ACL, 2005"], "Daniel Gildea": ["Stochastic Lexicalized Inversion Transduction Grammar for Alignment., ACL, 2005"], "David Yarowsky": ["Multi-Field Information Extraction and Cross-Document Fusion., ACL, 2005"], "Peter S. White": ["Simple Algorithms for Complex Relation Extraction with Applications to Biomedical IE., ACL, 2005"], "Ming Zhou": ["Resume Information Extraction with Cascaded Hybrid Model., ACL, 2005"], "Murat Saraclar": ["Discriminative Syntactic Language Modeling for Speech Recognition., ACL, 2005"], "Bin Ma": ["A Phonotactic Language Model for Spoken Language Identification., ACL, 2005"], "Ivona Kucerova": ["Clause Restructuring for Statistical Machine Translation., ACL, 2005"], "James Shaw": ["Instance-based Sentence Boundary Determination by Optimization for Natural Language Generation., ACL, 2005"], "Owen Rambow": ["Arabic Tokenization, Part-of-Speech Tagging and Morphological Disambiguation in One Fell Swoop., ACL, 2005"], "Daniel Jurafsky": ["Semantic Role Labeling Using Different Syntactic Views., ACL, 2005"], "Chris Callison-Burch": ["Paraphrasing with Bilingual Parallel Corpora., ACL, 2005"], "Paul Deane": ["A Nonparametric Method for Extraction of Candidate Phrasal Terms., ACL, 2005"], "Ted Briscoe": ["Automatic Acquisition of Adjectival Subcategorization from Corpora., ACL, 2005"], "Xiaofei Lu": ["Hybrid Methods for POS Guessing of Chinese Unknown Words., ACL, 2005"], "Naglaa Thabet": ["Understanding the Thematic Structure of the Qur'an: An Exploratory Multivariate Approach., ACL, 2005"], "Pavel Pecina": ["An Extensive Empirical Study of Collocation Extraction Methods., ACL, 2005"], "Kevin Duh": ["Jointly Labeling Multiple Sequences: A Factorial HMM Approach., ACL, 2005"], "Thamar Solorio": ["Exploiting Named Entity Taggers in a Second Language., ACL, 2005"], "Marta Tatu": ["Automatic Discovery of Intentions in Text and its Application to Question Answering., ACL, 2005"], "Matt Huenerfauth": ["American Sign Language Generation: Multimodal NLG with Multiple Linguistic Channels., ACL, 2005"], "Jonathon Read": ["Using Emoticons to Reduce Dependency in Machine Learning Techniques for Sentiment Classification., ACL, 2005"], "Angus Roberts": ["Learning Meronyms from Biomedical Text., ACL, 2005"], "Beata Beigman Klebanov": ["Using Readers to Identify Lexical Cohesive Structures in Texts., ACL, 2005"], "Inge M. R. De Bleecker": ["Towards an Optimal Lexicalization in a Natural-Sounding Portable Natural Language Generator for Dialog Systems., ACL, 2005"], "Adri\u00e0 de Gispert": ["Phrase Linguistic Classification and Generalization for Improving Statistical Machine Translation., ACL, 2005"], "Ruken Cakici": ["Automatic Induction of a CCG Grammar for Turkish., ACL, 2005"], "Edward Ivanovic": ["Dialogue Act Tagging for Instant Messaging Chat Sessions., ACL, 2005"], "Eugene Grois": ["Learning Strategies for Open-Domain Natural Language Question Answering., ACL, 2005"], "Heidi Fox": ["Dependency-Based Statistical Machine Translation., ACL, 2005"], "Asad B. Sayeed": ["Minimalist Parsing of Subjects Displaced from Embedded Clauses in Free Word Order Languages., ACL, 2005"], "Zhuli Xie": ["Centrality Measures in Text Mining: Prediction of Noun Phrases that Appear in Abstracts., ACL, 2005"], "Jakob Elming": ["A Corpus-Based Approach to Topic in Danish dialog., ACL, 2005"], "Oana Postolache": ["Learning Information Structure in the Prague Treebank., ACL, 2005"], "Pavel Machek": ["Speech Recognition of Czech-Inclusion of Rare Words Helps., ACL, 2005"], "Sylwia Ozdowska": ["Using Bilingual Dependencies to Align Words in English/French Parallel Corpora., ACL, 2005"], "Beatrice Alex": ["An Unsupervised System for Identifying English Inclusions in German Text., ACL, 2005"], "Kazuhiro Yoshida": ["Corpus-Oriented Development of Japanese HPSG Parsers., ACL, 2005"], "Anagha Kulkarni": ["Unsupervised Discrimination and Labeling of Ambiguous Names., ACL, 2005"], "Jeffrey Russell": ["A Domain-Specific Statistical Surface Realizer., ACL, 2005"], "Matthew Stone": ["An Information-State Approach to Collaborative Reference., ACL, 2005"], "Hendrik Niederlich": ["Accessing GermaNet Data and Computing Semantic Relatedness., ACL, 2005"], "Stefan Thater": ["Efficient Solving and Exploration of Scope Ambiguities., ACL, 2005"], "Kenneth C. Litkowski": ["CL Research's Knowledge Management System., ACL, 2005"], "Cathy H. Wu": ["Dynamically Generating a Protein Entity Dictionary Using Online Resources., ACL, 2005"], "Myung-Gil Jang": ["Descriptive Question Answering in Encyclopedia., ACL, 2005"], "Patrick H. Duffy": ["High Throughput Modularized NLP System for Clinical Text., ACL, 2005"], "Jean-Michel Renders": ["A Voice Enabled Procedure Browser for the International Space Station., ACL, 2005"], "Aaron Elkiss": ["The Linguist's Search Engine: An Overview., ACL, 2005"], "Jason S. Chang": ["Learning Source-Target Surface Patterns for Web-based Terminology Translation., ACL, 2005"], "Roberta Catizone": ["Multimodal Generation in the COMIC Dialogue System., ACL, 2005"], "Rada Mihalcea": ["Language Independent Extractive Summarization., ACL, 2005"], "Andras Csomai": ["SenseLearner: Word Sense Disambiguation for All Words in Unrestricted Text., ACL, 2005"], "Rebecca Hwa": ["Syntax-based Semi-Supervised Named Entity Tagging., ACL, 2005", "Word Alignment and Cross-Lingual Resource Acquisition., ACL, 2005"], "Kuniko Saito": ["Portable Translator Capable of Recognizing Characters on Signboard and Menu Captured by its Built-in Camera., ACL, 2005"], "Marti A. Hearst": ["Supporting Annotation Layers for Natural Language Processing., ACL, 2005"], "Ted Pedersen": ["SenseRelate: : TargetWord-A Generalized Framework for Word Sense Disambiguation., ACL, 2005", "SenseClusters: Unsupervised Clustering and Labeling of Similar Contexts., ACL, 2005"], "Reinhard Rapp": ["A Practical Solution to the Problem of Automatic Part-of-Speech Induction from Text., ACL, 2005"], "James Pustejovsky": ["Automating Temporal Annotation with TARSQI., ACL, 2005"], "Gregory Aist": ["Two Diverse Systems Built using Generic Components for Spoken Dialogue (Recent Progress on TRIPS)., ACL, 2005"], "David R. Traum": ["Transonics: A Practical Speech-to-Speech Translator for English-Farsi Medical Dialogs., ACL, 2005"], "Bo Thiesson": ["The Wild Thing., ACL, 2005"], "Hayward H. Chan": ["Interactively Exploring a Machine Translation Model., ACL, 2005"], "Alon Lavie": ["Multi-Engine Machine Translation Guided by Explicit Word Matching., ACL, 2005"], "Christoph M\u00fcller": ["A Flexible Stand-Off Data Model with Query Language for Multi-Level Annotation., ACL, 2005"], "Hitoshi Isahara": ["Organizing English Reading Materials for Vocabulary Learning., ACL, 2005"], "Hiroshi Nakagawa": ["Reformatting Web Documents via Header Trees., ACL, 2005"]}