{"Pengfei Liu": ["Adversarial Multi-task Learning for Text Classification., ACL, 2017"], "Steffen Eger": ["Neural End-to-End Learning for Computational Argumentation Mining., ACL, 2017"], "Chen Liang": ["Neural Symbolic Machines: Learning Semantic Parsers on Freebase with Weak Supervision., ACL, 2017"], "Yankai Lin": ["Neural Relation Extraction with Multi-lingual Attention., ACL, 2017"], "Jianpeng Cheng": ["Learning Structured Natural Language Representations for Semantic Parsing., ACL, 2017", "A Generative Parser with a Discriminative Recognition Algorithm., ACL, 2017"], "Ivan Vulic": ["Morph-fitting: Fine-Tuning Word Vector Spaces with Simple Language-Specific Rules., ACL, 2017"], "Alex Gittens": ["Skip-Gram - Zipf + Uniform = Vector Additivity., ACL, 2017"], "Omri Abend": ["The State of the Art in Semantic Representation., ACL, 2017"], "Jing Lu": ["Joint Learning for Event Coreference Resolution., ACL, 2017"], "Ting Liu": ["Generating and Exploiting Large-scale Pseudo Training Data for Zero Pronoun Resolution., ACL, 2017"], "Wei Song": ["Discourse Mode Identification in Essays., ACL, 2017"], "Jonas Gehring": ["A Convolutional Encoder Model for Neural Machine Translation., ACL, 2017"], "Mingxuan Wang": ["Deep Neural Machine Translation with Linear Associative Unit., ACL, 2017"], "Ioannis Konstas": ["Neural AMR: Sequence-to-Sequence Models for Parsing and Generation., ACL, 2017"], "Wang Ling": ["Program Induction by Rationale Generation: Learning to Solve and Explain Algebraic Word Problems., ACL, 2017"], "Jack Hopkins": ["Automatically Generating Rhythmic Verse with Neural Networks., ACL, 2017"], "Claire Gardent": ["Creating Training Corpora for NLG Micro-Planners., ACL, 2017"], "Wenhui Wang": ["Gated Self-Matching Networks for Reading Comprehension and Question Answering., ACL, 2017"], "Shizhu He": ["Generating Natural Answers by Incorporating Copying and Retrieving Mechanisms in Sequence-to-Sequence Learning., ACL, 2017"], "Eunsol Choi": ["Coarse-to-Fine Question Answering for Long Documents., ACL, 2017"], "Yanchao Hao": ["An End-to-End Model for Question Answering over Knowledge Base with Cross-Attention Combining Global Knowledge., ACL, 2017"], "Jacob Andreas": ["Translating Neuralese., ACL, 2017"], "Sina Zarrie\u00df": ["Obtaining referential word meanings from visual and distributional information: Experiments on object naming., ACL, 2017"], "Ravi Shekhar": ["FOIL it! Find One mismatch between Image and Language caption., ACL, 2017"], "Maxwell Forbes": ["Verb Physics: Relative Physical Knowledge of Actions and Objects., ACL, 2017"], "Masashi Yoshikawa": ["A* CCG Parsing with a Supertag and Dependency Factored Model., ACL, 2017"], "Daniel Fern\u00e1ndez-Gonz\u00e1lez": ["A Full Non-Monotonic Transition System for Unrestricted Non-Projective Parsing., ACL, 2017"], "An Thanh Nguyen": ["Aggregating and Predicting Sequence Labels from Crowd Annotations., ACL, 2017"], "Chunting Zhou": ["Multi-space Variational Encoder-Decoders for Semi-supervised Labeled Sequence Transduction., ACL, 2017"], "Zhe Gan": ["Scalable Bayesian Learning of Recurrent Neural Networks for Language Modeling., ACL, 2017"], "Marcel Bollmann": ["Learning attention for historical text normalization by learning to pronounce., ACL, 2017"], "Danilo Croce": ["Deep Learning in Semantic Kernel Spaces., ACL, 2017"], "Jey Han Lau": ["Topically Driven Neural Language Model., ACL, 2017"], "Xuepeng Wang": ["Handling Cold-Start Problem in Review Spam Detection by Jointly Embedding Texts and Behaviors., ACL, 2017"], "Abhijit Mishra": ["Learning Cognitive Features from Gaze Data for Sentiment and Sarcasm Classification using Convolutional Neural Network., ACL, 2017"], "Ruidan He": ["An Unsupervised Neural Attention Model for Aspect Extraction., ACL, 2017"], "Akira Sasaki": ["Other Topics You May Also Agree or Disagree: Modeling Inter-Topic Preferences using Tweets and Matrix Factorization., ACL, 2017"], "Yubo Chen": ["Automatically Labeled Data Generation for Large Scale Event Extraction., ACL, 2017"], "Xiaoshi Zhong": ["Time Expression Analysis and Recognition Using Syntactic Token Types and General Heuristic Rules., ACL, 2017"], "Bingfeng Luo": ["Learning with Noise: Enhance Distantly Supervised Relation Extraction with Dynamic Transition Matrix., ACL, 2017"], "Pengcheng Yin": ["A Syntactic Neural Model for General-Purpose Code Generation., ACL, 2017"], "Mikel Artetxe": ["Learning bilingual word embeddings with (almost) no bilingual data., ACL, 2017"], "William Foland": ["Abstract Meaning Representation Parsing using LSTM Recurrent Neural Networks., ACL, 2017"], "Luheng He": ["Deep Semantic Role Labeling: What Works and What's Next., ACL, 2017"], "Bhuwan Dhingra": ["Towards End-to-End Reinforcement Learning of Dialogue Agents for Information Access., ACL, 2017", "Gated-Attention Readers for Text Comprehension., ACL, 2017"], "Yu Wu": ["Sequential Matching Network: A New Architecture for Multi-turn Response Selection in Retrieval-Based Chatbots., ACL, 2017"], "David Harwath": ["Learning Word-Like Units from Joint Audio-Visual Analysis., ACL, 2017"], "Takaaki Hori": ["Joint CTC/attention decoding for end-to-end speech recognition., ACL, 2017"], "Ella Rabinovich": ["Found in Translation: Reconstructing Phylogenetic Language Trees from Translations., ACL, 2017"], "Yevgeni Berzak": ["Predicting Native Language from Gaze., ACL, 2017"], "Tarek Sakakini": ["MORSE: Semantic-ally Drive-n MORpheme SEgment-er., ACL, 2017"], "Rie Johnson": ["Deep Pyramid Convolutional Neural Networks for Text Categorization., ACL, 2017"], "Mo Yu": ["Improved Neural Relation Detection for Knowledge Base Question Answering., ACL, 2017"], "Rui Meng": ["Deep Keyphrase Generation., ACL, 2017"], "Yiming Cui": ["Attention-over-Attention Neural Networks for Reading Comprehension., ACL, 2017"], "Gabriel Doyle": ["Alignment at Work: Using Language to Distinguish the Internalization and Self-Regulation Components of Cultural Fit in Organizations., ACL, 2017"], "Grzegorz Chrupala": ["Representations of language in a model of visually grounded speech signal., ACL, 2017"], "Yang Xu": ["Spectral Analysis of Information Density in Dialogue Predicts Collaborative Task Performance., ACL, 2017"], "Sayan Ghosh": ["Affect-LM: A Neural Language Model for Customizable Affective Text Generation., ACL, 2017"], "Young-Bum Kim": ["Domain Attention with an Ensemble of Experts., ACL, 2017", "Adversarial Adaptation of Synthetic or Stale Data., ACL, 2017"], "Tiancheng Zhao": ["Learning Discourse-level Diversity for Neural Dialog Models using Conditional Variational Autoencoders., ACL, 2017"], "Jason D. Williams": ["Hybrid Code Networks: practical and efficient end-to-end dialog control with supervised and reinforcement learning., ACL, 2017"], "Martin Villalba": ["Generating Contrastive Referring Expressions., ACL, 2017"], "Junhui Li": ["Modeling Source Syntax for Neural Machine Translation., ACL, 2017"], "Shuangzhi Wu": ["Sequence-to-Dependency Neural Machine Translation., ACL, 2017"], "Jing Ma": ["Detect Rumors in Microblog Posts Using Propagation Structure via Kernel Learning., ACL, 2017"], "Muhammad Abdul-Mageed": ["EmoNet: Fine-Grained Emotion Detection with Gated Recurrent Neural Networks., ACL, 2017"], "Daniel Preotiuc-Pietro": ["Beyond Binary Labels: Political Ideology Prediction of Twitter Users., ACL, 2017"], "Kristen Johnson": ["Leveraging Behavioral and Social Information for Weakly Supervised Collective Classification of Political Discourse on Twitter., ACL, 2017"], "Jianshu Ji": ["A Nested Attention Neural Hybrid Model for Grammatical Error Correction., ACL, 2017"], "Yassine Mrabet": ["TextFlow: A Text Similarity Measure based on Continuous Sequences., ACL, 2017"], "Chenhao Tan": ["Friendships, Rivalries, and Trysts: Characterizing Relations between Ideas in Texts., ACL, 2017"], "Alina Wr\u00f3blewska": ["Polish evaluation dataset for compositional distributional semantics models., ACL, 2017"], "Christopher Bryant": ["Automatic Annotation and Evaluation of Error Types for Grammatical Error Correction., ACL, 2017"], "Saku Sugawara": ["Evaluation Metrics for Machine Reading Comprehension: Prerequisite Skills and Readability., ACL, 2017"], "Mitchell Stern": ["A Minimal Span-Based Neural Constituency Parser., ACL, 2017"], "Weiwei Sun": ["Semantic Dependency Parsing via Book Embedding., ACL, 2017"], "Jie Yang": ["Neural Word Segmentation with Rich Pretraining., ACL, 2017"], "Yusuke Oda": ["Neural Machine Translation via Binary Code Prediction., ACL, 2017"], "Yonatan Belinkov": ["What do Neural Machine Translation Models Learn about Morphology?, ACL, 2017"], "Soujanya Poria": ["Context-Dependent Sentiment Analysis in User-Generated Videos., ACL, 2017"], "Umashanthi Pavalanathan": ["A Multidimensional Lexicon for Interpersonal Stancetaking., ACL, 2017"], "Jeffrey Lund": ["Tandem Anchoring: a Multiword Anchor Approach for Interactive Topic Modeling., ACL, 2017"], "Omid Bakhshandeh": ["Apples to Apples: Learning Semantics of Common Entities Through a Novel Comprehension Task., ACL, 2017"], "Arzoo Katiyar": ["Going out on a limb: Joint Extraction of Entity Mentions and Relations without Dependency Trees., ACL, 2017"], "Sida I. Wang": ["Naturalizing a Programming Language via Interactive Learning., ACL, 2017"], "Jo\u00e3o Sedoc": ["Semantic Word Clusters Using Signed Spectral Clustering., ACL, 2017"], "Qizhe Xie": ["An Interpretable Knowledge Transfer Model for Knowledge Base Completion., ACL, 2017"], "Srinivasan Iyer": ["Learning a Neural Semantic Parser from User Feedback., ACL, 2017"], "Kechen Qin": ["Joint Modeling of Content and Discourse Relations in Dialogues., ACL, 2017"], "Vlad Niculae": ["Argument Mining with Structured SVMs and RNNs., ACL, 2017"], "Yangfeng Ji": ["Neural Discourse Structure for Text Categorization., ACL, 2017"], "Lianhui Qin": ["Adversarial Connective-exploiting Networks for Implicit Discourse Relation Classification., ACL, 2017"], "Iryna Haponchyk": ["Don't understand a measure? Learn it: Structured Prediction for Coreference Resolution optimizing its measures., ACL, 2017"], "Nicholas Andrews": ["Bayesian Modeling of Lexical Resources for Low-Resource Settings., ACL, 2017"], "Zhilin Yang": ["Semi-Supervised QA with Generative Domain-Adaptive Nets., ACL, 2017"], "Kelvin Guu": ["From Language to Programs: Bridging Reinforcement Learning and Maximum Marginal Likelihood., ACL, 2017"], "Preksha Nema": ["Diversity driven attention model for query-based abstractive summarization., ACL, 2017"], "Abigail See": ["Get To The Point: Summarization with Pointer-Generator Networks., ACL, 2017"], "Maxime Peyrard": ["Supervised Learning of Automatic Pyramid for Optimization-Based Multi-Document Summarization., ACL, 2017", "A Principled Framework for Evaluating Summarizers: Comparing Models of Summary Quality against Human Judgments., ACL, 2017"], "Qingyu Zhou": ["Selective Encoding for Abstractive Sentence Summarization., ACL, 2017"], "Corina Florescu": ["PositionRank: An Unsupervised Approach to Keyphrase Extraction from Scholarly Documents., ACL, 2017"], "Ryan Lowe": ["Towards an Automatic Turing Test: Learning to Evaluate Dialogue Responses., ACL, 2017"], "Daniel Hershcovich": ["A Transition-Based Directed Acyclic Graph Parser for UCCA., ACL, 2017"], "Maxim Rabinovich": ["Abstract Syntax Networks for Code Generation and Semantic Parsing., ACL, 2017", "Fine-Grained Entity Typing with High-Multiplicity Assignments., ACL, 2017"], "Yanzhuo Ding": ["Visualizing and Understanding Neural Machine Translation., ACL, 2017"], "Ines Rehbein": ["Detecting annotation noise in automatically labelled data., ACL, 2017"], "Jiwei Tan": ["Abstractive Document Summarization with a Graph-Based Attentional Neural Model., ACL, 2017"], "Ryan Cotterell": ["Probabilistic Typology: Deep Generative Models of Vowel Inventories., ACL, 2017"], "Xinchi Chen": ["Adversarial Multi-Criteria Learning for Chinese Word Segmentation., ACL, 2017"], "Shuhei Kurita": ["Neural Joint Model for Transition-based Chinese Syntactic Analysis., ACL, 2017"], "Jan Buys": ["Robust Incremental Neural Semantic Graph Parsing., ACL, 2017"], "Suncong Zheng": ["Joint Extraction of Entities and Relations Based on a Novel Tagging Scheme., ACL, 2017"], "Mingbin Xu": ["A Local Detection Approach for Named Entity Recognition and Mention Detection., ACL, 2017"], "Milan Gritta": ["Vancouver Welcomes You! Minimalist Location Metonymy Resolution., ACL, 2017"], "Yasuhide Miura": ["Unifying Text, Metadata, and User Network Representations with a Neural Network for Geolocation Prediction., ACL, 2017"], "Ramakanth Pasunuru": ["Multi-Task Video Captioning with Video and Entailment Generation., ACL, 2017"], "Leandro Borges dos Santos": ["Enriching Complex Networks with Word Embeddings for Detecting Mild Cognitive Impairment from Speech Transcripts., ACL, 2017"], "Satoshi Akasaki": ["Chat Detection in an Intelligent Assistant: Combining Task-oriented and Non-task-oriented Spoken Dialogue Systems., ACL, 2017"], "Dat Tien Nguyen": ["A Neural Local Coherence Model., ACL, 2017"], "Tomer Cagan": ["Data-Driven Broad-Coverage Grammars for Opinionated Natural Language Generation (ONLG)., ACL, 2017"], "Xinya Du": ["Learning to Ask: Neural Question Generation for Reading Comprehension., ACL, 2017"], "P. V. S. Avinesh": ["Joint Optimization of User-desired Content in Multi-document Summaries by Learning from User Feedback., ACL, 2017"], "Jiyuan Zhang": ["Flexible and Creative Chinese Poetry Generation Using Neural Memory., ACL, 2017"], "Soichiro Murakami": ["Learning to Generate Market Comments from Stock Prices., ACL, 2017"], "Liangguo Wang": ["Can Syntax Help? Improving an LSTM-based Sentence Compression Model for New Domains., ACL, 2017"], "Chengyu Wang": ["Transductive Non-linear Learning for Chinese Hypernym Prediction., ACL, 2017"], "Pengtao Xie": ["A Constituent-Centric Neural Architecture for Reading Comprehension., ACL, 2017"], "Ruochen Xu": ["Cross-lingual Distillation for Text Classification., ACL, 2017"], "Ver\u00f3nica P\u00e9rez-Rosas": ["Understanding and Predicting Empathic Behavior in Counseling Therapy., ACL, 2017"], "Bishan Yang": ["Leveraging Knowledge Bases in LSTMs for Improving Machine Reading., ACL, 2017"], "Liangming Pan": ["Prerequisite Relation Learning for Concepts in MOOCs., ACL, 2017"], "Shervin Malmasi": ["Unsupervised Text Segmentation Based on Native Language Characteristics., ACL, 2017", "Feature Hashing for Language and Dialect Identification., ACL, 2017"], "Jian Ni": ["Weakly Supervised Cross-Lingual Named Entity Recognition via Effective Annotation and Representation Projection., ACL, 2017"], "Abhisek Chakrabarty": ["Context Sensitive Lemmatization Using Two Successive Bidirectional Gated Recurrent Networks., ACL, 2017"], "Kazuya Kawakami": ["Learning to Create and Reuse Words in Open-Vocabulary Neural Language Modeling., ACL, 2017"], "Julia Kreutzer": ["Bandit Structured Prediction for Neural Sequence-to-Sequence Learning., ACL, 2017"], "Jiacheng Zhang": ["Prior Knowledge Integration for Neural Machine Translation using Posterior Regularization., ACL, 2017"], "Jinchao Zhang": ["Incorporating Word Reordering Knowledge into Attention-based Neural Machine Translation., ACL, 2017"], "Chris Hokamp": ["Lexically Constrained Decoding for Sequence Generation Using Grid Beam Search., ACL, 2017"], "Edmund Tong": ["Combating Human Trafficking with Multimodal Deep Models., ACL, 2017"], "Swee Kiat Lim": ["MalwareTextDB: A Database for Annotated Malware Articles., ACL, 2017"], "Fan Zhang": ["A Corpus of Annotated Revisions for Studying Argumentative Writing., ACL, 2017"], "Dmitry Ustalov": ["Automatic Induction of Synsets from a Graph of Synonyms., ACL, 2017"], "Hiroki Ouchi": ["Neural Modeling of Multi-Predicate Interactions for Japanese Predicate Argument Structure Analysis., ACL, 2017"], "Mandar Joshi": ["TriviaQA: A Large Scale Distantly Supervised Challenge Dataset for Reading Comprehension., ACL, 2017"], "Kyle Richardson": ["Learning Semantic Correspondences in Technical Documentation., ACL, 2017"], "Yixin Cao": ["Bridge Text and Knowledge by Learning Multi-Prototype Entity Mention Embedding., ACL, 2017"], "Lanbo She": ["Interactive Learning of Grounded Verb Semantics towards Human-Robot Communication., ACL, 2017"], "Ben Athiwaratkun": ["Multimodal Word Distributions., ACL, 2017"], "Qian Chen": ["Enhanced LSTM for Natural Language Inference., ACL, 2017"], "Anil Ramakrishna": ["Linguistic analysis of differences in portrayal of movie characters., ACL, 2017"], "Qiao Qian": ["Linguistically Regularized LSTM for Sentiment Classification., ACL, 2017"], "Lotem Peled": ["Sarcasm SIGN: Interpreting Sarcasm with Sentiment Based Monolingual Machine Translation., ACL, 2017"], "Fangzhao Wu": ["Active Sentiment Domain Adaptation., ACL, 2017"], "Navid Rekabsaz": ["Volatility Prediction using Financial Disclosures Sentiments with Word Embedding-based IR Models., ACL, 2017"], "Cunchao Tu": ["CANE: Context-Aware Network Embedding for Relation Modeling., ACL, 2017"], "Hongmin Wang": ["Universal Dependencies Parsing for Colloquial Singaporean English., ACL, 2017"], "Anssi Yli-Jyr\u00e4": ["Generic Axiomatization of Families of Noncrossing Graphs in Dependency Parsing., ACL, 2017"], "Matthew E. Peters": ["Semi-supervised sequence tagging with bidirectional language models., ACL, 2017"], "He He": ["Learning Symmetric Collaborative Dialogue Agents with Dynamic Knowledge Graph Embeddings., ACL, 2017"], "Nikola Mrksic": ["Neural Belief Tracker: Data-Driven Dialogue State Tracking., ACL, 2017"], "Shulin Liu": ["Exploiting Argument Information to Improve Event Detection via Supervised Attention Mechanisms., ACL, 2017"], "Hesam Amoualian": ["Topical Coherence in LDA-based Models through Induced Segmentation., ACL, 2017"], "Hai Ye": ["Jointly Extracting Relations with Class Ties via Effective Deep Ranking., ACL, 2017"], "Mohit Iyyer": ["Search-based Neural Structured Learning for Sequential Question Answering., ACL, 2017"], "Jianbo Ye": ["Determining Gains Acquired from Word Embedding Quantitatively Using Discrete Distribution Clustering., ACL, 2017"], "Mohammad Taher Pilehvar": ["Towards a Seamless Integration of Word Senses into Downstream NLP Applications., ACL, 2017"], "Danqi Chen": ["Reading Wikipedia to Answer Open-Domain Questions., ACL, 2017"], "Adams Wei Yu": ["Learning to Skim Text., ACL, 2017"], "Vivek Srikumar": ["An Algebra for Feature Extraction., ACL, 2017"], "Shonosuke Ishiwatari": ["Chunk-based Decoder for Neural Machine Translation., ACL, 2017"], "Iacer Calixto": ["Doubly-Attentive Decoder for Multi-modal Neural Machine Translation., ACL, 2017"], "Yun Chen": ["A Teacher-Student Framework for Zero-Resource Neural Machine Translation., ACL, 2017"], "Huadong Chen": ["Improved Neural Machine Translation with a Syntax-Aware Encoder and Decoder., ACL, 2017"], "Xiaoman Pan": ["Cross-lingual Name Tagging and Linking for 282 Languages., ACL, 2017"], "Meng Zhang": ["Adversarial Training for Unsupervised Bilingual Lexicon Induction., ACL, 2017"], "Shruti Rijhwani": ["Estimating Code-Switching on Twitter with a Novel Generalized Word-Level Language Detection Technique., ACL, 2017"], "Michael Bloodgood": ["Using Global Constraints and Reranking to Improve Cognates Detection., ACL, 2017"], "Katharina Kann": ["One-Shot Neural Cross-Lingual Transfer for Paradigm Completion., ACL, 2017"], "Roee Aharoni": ["Morphological Inflection Generation with Hard Monotonic Attention., ACL, 2017", "Towards String-To-Tree Neural Machine Translation., ACL, 2017"], "Clara Vania": ["From Characters to Words to in Between: Do We Capture Morphology?, ACL, 2017"], "Alexander Fonarev": ["Riemannian Optimization for Skip-Gram Negative Sampling., ACL, 2017"], "Hao Peng": ["Deep Multitask Learning for Semantic Dependency Parsing., ACL, 2017"], "Yilin Niu": ["Improved Word Representation Learning with Sememes., ACL, 2017"], "Frederick Liu": ["Learning Character-level Compositionality with Visual Features., ACL, 2017"], "Qiaolin Xia": ["A Progressive Learning Approach to Chinese SRL Using Heterogeneous Data., ACL, 2017"], "John Wieting": ["Revisiting Recurrent Networks for Paraphrastic Sentence Embeddings., ACL, 2017"], "Pradeep Dasigi": ["Ontology-Aware Token Embeddings for Prepositional Phrase Attachment., ACL, 2017"], "Ellie Pavlick": ["Identifying 1950s American Jazz Musicians: Fine-Grained IsA Extraction via Modifier Composition., ACL, 2017"], "Junjie Cao": ["Parsing to 1-Endpoint-Crossing, Pagenumber-2 Graphs., ACL, 2017"], "Marek Rei": ["Semi-supervised Multitask Learning for Sequence Labeling., ACL, 2017"], "Takuya Matsuzaki": ["Semantic Parsing of Pre-university Math Problems., ACL, 2017"], "Fei Cheng": ["Classifying Temporal Relations by Bidirectional LSTM over Dependency Paths., ACL, 2017"], "Linfeng Song": ["AMR-to-text Generation with Synchronous Node Replacement Grammar., ACL, 2017"], "Nafise Sadat Moosavi": ["Lexical Features in Coreference Resolution: To be Used With Caution., ACL, 2017"], "Milos Stanojevic": ["Alternative Objective Functions for Training MT Evaluation Metrics., ACL, 2017"], "Emily Prud'hommeaux": ["Vector space models for evaluating semantic fluency in autism., ACL, 2017"], "Raymond Hendy Susanto": ["Neural Architectures for Multilingual Semantic Parsing., ACL, 2017"], "Andrey Malinin": ["Incorporating Uncertainty into Deep Learning for Spoken Language Assessment., ACL, 2017"], "David Jurgens": ["Incorporating Dialectal Variability for Socially Equitable Language Identification., ACL, 2017"], "Glorianna Jagfeld": ["Evaluating Compound Splitters Extrinsically with Textual Entailment., ACL, 2017"], "Spandana Gella": ["An Analysis of Action Recognition Datasets for Language and Vision Tasks., ACL, 2017"], "Akiko Eriguchi": ["Learning to Parse and Translate Improves Neural Machine Translation., ACL, 2017"], "Fatemeh Almodaresi": ["On the Distribution of Lexical Features at Multiple Levels of Analysis., ACL, 2017"], "Sergiu Nisioi": ["Exploring Neural Text Simplification Models., ACL, 2017"], "Daniel Dahlmeier": ["On the Challenges of Translating NLP Research into Commercial Products., ACL, 2017"], "Sanja Stajner": ["Sentence Alignment Methods for Improving Text Simplification Systems., ACL, 2017"], "Youxuan Jiang": ["Understanding Task Design Trade-offs in Crowdsourced Paraphrase Collection., ACL, 2017"], "Peng Qi": ["Arc-swift: A Novel Transition System for Dependency Parsing., ACL, 2017"], "Weiyue Wang": ["Hybrid Neural Network Alignment and Lexicon Model in Direct HMM for Statistical Machine Translation., ACL, 2017"], "Lena Reed": ["Learning Lexico-Functional Patterns for First-Person Affect., ACL, 2017"], "Lei Shu": ["Lifelong Learning CRF for Supervised Aspect Extraction., ACL, 2017"], "Ye Zhang": ["Exploiting Domain Knowledge via Grouped Weight Sharing with Application to Text Categorization., ACL, 2017"], "Daniel Fried": ["Improving Neural Parsing by Disentangling Model Combination and Reranking Effects., ACL, 2017"], "Oren Melamud": ["Information-Theory Interpretation of the Skip-Gram Negative-Sampling Objective Function., ACL, 2017"], "Michaeel Kazi": ["Implicitly-Defined Neural Networks for Sequence Labeling., ACL, 2017"], "Bogdan Ludusan": ["The Role of Prosody and Speech Register in Word Segmentation: A Computational Modelling Perspective., ACL, 2017"], "Yizhong Wang": ["A Two-Stage Parsing Method for Text-Level Discourse Analysis., ACL, 2017"], "Keisuke Sakaguchi": ["Error-repair Dependency Parsing for Ungrammatical Texts., ACL, 2017"], "Jindrich Libovick\u00fd": ["Attention Strategies for Multi-Source Sequence-to-Sequence Learning., ACL, 2017"], "Xinyu Hua": ["Understanding and Detecting Diverse Supporting Arguments on Controversial Issues., ACL, 2017"], "Afshin Rahimi": ["A Neural Model for User Geolocation and Lexical Dialectology., ACL, 2017"], "Alane Suhr": ["A Corpus of Natural Language for Visual Reasoning., ACL, 2017"], "Julien Tourille": ["Neural Architecture for Temporal Relation Extraction: A Bi-LSTM Approach for Detecting Narrative Containers., ACL, 2017"], "Zhiliang Tian": ["How to Make Context More Useful? An Empirical Study on Context-Aware Neural Conversational Models., ACL, 2017"], "Chlo\u00e9 Braud": ["Cross-lingual and cross-domain discourse segmentation of entire documents., ACL, 2017"], "Beata Beigman Klebanov": ["Detecting Good Arguments in a Non-Topic-Specific Way: An Oxymoron?, ACL, 2017"], "Henning Wachsmuth": ["Argumentation Quality Assessment: Theory vs. Practice., ACL, 2017"], "Samuel R\u00f6nnqvist": ["A Recurrent Neural Model with Attention for the Recognition of Chinese Implicit Discourse Relations., ACL, 2017"], "Xinhao Wang": ["Discourse Annotation of Non-native Spontaneous Spoken Responses Using the Rhetorical Structure Theory Framework., ACL, 2017"], "Changxing Wu": ["Improving Implicit Discourse Relation Recognition with Discourse-specific Word Embeddings., ACL, 2017"], "Tsutomu Hirao": ["Oracle Summaries of Compressive Summarization., ACL, 2017"], "Shun Hasegawa": ["Japanese Sentence Compression with a Large Training Dataset., ACL, 2017"], "Pablo Loyola": ["A Neural Architecture for Generating Natural Language Descriptions from Source Code Changes., ACL, 2017"], "Sam Wei": ["English Event Detection With Translated Language Features., ACL, 2017"], "Denis Savenkov": ["EviNets: Neural Networks for Combining Evidence Signals for Factoid Question Answering., ACL, 2017"], "Travis Wolfe": ["Pocket Knowledge Base Population., ACL, 2017"], "Tushar Khot": ["Answering Complex Questions Using Open Information Extraction., ACL, 2017"], "Swarnadeep Saha": ["Bootstrapping for Numerical Open IE., ACL, 2017"], "Alexandros Komninos": ["Feature-Rich Networks for Knowledge Base Completion., ACL, 2017"], "Mingbo Ma": ["Group Sparse CNNs for Question Classification with Answer Sets., ACL, 2017"], "Isabelle Augenstein": ["Multi-Task Learning of Keyphrase Boundary Classification., ACL, 2017"], "Paramita Mirza": ["Cardinal Virtues: Extracting Relation Cardinalities from Text., ACL, 2017"], "Gabriel Stanovsky": ["Integrating Deep Linguistic Features in Factuality Prediction over Unified Datasets., ACL, 2017"], "Rajarshi Das": ["Question Answering on Knowledge Bases and Text using Universal Schema and Memory Networks., ACL, 2017"], "Kartik Goyal": ["Differentiable Scheduled Sampling for Credit Assignment., ACL, 2017"], "Hongyu Guo": ["A Deep Network with Visual Text Composition Behavior., ACL, 2017"], "Long Zhou": ["Neural System Combination for Machine Translation., ACL, 2017"], "Chenhui Chu": ["An Empirical Comparison of Domain Adaptation Methods for Neural Machine Translation., ACL, 2017"], "Benjamin Marie": ["Efficient Extraction of Pseudo-Parallel Sentences from Raw Monolingual Data Using Word Embeddings., ACL, 2017"], "Yow-Ting Shiue": ["Detection of Chinese Word Usage Errors for Non-Native Chinese Learners with Bidirectional LSTM., ACL, 2017"], "Maria Ryskina": ["Automatic Compositor Attribution in the First Folio of Shakespeare., ACL, 2017"], "Yuya Yoshikawa": ["STAIR Captions: Constructing a Large-Scale Japanese Image Caption Dataset., ACL, 2017"], "William Yang Wang": ["\"Liar, Liar Pants on Fire\": A New Benchmark Dataset for Fake News Detection., ACL, 2017"], "Akihiko Kato": ["English Multiword Expression-aware Dependency Parsing Including Named Entities., ACL, 2017"], "Thomas Kober": ["Improving Semantic Composition with Offset Inference., ACL, 2017"], "Marzieh Fadaee": ["Learning Topic-Sensitive Word Representations., ACL, 2017", "Data Augmentation for Low-Resource Neural Machine Translation., ACL, 2017"], "Terrence Szymanski": ["Temporal Word Analogies: Identifying Lexical Replacement with Diachronic Word Embeddings., ACL, 2017"], "Mohammed Elrazzaz": ["Methodical Evaluation of Arabic Word Embeddings., ACL, 2017"], "Hannah Rashkin": ["Multilingual Connotation Frames: A Case Study on Social Media for Targeted Sentiment Analysis and Forecast., ACL, 2017"], "Svetlana Kiritchenko": ["Best-Worst Scaling More Reliable than Rating Scales: A Case Study on Sentiment Intensity Annotation., ACL, 2017"], "Sunghwan Mac Kim": ["Demographic Inference on Twitter using Recursive Neural Networks., ACL, 2017"], "Prashanth Vijayaraghavan": ["Twitter Demographic Classification Using Deep Multi-modal Multi-task Learning., ACL, 2017"], "Xueying Zhan": ["A Network Framework for Noisy Label Aggregation in Social Media., ACL, 2017"], "Rob van der Goot": ["Parser Adaptation for Social Media by Integrating Normalization., ACL, 2017"], "Minghui Qiu": ["AliMe Chat: A Sequence to Sequence and Rerank based Chatbot Engine., ACL, 2017"], "Xiaoyu Shen": ["A Conditional Variational Framework for Dialog Generation., ACL, 2017"], "Sewon Min": ["Question Answering through Transfer Learning from Large Fine-grained Supervision Data., ACL, 2017"], "Azad Abad": ["Self-Crowdsourcing Training for Relation Extraction., ACL, 2017"], "Quan Hung Tran": ["A Generative Attentional Neural Network Model for Dialogue Act Classification., ACL, 2017"], "Nedelina Teneva": ["Salience Rank: Efficient Keyphrase Extraction with Topic Modeling., ACL, 2017"], "Ying Lin": ["List-only Entity Linking., ACL, 2017"], "Lingzhen Chen": ["Improving Native Language Identification by Using Spelling Errors., ACL, 2017"], "Paria Jamshid Lou": ["Disfluency Detection using a Noisy Channel Model and a Deep Neural Language Model., ACL, 2017"], "Katsuhiko Hayashi": ["On the Equivalence of Holographic and Complex Embeddings for Link Prediction., ACL, 2017"], "Rui Wang": ["Sentence Embedding for Neural Machine Translation Domain Adaptation., ACL, 2017"], "Xing Shi": ["Speeding Up Neural Machine Translation Decoding by Shrinking Run-time Vocabulary., ACL, 2017"], "Hao Zhou": ["Chunk-Based Bi-Scale Decoder for Neural Machine Translation., ACL, 2017"], "Meng Fang": ["Model Transfer for Tagging Low-resource Languages using a Bilingual Dictionary., ACL, 2017"], "Claudio Delli Bovi": ["EuroSense: Automatic Harvesting of Multilingual Sense Annotations from Parallel Text., ACL, 2017"], "Hassan Sajjad": ["Challenging Language-Dependent Segmentation for Arabic: An Application to Machine Translation and Part-of-Speech Tagging., ACL, 2017"], "Deng Cai": ["Fast and Accurate Neural Word Segmentation for Chinese., ACL, 2017"], "Zheng Cai": ["Pay Attention to the Ending: Strong Neural Baselines for the ROC Story Cloze Task., ACL, 2017"], "Jonathan Herzig": ["Neural Semantic Parsing over Multiple Knowledge-bases., ACL, 2017"], "Jiaqi Mu": ["Representing Sentences as Low-Rank Subspaces., ACL, 2017"], "Shuming Ma": ["Improving Semantic Relevance for Sequence-to-Sequence Learning of Chinese Social Media Text Summarization., ACL, 2017"], "Krishna Chaitanya Sanagavarapu": ["Determining Whether and When People Participate in the Events They Tweet About., ACL, 2017"], "Svitlana Volkova": ["Separating Facts from Fiction: Linguistic Models to Classify Suspicious and Trusted News Posts on Twitter., ACL, 2017"], "Youngseo Son": ["Recognizing Counterfactual Thinking in Social Media Texts., ACL, 2017"], "Mohammed Hasanuzzaman": ["Temporal Orientation of Tweets for Predicting Income of Users., ACL, 2017"], "Alymzhan Toleu": ["Character-Aware Neural Morphological Disambiguation., ACL, 2017"], "Xiang Yu": ["Character Composition Model with Convolutional Neural Networks for Dependency Parsing on Morphologically Rich Languages., ACL, 2017"], "Zeljko Agic": ["How (not) to train a dependency parser: The curious case of jackknifing part-of-speech taggers., ACL, 2017"]}