{"Jason Eisner": ["Parameter Estimation for Probabilistic Finite-State Transducers., ACL, 2002", "Phonological Comprehension and the Compilation of Optimality Theory., ACL, 2002"], "Joshua Goodman": ["Sequential Conditional Generalized Iterative Scaling., ACL, 2002"], "Kristina Striegnitz": ["Generation as Dependency Parsing., ACL, 2002"], "Robert C. Moore": ["Machine-learned contexts for linguistic operations in German sentence realization., ACL, 2002", "Pronunciation Modeling for Improved Spelling Correction., ACL, 2002"], "Mihai Surdeanu": ["Performance Issues and Error Analysis in an Open-Domain Question Answering System., ACL, 2002"], "Eduard H. Hovy": ["Learning surface text patterns for a Question Answering System., ACL, 2002", "From Single to Multi-document Summarization., ACL, 2002"], "Jonas Kuhn": ["OT Syntax - Decidability of Generation-based Optimization., ACL, 2002"], "Gerald Penn": ["Generalized Encoding of Description Spaces and its Application to Typed Feature Structures., ACL, 2002"], "Michael Schiehlen": ["Ellipsis Resolution with Underspecified Scope., ACL, 2002"], "Donna K. Byron": ["Resolving Pronominal Reference to Abstract Entities., ACL, 2002"], "James C. Lester": ["Pronominalization in Generated Discourse and Dialogue., ACL, 2002"], "Claire Gardent": ["Generating Minimal Definite Descriptions., ACL, 2002", "Improving Machine Learning Approaches to Coreference Resolution., ACL, 2002"], "Giorgio Satta": ["Parsing non-recursive CFGs., ACL, 2002"], "Salim Roukos": ["Active Learning for Statistical Natural Language Parsing., ACL, 2002"], "Christopher D. Manning": ["A Generative Constituent-Context Model for Improved Grammar Induction., ACL, 2002"], "Mark Johnson": ["A Simple Pattern-matching Algorithm for Recovering Empty Nodes and their Antecedents., ACL, 2002", "Parsing the Wall Street Journal using a Lexical-Functional Grammar and Discriminative Estimation Techniques., ACL, 2002", "Dynamic programming for parsing and estimation of stochastic unification-based grammars., ACL, 2002"], "Yorick Wilks": ["METER: MEasuring TExt Reuse., ACL, 2002"], "Sergey V. Pakhomov": ["Semi-Supervised Maximum Entropy Based Approach to Acronym and Abbreviation Normalization in Medical Texts., ACL, 2002"], "Valentin Tablan": ["A framework and graphical development environment for robust NLP tools and applications., ACL, 2002"], "Min Zhang": ["Improving Language Model Size Reduction using Better Pruning Criteria., ACL, 2002"], "Hang Li": ["Exploring Asymmetric Clustering for Statistical Language Modeling., ACL, 2002", "Word Translation Disambiguation Using Bilingual Bootstrapping., ACL, 2002"], "Frederick Jelinek": ["A Study on Richer Syntactic Dependencies for Structured Language Modeling., ACL, 2002"], "Eugene Charniak": ["Entropy Rate Constancy in Text., ACL, 2002"], "Gianluca Allaria": ["A Multilingual Paradigm for Automatic Verb Classification., ACL, 2002"], "Satoshi Sato": ["Verb Paraphrase based on Case Frame Alignment., ACL, 2002"], "Chris Brew": ["Inducing German Semantic Verb Classes from Purely Syntactic Subcategorisation Information., ACL, 2002"], "Marc Moens": ["Scaling Context Space., ACL, 2002"], "Martha Stone Palmer": ["The Necessity of Parsing for Predicate Argument Recognition., ACL, 2002"], "Charles J. Fillmore": ["The Descent of Hierarchy, and Selection in Relational Semantics., ACL, 2002"], "Philip Resnik": ["An Unsupervised Method for Word Sense Tagging using Parallel Corpora., ACL, 2002"], "Nigel Duffy": ["New Ranking Algorithms for Parsing and Tagging: Kernels over Discrete Structures, and the Voted Perceptron., ACL, 2002"], "Brian Roark": ["Markov Parsing: Lattice Rescoring with a Statistical Parser., ACL, 2002"], "Hermann Ney": ["Discriminative Training and Maximum Entropy Models for Statistical Machine Translation., ACL, 2002"], "Kevin Knight": ["A Decoder for Syntax-based Statistical MT., ACL, 2002", "Translating Named Entities Using Monolingual and Bilingual Resources., ACL, 2002"], "Wei-Jing Zhu": ["Bleu: a Method for Automatic Evaluation of Machine Translation., ACL, 2002"], "Geert-Jan M. Kruijff": ["Coupling CCG and Hybrid Logic Dependency Semantics., ACL, 2002"], "Mark Steedman": ["Building Deep Dependency Structures using a Wide-Coverage CCG Parser., ACL, 2002", "Generative Models for Statistical Parsing with Combinatory Categorial Grammar., ACL, 2002"], "Michael Strube": ["Applying Co-Training to Reference Resolution., ACL, 2002"], "Steven P. Abney": ["Bootstrapping., ACL, 2002"], "Abdessamad Echihabi": ["An Unsupervised Approach to Recognizing Discourse Relations., ACL, 2002"], "Preetam Maloor": ["MATCH: An Architecture for Multimodal Dialogue Systems., ACL, 2002"], "Marilyn A. Walker": ["What's the Problem: Automatically Identifying Problematic Dialogues in DARPA Communicator Dialogue Systems., ACL, 2002"], "Okan Kolak": ["Evaluating Translational Correspondence using Annotation Projection., ACL, 2002"], "Ralf D. Brown": ["Using Similarity Scoring to Improve the Bilingual Dictionary for Sub-sentential Alignment., ACL, 2002"], "Peter D. Turney": ["Thumbs Up or Thumbs Down? Semantic Orientation Applied to Unsupervised Classification of Reviews., ACL, 2002"], "Hristo Tanev": ["Is It the Right Answer? Exploiting Web Redundancy for Answer Validation., ACL, 2002"], "Sabine Buchholz": ["Shallow Parsing on the Basis of Words Only: A Case Study., ACL, 2002"], "Hans-Ulrich Krieger": ["An Integrated Archictecture for Shallow and Deep Processing., ACL, 2002"], "Daniel Marcu": ["A Noisy-Channel Model for Document Compression., ACL, 2002"], "Yuji Matsumoto": ["Supervised Ranking in Open-Domain Text Summarization., ACL, 2002", "Revision Learning and its Application to Part-of-Speech Tagging., ACL, 2002"], "Jian Su": ["Named Entity Recognition using an HMM-based Chunk Tagger., ACL, 2002"], "Hwee Tou Ng": ["Teaching a Weaker Classifier: Named Entity Recognition on Upper Case Text., ACL, 2002"], "Michael Collins": ["Ranking Algorithms for Named Entity Extraction: Boosting and the Voted Perceptron., ACL, 2002"], "Manabu Sassano": ["An Empirical Study of Active Learning with Support Vector Machines for Japanese Word Segmentation., ACL, 2002"], "Alexander Clark": ["Memory-Based Learning of Morphology with Stochastic Transducers., ACL, 2002"]}