{"Qiang Yang": ["Heterogeneous Transfer Learning for Image Clustering via the SocialWeb., ACL, 2009"], "Katrin Erk": ["Investigations on Word Senses and Word Usages., ACL, 2009"], "Yuichiroh Matsubayashi": ["A Comparative Study on Generalization of Semantic Roles in FrameNet., ACL, 2009"], "Omri Abend": ["Unsupervised Argument Identification for Semantic Role Labeling., ACL, 2009"], "Stephen A. Boxwell": ["Brutus: A Semantic Role Labeling System Incorporating CCG, CFG, and Dependency Features., ACL, 2009"], "Zheng-Yu Niu": ["Exploiting Heterogeneous Treebanks for Parsing., ACL, 2009"], "Hai Zhao": ["Cross Language Dependency Parsing using a Bilingual Lexicon., ACL, 2009"], "Jackie Chi Kit Cheung": ["Topological Field Parsing of German., ACL, 2009"], "Benjamin Snyder": ["Unsupervised Multilingual Grammar Induction., ACL, 2009"], "S. R. K. Branavan": ["Reinforcement Learning for Mapping Instructions to Actions., ACL, 2009"], "Percy Liang": ["Learning Semantic Correspondences with Less Supervision., ACL, 2009"], "Daichi Mochihashi": ["Bayesian Unsupervised Word Segmentation with Nested Pitman-Yor Language Modeling., ACL, 2009"], "Suma Bhat": ["Knowing the Unseen: Estimating Vocabulary Size over Unseen Samples., ACL, 2009"], "Qing Dou": ["A Ranking Approach to Stress Prediction for Letter-to-Phoneme Conversion., ACL, 2009"], "Kenneth Dwyer": ["Reducing the Annotation Effort for Letter-to-Phoneme Conversion., ACL, 2009"], "Vladimir Pervouchine": ["Transliteration Alignment., ACL, 2009"], "Bart Jongejan": ["Automatic training of lemmatization rules that handle morphological changes in pre-, in- and suffixes alike., ACL, 2009"], "Hua Wu": ["Revisiting Pivot Language Approach for Machine Translation., ACL, 2009"], "Shankar Kumar": ["Efficient Minimum Error Rate Training and Minimum Bayes-Risk Decoding for Translation Hypergraphs and Lattices., ACL, 2009"], "Hui Zhang": ["Forest-based Tree Sequence to String Translation Model., ACL, 2009"], "Gholamreza Haffari": ["Active Learning for Multilingual Statistical Machine Translation., ACL, 2009"], "Karolina Owczarzak": ["DEPEVAL(summ): Dependency-based Evaluation for Automatic Summaries., ACL, 2009"], "Shiren Ye": ["Summarizing Definition from Wikipedia., ACL, 2009"], "Christina Sauper": ["Automatically Generating Wikipedia Articles: A Structure-Aware Approach., ACL, 2009"], "Neil Duncan McIntyre": ["Learning to Tell Tales: A Data-driven Approach to Story Generation., ACL, 2009"], "Swapna Somasundaran": ["Recognizing Stances in Online Debates., ACL, 2009"], "Xiaojun Wan": ["Co-Training for Cross-Lingual Sentiment Classification., ACL, 2009"], "Tao Li": ["A Non-negative Matrix Tri-factorization Approach to Sentiment Classification with Lexical Prior Knowledge., ACL, 2009"], "Jungi Kim": ["Discovering the Discriminative Views: Measuring Term Weights for Sentiment Analysis., ACL, 2009"], "Mausam": ["Compiling a Massive, Multilingual Dictionary via Probabilistic Inference., ACL, 2009"], "Hui Yang": ["A Metric-based Framework for Automatic Taxonomy Induction., ACL, 2009"], "Eyal Beigman": ["Learning with Annotation Noise., ACL, 2009"], "Paola Merlo": ["Abstraction and Generalisation in Semantic Role Labels: PropBank, VerbNet or both?, ACL, 2009"], "Sebastian Pad\u00f3": ["Robust Machine Translation Evaluation with Entailment Features., ACL, 2009"], "Enrique Amig\u00f3": ["The Contribution of Linguistic Features to Automatic Machine Translation Evaluation., ACL, 2009"], "Deyi Xiong": ["A Syntax-Driven Bracketing Model for Phrase-Based Translation., ACL, 2009"], "Hendra Setiawan": ["Topological Ordering of Function Words in Hierarchical Phrase-based Translation., ACL, 2009"], "Mikhail Zaslavskiy": ["Phrase-Based Statistical Machine Translation as a Traveling Salesman Problem., ACL, 2009"], "Andr\u00e9 F. T. Martins": ["Concise Integer Linear Programming Formulations for Dependency Parsing., ACL, 2009"], "Joakim Nivre": ["Non-Projective Dependency Parsing in Expected Linear Time., ACL, 2009"], "Gregory Druck": ["Semi-supervised Learning of Dependency Parsers using Generalized Expectation Criteria., ACL, 2009"], "Kuzman Ganchev": ["Dependency Grammar Induction via Bitext Projection Constraints., ACL, 2009"], "Yi Zhang": ["Cross-Domain Dependency Parsing Using a Deep Linguistic Grammar., ACL, 2009"], "Fan Yang": ["A Chinese-English Organization Name Translation System Using Heuristic Web Mining and Asymmetric Alignment., ACL, 2009"], "Tara McIntosh": ["Reducing Semantic Drift with Bagging and Distributional Similarity., ACL, 2009"], "Katsumasa Yoshikawa": ["Jointly Identifying Temporal Relations with Markov Logic., ACL, 2009"], "Jian Huang": ["Profile Based Cross-Document Coreference Using Kernelized Fuzzy Relational Clustering., ACL, 2009"], "Kristen Parton": ["Who, What, When, Where, Why? Comparing Multiple Approaches to the Cross-Lingual 5W Task., ACL, 2009"], "Jong-Hoon Oh": ["Bilingual Co-Training for Monolingual Hyponymy-Relation Acquisition., ACL, 2009"], "Richard C. Wang": ["Automatic Set Instance Extraction using the Web., ACL, 2009"], "Eyal Shnarch": ["Extracting Lexical Reference Rules from Wikipedia., ACL, 2009"], "Huibin Zhang": ["Employing Topic Models for Pattern-based Semantic Class Discovery., ACL, 2009"], "Dipanjan Das": ["Paraphrase Identification as Probabilistic Quasi-Synchronous Recognition., ACL, 2009"], "Yoshimasa Tsuruoka": ["Stochastic Gradient Descent Training for L1-regularized Log-linear Models with Cumulative Penalty., ACL, 2009"], "Kristina Toutanova": ["A global model for joint lemmatization and part-of-speech prediction., ACL, 2009"], "Fei Huang": ["Distributional Representations for Handling Sparsity in Supervised Sequence-Labeling., ACL, 2009", "Confidence Measure for Word Alignment., ACL, 2009"], "Sujith Ravi": ["Minimized Models for Unsupervised Part-of-Speech Tagging., ACL, 2009"], "Canasai Kruengkrai": ["An Error-Driven Word-Character Hybrid Model for Joint Chinese Word Segmentation and POS Tagging., ACL, 2009"], "Wenbin Jiang": ["Automatic Adaptation of Annotation Standards: Chinese Word Segmentation and POS Tagging - A Case Study., ACL, 2009"], "Tomohiro Ohno": ["Linefeed Insertion into Japanese Spoken Monologue for Captioning., ACL, 2009"], "Je Hun Jeon": ["Semi-supervised Learning for Automatic Prosodic Event Detection Using Co-training Algorithm., ACL, 2009"], "Xiaodan Zhu": ["Summarizing multiple spoken documents: finding evidence from untranscribed audio., ACL, 2009"], "Yang Liu": ["Improving Tree-to-Tree Translation with Packed Forests., ACL, 2009", "Joint Decoding with Multiple Translation Models., ACL, 2009"], "John DeNero": ["Fast Consensus Decoding over Translation Forests., ACL, 2009"], "Mu Li": ["Collaborative Decoding: Partial Hypothesis Re-ranking Using Translation Consensus between Decoders., ACL, 2009"], "Zhifei Li": ["Variational Decoding for Statistical Machine Translation., ACL, 2009"], "Nathanael Chambers": ["Unsupervised Learning of Narrative Schemas and their Participants., ACL, 2009"], "Ruifang Ge": ["Learning a Compositional Semantic Parser using an Existing Syntactic Parser., ACL, 2009"], "Joseph Reisinger": ["Latent Variable Models of Concept-Attribute Attachment., ACL, 2009"], "Guowen Yang": ["The Chinese Aspect Generation Based on Aspect Selection Functions., ACL, 2009"], "Kai-min Kevin Chang": ["Quantitative modeling of the neural representation of adjective-noun phrases to account for fMRI activation., ACL, 2009"], "Ryu Iida": ["Capturing Salience with a Trainable Cache Model for Zero-anaphora Resolution., ACL, 2009"], "Veselin Stoyanov": ["Conundrums in Noun Phrase Coreference Resolution: Making Sense of the State-of-the-Art., ACL, 2009"], "David duVerle": ["A Novel Discourse Parser Based on Support Vector Machine Classification., ACL, 2009"], "Bonnie L. Webber": ["Genre distinctions for discourse in the Penn TreeBank., ACL, 2009"], "Emily Pitler": ["Automatic sense prediction for implicit discourse relations in text., ACL, 2009"], "Shoushan Li": ["A Framework of Feature Selection Methods for Text Categorization., ACL, 2009"], "Sajib Dasgupta": ["Mine the Easy, Classify the Hard: A Semi-Supervised Approach to Automatic Sentiment Classification., ACL, 2009"], "Nikesh Garera": ["Modeling Latent Biographic Attributes in Conversational Genres., ACL, 2009"], "Asli \u00c7elikyilmaz": ["A Graph-based Semi-Supervised Learning for Question-Answering., ACL, 2009"], "Delphine Bernhard": ["Combining Lexical Semantic Resources with Question & Answer Archives for Translation-Based Answer Finding., ACL, 2009"], "Fangtao Li": ["Answering Opinion Questions with Random Walks on Graphs., ACL, 2009"], "Erin Fitzgerald": ["What lies beneath: Semantic and syntactic analysis of manually reconstructed spontaneous speech., ACL, 2009"], "Yi-Cheng Pan": ["Discriminative Lexicon Adaptation for Improved Character Accuracy - A New Direction in Chinese Language Modeling., ACL, 2009"], "Cosmin Munteanu": ["Improving Automatic Speech Recognition for Lectures through Transformation-based Rules Learned from Minimal Data., ACL, 2009"], "Michel Galley": ["Quadratic-Time Dependency Parsing for Machine Translation., ACL, 2009"], "Phil Blunsom": ["A Gibbs Sampler for Phrasal Synchronous Grammar Induction., ACL, 2009"], "Shachar Mirkin": ["Source-Language Entailment Modeling for Translating Unknown Terms., ACL, 2009"], "Ananthakrishnan Ramanathan": ["Case markers and Morphology: Addressing the crux of the fluency problem in English-Hindi SMT., ACL, 2009"], "Wei He": ["Dependency Based Chinese Sentence Realization., ACL, 2009"], "Aoife Cahill": ["Incorporating Information Status into Generation Ranking., ACL, 2009"], "Tsutomu Hirao": ["A Syntax-Free Approach to Japanese Sentence Compression., ACL, 2009"], "Shiqi Zhao": ["Application-driven Statistical Paraphrase Generation., ACL, 2009"], "Isaac Persing": ["Semi-Supervised Cause Identification from Aviation Safety Reports., ACL, 2009"], "Govind Kothari": ["SMS based Interface for FAQ Retrieval., ACL, 2009"], "Mehdi Manshadi": ["Semantic Tagging of Web Search Queries., ACL, 2009"], "Long Jiang": ["Mining Bilingual Data from the Web with Adaptively Learnt Patterns., ACL, 2009"], "Mary Ellen Foster": ["Comparing Objective and Subjective Measures of Usability in a Human-Robot Dialogue System., ACL, 2009"], "Hua Ai": ["Setting Up User Action Probabilities in User Simulations for Dialog System Development., ACL, 2009"], "T. Daniel Midgley": ["Dialogue Segmentation with Large Numbers of Volunteer Internet Annotators., ACL, 2009"], "Xu Sun": ["Robust Approach to Abbreviating Terms: A Discriminative Latent Variable Model with Global Information., ACL, 2009"], "Jun Sun": ["A non-contiguous Tree Sequence Alignment-based Model for Statistical Machine Translation., ACL, 2009"], "Aria Haghighi": ["Better Word Alignments with Supervised ITG Models., ACL, 2009"], "Boxing Chen": ["A Comparative Study of Hypothesis Alignment and its Improvement for Machine Translation System Combination., ACL, 2009"], "Chi-Ho Li": ["Incremental HMM Alignment for MT System Combination., ACL, 2009"], "Adam Pauls": ["K-Best A* Parsing., ACL, 2009"], "Kazuo Hara": ["Coordinate Structure Analysis with Global Structural Constraints and Alignment-Based Local Features., ACL, 2009"], "Luke S. Zettlemoyer": ["Learning Context-Dependent Mappings from Sentences to Logical Form., ACL, 2009"], "Carlos G\u00f3mez-Rodr\u00edguez": ["An Optimal-Time Binarization Algorithm for Linear Context-Free Rewriting Systems with Fan-Out Two., ACL, 2009"], "Laura Kallmeyer": ["A Polynomial-Time Parsing Algorithm for TT-MCTAG., ACL, 2009"], "Mike Mintz": ["Distant supervision for relation extraction without labeled data., ACL, 2009"], "Jing Jiang": ["Multi-Task Transfer Learning for Weakly-Supervised Relation Extraction., ACL, 2009"], "Yulan Yan": ["Unsupervised Relation Extraction by Mining Wikipedia Texts Using Information from the Web., ACL, 2009"], "Dekang Lin": ["Phrase Clustering for Discriminative Learning., ACL, 2009"], "Katrin Tomanek": ["Semi-Supervised Active Learning for Sequence Labeling., ACL, 2009"], "Young-In Song": ["Word or Phrase? Learning Which Unit to Stress for Information Retrieval., ACL, 2009"], "Wouter Weerkamp": ["A Generative Blog Post Retrieval Model that Uses Query Expansion based on External Collections., ACL, 2009"], "Hakan Ceylan": ["Language Identification of Search Engine Queries., ACL, 2009"], "Wei Gao": ["Exploiting Bilingual Information to Improve Web Search., ACL, 2009"]}