{"Kevin Duh": ["Learning to Translate with Multiple Objectives., ACL, 2012"], "Patrick Simianer": ["Joint Feature Selection in Distributed Stochastic Learning for Large-Scale Discriminative Training in SMT., ACL, 2012"], "Prasanth Kolachina": ["Prediction of Learning Curves in Machine Translation., ACL, 2012"], "Khe Chai Sim": ["Probabilistic Integration of Partial Lexical Information for Noise Robust Haptic Voice Recognition., ACL, 2012"], "Chia-ying Lee": ["A Nonparametric Bayesian Approach to Acoustic Model Discovery., ACL, 2012"], "Xingyuan Peng": ["Automated Essay Scoring Based on Finite State Transducer: towards ASR Transcription of Oral English Speech., ACL, 2012"], "Vanessa Wei Feng": ["Text-level Discourse Parsing with Rich Linguistic Features., ACL, 2012"], "Yuping Zhou": ["PDTB-style Discourse Annotation of Chinese Text., ACL, 2012"], "Viet-An Nguyen": ["SITS: A Hierarchical Nonparametric Model using Speaker Identity for Topic Segmentation in Multiparty Conversations., ACL, 2012"], "Oleksandr Kolomiyets": ["Extracting Narrative Timelines as Temporal Dependency Structures., ACL, 2012"], "Nathanael Chambers": ["Labeling Documents with Timestamps: Learning from their Time Expressions., ACL, 2012"], "Guillermo Garrido": ["Temporally Anchored Relation Extraction., ACL, 2012"], "Jonathan Berant": ["Efficient Tree-based Approximation for Entailment Graph Learning., ACL, 2012"], "S. R. K. Branavan": ["Learning High-Level Planning from Text., ACL, 2012"], "Elia Bruni": ["Distributional Semantics in Technicolor., ACL, 2012"], "Spence Green": ["A Class-Based Agreement Model for Generating Accurately Inflected Translations., ACL, 2012"], "Malte Nuhn": ["Deciphering Foreign Language by Combining Language Models and Context Vectors., ACL, 2012"], "Graham Neubig": ["Machine Translation without Words through Substring Alignment., ACL, 2012"], "Ariya Rastrow": ["Fast Syntactic Analysis for Statistical Language Modeling via Substructure Sharing and Uptraining., ACL, 2012"], "Micha Elsner": ["Bootstrapping a Unified Model of Lexical and Phonetic Acquisition., ACL, 2012"], "Hao Tang": ["Discriminative Pronunciation Modeling: A Large-Margin, Feature-Rich Approach., ACL, 2012"], "Matthieu Constant": ["Discriminative Strategies to Integrate Multiword Expression Recognition and Parsing., ACL, 2012"], "Wenliang Chen": ["Utilizing Dependency Language Models for Graph-based Dependency Parsing Models., ACL, 2012"], "Shay B. Cohen": ["Spectral Learning of Latent-Variable PCFGs., ACL, 2012"], "Weiwei Sun": ["Reducing Approximation and Estimation Errors for Chinese Lexical Processing with Heterogeneous Annotations., ACL, 2012", "Capturing Paradigmatic and Syntagmatic Lexical Relations: Towards Accurate Chinese Part-of-Speech Tagging., ACL, 2012"], "Xu Sun": ["Fast Online Training with Frequency-Adaptive Learning Rates for Chinese Word Segmentation and New Word Detection., ACL, 2012"], "Danilo Croce": ["Verb Classification using Distributional Similarity in Syntactic and Semantic Structures., ACL, 2012"], "Zhi Zhong": ["Word Sense Disambiguation Improves Information Retrieval., ACL, 2012"], "Asher Stern": ["Efficient Search for Transformation-based Inference., ACL, 2012"], "Xiaodong He": ["Maximum Expected BLEU Training of Phrase and Lexicon Translation Models., ACL, 2012"], "Shujie Liu": ["Learning Translation Consensus with Structured Label Propagation., ACL, 2012"], "Ashish Vaswani": ["Smaller Alignment Models for Better Translations: Unsupervised Word Alignment with the l0-norm., ACL, 2012"], "Arjun Mukherjee": ["Modeling Review Comments., ACL, 2012", "Aspect Extraction through Semi-Supervised Modeling., ACL, 2012"], "Asli \u00c7elikyilmaz": ["A Joint Model for Discovery of Aspects in Utterances., ACL, 2012"], "Sindhu Raghavan": ["Learning to \"Read Between the Lines\" using Bayesian Logic Programs., ACL, 2012"], "Polina Kuznetsova": ["Collective Generation of Natural Image Descriptions., ACL, 2012"], "Ioannis Konstas": ["Concept-to-text Generation via Discriminative Reranking., ACL, 2012"], "Michael L. Wick": ["A Discriminative Hierarchical Model for Fast Coreference at Large Scale., ACL, 2012"], "Mohit Bansal": ["Coreference Semantics from Web Features., ACL, 2012"], "Amjad Abu-Jbara": ["Subgroup Detection in Ideological Discussions., ACL, 2012"], "Fangtao Li": ["Cross-Domain Co-Extraction of Sentiment and Topic Lexicons., ACL, 2012"], "Thomas Lippincott": ["Learning Syntactic Verb Frames using Graphical Models., ACL, 2012"], "David Chen": ["Fast Online Lexicon Learning for Grounded Language Acquisition., ACL, 2012"], "Hiroyuki Shindo": ["Bayesian Symbol-Refined Tree Substitution Grammars for Syntactic Parsing., ACL, 2012"], "Fan Bu": ["String Re-writing Kernel., ACL, 2012"], "Jinsong Su": ["Translation Model Adaptation for Statistical Machine Translation with Monolingual Topic Information., ACL, 2012"], "Hassan Sajjad": ["A Statistical Model for Unsupervised and Semi-supervised Transliteration Mining., ACL, 2012"], "Arianna Bisazza": ["Modified Distortion Matrices for Phrase-Based Statistical Machine Translation., ACL, 2012"], "Bevan K. Jones": ["Semantic Parsing with Bayesian Tree Transducers., ACL, 2012"], "Dominick Ng": ["Dependency Hashing for n-best CCG Parsing., ACL, 2012"], "Andreas Maletti": ["Strong Lexicalization of Tree Adjoining Grammars., ACL, 2012"], "Rui Yan": ["Tweet Recommendation with Graph Co-Ranking., ACL, 2012"], "Xiaohua Liu": ["Joint Inference of Named Entity Recognition and Normalization for Tweets., ACL, 2012"], "Qiming Diao": ["Finding Bursty Topics from Microblogs., ACL, 2012"], "Gregory Druck": ["Spice it up? Mining Refinements to Online Instructions from User Generated Content., ACL, 2012"], "Zhonghua Qu": ["Sentence Dependency Tagging in Online Question Answering Forums., ACL, 2012"], "Patrick Pantel": ["Mining Entity Types from Query Logs via User Intent Modeling., ACL, 2012"], "Xinfan Meng": ["Cross-Lingual Mixture Model for Sentiment Classification., ACL, 2012"], "Wen Chan": ["Community Answer Summarization for Multi-Sentence Question with Group L1 Regularization., ACL, 2012"], "Claire Gardent": ["Error Mining on Dependency Trees., ACL, 2012"], "Geoffrey Zweig": ["Computational Approaches to Sentence Completion., ACL, 2012"], "Zhiheng Huang": ["Iterative Viterbi A* Algorithm for K-Best Sequential Decoding., ACL, 2012"], "Max Whitney": ["Bootstrapping via Graph Propagation., ACL, 2012"], "Tahira Naseem": ["Selective Sharing for Multilingual Dependency Parsing., ACL, 2012"], "Shomir Wilson": ["The Creation of a Corpus of English Metalanguage., ACL, 2012"], "Ivan Titov": ["Crosslingual Induction of Semantic Roles., ACL, 2012"], "Katsuhiko Hayashi": ["Head-driven Transition-based Parsing with Top-down Prediction., ACL, 2012"], "Makoto Kanazawa": ["MIX Is Not a Tree-Adjoining Language., ACL, 2012"], "Zhenghua Li": ["Exploiting Multiple Treebanks for Parsing with Quasi-synchronous Grammars., ACL, 2012"], "Dani Yogatama": ["A Probabilistic Model for Canonicalizing Named Entity Mentions., ACL, 2012"], "Sungchul Kim": ["Multilingual Named Entity Recognition using Parallel Data and Metadata from Wikipedia., ACL, 2012"], "G\u00f6zde \u00d6zbal": ["A Computational Approach to the Automation of Creative Naming., ACL, 2012"], "Limin Yao": ["Unsupervised Relation Discovery with Sense Disambiguation., ACL, 2012"], "Shingo Takamatsu": ["Reducing Wrong Labels in Distant Supervision for Relation Extraction., ACL, 2012"], "R\u00e9my Kessler": ["Finding Salient Dates for Building Thematic Timelines., ACL, 2012"], "William Yang Wang": ["Historical Analysis of Legal Opinions with a Sparse Mixed-Effects Latent Variable Model., ACL, 2012"], "Xinyan Xiao": ["A Topic Similarity Model for Hierarchical Phrase-based Translation., ACL, 2012"], "Alessandro Moschitti": ["Modeling Topic Dependencies in Hierarchical Text Categorization., ACL, 2012"], "Emily Pitler": ["Attacking Parsing Bottlenecks with Unlabeled Data and Relevant Factorizations., ACL, 2012"], "Seyed Abolghasem Mirroshandel": ["Semi-supervised Dependency Parsing using Lexical Affinities., ACL, 2012"], "Yaqin Yang": ["Chinese Comma Disambiguation for Discourse Analysis., ACL, 2012"], "Katja Markert": ["Collective Classification for Fine-grained Information Status., ACL, 2012"], "Karin Mauge": ["Structuring E-Commerce Inventory., ACL, 2012"], "Alexandre Davis": ["Named Entity Disambiguation in Streaming Data., ACL, 2012"], "Ce Zhang": ["Big Data versus the Crowd: Looking for Relationships in All the Right Places., ACL, 2012"], "Wei Lu": ["Automatic Event Extraction with Structured Preference Modeling., ACL, 2012"], "Einat Minkov": ["Discriminative Learning for Joint Template Filling., ACL, 2012"], "Ingrid Falk": ["Classifying French Verbs Using French and English Lexical Resources., ACL, 2012"], "Weiwei Guo": ["Modeling Sentences in the Latent Space., ACL, 2012", "Learning the Latent Semantics of a Concept from its Definition., ACL, 2012"], "Eric H. Huang": ["Improving Word Representations via Global Context and Multiple Word Prototypes., ACL, 2012"], "Mark Johnson": ["Exploiting Social Information in Grounded Language Learning via Grammatical Reduction., ACL, 2012"], "Cristian Danescu-Niculescu-Mizil": ["You Had Me at Hello: How Phrasing Affects Memorability., ACL, 2012"], "Deyi Xiong": ["Modeling the Translation of Predicate-Argument Structure for SMT., ACL, 2012"], "Nan Yang": ["A Ranking-based Approach to Word Reordering for Statistical Machine Translation., ACL, 2012"], "Chang Liu": ["Character-Level Machine Translation Evaluation for Languages with Ambiguous Word Boundaries., ACL, 2012"], "Boxing Chen": ["PORT: a Precision-Order-Recall MT Evaluation Metric for Tuning., ACL, 2012"], "Majid Razmara": ["Mixing Multiple Translation Models in Statistical Machine Translation., ACL, 2012"], "Yang Feng": ["Hierarchical Chunk-to-String Translation., ACL, 2012"], "Adam Pauls": ["Large-Scale Syntactic Language Modeling with Treelets., ACL, 2012"], "Hiroshi Yamaguchi": ["Text Segmentation by Language Using Minimum Description Length., ACL, 2012"], "Wei He": ["Improve SMT Quality with Automatically Extracted Paraphrase Rules., ACL, 2012"], "Marco Guerini": ["Ecological Evaluation of Persuasive Messages Using Google AdWords., ACL, 2012"], "Eduard C. Dragut": ["Polarity Consistency Checking for Sentiment Dictionaries., ACL, 2012"], "Ziheng Lin": ["Combining Coherence Models and Machine Translation Evaluation Metrics for Summarization Evaluation., ACL, 2012"], "Sander Wubben": ["Sentence Simplification by Monolingual Machine Translation., ACL, 2012"], "Hyun-Je Song": ["A Cost Sensitive Part-of-Speech Tagging: Differentiating Serious Errors from Minor Errors., ACL, 2012"], "Fei Liu": ["A Broad-Coverage Normalization System for Social Media Language., ACL, 2012"], "Jun Hatori": ["Incremental Joint Approach to Word Segmentation, POS Tagging, and Dependency Parsing in Chinese., ACL, 2012"], "Qiuye Zhao": ["Exploring Deterministic Constraints: from a Constrained English POS Tagger to an Efficient ILP Solution to Chinese Word Segmentation., ACL, 2012"], "Xiao Chen": ["Higher-order Constituent Parsing and Parser Combination., ACL, 2012"], "Reut Tsarfaty": ["Joint Evaluation of Morphological Segmentation and Syntactic Parsing., ACL, 2012"], "Wanxiang Che": ["A Comparison of Chinese Parsers for Stanford Dependencies., ACL, 2012"], "Dave Golland": ["A Feature-Rich Constituent Context Model for Grammar Induction., ACL, 2012"], "Nicola Cancedda": ["Private Access to Phrase Tables for Statistical Machine Translation., ACL, 2012"], "Joern Wuebker": ["Fast and Scalable Decoding with Language Model Look-Ahead for Phrase-based Statistical Machine Translation., ACL, 2012"], "Junhui Li": ["Head-Driven Hierarchical Phrase-based Translation., ACL, 2012"], "Hong Sun": ["Joint Learning of a Dual SMT System for Paraphrase Generation., ACL, 2012"], "Xin Zhao": ["A Novel Burst-based Text Representation Model for Scalable Event Detection., ACL, 2012"], "Seokhwan Kim": ["A Graph-based Cross-lingual Projection Approach for Weakly Supervised Relation Extraction., ACL, 2012"], "Enrique Alfonseca": ["Pattern Learning for Relation Extraction with a Hierarchical Topic Model., ACL, 2012"], "JinYeong Bak": ["Self-Disclosure and Relationship Strength in Twitter Conversations., ACL, 2012"], "Pradeep Dasigi": ["Genre Independent Subgroup Detection in Online Discussion Threads: A Study of Implicit Attitude using Textual Latent Semantics., ACL, 2012"], "Preethi Raghavan": ["Learning to Temporally Order Medical Events in Clinical Text., ACL, 2012"], "Tony Veale": ["A Context-sensitive, Multi-faceted Model of Lexico-Conceptual Affect., ACL, 2012"], "Sravana Reddy": ["Decoding Running Key Ciphers., ACL, 2012"], "Benjamin B\u00f6rschinger": ["Using Rejuvenation to Improve Particle Filtering for Bayesian Word Segmentation., ACL, 2012"], "Sida I. Wang": ["Baselines and Bigrams: Simple, Good Sentiment and Topic Classification., ACL, 2012"], "Sam Sahakian": ["Automatically Learning Measures of Child Language Development., ACL, 2012"], "Xianchao Wu": ["A Comparative Study of Target Dependency Structures for Statistical Machine Translation., ACL, 2012"], "Jonathan K. Kummerfeld": ["Robust Conversion of CCG Derivations to Phrase Structure Trees., ACL, 2012"], "Elif Yamangil": ["Estimating Compact Yet Rich Tree Insertion Grammars., ACL, 2012"], "Vladimir Eidelman": ["Topic Models for Dynamic Translation Model Adaptation., ACL, 2012"], "Yashar Mehdad": ["Detecting Semantic Equivalence and Information Disparity in Cross-lingual Documents., ACL, 2012"], "Lea Frermann": ["Cross-lingual Parse Disambiguation based on Semantic Correspondence., ACL, 2012"], "Joseph Z. Chang": ["Learning to Find Translations and Transliterations on the Web., ACL, 2012"], "Matt Garley": ["Beefmoves: Dissemination, Diversity, and Dynamics of English Borrowings in a German Hip Hop Forum., ACL, 2012"], "Nikhil Garg": ["Unsupervised Semantic Role Induction with Global Role Ordering., ACL, 2012"], "Igor Labutov": ["Humor as Circuits in Semantic Networks., ACL, 2012"], "Naomi Zeichner": ["Crowdsourcing Inference-Rule Evaluation., ACL, 2012"], "Apoorv Agarwal": ["A Comprehensive Gold Standard for the Enron Organizational Hierarchy., ACL, 2012"], "Dong Wang": ["A Two-step Approach to Sentence Compression of Spoken Utterances., ACL, 2012"], "Song Feng": ["Syntactic Stylometry for Deception Detection., ACL, 2012"], "Emad Mohamed": ["Transforming Standard Arabic to Colloquial Arabic., ACL, 2012"], "Luciana Benotti": ["Corpus-based Interpretation of Instructions in Virtual Environments., ACL, 2012"], "Xiaobing Xue": ["Automatically Mining Question Reformulation Patterns from Search Log Data., ACL, 2012"], "Benjamin Swanson": ["Native Language Detection with Tree Substitution Grammars., ACL, 2012"], "Toshikazu Tajiri": ["Tense and Aspect Error Correction for ESL Learners Using Global Context., ACL, 2012"], "Rafael E. Banchs": ["Movie-DiC: a Movie Dialogue Corpus for Research and Development., ACL, 2012"], "Elena Cabrio": ["Combining Textual Entailment and Argumentation Theory for Supporting Online Debates Interactions., ACL, 2012"], "Christian Chiarcos": ["Towards the Unsupervised Acquisition of Discourse Relations., ACL, 2012"], "Kareem Darwish": ["Arabic Retrieval Revisited: Morphological Hole Filling., ACL, 2012"], "Jennifer Williams": ["Extracting and modeling durations for habits and events from Twitter., ACL, 2012"], "Joel Nothman": ["Event Linking: Grounding Event Reference in a News Archive., ACL, 2012"], "Yafang Wang": ["Coupling Label Propagation and Constraints for Temporal Fact Extraction., ACL, 2012"], "Kuzman Ganchev": ["Using Search-Logs to Improve Query Tagging., ACL, 2012"], "Stephen Tyndall": ["Toward Automatically Assembling Hittite-Language Cuneiform Tablet Fragments into Larger Texts., ACL, 2012"], "John Lee": ["A Corpus of Textual Revisions in Second Language Writing., ACL, 2012"], "Nathan Schneider": ["Coarse Lexical Semantic Annotation with Supersenses: An Arabic Case Study., ACL, 2012"], "Rada Mihalcea": ["Word Epoch Disambiguation: Finding How Words Change Over Time., ACL, 2012"], "Yanir Seroussi": ["Authorship Attribution with Author-aware Topic Models., ACL, 2012"], "Pei Yang": ["Information-theoretic Multi-view Domain Adaptation., ACL, 2012"], "Yuening Hu": ["Efficient Tree-Based Topic Modeling., ACL, 2012"], "Jingbo Zhu": ["Learning Better Rule Extraction with Translation Span Alignment., ACL, 2012"], "Ning Xi": ["Enhancing Statistical Machine Translation with Character Alignment., ACL, 2012"], "Seung-Wook Lee": ["Translation Model Size Reduction for Hierarchical Phrase-based Statistical Machine Translation., ACL, 2012"], "Andrea Gesmundo": ["Heuristic Cube Pruning in Linear Time., ACL, 2012", "Lemmatisation as a Tagging Task., ACL, 2012"], "Preslav Nakov": ["Combining Word-Level and Character-Level Models for Machine Translation Between Closely-Related Languages., ACL, 2012"], "Darcey Riley": ["Improving the IBM Alignment Models Using Variational Bayes., ACL, 2012"], "Isao Goto": ["Post-ordering by Parsing for Japanese-English Statistical Machine Translation., ACL, 2012"], "Hui Zhang": ["An Exploration of Forest-to-String Translation: Does Translation Help or Hurt Parsing?, ACL, 2012"], "David Stallard": ["Unsupervised Morphology Rivals Supervised Morphology for Arabic MT., ACL, 2012"], "Hongsuck Seo": ["A Meta Learning Approach to Grammatical Error Correction., ACL, 2012"], "Lei Fang": ["Fine Granular Aspect Analysis using Latent Structural Models., ACL, 2012"], "Zhaopeng Tu": ["Identifying High-Impact Sub-Structures for Convolution Kernels in Document-level Sentiment Classification., ACL, 2012"], "Tsung-Ting Kuo": ["Exploiting Latent Information to Predict Diffusions of Novel Topics on Social Networks., ACL, 2012"], "Katsumasa Yoshikawa": ["Sentence Compression with Semantic Role Constraints., ACL, 2012"], "Pierre-Etienne Genest": ["Fully Abstractive Approach to Guided Summarization., ACL, 2012"], "Karolina Owczarzak": ["Assessing the Effect of Inconsistent Assessors on Summarization Evaluation., ACL, 2012"], "Jinho D. Choi": ["Fast and Robust Part-of-Speech Tagging Using Dynamic Model Selection., ACL, 2012"], "Yukino Baba": ["How Are Spelling Errors Generated and Corrected? A Study of Corrected and Uncorrected Spelling Errors Using Keystroke Logs., ACL, 2012"], "Rebecca Dridan": ["Tokenization: Returning to a Long Solved Problem - A Survey, Contrastive Experiment, Recommendations, and Toolkit -., ACL, 2012"], "Pierre Magistry": ["Unsupervized Word Segmentation: the Case for Mandarin Chinese., ACL, 2012"], "Kenji Imamura": ["Grammar Error Correction Using Pseudo-Error Sentences and Domain Adaptation., ACL, 2012"]}