{"Yang Liu": ["A Shift-Reduce Parsing Algorithm for Phrase-based String-to-Dependency Translation., ACL, 2013"], "Kun Wang": ["Integrating Translation Memory into Phrase-Based Machine Translation during Decoding., ACL, 2013"], "Thomas Schoenemann": ["Training Nondeficient Variants of IBM-3 and IBM-4 for Word Alignment., ACL, 2013"], "Trevor Cohn": ["Modelling Annotator Bias with Multi-task Gaussian Processes: An Application to Machine Translation Quality Estimation., ACL, 2013", "An Infinite Hierarchical Bayesian Model of Phrasal Translation., ACL, 2013"], "Brian Roark": ["Smoothed marginal distribution constraints for language modeling., ACL, 2013"], "Haonan Yu": ["Grounded Language Learning from Video Described with Sentences., ACL, 2013"], "Mehdi Manshadi": ["Plurality, Negation, and Quantification: Towards Comprehensive Quantifier Scope Disambiguation., ACL, 2013"], "Qi Li": ["Joint Event Extraction via Structured Prediction with Global Features., ACL, 2013"], "Gabor Angeli": ["Language-Independent Discriminative Parsing of Temporal Expressions., ACL, 2013"], "Camille Guinaudeau": ["Graph-based Local Coherence Modeling., ACL, 2013"], "Elijah Mayfield": ["Recognizing Rare Social Phenomena in Conversation: Empowerment Detection in Support Group Chatrooms., ACL, 2013"], "Greg Durrett": ["Decentralized Entity-Level Modeling for Coreference Resolution., ACL, 2013"], "Meishan Zhang": ["Chinese Parsing Exploiting Characters., ACL, 2013"], "Francesco Sartorio": ["A Transition-Based Dependency Parser Using a Dynamic Parsing Strategy., ACL, 2013"], "Matthias B\u00fcchse": ["General binarization for parsing and translation., ACL, 2013"], "Isao Goto": ["Distortion Model Considering Rich Context for Statistical Machine Translation., ACL, 2013"], "Nan Yang": ["Word Alignment Modeling with Context Dependent Deep Neural Network., ACL, 2013"], "Wang Ling": ["Microblogs as Parallel Corpora., ACL, 2013"], "Jun Zhu": ["Improved Bayesian Logistic Supervised Topic Models with Data Augmentation., ACL, 2013"], "Miguel B. Almeida": ["Fast and Robust Compressive Summarization with Dual Decomposition and Multi-Task Learning., ACL, 2013"], "Taylor Berg-Kirkpatrick": ["Unsupervised Transcription of Historical Documents., ACL, 2013"], "Joohyun Kim": ["Adapting Discriminative Reranking to Grounded Language Learning., ACL, 2013"], "Omri Abend": ["Universal Conceptual Cognitive Annotation (UCCA)., ACL, 2013"], "Weiwei Guo": ["Linking Tweets to News: A Framework to Enrich Short Text Data in Social Media., ACL, 2013"], "Cristian Danescu-Niculescu-Mizil": ["A computational approach to politeness with application to social factors., ACL, 2013"], "Isaac Persing": ["Modeling Thesis Clarity in Student Essays., ACL, 2013"], "Camillo Lugaresi": ["Translating Italian connectives into Italian Sign Language., ACL, 2013"], "David Marecek": ["Stop-probability estimates computed on a large corpus improve Unsupervised Dependency Parsing., ACL, 2013"], "Yuan Zhang": ["Transfer Learning for Constituency-Based Grammars., ACL, 2013"], "Ben Swanson": ["A Context Free TAG Variant., ACL, 2013"], "Spence Green": ["Fast and Adaptive Online Training of Feature-Rich Translation Models., ACL, 2013"], "Minwei Feng": ["Advancements in Reordering Models for Statistical Machine Translation., ACL, 2013"], "Yang Feng": ["A Markov Model of Machine Translation using Non-parametric Bayesian Inference., ACL, 2013"], "Michael Lucas": ["Scaling Semi-supervised Naive Bayes with Feature Marginals., ACL, 2013"], "David Bamman": ["Learning Latent Personas of Film Characters., ACL, 2013"], "Sujith Ravi": ["Scalable Decipherment for Machine Translation via Hash Sampling., ACL, 2013"], "Stephen Tratz": ["Automatic Interpretation of the English Possessive., ACL, 2013"], "Katsuma Narisawa": ["Is a 204 cm Man Tall or Small ? Acquisition of Numerical Common Sense from the Web., ACL, 2013"], "Jackie Chi Kit Cheung": ["Probabilistic Domain Modelling With Contextualized Distributional Semantic Vectors., ACL, 2013", "Towards Robust Abstractive Multi-Document Summarization: A Caseframe Analysis of Centrality and Domain., ACL, 2013"], "Ahmet Aker": ["Extracting bilingual terminologies from comparable corpora., ACL, 2013"], "Kashyap Popat": ["The Haves and the Have-Nots: Leveraging Unlabelled Corpora for Sentiment Analysis., ACL, 2013"], "Qingqing Cai": ["Large-scale Semantic Parsing via Schema Matching and Lexicon Extension., ACL, 2013"], "Muhua Zhu": ["Fast and Accurate Shift-Reduce Constituent Parsing., ACL, 2013"], "Matthew R. Gormley": ["Nonconvex Global Optimization for Latent-Variable Models., ACL, 2013"], "Richard Socher": ["Parsing with Compositional Vector Grammars., ACL, 2013"], "Angeliki Metallinou": ["Discriminative state tracking for spoken dialog systems., ACL, 2013"], "Man Lan": ["Leveraging Synthetic Discourse Data via Multi-task Learning for Implicit Discourse Relation Recognition., ACL, 2013"], "Shafiq R. Joty": ["Combining Intra- and Multi-sentential Rhetorical Parsing for Document-level Discourse Analysis., ACL, 2013"], "Emmanuel Lassalle": ["Improving pairwise coreference models through feature space hierarchy learning., ACL, 2013"], "K. Tamsin Maxwell": ["Feature-Based Selection of Dependency Paths in Ad Hoc Information Retrieval., ACL, 2013"], "Martin Popel": ["Coordination Structures in Dependency Treebanks., ACL, 2013"], "Flavio De Benedictis": ["GlossBoot: Bootstrapping Multilingual Domain Glossaries from the Web., ACL, 2013"], "Ulle Endriss": ["Collective Annotation of Linguistic Resources: Basic Principles and a Formal Model., ACL, 2013"], "Sebastian Sulger": ["ParGramBank: The ParGram Parallel Treebank., ACL, 2013"], "Olivier Ferret": ["Identifying Bad Semantic Neighbors for Improving Distributional Thesauri., ACL, 2013"], "Carina Silberer": ["Models of Semantic Representation with Visual Attributes., ACL, 2013"], "Dan Garrette": ["Real-World Semi-Supervised Learning of POS-Taggers for Low-Resource Languages., ACL, 2013"], "Marion Weller": ["Using subcategorization knowledge to improve case prediction for translation to German., ACL, 2013"], "Haibo Li": ["Name-aware Machine Translation., ACL, 2013"], "Malte Nuhn": ["Decipherment Complexity in 1: 1 Substitution Ciphers., ACL, 2013", "Beam Search for Solving Substitution Ciphers., ACL, 2013"], "Xiaojun Quan": ["Non-Monotonic Sentence Alignment via Semisupervised Learning., ACL, 2013"], "Taesung Lee": ["Bootstrapping Entity Translation on Weakly Comparable Corpora., ACL, 2013"], "Zhigang Wang": ["Transfer Learning Based Cross-lingual Knowledge Extraction for Wikipedia., ACL, 2013"], "Vivi Nastase": ["Bridging Languages through Etymology: The case of cross language text categorization., ACL, 2013"], "Tony Veale": ["Creating Similarity: Lateral Thinking for Vertical Similarity Judgments., ACL, 2013"], "Arjun Mukherjee": ["Discovering User Interactions in Ideological Discussions., ACL, 2013", "Public Dialogue: Analysis of Tolerance in Online Discussions., ACL, 2013"], "Zornitsa Kozareva": ["Multilingual Affect Polarity and Valence Prediction in Metaphor-Rich Texts., ACL, 2013"], "Tiberiu Boros": ["Large tagset labeling using Feed Forward Neural Networks. Case study on Romanian Language., ACL, 2013"], "Adam Radziszewski": ["Learning to lemmatise Polish noun phrases., ACL, 2013"], "Shane Bergsma": ["Using Conceptual Class Attributes to Characterize Social Media Users., ACL, 2013"], "Oliver Ferschke": ["The Impact of Topic Bias on Quality Flaw Prediction in Wikipedia., ACL, 2013"], "Aobo Wang": ["Mining Informal Language from Chinese Microtext: Joint Word Recognition and Segmentation., ACL, 2013"], "Oleg Rokhlenko": ["Generating Synthetic Comparable Questions for News Articles., ACL, 2013"], "Dongdong Zhang": ["Punctuation Prediction with Transition-based Parsing., ACL, 2013"], "Wenbin Jiang": ["Discriminative Learning with Natural Annotations: Word Segmentation as a Case Study., ACL, 2013"], "Xiaodong Zeng": ["Graph-based Semi-Supervised Model for Joint Chinese Word Segmentation and Part-of-Speech Tagging., ACL, 2013", "Co-regularizing character-based and word-based models for semi-supervised Chinese word segmentation., ACL, 2013"], "Lemao Liu": ["Additive Neural Networks for Statistical Machine Translation., ACL, 2013"], "Conghui Zhu": ["Hierarchical Phrase Table Combination for Machine Translation., ACL, 2013"], "Fabienne Braune": ["Shallow Local Multi-Bottom-up Tree Transducers in Statistical Machine Translation., ACL, 2013"], "Bing Xiang": ["Enlisting the Ghost: Modeling Empty Categories for Machine Translation., ACL, 2013"], "Rico Sennrich": ["A Multi-Domain Translation Model Framework for Statistical Machine Translation., ACL, 2013"], "Akihiro Tamura": ["Part-of-Speech Induction in Dependency Trees for Statistical Machine Translation., ACL, 2013"], "Guangyou Zhou": ["Statistical Machine Translation Improves Question Retrieval in Community Question Answering via Matrix Factorization., ACL, 2013", "Joint Inference for Heterogeneous Dependency Parsing., ACL, 2013"], "Roi Reichart": ["Improved Lexical Acquisition through DPP-based Verb Clustering., ACL, 2013"], "Boyi Xie": ["Semantic Frames to Predict Stock Price Movement., ACL, 2013"], "Koichi Tanigaki": ["Density Maximization in Context-Sense Metric Space for All-words WSD., ACL, 2013"], "Karl Moritz Hermann": ["The Role of Syntax in Vector Space Models of Compositional Semantics., ACL, 2013"], "Gourab Kundu": ["Margin-based Decomposed Amortized Inference., ACL, 2013"], "Asli \u00c7elikyilmaz": ["Semi-Supervised Semantic Tagging of Conversational Understanding using Markov Topic Regression., ACL, 2013"], "David Chiang": ["Parsing Graphs with Hyperedge Replacement Grammars., ACL, 2013"], "Hoifung Poon": ["Grounded Unsupervised Semantic Parsing., ACL, 2013"], "Maria Yancheva": ["Automatic detection of deception in child-produced speech using syntactic complexity features., ACL, 2013"], "Christian Scheible": ["Sentiment Relevance., ACL, 2013"], "Takayuki Hasegawa": ["Predicting and Eliciting Addressee's Emotion in Online Dialogue., ACL, 2013"], "Ver\u00f3nica P\u00e9rez-Rosas": ["Utterance-Level Multimodal Sentiment Analysis., ACL, 2013"], "Mitra Mohtarami": ["Probabilistic Sense Sentiment Similarity through Hidden Emotions., ACL, 2013"], "Vasileios Lampos": ["A user-centric model of voting intention from Social Media., ACL, 2013"], "Chen Li": ["Using Supervised Bigram-based ILP for Extractive Summarization., ACL, 2013"], "Anirban Dasgupta": ["Summarization Through Submodularity and Dispersion., ACL, 2013"], "Hajime Morita": ["Subtree Extractive Summarization via Submodular Maximization., ACL, 2013"], "Shay B. Cohen": ["The effect of non-tightness on Bayesian estimation of PCFGs., ACL, 2013"], "Sumire Uematsu": ["Integrating Multiple Dependency Corpora for Inducing Wide-coverage Japanese CCG Resources., ACL, 2013"], "Jinho D. Choi": ["Transition-based Dependency Parsing with Selectional Branching., ACL, 2013"], "Kai Liu": ["Bilingually-Guided Monolingual Dependency Grammar Induction., ACL, 2013"], "Mengqiu Wang": ["Joint Word Alignment and Bilingual Named Entity Recognition Using Dual Decomposition., ACL, 2013"], "Hongzhao Huang": ["Resolving Entity Morphs in Censored Data., ACL, 2013"], "Brendan O'Connor": ["Learning to Extract International Relations from Political Context., ACL, 2013"], "Majid Razmara": ["Graph Propagation for Paraphrasing Out-of-Vocabulary Words in Statistical Machine Translation., ACL, 2013", "Stacking for Statistical Machine Translation., ACL, 2013"], "Vladimir Eidelman": ["Online Relative Margin Maximization for Statistical Machine Translation., ACL, 2013"], "Feifei Zhai": ["Handling Ambiguities of Bilingual Predicate-Argument Structures for Statistical Machine Translation., ACL, 2013"], "Ryo Nagata": ["Reconstructing an Indo-European Family Tree from Non-native English Texts., ACL, 2013"], "Beata Beigman Klebanov": ["Word Association Profiles and their Use for Automated Scoring of Essays., ACL, 2013"], "Congle Zhang": ["Adaptive Parser-Centric Text Normalization., ACL, 2013"], "Zhenhua Tian": ["A Random Walk Approach to Selectional Preferences Based on Preference Ranking and Propagation., ACL, 2013"], "Egoitz Laparra": ["ImpAr: A Deterministic Algorithm for Implicit Semantic Role Labelling., ACL, 2013"], "Mikhail Kozhevnikov": ["Cross-lingual Transfer of Semantic Role Labeling Models., ACL, 2013"], "Britta D. Zeller": ["DErivBase: Inducing and Evaluating a Derivational Morphology Resource for German., ACL, 2013"], "Martin Potthast": ["Crowdsourcing Interaction Logs to Understand Text Reuse from the Web., ACL, 2013"], "Tiziano Flati": ["SPred: Large-scale Harvesting of Semantic Predicates., ACL, 2013"], "Enrique Alfonseca": ["HEADY: News headline abstraction through event pattern clustering., ACL, 2013"], "Nina Dethlefs": ["Conditional Random Fields for Responsive Surface Realisation using Global Features., ACL, 2013"], "Hendra Setiawan": ["Two-Neighbor Orientation Model with Cross-Boundary Global Contexts., ACL, 2013"], "Karthik Visweswariah": ["Cut the noise: Mutually reinforcing reordering and alignments for improved machine translation., ACL, 2013"], "Boxing Chen": ["Vector Space Model for Adaptation in Statistical Machine Translation., ACL, 2013"], "Tao Lei": ["From Natural Language Specifications to Program Input Parsers., ACL, 2013"], "Xiaohua Liu": ["Entity Linking for Tweets., ACL, 2013"], "Hua He": ["Identification of Speakers in Novels., ACL, 2013"], "Aline Villavicencio": ["Language Acquisition and Probabilistic Models: keeping it simple., ACL, 2013"], "Oren Melamud": ["A Two Level Model for Context Sensitive Inference Rules., ACL, 2013", "Using Lexical Expansion to Learn Inference Rules from Sparse Data., ACL, 2013"], "Mohammad Taher Pilehvar": ["Align, Disambiguate and Walk: A Unified Approach for Measuring Semantic Similarity., ACL, 2013"], "Francis Bond": ["Linking and Extending an Open Multilingual Wordnet., ACL, 2013"], "Silvana Hartmann": ["FrameNet on the Way to Babel: Creating a Bilingual FrameNet Using Wiktionary as Interlingual Connection., ACL, 2013"], "Jason R. Smith": ["Dirt Cheap Web-Scale Parallel Text from the Common Crawl., ACL, 2013"], "Lu Wang": ["A Sentence Compression Based Framework to Query-Focused Multi-Document Summarization., ACL, 2013", "Domain-Independent Abstract Generation for Focused Meeting Summarization., ACL, 2013"], "Ravi Kondadadi": ["A Statistical NLG Framework for Aggregated Planning and Realization., ACL, 2013"], "Mark Hopkins": ["Models of Translation Competitions., ACL, 2013"], "Jiajun Zhang": ["Learning a Phrase-based Translation Model from Monolingual Data with Application to Domain Adaptation., ACL, 2013"], "Marine Carpuat": ["SenseSpotting: Never let your parallel data tie you to an old domain., ACL, 2013"], "G\u00f6zde \u00d6zbal": ["BRAINSUP: Brainstorming Support for Creative Sentence Generation., ACL, 2013"], "Yuanbin Wu": ["Grammatical Error Correction Using Integer Linear Programming., ACL, 2013"], "Michael Speriosu": ["Text-Driven Toponym Resolution using Indirect Supervision., ACL, 2013"], "Peifeng Li": ["Argument Inference from Relevant Event Mentions in Chinese Argument Extraction., ACL, 2013"], "Ndapandula Nakashole": ["Fine-grained Semantic Typing of Emerging Entities., ACL, 2013"], "Barbara Plank": ["Embedding Semantic Similarity in Tree Kernels for Domain Adaptation of Relation Extraction., ACL, 2013"], "Benjamin B\u00f6rschinger": ["A joint model of word segmentation and phonological variation for English word-final /t/-deletion., ACL, 2013"], "Angeliki Lazaridou": ["Compositional-ly Derived Representations of Morphologically Complex Words in Distributional Semantics., ACL, 2013", "A Bayesian Model for Joint Unsupervised Induction of Sentiment, Aspect and Discourse Representations., ACL, 2013"], "Young-Bum Kim": ["Unsupervised Consonant-Vowel Prediction over Hundreds of Languages., ACL, 2013"], "David Kauchak": ["Improving Text Simplification Language Modeling Using Unsimplified Text Data., ACL, 2013"], "Sina Zarrie\u00df": ["Combining Referring Expression Generation and Surface Realization: A Corpus-Based Investigation of Architectures., ACL, 2013"], "Kareem Darwish": ["Named Entity Recognition using Cross-lingual Resources: Arabic as an Example., ACL, 2013"], "Hany Hassan": ["Social Text Normalization using Contextual Graph Random Walks., ACL, 2013"], "ThuyLinh Nguyen": ["Integrating Phrase-based Reordering Features into a Chart-based Decoder for Machine Translation., ACL, 2013"], "Yuki Arase": ["Machine Translation Detection from Monolingual Web-Text., ACL, 2013"], "Anthony Fader": ["Paraphrase-Driven Learning for Open Question Answering., ACL, 2013"], "Istv\u00e1n Varga": ["Aid is Out There: Looking for Help from Tweets during a Large Scale Disaster., ACL, 2013"], "Bishan Yang": ["Joint Inference for Fine-grained Opinion Extraction., ACL, 2013"], "Marta Recasens": ["Linguistic Models for Analyzing and Detecting Biased Language., ACL, 2013"], "Srinivasan Janarthanam": ["Evaluating a City Exploration Dialogue System with Integrated Question-Answering and Pedestrian Navigation., ACL, 2013"], "Svitlana Volkova": ["Lightly Supervised Learning of Procedural Dialog Systems., ACL, 2013", "Exploring Sentiment in Social Media: Bootstrapping Subjectivity Clues from Multilingual Twitter Streams., ACL, 2013"], "Antske Fokkens": ["Offspring from Reproduction Problems: What Replication Failure Teaches Us., ACL, 2013"], "Chris Fournier": ["Evaluating Text Segmentation using Boundary Edit Distance., ACL, 2013"], "Rohan Ramanath": ["Crowd Prefers the Middle Path: A New IAA Metric for Crowdsourcing Reveals Turker Biases in Query Segmentation., ACL, 2013"], "Fangtao Li": ["Deceptive Answer Prediction with User Preference Graph., ACL, 2013"], "Jong-Hoon Oh": ["Why-Question Answering using Intra- and Inter-Sentential Causal Relations., ACL, 2013"], "Wen-tau Yih": ["Question Answering Using Enhanced Lexical Semantic Models., ACL, 2013"], "Kang Liu": ["Syntactic Patterns versus Word Alignment: Extracting Opinion Targets from Online Reviews., ACL, 2013"], "Liheng Xu": ["Mining Opinion Words and Opinion Targets in a Two-Stage Framework., ACL, 2013"], "Song Feng": ["Connotation Lexicon: A Dash of Sentiment Beneath the Surface Meaning., ACL, 2013"], "Hassan Sajjad": ["Translating Dialectal Arabic to English., ACL, 2013"], "Chris Quirk": ["Exact Maximum Inference for the Fertility Hidden Markov Model., ACL, 2013", "Semantic Neighborhoods as Hypergraphs., ACL, 2013"], "Preslav Nakov": ["A Tale about PRO and Monsters., ACL, 2013"], "Jun Suzuki": ["Supervised Model Learning with Feature Grouping based on a Discrete Constraint., ACL, 2013"], "Jianfeng Si": ["Exploiting Topic based Twitter Sentiment for Stock Prediction., ACL, 2013"], "Zhengyan He": ["Learning Entity Representation for Entity Disambiguation., ACL, 2013"], "Dana Movshovitz-Attias": ["Natural Language Models for Predicting Programming Comments., ACL, 2013"], "Chenguang Wang": ["Paraphrasing Adaptation for Web Search Ranking., ACL, 2013"], "Jacob Andreas": ["Semantic Parsing as Machine Translation., ACL, 2013"], "Raffaella Bernardi": ["A relatedness benchmark to test the role of determiners in compositional distributional semantics., ACL, 2013"], "Zhongyu Wei": ["An Empirical Study on Uncertainty Identification in Social Media Context., ACL, 2013"], "Travis Wolfe": ["PARMA: A Predicate Argument Aligner., ACL, 2013"], "Or Biran": ["Aggregated Word Pair Features for Implicit Discourse Relation Disambiguation., ACL, 2013"], "Adam Vogel": ["Implicatures and Nested Beliefs in Approximate Decentralized-POMDPs., ACL, 2013"], "Nathan Gilbert": ["Domain-Specific Coreference Resolution with Lexicalized Features., ACL, 2013"], "Jiwei Tan": ["Learning to Order Natural Language Texts., ACL, 2013"], "Ryan T. McDonald": ["Universal Dependency Annotation for Multilingual Parsing., ACL, 2013"], "Jonathan K. Kummerfeld": ["An Empirical Examination of Challenges in Chinese Parsing., ACL, 2013"], "Ji Ma": ["Easy-First POS Tagging and Dependency Parsing with Beam Search., ACL, 2013"], "Leon Bergen": ["Arguments and Modifiers from the Learner's Perspective., ACL, 2013"], "Lingjia Deng": ["Benefactive/Malefactive Event and Writer Attitude Annotation., ACL, 2013"], "Apurbalal Senapati": ["GuiTAR-based Pronominal Anaphora Resolution in Bengali., ACL, 2013"], "Peter A. Rankel": ["A Decade of Automatic Content Evaluation of News Summaries: Reassessing the State of the Art., ACL, 2013"], "Guillaume Wisniewski": ["On the Predictability of Human Assessment: when Matrix Completion Meets NLP Evaluation., ACL, 2013"], "Rebecca J. Passonneau": ["Automated Pyramid Scoring of Summaries using Distributional Semantics., ACL, 2013"], "Romain Deveaud": ["Are Semantically Coherent Topic Models Useful for Ad Hoc Information Retrieval?, ACL, 2013"], "Jose G. Moreno": ["Post-Retrieval Clustering Using Third-Order Similarity Measures., ACL, 2013"], "Xuchen Yao": ["Automatic Coupling of Answer Extraction and Information Retrieval., ACL, 2013", "A Lightweight and High Performance Monolingual Word Aligner., ACL, 2013"], "Ruey-Cheng Chen": ["An improved MDL-based compression algorithm for unsupervised word segmentation., ACL, 2013"], "Longkai Zhang": ["Improving Chinese Word Segmentation on Micro-blog Using Rich Punctuations., ACL, 2013"], "Masato Hagiwara": ["Accurate Word Segmentation using Transliteration and Language Model Projection., ACL, 2013"], "Xiaoming Lu": ["Broadcast News Story Segmentation Using Manifold Learning on Latent Topic Distributions., ACL, 2013"], "Naresh Kumar Elluru": ["Is word-to-phone mapping better than phone-phone mapping for handling English words?, ACL, 2013"], "Gae-won You": ["Enriching Entity Translation Discovery using Selective Temporality., ACL, 2013"], "Heike Adel": ["Combination of Recurrent Neural Networks and Factored Language Models for Code-Switching Language Modeling., ACL, 2013"], "Tsutomu Hirao": ["Latent Semantic Matching: Application to Cross-language Text Categorization without Alignment Information., ACL, 2013"], "Jiwei Li": ["TopicSpam: a Topic-Model based approach for spam detection., ACL, 2013", "Evolutionary Hierarchical Dirichlet Process for Timeline Summarization., ACL, 2013"], "Sasa Petrovic": ["Unsupervised joke generation from big data., ACL, 2013"], "Tze Yuang Chong": ["Modeling of term-distance and term-occurrence information for improving n-gram language model performance., ACL, 2013"], "Keisuke Sakaguchi": ["Discriminative Approach to Fill-in-the-Blank Quiz Generation for Language Learners., ACL, 2013"], "Alessandro Valitutti": ["\"Let Everything Turn Well in Your Wife\": Generation of Adult Humor Using Lexical Constraints., ACL, 2013"], "Ben King": ["Random Walk Factoid Annotation for Collective Discourse., ACL, 2013"], "Veronika Vincze": ["Identifying English and Hungarian Light Verb Constructions: A Contrastive Approach., ACL, 2013"], "Pavel Braslavski": ["English-to-Russian MT evaluation campaign., ACL, 2013"], "Brijesh Bhatt": ["IndoNet: A Multilingual Lexical Knowledge Network for Indian Languages., ACL, 2013"], "Kimi Kaneko": ["Building Japanese Textual Entailment Specialized Data Sets for Inference of Basic Sentence Relations., ACL, 2013"], "Zede Zhu": ["Building Comparable Corpora Based on Bilingual LDA Model., ACL, 2013"], "Ziqi Zhang": ["Mining Equivalent Relations from Linked Data., ACL, 2013"], "Lian Tze Lim": ["Context-Dependent Multilingual Lexical Lookup for Under-Resourced Languages., ACL, 2013"], "Kyumars Sheykh Esmaili": ["Sorani Kurdish versus Kurmanji Kurdish: An Empirical Comparison., ACL, 2013"], "Ryan Georgi": ["Enhanced and Portable Dependency Projection Algorithms Using Interlinear Glossed Text., ACL, 2013"], "Mo Yu": ["Cross-lingual Projections between Languages from Different Families., ACL, 2013"], "Samira Tofighi Zahabi": ["Using Context Vectors in Improving a Machine Translation System with Bridge Language., ACL, 2013"], "Felix Hieber": ["Task Alternation in Parallel Sentence Retrieval for Twitter Translation., ACL, 2013"], "Arturo Curiel": ["Sign Language Lexical Recognition With Propositional Dynamic Logic., ACL, 2013"], "Lei Cui": ["Bilingual Data Cleaning for SMT using Graph-based Random Walk., ACL, 2013"], "Abhijit Mishra": ["Automatically Predicting Sentence Translation Difficulty., ACL, 2013"], "Wenduan Xu": ["Learning to Prune: Context-Sensitive Pruning for Syntactic MT., ACL, 2013"], "Qun Liu": ["A Novel Graph-based Compact Representation of Word Alignment., ACL, 2013"], "Zhiyang Wang": ["Stem Translation with Affix-Based Rule Selection for Agglutinative Languages., ACL, 2013"], "Mei Tu": ["A Novel Translation Framework Based on Rhetorical Structure Theory., ACL, 2013"], "Chi-kiu Lo": ["Improving machine translation by training against an automatic semantic frame based evaluation metric., ACL, 2013"], "Guosheng Ben": ["Bilingual Lexical Cohesion Trigger Model for Document-Level Machine Translation., ACL, 2013"], "Fei Huang": ["Generalized Reordering Rules for Improved SMT., ACL, 2013"], "Tingting Li": ["A Tightly-coupled Unsupervised Clustering and Bilingual Alignment Model for Transliteration., ACL, 2013"], "Nadir Durrani": ["Can Markov Models Over Minimal Translation Units Help Phrase-Based SMT?, ACL, 2013"], "Kristina Toutanova": ["Learning Non-linear Features for Machine Translation Using Gradient Boosting Machines., ACL, 2013"], "Marzieh Bazrafshan": ["Semantic Roles for String to Tree Machine Translation., ACL, 2013"], "Nan Duan": ["Minimum Bayes Risk based Answer Re-ranking for Question Answering., ACL, 2013"], "Anne-Laure Ligozat": ["Question Classification Transfer., ACL, 2013"], "Xipeng Qiu": ["Latent Semantic Tensor Indexing for Community-based Question Answering., ACL, 2013"], "Aur\u00e9lie Herbelot": ["Measuring semantic content in distributional vectors., ACL, 2013"], "Hen-Hsen Huang": ["Modeling Human Inference Process for Textual Entailment Recognition., ACL, 2013"], "Omer Levy": ["Recognizing Partial Textual Entailment., ACL, 2013"], "Heba Elfardy": ["Sentence Level Dialect Identification in Arabic., ACL, 2013"], "Dan Goldwasser": ["Leveraging Domain-Independent Information in Semantic Parsing., ACL, 2013"], "Kartik Goyal": ["A Structured Distributional Semantic Model for Event Co-reference., ACL, 2013"], "Fumiyo Fukumoto": ["Text Classification from Positive and Unlabeled Data using Misclassified Data Correction., ACL, 2013"], "Eric T. Nalisnick": ["Character-to-Character Sentiment Analysis in Shakespeare's Plays., ACL, 2013"], "Ding Liu": ["A Novel Classifier Based on Quantum Computation., ACL, 2013"], "Igor Labutov": ["Re-embedding words., ACL, 2013"], "Mohamed A. Aly": ["LABR: A Large Scale Arabic Book Reviews Dataset., ACL, 2013"], "Kevin Reschke": ["Generating Recommendation Dialogs by Extracting Information from User Reviews., ACL, 2013"], "Huanhuan Liu": ["Joint Modeling of News Reader's and Comment Writer's Emotions., ACL, 2013"], "Timothy O'Keefe": ["An annotated corpus of quoted opinions in news articles., ACL, 2013"], "Rui Xia": ["Dual Training and Dual Prediction for Polarity Classification., ACL, 2013"], "Xiaojun Wan": ["Co-Regression for Cross-Language Review Rating Prediction., ACL, 2013"], "Guido Boella": ["Extracting Definitions and Hypernym Relations relying on Syntactic Dependencies and Support Vector Machines., ACL, 2013"], "Sudha Bhingardive": ["Neighbors Help: Bilingual Unsupervised WSD Using Context., ACL, 2013"], "Daniel Beck": ["Reducing Annotation Effort for Quality Estimation via Active Learning., ACL, 2013"], "Nadi Tomeh": ["Reranking with Linguistic and Semantic Features for Arabic Optical Character Recognition., ACL, 2013"], "Gerasimos Lampouras": ["Using Integer Linear Programming in Concept-to-Text Generation to Produce More Compact Texts., ACL, 2013"], "Dehong Gao": ["Sequential Summarization: A New Application for Timely Updated Twitter Trending Topics., ACL, 2013"], "Rahul Jha": ["A System for Summarizing Scientific Topics Starting from Keywords., ACL, 2013"], "Reut Tsarfaty": ["A Unified Morpho-Syntactic Scheme of Stanford Dependencies., ACL, 2013"], "Xuezhe Ma": ["Dependency Parser Adaptation with Subtrees from Auto-Parsed Target Domain Data., ACL, 2013"], "Xiang Li": ["Iterative Transformation of Annotation Guidelines for Constituency Parsing., ACL, 2013"], "Elif Yamangil": ["Nonparametric Bayesian Inference and Efficient Parsing for Tree-adjoining Grammars., ACL, 2013"], "Bharat Ram Ambati": ["Using CCG categories to improve Hindi dependency parsing., ACL, 2013"], "Gregory F. Coppola": ["The Effect of Higher-Order Dependency Features in Discriminative Phrase-Structure Parsing., ACL, 2013"], "Andr\u00e9 F. T. Martins": ["Turning on the Turbo: Fast Third-Order Non-Projective Turbo Parsers., ACL, 2013"], "Zhiguo Wang": ["A Lattice-based Framework for Joint Chinese Word Segmentation, POS Tagging and Parsing., ACL, 2013"], "Yoav Goldberg": ["Efficient Implementation of Beam-Search Incremental Parsers., ACL, 2013"], "Long Duong": ["Simpler unsupervised POS tagging with bilingual projections., ACL, 2013"], "Anders S\u00f8gaard": ["Part-of-speech tagging with antagonistic adversaries., ACL, 2013"], "Leon Derczynski": ["Temporal Signals Help Label Temporal Relations., ACL, 2013"], "Maryam Habibi": ["Diverse Keyword Extraction from Conversations., ACL, 2013"], "Vidhya Govindaraju": ["Understanding Tables in Context Using Standard NLP Toolkits., ACL, 2013"], "Wei Xu": ["Filling Knowledge Base Gaps for Distant Supervision of Relation Extraction., ACL, 2013"], "Will Radford": ["Joint Apposition Extraction with Syntactic and Semantic Constraints., ACL, 2013"], "Kevin Duh": ["Adaptation Data Selection using Neural Language Models: Experiments in Machine Translation., ACL, 2013"], "Philippe Langlais": ["Mapping Source to Target Strings without Alignment by Analogical Learning: A Case Study with Transliteration., ACL, 2013"], "Kenneth Heafield": ["Scalable Modified Kneser-Ney Language Model Estimation., ACL, 2013"], "Sanjika Hewavitharana": ["Incremental Topic-Based Translation Model Adaptation for Conversational Spoken Language Translation., ACL, 2013"], "Yu Sawai": ["A Learner Corpus-based Approach to Verb Suggestion for ESL., ACL, 2013"], "Aliaksei Severyn": ["Learning Semantic Textual Similarity with Structural Representations., ACL, 2013"], "Ahmed Salama": ["Typesetting for Improved Readability using Lexical and Syntactic Information., ACL, 2013"], "H\u00e9ctor Mart\u00ednez Alonso": ["Annotation of regular polysemy and underspecification., ACL, 2013"], "Sebastian Pad\u00f3": ["Derivational Smoothing for Syntactic Distributional Semantics., ACL, 2013"], "Lin Sun": ["Diathesis alternation approximation for verb clustering., ACL, 2013"], "Marco Fossati": ["Outsourcing FrameNet to the Crowd., ACL, 2013"], "Shu Cai": ["Smatch: an Evaluation Metric for Semantic Feature Structures., ACL, 2013"], "Sean Moran": ["Variable Bit Quantisation for LSH., ACL, 2013"], "Dhouha Bouamor": ["Context Vector Disambiguation for Bilingual Lexicon Extraction from Comparable Corpora., ACL, 2013"], "Jesse Dunietz": ["The Effects of Lexical Resource Quality on Preference Violation Detection., ACL, 2013"], "Jos\u00e9 G. C. de Souza": ["Exploiting Qualitative Information from Automatic Word Alignment for Cross-lingual NLP Tasks., ACL, 2013"], "Manaal Faruqui": ["An Information Theoretic Approach to Bilingual Word Clustering., ACL, 2013"], "Jan Snajder": ["Building and Evaluating a Distributional Memory for Croatian., ACL, 2013"], "Polina Kuznetsova": ["Generalizing Image Captions for Image-Text Parallel Corpus., ACL, 2013"], "Goran Glavas": ["Recognizing Identical Events with Graph Kernels., ACL, 2013"], "Tyler Baldwin": ["Automatic Term Ambiguity Detection., ACL, 2013"], "Xingxing Zhang": ["Towards Accurate Distant Supervision for Relational Facts Extraction., ACL, 2013"], "Kazi Saidul Hasan": ["Extra-Linguistic Constraints on Stance Recognition in Ideological Debates., ACL, 2013"], "Xiaorui Jiang": ["Are School-of-thought Words Characterizable?, ACL, 2013"], "Amjad Abu-Jbara": ["Identifying Opinion Subgroups in Arabic Online Discussions., ACL, 2013"], "Miaomiao Wen": ["Extracting Events with Informal Temporal References in Personal Histories in Online Communities., ACL, 2013"], "Haifeng Hu": ["Multimodal DBN for Predicting High-Quality Answers in cQA portals., ACL, 2013"], "Roman Klinger": ["Bi-directional Inter-dependencies of Subjective Expressions and Targets and their Value for a Joint Model., ACL, 2013"], "Hongliang Yu": ["Identifying Sentiment Words Using an Optimization-based Model without Seed Words., ACL, 2013"], "Ankit Ramteke": ["Detecting Turnarounds in Sentiment Analysis: Thwarting., ACL, 2013"], "Matt Post": ["Explicit and Implicit Syntactic Features for Text Classification., ACL, 2013"], "Robert Daland": ["Does Korean defeat phonotactic word segmentation?, ACL, 2013"], "Stefan L. Frank": ["Word surprisal predicts N400 amplitude during reading., ACL, 2013"], "James O. Ryan": ["Computerized Analysis of a Verbal Fluency Test., ACL, 2013"], "Sean R. Szumlanski": ["A New Set of Norms for Semantic Relatedness Measures., ACL, 2013"]}