{"Abdessamad Echihabi": ["Offline Strategies for Online Question Answering: Answering Questions Before They Are Asked., ACL, 2003"], "Paul Aarseth": ["Using Predicate-Argument Structures for Information Extraction., ACL, 2003"], "Daniel Marcu": ["A Noisy-Channel Approach to Question Answering., ACL, 2003"], "Yuji Matsumoto": ["Fast Methods for Kernel-Based Text Analysis., ACL, 2003", "Feedback Cleaning of Machine Translation Rules Using Automatic Evaluation., ACL, 2003"], "Eisaku Maeda": ["Hierarchical Directed Acyclic Graph Kernel: Methods for Structured Natural Language Data., ACL, 2003"], "Brian Roark": ["Generalized Algorithms for Constructing Statistical Language Models., ACL, 2003"], "Judita Preiss": ["Improving Subcategorization Acquisition Using Word Sense Disambiguation., ACL, 2003"], "Katja Markert": ["Syntactic Features and Word Similarity for Supervised Metonymy Resolution., ACL, 2003"], "Zvika Marx": ["Clustering Polysemic Subcategorization Frame Distributions Semantically., ACL, 2003"], "Hitoshi Isahara": ["Reliable Measures for Aligning Japanese-English News Articles and Sentences., ACL, 2003", "Morphological Analysis of a Large Spontaneous Speech Corpus in Japanese., ACL, 2003"], "Daniel Gildea": ["Loosely Tree-Based Alignment for Machine Translation., ACL, 2003"], "Dekang Lin": ["A Probability Model to Improve Word Alignment., ACL, 2003"], "Frank Keller": ["Probabilistic Parsing for German Using Sister-Head Dependencies., ACL, 2003"], "Ulrich Sch\u00e4fer": ["Integrated Shallow and Deep Parsing: TopP Meets HPSG., ACL, 2003"], "Michael Schiehlen": ["Combining Deep and Shallow Approaches in Parsing German., ACL, 2003"], "Ming Zhou": ["Synonymous Collocation Extraction Using Translation Information., ACL, 2003"], "Mirella Lapata": ["Constructing Semantic Space Models from Parsed Corpora., ACL, 2003", "Probabilistic Text Structuring: Experiments with Sentence Ordering., ACL, 2003"], "Dominic Widdows": ["Orthogonal Negation in Vector Spaces for Modelling Word-Meanings and Document Retrieval., ACL, 2003"], "Hermann Ney": ["A Comparative Study on Reordering Constraints in Statistical Machine Translation., ACL, 2003"], "Nanda Kambhatla": ["tRuEcasIng., ACL, 2003"], "Franz Josef Och": ["Minimum Error Rate Training in Statistical Machine Translation., ACL, 2003"], "Christoph M\u00fcller": ["A Machine Learning Approach to Pronoun Resolution in Spoken Dialogue., ACL, 2003"], "Chew Lim Tan": ["Coreference Resolution Using Competition Learning Approach., ACL, 2003"], "Alexandra Kinyon": ["Generating Parallel Multilingual LFG-TAG Grammars from a MetaGrammar., ACL, 2003"], "Jonas Kuhn": ["Compounding and Derivational Morphology in a Finite-State Setting., ACL, 2003"], "Cosmin Munteanu": ["A Tabulation-Based Parsing Method that Reduces Copying., ACL, 2003"], "Milena Petrova": ["Recognizing Expressions of Commonsense Psychology in English Text., ACL, 2003"], "Yoong Keok Lee": ["Closing the Gap: Learning-Based Information Extraction Rivaling Knowledge-Engineering Methods., ACL, 2003"], "Ralph Grishman": ["An Improved Extraction Pattern Representation Model for Automatic IE Pattern Acquisition., ACL, 2003"], "Thorsten Brants": ["Optimizing Story Link Detection is not Equivalent to Optimizing New Event Detection., ACL, 2003"], "Kiyoaki Aikawa": ["Corpus-Based Discourse Understanding in Spoken Dialogue Systems., ACL, 2003"], "Yongcheng Wang": ["Extracting Key Semantic Terms from Chinese Speech Query for Web Searches., ACL, 2003"], "Hiroshi G. Okuno": ["Flexible Guidance Generation Using User Model in Spoken Dialogue Systems., ACL, 2003", "Chunk-Based Statistical Translation., ACL, 2003"], "Charles B. Callaway": ["Integrating Discourse Markers into a Pipelined Natural Language Generation Architecture., ACL, 2003"], "Changning Huang": ["Improved Source-Channel Models for Chinese Word Segmentation., ACL, 2003"], "Mathias Creutz": ["Unsupervised Segmentation of Words Using Prior Distributions of Morph Length and Frequency., ACL, 2003"], "Martin Jansche": ["Parametric Models of Linguistic Count Data., ACL, 2003"], "Jun'ichi Tsujii": ["Self-Organizing Markov Models and Their Application to Part-of-Speech Tagging., ACL, 2003"], "Kevin Knight": ["Feature-Rich Statistical Translation of Noun Phrases., ACL, 2003"], "Alex Waibel": ["Effective Phrase Translation Extraction from Alignment Models., ACL, 2003"], "Li Lian": ["Uncertainty Reduction in Collaborative Bootstrapping: Measure and Algorithm., ACL, 2003"], "Rohini K. Srihari": ["A Bootstrapping Approach to Named Entity Classification Using Successive Learners., ACL, 2003", "An Expert Lexicon Approach to Identifying English Phrasal Verbs., ACL, 2003"], "Roman Yangarber": ["Counter-Training in Discovery of Semantic Patterns., ACL, 2003"], "Annie Foret": ["k-Valued Non-Associative Lambek Categorial Grammars are not Learnable from Strings., ACL, 2003"], "Julia Hockenmaier": ["Parsing with Generative Models of Predicate-Argument Structure., ACL, 2003"], "Stefan Thater": ["Bridging the Gap Between Underspecification Formalisms: Minimal Recursion Semantics as Dominance Constraints., ACL, 2003"], "Elliott Dr\u00e1bek": ["Evaluation Challenges in Large-Scale Document Summarization., ACL, 2003"], "Akiko N. Aizawa": ["Analysis of Source Identified Text Corpora: Exploring the Statistics of the Reused Text and Authorship., ACL, 2003"], "Yiming Yang": ["Unsupervised Learning of Arabic Stemming Using a Parallel Corpus., ACL, 2003"], "Hany Hassan": ["Language Model Based Arabic Word Segmentation., ACL, 2003"], "Masato Takeichi": ["Acquiring Vocabulary for Predictive Text Entry through Dynamic Reuse of a Small User Corpus., ACL, 2003"], "William Gregory Sakas": ["A Word-Order Database for Testing Computational Models of Language Acquisition., ACL, 2003"], "Christopher D. Manning": ["Accurate Unlexicalized Parsing., ACL, 2003", "Is it Harder to Parse Chinese, or the Chinese Treebank?, ACL, 2003"], "Amit Dubey": ["Deep Syntactic Processing by Combining Shallow Methods., ACL, 2003"], "Yee Seng Chan": ["Exploiting Parallel Texts for Word Sense Disambiguation: An Empirical Study., ACL, 2003"], "Francis Bond": ["Learning the Countability of English Nouns from Corpus Data., ACL, 2003"], "Heui-Seok Lim": ["A Syllable Based Word Recognition Model for Korean Noun Extraction., ACL, 2003"], "V\u00e9ronique Hoste": ["Learning to Predict Pitch Accents and Prosodic Boundaries in Dutch., ACL, 2003"], "Byoung-Tak Zhang": ["Text Chunking by Combining Hand-Crafted Rules and Memory-Based Learning., ACL, 2003"], "Aravind K. Joshi": ["A SNoW Based Supertagger with Application to NP Chunking., ACL, 2003"], "Hisami Suzuki": ["Unsupervised Learning of Dependency Structure for Language Modeling., ACL, 2003"], "William Schuler": ["Using Model-Theoretic Semantic Interpretation to Guide Statistical Parsing and Word Recognition in a Spoken Language Interface., ACL, 2003"], "Manfred Pinkal": ["Towards a Resource for Lexical Semantics: A Large German Corpus with Extensive Semantic Annotation., ACL, 2003"], "Justine Cassell": ["Towards a Model of Face-to-Face Grounding., ACL, 2003"], "Hongyan Jing": ["Discourse Segmentation of Multi-Party Conversation., ACL, 2003"]}