{"Ben Athiwaratkun": ["Probabilistic FastText for Multi-Sense Word Embeddings., ACL, 2018"], "Sanjeev Arora": ["A La Carte Embedding: Cheap but Effective Induction of Semantic Feature Vectors., ACL, 2018"], "Shoaib Jameel": ["Unsupervised Learning of Distributional Relation Vectors., ACL, 2018"], "Ivan Vulic": ["Explicit Retrofitting of Distributional Word Vectors., ACL, 2018"], "Bo Xu": ["Unsupervised Neural Machine Translation with Weight Sharing., ACL, 2018"], "Ming Zhou": ["Triangular Architecture for Rare Language Translation., ACL, 2018", "Semantic Parsing with Syntax- and Table-Aware SQL Generation., ACL, 2018", "Fluency Boost Learning and Inference for Neural Grammatical Error Correction., ACL, 2018"], "Taku Kudo": ["Subword Regularization: Improving Neural Network Translation Models with Multiple Subword Candidates., ACL, 2018"], "George Foster": ["The Best of Both Worlds: Combining Recent Advances in Neural Machine Translation., ACL, 2018"], "Omer Levy": ["Ultra-Fine Entity Typing., ACL, 2018", "Long Short-Term Memory as a Dynamically Computed Element-wise Weighted Sum., ACL, 2018"], "Andrew McCallum": ["Hierarchical Losses and New Resources for Fine-grained Entity Typing and Linking., ACL, 2018", "Probabilistic Embedding of Knowledge Graphs with Box Lattice Measures., ACL, 2018"], "Boyang Ding": ["Improving Knowledge Graph Embedding Using Simple Constraints., ACL, 2018"], "Partha P. Talukdar": ["Towards Understanding the Geometry of Knowledge Graph Embeddings., ACL, 2018"], "Min Sun": ["A Unified Model for Extractive and Abstractive Summarization using Inconsistency Loss., ACL, 2018"], "Aishwarya Jadhav": ["Extractive Summarization with SWAP-NET: Sentences and Words from Alternating Pointer Networks., ACL, 2018"], "Wenjie Li": ["Retrieve, Rerank and Rewrite: Soft Template Based Neural Summarization., ACL, 2018"], "Omri Abend": ["Simple and Effective Text Simplification Using Semantic and Neural Methods., ACL, 2018", "Comprehensive Supersense Disambiguation of English Prepositions and Possessives., ACL, 2018", "Multitask Parsing Across Semantic Representations., ACL, 2018", "Inherent Biases in Reference-based Evaluation for Grammatical Error Correction., ACL, 2018", "Automatic Metric Validation for Grammatical Error Correction., ACL, 2018"], "Saif Mohammad": ["Obtaining Reliable Human Ratings of Valence, Arousal, and Dominance for 20, 000 English Words., ACL, 2018"], "Ani Nenkova": ["A Corpus with Multi-Level Annotations of Patients, Interventions and Outcomes to Support Language Processing for Medical Literature., ACL, 2018"], "Benjamin Van Durme": ["Efficient Online Scalar Annotation with Bounded Support., ACL, 2018"], "Lu Wang": ["Neural Argument Generation Augmented with Externally Retrieved Evidence., ACL, 2018"], "Benno Stein": ["A Stylometric Inquiry into Hyperpartisan and Fake News., ACL, 2018"], "Henning Wachsmuth": ["Retrieval of the Best Counterargument without Prior Topic Knowledge., ACL, 2018"], "Christos Faloutsos": ["LinkNBed: Multi-Graph Representation Learning with Entity Linkage., ACL, 2018"], "Trevor Cohn": ["Graph-to-Sequence Learning using Gated Graph Neural Networks., ACL, 2018", "A Stochastic Decoder for Neural Machine Translation., ACL, 2018"], "Dan Jurafsky": ["Sharp Nearby, Fuzzy Far Away: How Neural Language Models Use Context., ACL, 2018"], "Noah A. Smith": ["Bridging CNNs, RNNs, and Weighted Finite-State Machines., ACL, 2018", "Event2Mind: Commonsense Inference on Events, Intents, and Reactions., ACL, 2018", "Backpropagating through Structured Argmax using a SPIGOT., ACL, 2018", "Neural Models for Documents with Metadata., ACL, 2018"], "Tom M. Mitchell": ["Zero-shot Learning of Classifiers from Natural Language Quantification., ACL, 2018"], "Yue Zhang": ["Sentence-State LSTM for Text Representation., ACL, 2018", "Chinese NER Using Lattice LSTM., ACL, 2018"], "Sebastian Ruder": ["Universal Language Model Fine-tuning for Text Classification., ACL, 2018"], "Hinrich Sch\u00fctze": ["Evaluating neural network explanation methods using hybrid documents and morphosyntactic agreement., ACL, 2018", "Two Methods for Domain Adaptation of Bilingual Tasks: Delightfully Simple and Broadly Applicable., ACL, 2018"], "Dragomir R. Radev": ["Improving Text-to-SQL Evaluation Methodology., ACL, 2018", "TutorialBank: A Manually-Collected Corpus for Prerequisite Chains, Survey Extraction and Resource Recommendation., ACL, 2018"], "Mark Steedman": ["Character-Level Models versus Morphology in Semantic Role Labeling., ACL, 2018"], "Ivan Titov": ["AMR Parsing as Graph Prediction with Latent Alignment., ACL, 2018", "Context-Aware Neural Machine Translation Learns Anaphora Resolution., ACL, 2018", "Improving Entity Linking by Modeling Latent Relations between Mentions., ACL, 2018"], "Weiwei Sun": ["Accurate SHRG-Based Semantic Parsing., ACL, 2018", "Language Generation via DAG Transduction., ACL, 2018", "Pre- and In-Parsing Models for Neural Empty Category Detection., ACL, 2018"], "Chin-Yew Lin": ["Using Intermediate Representations to Solve Math Word Problems., ACL, 2018"], "Mirella Lapata": ["Discourse Representation Structure Parsing., ACL, 2018", "Coarse-to-Fine Decoding for Neural Semantic Parsing., ACL, 2018"], "Ricardo Henao": ["Baseline Needs More Love: On Simple Word-Embedding-Based Models and Associated Pooling Mechanisms., ACL, 2018", "NASH: Toward End-to-End Neural Architecture for Generative Semantic Hashing., ACL, 2018", "Joint Embedding of Words and Labels for Text Classification., ACL, 2018"], "Kevin Gimpel": ["ParaNMT-50M: Pushing the Limits of Paraphrastic Sentence Embeddings with Millions of Machine Translations., ACL, 2018"], "Sadao Kurohashi": ["Neural Adversarial Training for Semi-supervised Japanese Predicate-argument Structure Analysis., ACL, 2018", "Entity-Centric Joint Modeling of Japanese Coreference Resolution and Predicate Argument Structure Analysis., ACL, 2018"], "Ruihong Huang": ["Improving Event Coreference Resolution by Modeling Correlations between Event Coreference Chains and Document Topic Structures., ACL, 2018", "Temporal Event Knowledge Acquisition via Identifying Narratives., ACL, 2018"], "William Yang Wang": ["DSGAN: Generative Adversarial Training for Distant Supervision Relation Extraction., ACL, 2018", "No Metrics Are Perfect: Adversarial Reward Learning for Visual Storytelling., ACL, 2018", "MojiTalk: Generating Emotional Responses at Scale., ACL, 2018", "Robust Distant Supervision Relation Extraction via Deep Reinforcement Learning., ACL, 2018"], "Kang Liu": ["Extracting Relational Facts by an End-to-End Neural Model with Copy Mechanism., ACL, 2018"], "Guodong Zhou": ["Self-regulation: Employing a Generative Adversarial Network to Improve Event Detection., ACL, 2018"], "Anna Rumshisky": ["Context-Aware Neural Model for Temporal Information Extraction., ACL, 2018"], "Laurent Vanni": ["Textual Deconvolution Saliency (TDS) : a deep tool box for linguistic analysis., ACL, 2018"], "Shafiq R. Joty": ["Coherence Modeling of Asynchronous Conversations: A Neural Entity Grid Approach., ACL, 2018", "Domain Adaptation with Adversarial Training and Graph Embeddings., ACL, 2018"], "Ting Liu": ["Deep Reinforcement Learning for Chinese Zero Pronoun Resolution., ACL, 2018", "Distilling Knowledge for Search-based Structured Prediction., ACL, 2018"], "John Torr": ["Constraining MGbank: Agreement, L-Selection and Supertagging in Minimalist Grammars., ACL, 2018"], "David Reitter": ["Not that much power: Linguistic alignment is influenced more by low-level linguistic features rather than social power., ACL, 2018"], "Vincent Ng": ["Give Me More Feedback: Annotating Argument Persuasiveness and Related Attributes in Student Essays., ACL, 2018", "Modeling and Prediction of Online Product Review Helpfulness: A Survey., ACL, 2018"], "Percy Liang": ["The price of debiasing automatic metrics in natural language evalaution., ACL, 2018", "Training Classifiers with Natural Language Explanations., ACL, 2018"], "Tiejun Zhao": ["Neural Document Summarization by Jointly Learning to Score and Select Sentences., ACL, 2018"], "Michalis Vazirgiannis": ["Unsupervised Abstractive Meeting Summarization with Multi-Sentence Compression and Budgeted Submodular Maximization., ACL, 2018"], "Mohit Bansal": ["Fast Abstractive Summarization with Reinforce-Selected Sentence Rewriting., ACL, 2018", "Soft Layer-Specific Multi-Task Summarization with Entailment and Question Generation., ACL, 2018"], "Seung-won Hwang": ["Mining Cross-Cultural Differences and Similarities in Social Media., ACL, 2018", "Cold-Start Aware User and Product Attention for Sentiment Classification., ACL, 2018"], "Kristen Johnson": ["Classification of Moral Foundations in Microblog Political Discourse., ACL, 2018"], "Chris Quirk": ["Confidence Modeling for Neural Semantic Parsing., ACL, 2018"], "Graham Neubig": ["StructVAE: Tree-structured Latent Variable Models for Semi-supervised Semantic Parsing., ACL, 2018", "Neural Factor Graph Models for Cross-lingual Morphological Tagging., ACL, 2018"], "Le Sun": ["Sequence-to-Action: End-to-End Semantic Graph Generation for Semantic Parsing., ACL, 2018", "Adaptive Scaling for Sparse Detection in Information Extraction., ACL, 2018", "TDNN: A Two-stage Deep Neural Network for Prompt-independent Automated Essay Scoring., ACL, 2018", "Nugget Proposal Networks for Chinese Event Detection., ACL, 2018"], "Anders S\u00f8gaard": ["On the Limitations of Unsupervised Bilingual Dictionary Induction., ACL, 2018"], "Eneko Agirre": ["A robust self-learning method for fully unsupervised cross-lingual mappings of word embeddings., ACL, 2018"], "Veselin Stoyanov": ["A Multi-lingual Multi-task Architecture for Low-resource Sequence Labeling., ACL, 2018"], "Anette Frank": ["Knowledgeable Reader: Enhancing Cloze-Style Reading Comprehension with External Commonsense Knowledge., ACL, 2018"], "Bishan Yang": ["Multi-Relational Question Answering from Narratives: Machine Reading and Reasoning in Simulated Worlds., ACL, 2018"], "Matt Gardner": ["Simple and Effective Multi-Paragraph Reading Comprehension., ACL, 2018"], "Sameer Singh": ["Semantically Equivalent Adversarial Rules for Debugging NLP models., ACL, 2018"], "Yulia Tsvetkov": ["Style Transfer Through Back-Translation., ACL, 2018"], "Gerard de Melo": ["Generating Fine-Grained Open Vocabulary Entity Type Descriptions., ACL, 2018", "A Helping Hand: Transfer Learning for Deep Sentiment Analysis., ACL, 2018"], "Mike Lewis": ["Hierarchical Neural Story Generation., ACL, 2018"], "Roi Reichart": ["Bridging Languages through Images with Deep Partial Canonical Correlation Analysis., ACL, 2018", "The Hitchhiker's Guide to Testing Statistical Significance in Natural Language Processing., ACL, 2018", "Isomorphic Transfer of Syntactic Structures in Cross-Lingual NLP., ACL, 2018"], "Jamie Kiros": ["Illustrative Language Understanding: Large-Scale Visual Grounding with Image Search., ACL, 2018"], "Lucy Vanderwende": ["What Action Causes This? Towards Naive Physical Action-Effect Prediction., ACL, 2018"], "Wai Lam": ["Transformation Networks for Target-Oriented Sentiment Classification., ACL, 2018", "Learning Domain-Sensitive and Sentiment-Aware Word Embeddings., ACL, 2018"], "Bing Liu": ["Target-Sensitive Memory Networks for Aspect Sentiment Classification., ACL, 2018"], "Pushpak Bhattacharyya": ["Identifying Transferable Information Across Domains for Cross-domain Sentiment Classification., ACL, 2018", "Eyes are the Windows to the Soul: Predicting the Rating of Text Quality Using Gaze Behaviour., ACL, 2018"], "Jingjing Xu": ["Unpaired Sentiment-to-Sentiment Translation: A Cycled Reinforcement Learning Approach., ACL, 2018"], "Boyuan Pan": ["Discourse Marker Augmented Network with Reinforcement Learning for Natural Language Inference., ACL, 2018"], "Juan Pavez": ["Working Memory Networks: Augmenting Memory Networks with a Relational Reasoning Module., ACL, 2018"], "Jian Su": ["Reasoning with Sarcasm by Reading In-Between., ACL, 2018"], "Avishek Joey Bose": ["Adversarial Contrastive Estimation., ACL, 2018"], "Barbara Plank": ["Strong Baselines for Neural Semi-Supervised Learning under Domain Shift., ACL, 2018"], "Pengtao Xie": ["A Neural Architecture for Automated ICD Coding., ACL, 2018"], "Maxine Esk\u00e9nazi": ["Unsupervised Discrete Sentence Representation Learning for Interpretable Neural Dialog Generation., ACL, 2018"], "Xueqi Cheng": ["Learning to Control the Specificity in Neural Response Generation., ACL, 2018", "Tailored Sequence to Sequence Models to Different Conversation Scenarios., ACL, 2018"], "Hua Wu": ["Multi-Turn Response Selection for Chatbots with Deep Attention Matching Network., ACL, 2018", "Multi-Passage Machine Reading Comprehension with Cross-Passage Answer Verification., ACL, 2018"], "Kumiko Tanaka-Ishii": ["Taylor's law for Human Linguistic Sequences., ACL, 2018"], "Jordan Kodner": ["A Framework for Representing Language Acquisition in a Population Setting., ACL, 2018"], "Anoop Sarkar": ["Prefix Lexicalization of Synchronous CFGs using Synchronous TAG., ACL, 2018"], "Yoshua Bengio": ["Straight to the Tree: Constituency Parsing with Neural Syntactic Distance., ACL, 2018"], "Kewei Tu": ["Gaussian Mixture Latent Vector Grammars., ACL, 2018"], "Mark Hopkins": ["Extending a Parser to Distant Domains Using a Few Dozen Partially Annotated Examples., ACL, 2018"], "Ido Dagan": ["Paraphrase to Explicate: Revealing Implicit Noun-Compound Relations., ACL, 2018", "Zero-Shot Transfer Learning for Event Extraction., ACL, 2018"], "Maksim Tkachenko": ["Searching for the X-Factor: Exploring Corpus Subjectivity for Word Embeddings., ACL, 2018"], "Chenghua Lin": ["Word Embedding and WordNet Based Metaphor Identification and Interpretation., ACL, 2018"], "Wei Yang": ["Incorporating Latent Meanings of Morphological Compositions to Enhance Word Embeddings., ACL, 2018"], "Eiichiro Sumita": ["Forest-Based Neural Machine Translation., ACL, 2018"], "Gholamreza Haffari": ["Document Context Neural Machine Translation with Memory Networks., ACL, 2018", "Learning How to Actively Learn: A Deep Imitation Learning Approach., ACL, 2018"], "Nigel Collier": ["Which Melbourne? Augmenting Geocoding with Maps., ACL, 2018"], "Ellen Riloff": ["Learning Prototypical Goal Activities for Locations., ACL, 2018"], "Yang Li": ["Guess Me if You Can: Acronym Disambiguation for Enterprises., ACL, 2018"], "Dan Roth": ["A Multi-Axis Annotation Scheme for Event Temporal Relations., ACL, 2018", "A Distributional and Orthographic Aggregation Model for English Derivational Morphology., ACL, 2018", "Joint Reasoning for Temporal and Causal Relations., ACL, 2018"], "Danish Contractor": ["Exemplar Encoder-Decoder for Neural Conversation Generation., ACL, 2018"], "Izzeddin Gur": ["DialSQL: Dialogue Based Structured Query Generation., ACL, 2018"], "Cristian Danescu-Niculescu-Mizil": ["Conversations Gone Awry: Detecting Early Signs of Conversational Failure., ACL, 2018"], "Ondrej Bojar": ["Are BLEU and Meaning Representation in Opposition?, ACL, 2018"], "Eduard H. Hovy": ["Stack-Pointer Networks for Dependency Parsing., ACL, 2018", "Learning to Generate Move-by-Move Commentary for Chess Games from Large-Scale Social Forum Data., ACL, 2018", "From Credit Assignment to Entropy Regularization: Two New Algorithms for Neural Sequence Prediction., ACL, 2018", "AdvEntuRe: Adversarial Training for Textual Entailment with Knowledge-Guided Examples., ACL, 2018"], "Brendan T. O'Connor": ["Twitter Universal Dependency Parsing for African-American and Mainstream American English., ACL, 2018"], "Stephen Clark": ["LSTMs Can Learn Syntax-Sensitive Dependencies Well, But Modeling Structure Makes Them Better., ACL, 2018"], "Min-Yen Kan": ["Sequicity: Simplifying Task-oriented Dialogue Systems with Single Sequence-to-Sequence Architectures., ACL, 2018"], "Puyang Xu": ["An End-to-end Approach for Handling Unknown Slot Values in Dialogue State Tracking., ACL, 2018"], "Richard Socher": ["Global-Locally Self-Attentive Encoder for Dialogue State Tracking., ACL, 2018", "Efficient and Robust Question Answering from Minimal Context over Documents., ACL, 2018"], "Pascale Fung": ["Mem2Seq: Effectively Incorporating Knowledge Bases into End-to-End Task-Oriented Dialog Systems., ACL, 2018"], "Qun Liu": ["Knowledge Diffusion for Neural Dialogue Generation., ACL, 2018"], "Minlie Huang": ["Generating Informative Responses with Controlled Sentence Function., ACL, 2018", "Learning to Ask Questions in Open-domain Conversational Systems with Typed Decoders., ACL, 2018"], "Zhou Yu": ["Sentiment Adaptive End-to-End Dialog Systems., ACL, 2018"], "Philipp Dufter": ["Embedding Learning Through Multilingual Concept Induction., ACL, 2018"], "Adithya Pratapa": ["Language Modeling for Code-Mixing: The Role of Linguistic Theory based Synthetic Data., ACL, 2018"], "Manish Gupta": ["Higher-order Relation Schema Induction using Tensor Factorization with Back-off and Aggregation., ACL, 2018"], "Alfio Gliozzo": ["Discovering Implicit Knowledge with Unary Relations., ACL, 2018"], "Partha Talukdar": ["Dating Documents using Graph Convolution Networks., ACL, 2018"], "Daniel Gildea": ["A Graph-to-Sequence Model for AMR-to-Text Generation., ACL, 2018"], "Wei Wang": ["GTR-LSTM: A Triple Encoder for Sentence Generation from RDF Data., ACL, 2018", "Multi-Granularity Hierarchical Attention Fusion Networks for Reading Comprehension and Question Answering., ACL, 2018"], "Yejin Choi": ["Learning to Write with Cooperative Discriminators., ACL, 2018"], "Xiaojun Wan": ["A Neural Approach to Pun Generation., ACL, 2018"], "Mitesh M. Khapra": ["DuoRC: Towards Complex Language Understanding with Paraphrased Reading Comprehension., ACL, 2018"], "Jianfeng Gao": ["Stochastic Answer Networks for Machine Reading Comprehension., ACL, 2018", "Deep Dyna-Q: Integrating Planning for Task-Completion Dialogue Policy Learning., ACL, 2018"], "Xinyan Xiao": ["Joint Training of Candidate Extraction and Answer Selection for Reading Comprehension., ACL, 2018"], "Maosong Sun": ["Denoising Distantly Supervised Open-Domain Question Answering., ACL, 2018", "Entity-Duet Neural Ranking: Understanding the Role of Knowledge Graph Semantics in Neural Information Retrieval., ACL, 2018", "Incorporating Chinese Characters of Words for Lexical Sememe Prediction., ACL, 2018"], "Wei Wu": ["Question Condensing Networks for Answer Selection in Community Question Answering., ACL, 2018"], "Yang Liu": ["Towards Robust Neural Machine Translation., ACL, 2018"], "Deyi Xiong": ["Attention Focusing for Neural Machine Translation by Bridging Source and Target Embeddings., ACL, 2018", "Accelerating Neural Transformer via an Average Attention Network., ACL, 2018"], "Stefan Riezler": ["Reliability and Learnability of Human Bandit Feedback for Sequence-to-Sequence Reinforcement Learning., ACL, 2018", "Improving a Neural Semantic Parser by Counterfactual Learning from Human Bandit Feedback., ACL, 2018"], "Tobias Domhan": ["How Much Attention Do You Need? A Granular Analysis of Neural Machine Translation Architectures., ACL, 2018"], "Jonathan Berant": ["Weakly Supervised Semantic Parsing with Abstract Examples., ACL, 2018"], "Mark Johnson": ["AMR dependency parsing with a typed semantic algebra., ACL, 2018", "Predicting accuracy on large datasets from smaller pilot data., ACL, 2018"], "Giorgio Satta": ["Sequence-to-sequence Models for Cache Transition Systems., ACL, 2018"], "Xiangnan He": ["Batch IS NOT Heavy: Learning Word Representations From All Samples., ACL, 2018"], "Pramod Kaushik Mudrakarta": ["Did the Model Understand the Question?, ACL, 2018"], "Claire Cardie": ["Harvesting Paragraph-level Question-Answer Pairs from Wikipedia., ACL, 2018"], "Timothy Baldwin": ["Deep-speare: A joint neural model of poetic language, meter and rhyme., ACL, 2018", "Semi-supervised User Geolocation via Graph Convolutional Networks., ACL, 2018"], "Emiel Krahmer": ["NeuralREG: An end-to-end approach to referring expression generation., ACL, 2018"], "Shay B. Cohen": ["Stock Movement Prediction from Tweets and Historical Prices., ACL, 2018"], "Kam-Fai Wong": ["Rumor Detection on Twitter with Tree-structured Recursive Neural Networks., ACL, 2018"], "Heng Ji": ["Visual Attention Model for Name Tagging in Multimodal Social Media., ACL, 2018"], "Vitor Carvalho": ["Multimodal Named Entity Disambiguation for Noisy Social Media Posts., ACL, 2018"], "Jiangsheng Yu": ["Document Modeling with External Attention for Sentence Extraction., ACL, 2018"], "Luke Zettlemoyer": ["Large-Scale QA-SRL Parsing., ACL, 2018"], "Hai Zhao": ["Syntax for Semantic Role Labeling, To Be, Or Not To Be., ACL, 2018"], "Yoav Artzi": ["Situated Mapping of Sequential Instructions to Actions with Single-step Reward Observation., ACL, 2018"], "Yansong Feng": ["Marrying Up Regular Expressions with Neural Networks: A Case Study for Spoken Language Understanding., ACL, 2018"], "Laurent Besacier": ["Token-level and sequence-level loss smoothing for RNN language models., ACL, 2018"], "Sebastian Riedel": ["Numeracy for Language Models: Evaluating and Improving their Ability to Predict Numbers., ACL, 2018"], "Zhu Zhang": ["To Attend or not to Attend: A Case Study on Syntactic Structures for Semantic Relatedness., ACL, 2018"], "Marco Baroni": ["What you can cram into a single \\$&!#* vector: Probing sentence embeddings for linguistic properties., ACL, 2018"], "Kentaro Inui": ["Interpretable and Compositional Relation Learning by Joint Training with an Autoencoder., ACL, 2018"], "Sinno Jialin Pan": ["Recursive Neural Structural Correspondence Network for Cross-domain Aspect and Opinion Co-Extraction., ACL, 2018"], "Douwe Kiela": ["Personalizing Dialogue Agents: I have a dog, do you have pets too?, ACL, 2018"], "Young-Bum Kim": ["Efficient Large-Scale Neural Domain Classification with Personalized Attention., ACL, 2018"], "Yue Gu": ["Multimodal Affective Analysis Using Hierarchical Attention Strategy with Word-Level Alignment., ACL, 2018"], "Louis-Philippe Morency": ["Multimodal Language Analysis in the Wild: CMU-MOSEI Dataset and Interpretable Dynamic Fusion Graph., ACL, 2018", "Efficient Low-rank Multimodal Fusion With Modality-Specific Factors., ACL, 2018"], "Bonnie L. Webber": ["Discourse Coherence: Concurrent Explicit and Implicit Relations., ACL, 2018"], "Shashank Srivastava": ["A Spatial Model for Extracting and Visualizing Latent Discourse Structure in Text., ACL, 2018"], "Kevin Knight": ["Modeling Naive Psychology of Characters in Simple Commonsense Stories., ACL, 2018"], "Chenliang Li": ["A Deep Relevance Model for Zero-Shot Document Filtering., ACL, 2018"], "Baoxin Wang": ["Disconnected Recurrent Neural Networks for Text Categorization., ACL, 2018"], "Min Peng": ["Neural Sparse Topical Coding., ACL, 2018"], "Suma Bhat": ["Document Similarity for Texts of Varying Lengths via Hidden Topics., ACL, 2018"], "David Smith": ["Multi-Input Attention for Unsupervised OCR Correction., ACL, 2018"], "Kai-Wei Chang": ["Building Language Models for Text with Named Entities., ACL, 2018"], "Jialong Han": ["hyperdoc2vec: Distributed Representations of Hypertext Documents., ACL, 2018"], "Diana Inkpen": ["Neural Natural Language Inference Models Enhanced with External Knowledge., ACL, 2018"], "Alice Oh": ["Subword-level Word Vector Representations for Korean., ACL, 2018"], "Jisun An": ["SemAxis: A Lightweight Framework to Characterize Domain-Specific Word Semantics Beyond Sentiment., ACL, 2018"], "Jiawei Han": ["End-to-End Reinforcement Learning for Automatic Taxonomy Induction., ACL, 2018"], "Zhifang Sui": ["Incorporating Glosses into Neural Word Sense Disambiguation., ACL, 2018"], "Jeremy Barnes": ["Bilingual Sentiment Embeddings: Joint Projection of Sentiment Across Languages., ACL, 2018"], "Qi Zhang": ["Cross-Domain Sentiment Classification with Target Domain Specific Information., ACL, 2018"], "Tao Li": ["Aspect Based Sentiment Analysis with Gated Convolutional Networks., ACL, 2018"], "Khalid Al Khatib": ["Modeling Deliberative Argumentation Strategies on Wikipedia., ACL, 2018"], "Radu Soricut": ["Conceptual Captions: A Cleaned, Hypernymed, Image Alt-text Dataset For Automatic Image Captioning., ACL, 2018"], "Chris Callison-Burch": ["Learning Translations via Images with a Massively Multilingual Image Dataset., ACL, 2018"], "Eric P. Xing": ["On the Automatic Generation of Medical Imaging Reports., ACL, 2018"], "Cho-Jui Hsieh": ["Attacking Visual Language Grounding with Adversarial Examples: A Case Study on Neural Image Captioning., ACL, 2018"], "Jian Wang": ["Think Visually: Question Answering through Virtual Imagery., ACL, 2018"], "Wei Xu": ["Interactive Language Acquisition with One-shot Visual Concept Learning through a Conversational Game., ACL, 2018"], "Shinji Watanabe": ["A Purely End-to-End System for Multi-speaker Speech Recognition., ACL, 2018"], "Jason Naradowsky": ["A Structured Variational Autoencoder for Contextual Morphological Inflection., ACL, 2018"], "Emily Pitler": ["Morphosyntactic Tagging with a Meta-BiLSTM Model over Context Sensitive Token Encodings., ACL, 2018"], "Lillian Lee": ["Global Transition-based Non-projective Dependency Parsing., ACL, 2018"], "Dan Klein": ["Constituency Parsing with a Self-Attentive Encoder., ACL, 2018"], "David Chiang": ["Composing Finite State Transducers on GPUs., ACL, 2018"], "Sheng Li": ["Supervised Treebank Conversion: Data and Approaches., ACL, 2018"], "Zhengdong Lu": ["Object-oriented Neural Programming (OONP) for Document Understanding., ACL, 2018"], "Chris Dyer": ["Finding syntax in human encephalography with beam search., ACL, 2018"], "Hal Daum\u00e9 III": ["Learning to Ask Good Questions: Ranking Clarification Questions using Neural Expected Value of Perfect Information., ACL, 2018"], "Jackie Chi Kit Cheung": ["Let's do it \"again\": A First Computational Approach to Detecting Adverbial Presupposition Triggers., ACL, 2018"], "Thomas Wolf": ["Continuous Learning in a Hierarchical Multiscale Neural Network., ACL, 2018"], "Alexandre Salle": ["Restricted Recurrent Neural Tensor Networks: Exploiting Word Frequency and Compositionality., ACL, 2018"], "Terra Blevins": ["Deep RNNs Encode Soft Hierarchical Syntax., ACL, 2018"], "Ahmed Ali": ["Word Error Rate Estimation for Speech Recognition: e-WER., ACL, 2018"], "Yitong Li": ["Towards Robust and Privacy-preserving Text Representations., ACL, 2018"], "Javid Ebrahimi": ["HotFlip: White-Box Adversarial Examples for Text Classification., ACL, 2018"], "Prathusha K. Sarma": ["Domain Adapted Word Embeddings for Improved Sentiment Classification., ACL, 2018"], "Long Duong": ["Active learning for deep semantic parsing., ACL, 2018"], "Liat Ein-Dor": ["Learning Thematic Similarity Metric from Article Sections Using Triplet Networks., ACL, 2018"], "Dmitry Ustalov": ["Unsupervised Semantic Frame Induction using Triclustering., ACL, 2018"], "Sangameshwar Patil": ["Identification of Alias Links among Participants in Narratives., ACL, 2018"], "Andrej Zukov Gregoric": ["Named Entity Recognition With Parallel Recurrent Neural Networks., ACL, 2018"], "Prachi Jain": ["Type-Sensitive Knowledge Base Inference Without Explicit Type Supervision., ACL, 2018"], "Fenia Christopoulou": ["A Walk-based Model on Entity Graphs for Relation Extraction., ACL, 2018"], "Van-Thuy Phi": ["Ranking-Based Automatic Seed Selection and Noise Reduction for Weakly Supervised Relation Extraction., ACL, 2018"], "Frank F. Xu": ["Automatic Extraction of Commonsense LocatedNear Knowledge., ACL, 2018"], "Rui Zhang": ["Neural Coreference Resolution with Deep Biaffine Attention by Joint Mention Detection and Mention Clustering., ACL, 2018"], "Nikola Mrksic": ["Fully Statistical Neural Belief Tracking., ACL, 2018"], "Sandro Pezzelle": ["Some of Them Can be Guessed! Exploring the Effect of Linguistic Context in Predicting Quantifiers., ACL, 2018"], "Martin Riedl": ["A Named Entity Recognition Shootout for German., ACL, 2018"], "Benjamin S. Meyers": ["A dataset for identifying actionable feedback in collaborative software development., ACL, 2018"], "Preethi Vaidyanathan": ["SNAG: Spoken Narratives and Gaze Dataset., ACL, 2018"], "Shen Li": ["Analogical Reasoning on Chinese Morphological and Semantic Relations., ACL, 2018"], "Dongyu Zhang": ["Construction of a Chinese Corpus for the Analysis of the Emotionality of Metaphorical Expressions., ACL, 2018"], "Lianhui Qin": ["Automatic Article Commenting: the Task and Dataset., ACL, 2018"], "Anton Belyy": ["Improved Evaluation Framework for Complex Plagiarism Detection., ACL, 2018"], "Junyang Lin": ["Global Encoding for Abstractive Summarization., ACL, 2018"], "Yang Zhao": ["A Language Model based Evaluator for Sentence Compression., ACL, 2018"], "Maria Glenski": ["Identifying and Understanding User Reactions to Deceptive and Trusted Social News Sources., ACL, 2018"], "Shivashankar Subramanian": ["Content-based Popularity Prediction of Online Petitions Using a Deep Regression Model., ACL, 2018"], "C\u00edcero Nogueira dos Santos": ["Fighting Offensive Language on Social Media with Unsupervised Text Style Transfer., ACL, 2018"], "Kokil Jaidka": ["Diachronic degradation of language models: Insights from social media., ACL, 2018"], "Zhongyu Wei": ["Task-oriented Dialogue System for Automatic Diagnosis., ACL, 2018"], "Minghui Qiu": ["Transfer Learning for Context-Aware Question Matching in Information-seeking Conversations in E-commerce., ACL, 2018"], "Karan Singla": ["A Multi-task Approach to Learning Multilingual Representations., ACL, 2018"], "Ndapa Nakashole": ["Characterizing Departures from Linearity in Word Translation., ACL, 2018"], "Holger Schwenk": ["Filtering and Mining Parallel Data in a Joint Multilingual Space., ACL, 2018"], "Zhi-Xiu Ye": ["Hybrid semi-Markov CRF for Neural Sequence Labeling., ACL, 2018"], "Dominic Seyler": ["A Study of the Importance of External Knowledge in the Named Entity Recognition Task., ACL, 2018"], "Katsiaryna Krasnashchok": ["Improving Topic Quality by Promoting Named Entities in Topic Modeling., ACL, 2018"], "Ilias Chalkidis": ["Obligation and Prohibition Extraction Using Hierarchical RNNs., ACL, 2018"], "Qingyun Wang": ["Paper Abstract Writing through Editing Mechanism., ACL, 2018"], "Artyom Gadetsky": ["Conditional Generators of Words Definitions., ACL, 2018"], "Akshay Chaturvedi": ["CNN for Text-Based Multiple Choice Question Answering., ACL, 2018"], "Fei Liu": ["Narrative Modeling with Memory Chains and Semantic Supervision., ACL, 2018"], "Antonio Uva": ["Injecting Relational Structural Representation in Neural Networks for Question Similarity., ACL, 2018"], "Yanyang Li": ["A Simple and Effective Approach to Coverage-Aware Neural Machine Translation., ACL, 2018"], "Rui Wang": ["Dynamic Sentence Sampling for Efficient Training of Neural Machine Translation., ACL, 2018"], "Duygu Ataman": ["Compositional Representation of Morphologically-Rich Input for Neural Machine Translation., ACL, 2018"], "Paul Michel": ["Extreme Adaptation for Personalized Neural Machine Translation., ACL, 2018"], "Danielle Saunders": ["Multi-representation ensembles and delayed SGD updates improve syntax-based NMT., ACL, 2018"], "Pavel Petrushkov": ["Learning from Chunk-based Feedback in Neural Machine Translation., ACL, 2018"], "Shuming Ma": ["Bag-of-Words as Target for Neural Machine Translation., ACL, 2018", "Autoencoder as Assistant Supervisor: Improving Text Representation for Chinese Social Media Text Summarization., ACL, 2018"], "Raphael Shu": ["Improving Beam Search by Removing Monotonic Constraint for Neural Machine Translation., ACL, 2018"], "Milton King": ["Leveraging distributed representations and lexico-syntactic fixedness for token-level prediction of the idiomaticity of English verb-noun combinations., ACL, 2018"], "Olivier Ferret": ["Using pseudo-senses for improving the extraction of synonyms from word embeddings., ACL, 2018"], "Stephen Roller": ["Hearst Patterns Revisited: Automatic Hypernym Detection from Large Text Corpora., ACL, 2018"], "Luheng He": ["Jointly Predicting Predicates and Arguments in Neural Semantic Role Labeling., ACL, 2018"], "Chaitanya Malaviya": ["Sparse and Constrained Attention for Neural Machine Translation., ACL, 2018"], "Weiyue Wang": ["Neural Hidden Markov Model for Machine Translation., ACL, 2018"], "Rob van der Goot": ["Bleaching Text: Abstract Features for Cross-lingual Gender Prediction., ACL, 2018"], "Parker Riley": ["Orthographic Features for Bilingual Lexicon Induction., ACL, 2018"], "Gourab Kundu": ["Neural Cross-Lingual Coreference Resolution And Its Application To Entity Linking., ACL, 2018"], "V. Rudra Murthy": ["Judicious Selection of Training Data in Assisting Language for Multilingual Neural NER., ACL, 2018"], "Lei Cui": ["Neural Open Information Extraction., ACL, 2018"], "Yue Zhao": ["Document Embedding Enhanced Event Detection with Hierarchical and Supervised Attention., ACL, 2018"], "Yu Wu": ["Learning Matching Models with Weak Supervision for Response Selection in Retrieval-based Chatbots., ACL, 2018"], "Lin Zhao": ["Improving Slot Filling in Spoken Language Understanding with Joint Pointer and Attention., ACL, 2018"], "Osman Ramadan": ["Large-Scale Multi-Domain Belief Tracking with Knowledge Sharing., ACL, 2018"], "Yanyan Jia": ["Modeling discourse cohesion for discourse parsing via memory network., ACL, 2018"], "An Yang": ["SciDTB: Discourse Dependency TreeBank for Scientific Abstracts., ACL, 2018"], "Jean-Philippe Bernardy": ["The Influence of Context on Sentence Acceptability Judgements., ACL, 2018"], "Guillem Collell": ["Do Neural Network Cross-Modal Mappings Really Bridge Modalities?, ACL, 2018"], "Daniel Fried": ["Policy Gradient as a Proxy for Dynamic Oracles in Constituency Parsing., ACL, 2018"], "Juneki Hong": ["Linear-time Constituency Parsing with RNNs and Dynamic Programming., ACL, 2018"], "Timothy Dozat": ["Simpler but More Accurate Semantic Dependency Parsing., ACL, 2018"], "Chenchen Ding": ["Simplified Abugidas., ACL, 2018"], "Pengcheng Yang": ["Automatic Academic Paper Rating Based on Modularized Hierarchical Convolutional Neural Network., ACL, 2018"], "Madalina Cozma": ["Automated essay scoring with string kernels and word embeddings., ACL, 2018"], "Anastassia Kornilova": ["Party Matters: Enhancing Legislative Embeddings with Author Attributes for Vote Prediction., ACL, 2018"], "Rem Hida": ["Dynamic and Static Topic Model for Analyzing Time-Series Document Collections., ACL, 2018"], "Weijing Huang": ["PhraseCTM: Correlated Topic Modeling on Phrases within Markov Random Fields., ACL, 2018"], "Marwan Torki": ["A Document Descriptor using Covariance of Word Vectors., ACL, 2018"], "Hao Li": ["Learning with Structured Representations for Negation Scope Extraction., ACL, 2018"], "Wenpeng Yin": ["End-Task Oriented Textual Entailment via Deep Explorations of Inter-Sentence Interactions., ACL, 2018"], "Yitao Cai": ["Sense-Aware Neural Models for Pun Location in Texts., ACL, 2018"], "Enrico Santus": ["A Rank-Based Similarity Metric for Word Embeddings., ACL, 2018"], "Alexander Erdmann": ["Addressing Noise in Multidialectal Word Embeddings., ACL, 2018"], "Zheng Zhang": ["GNEG: Graph-Based Negative Sampling for word2vec., ACL, 2018"], "Reina Akama": ["Unsupervised Learning of Style-sensitive Word Vectors., ACL, 2018"], "Ruidan He": ["Exploiting Document Knowledge for Aspect-level Sentiment Classification., ACL, 2018"], "Lizhen Liu": ["Modeling Sentiment Association in Discourse for Humor Recognition., ACL, 2018"], "Hu Xu": ["Double Embeddings and CNN-based Sequence Labeling for Aspect Extraction., ACL, 2018"], "Eyal Shnarch": ["Will it Blend? Blending Weak and Strong Labeled Data in a Neural Network for Argumentation Mining., ACL, 2018"], "Onno Kampman": ["Investigating Audio, Video, and Text Fusion Methods for End-to-End Automatic Personality Prediction., ACL, 2018"], "Jun Suzuki": ["An Empirical Study of Building a Strong Baseline for Constituency Parsing., ACL, 2018"], "Sara Stymne": ["Parser Training with Heterogeneous Treebanks., ACL, 2018"], "Stefan Gr\u00fcnewald": ["Generalized chart constraints for efficient PCFG and TAG parsing., ACL, 2018"], "Xunjie Zhu": ["Exploring Semantic Properties of Sentence Embeddings., ACL, 2018"], "Marek Rei": ["Scoring Lexical Entailment with a Supervised Directional Similarity Network., ACL, 2018"], "Yiben Yang": ["Extracting Commonsense Properties from Embeddings with Limited Human Guidance., ACL, 2018"], "Max Glockner": ["Breaking NLI Systems with Sentences that Require Simple Lexical Inferences., ACL, 2018"], "Poorya Zaremoodi": ["Adaptive Knowledge Sharing in Multi-Task Learning: Improving Low-Resource Neural Machine Translation., ACL, 2018"], "Craig Stewart": ["Automatic Estimation of Simultaneous Interpreter Performance., ACL, 2018"], "Phoebe Mulcaire": ["Polyglot Semantic Role Labeling., ACL, 2018"], "Yanyan Zou": ["Learning Cross-lingual Distributed Logical Representations for Semantic Parsing., ACL, 2018"], "Masaki Asada": ["Enhancing Drug-Drug Interaction Extraction from Texts by Molecular Structure Information., ACL, 2018"], "Prabal Agarwal": ["diaNED: Time-Aware Named Entity Disambiguation for Diachronic Corpora., ACL, 2018"], "Xiaolei Huang": ["Examining Temporality in Document Classification., ACL, 2018"], "Aaron Jaech": ["Personalized Language Model for Query Auto-Completion., ACL, 2018"], "Jianmo Ni": ["Personalized Review Generation By Expanding Phrases and Attending on Aspect-Aware Representations., ACL, 2018"], "Carolina Scarton": ["Learning Simplifications for Specific Target Audiences., ACL, 2018"], "Roee Aharoni": ["Split and Rephrase: Better Evaluation and Stronger Baselines., ACL, 2018"], "Gail Weiss": ["On the Practical Computational Power of Finite Precision RNNs for Language Recognition., ACL, 2018"], "Shuohang Wang": ["A Co-Matching Model for Multi-choice Reading Comprehension., ACL, 2018"], "Rishi Sharma": ["Tackling the Story Ending Biases in The Story Cloze Test., ACL, 2018"], "Zeyang Lei": ["A Multi-sentiment-resource Enhanced Attention Network for Sentiment Classification., ACL, 2018"], "Toru Shimizu": ["Pretraining Sentiment Classifiers with Unlabeled Dialog Data., ACL, 2018"], "Hen-Hsen Huang": ["Disambiguating False-Alarm Hashtag Usages in Tweets for Irony Detection., ACL, 2018"], "Chang Xu": ["Cross-Target Stance Classification with Self-Attention Networks., ACL, 2018"], "Pranav Rajpurkar": ["Know What You Don't Know: Unanswerable Questions for SQuAD., ACL, 2018"], "Olivia Winn": ["'Lighter' Can Still Be Dark: Modeling Comparative Color Descriptions., ACL, 2018"]}