{"Patrick Schone": ["Mining Wiki Resources for Multilingual Named Entity Recognition., ACL, 2008"], "Randy Goebel": ["Distributional Identification of Non-Referential Pronouns., ACL, 2008"], "Benjamin Van Durme": ["Weakly-Supervised Acquisition of Open-Domain Classes and Class Attributes from Web Documents and Query Logs., ACL, 2008"], "Oren Etzioni": ["The Tradeoffs Between Open and Traditional Relation Extraction., ACL, 2008"], "Jir\u00ed M\u00edrovsk\u00fd": ["PDT 2.0 Requirements on a Query Language., ACL, 2008"], "Jun'ichi Tsujii": ["Task-oriented Evaluation of Syntactic Parsers and Their Representations., ACL, 2008"], "Hwee Tou Ng": ["MAXSIM: A Maximum Similarity Metric for Machine Translation Evaluation., ACL, 2008"], "Ellen M. Voorhees": ["Contradictions and Justifications: Extensions to the Textual Entailment Task., ACL, 2008"], "Colin Cherry": ["Cohesive Phrase-Based Decoding for Statistical Machine Translation., ACL, 2008", "Automatic Syllabification with Structured SVMs for Letter-to-Phoneme Conversion., ACL, 2008"], "Yuqing Gao": ["Phrase Table Training for Precision and Recall: What Makes a Good Phrase and a Good Phrase Pair?, ACL, 2008"], "Ming Zhou": ["Measure Word Generation for English-Chinese SMT Systems., ACL, 2008"], "Daniel Gildea": ["Bayesian Learning of Non-Compositional Phrases with Synchronous Parsing., ACL, 2008", "Efficient Multi-Pass Decoding for Synchronous Context Free Grammars., ACL, 2008"], "Beat Pfister": ["Applying a Grammar-Based Language Model to a Simplified Broadcast-News Transcription Task., ACL, 2008"], "Jeff Adams": ["Automatic Editing in a Back-End Speech-to-Text System., ACL, 2008"], "Deb Roy": ["Grounded Language Modeling for Automatic Speech Recognition of Sports Video., ACL, 2008"], "Margaret M. Fleck": ["Lexicalized Phonotactic Word Segmentation., ACL, 2008"], "Hui Fang": ["A Re-examination of Query Expansion Using Lexical Resources., ACL, 2008"], "Jian-Yun Nie": ["Selecting Query Term Alternations for Web Search by Exploiting Query Contexts., ACL, 2008"], "Yong Yu": ["Searching Questions by Identifying Question Topic and Question Focus., ACL, 2008", "A Probabilistic Model for Fine-Grained Expert Search., ACL, 2008"], "Marilyn A. Walker": ["Trainable Generation of Big-Five Personality Styles through Data-Driven Parameter Estimation., ACL, 2008", "Intensional Summaries as Cooperative Responses in Dialogue: Automation and Evaluation., ACL, 2008"], "Stephanie Seneff": ["Correcting Misuse of Verb Forms., ACL, 2008"], "Dennis Mehay": ["Hypertagging: Supertagging for Surface Realization with CCG., ACL, 2008"], "Qun Liu": ["Forest-Based Translation., ACL, 2008"], "Miles Osborne": ["A Discriminative Latent Variable Model for Statistical Machine Translation., ACL, 2008"], "Stefan Thater": ["Regular Tree Grammars as a Formalism for Scope Underspecification., ACL, 2008"], "Ari Rappoport": ["Classification of Semantic Relationships between Nominals Using Pattern Clusters., ACL, 2008", "Unsupervised Discovery of Generic Relationships Using Pattern Clusters and its Evaluation by Automatically Generated SAT Analogy Questions., ACL, 2008", "Multi-Task Active Learning for Linguistic Annotations., ACL, 2008"], "Mirella Lapata": ["Vector-based Models of Semantic Composition., ACL, 2008", "Automatic Image Annotation Using Auxiliary Text Information., ACL, 2008"], "William W. Cohen": ["Exploiting Feature Hierarchy for Transfer Learning in Named Entity Recognition., ACL, 2008"], "Ralph Grishman": ["Refining Event Extraction through Cross-Document Inference., ACL, 2008"], "Regina Barzilay": ["Learning Document-Level Semantic Properties from Free-Text Annotations., ACL, 2008", "Unsupervised Multilingual Learning for Morphological Segmentation., ACL, 2008"], "Gy\u00f6rgy Szarvas": ["Hedge Classification in Biomedical Texts with a Weakly Supervised Selection of Keywords., ACL, 2008"], "Sabine Bergler": ["When Specialists and Generalists Work Together: Overcoming Domain Dependence in Sentiment Tagging., ACL, 2008"], "Tadashi Nomoto": ["A Generic Sentence Trimmer with CRFs., ACL, 2008"], "Ryan T. McDonald": ["A Joint Model of Text and Aspect Ratings for Sentiment Summarization., ACL, 2008", "Integrating Graph-Based and Transition-Based Dependency Parsers., ACL, 2008"], "David Mart\u00ednez": ["Improving Parsing and PP Attachment Performance with Sense Information., ACL, 2008"], "Jason Baldridge": ["A Logical Basis for the D Combinator and Normal Form in CCG., ACL, 2008"], "James R. Curran": ["Parsing Noun Phrase Structure with CCG., ACL, 2008"], "Daphne Koller": ["Sentence Simplification for Semantic Role Labeling., ACL, 2008"], "Xiaodong Zhou": ["Summarizing Emails with Conversational Cohesion and Subjectivity., ACL, 2008"], "Markus Dickinson": ["Ad Hoc Treebank Structures., ACL, 2008"], "Reut Tsarfaty": ["A Single Generative Model for Joint Morphological Segmentation and Syntactic Parsing., ACL, 2008"], "Christopher D. Manning": ["Which Words Are Hard to Recognize? Prosodic, Lexical, and Disfluency Factors that Increase ASR Error Rates., ACL, 2008", "Efficient, Feature-based, Conditional Random Field Parsing., ACL, 2008", "Finding Contradictions in Text., ACL, 2008"], "Hal Daum\u00e9 III": ["Name Translation in Statistical Machine Translation - Learning When to Transliterate., ACL, 2008"], "Mark Johnson": ["Using Adaptor Grammars to Identify Synergies in the Unsupervised Acquisition of Linguistic Structure., ACL, 2008"], "Kentaro Torisawa": ["Inducing Gazetteers for Named Entity Recognition by Large-Scale Clustering of Dependency Relations., ACL, 2008"], "Stan Szpakowicz": ["Evaluating Roget's Thesauri., ACL, 2008"], "David Yarowsky": ["Unsupervised Translation Induction for Chinese Abbreviations using Monolingual Corpora., ACL, 2008"], "Chris Brew": ["Which Are the Best Features for Automatic Verb Classification., ACL, 2008"], "Sadaoki Furui": ["Collecting a Why-Question Corpus for Development and Evaluation of an Automatic QA-System., ACL, 2008"], "Marti A. Hearst": ["Solving Relational Similarity Problems Using the Web as a Corpus., ACL, 2008"], "Douglas W. Oard": ["Combining Speech Retrieval Results with Generalized Additive Models., ACL, 2008"], "Xiaodan Zhu": ["A Critical Reassessment of Evaluation Baselines for Speech Summarization., ACL, 2008"], "Sudeshna Sarkar": ["Word Clustering and Word Selection Based Feature Reduction for MaxEnt Based Hindi NER., ACL, 2008"], "Helmut Schmid": ["Combining EM Training and the MDL Principle for an Automatic Verb Classification Incorporating Selectional Preferences., ACL, 2008"], "Thorsten Brants": ["Randomized Language Models via Perfect Hash Functions., ACL, 2008", "Distributed Word Clustering for Large Scale Class-Based Language Modeling in Machine Translation., ACL, 2008"], "Achim Ruopp": ["Applying Morphology Generation Models to Machine Translation., ACL, 2008"], "Guofu Li": ["Multilingual Harvesting of Cross-Cultural Stereotypes., ACL, 2008"], "Dekang Lin": ["Semi-Supervised Convex Training for Dependency Parsing., ACL, 2008"], "Feifan Liu": ["Chinese-English Backward Transliteration Assisted with Mining Monolingual Web Pages., ACL, 2008"], "Llu\u00eds M\u00e0rquez": ["Robustness and Generalization of Role Sets: PropBank vs. VerbNet., ACL, 2008"], "Sheng Li": ["A Tree Sequence Alignment-based Tree-to-Tree Translation Model., ACL, 2008", "Pivot Approach for Extracting Paraphrase Patterns from Bilingual Corpora., ACL, 2008", "An Entity-Mention Model for Coreference Resolution with Inductive Logic Programming., ACL, 2008", "Combining Multiple Resources to Improve SMT-based Paraphrasing Model., ACL, 2008"], "Ralph M. Weischedel": ["A New String-to-Dependency Machine Translation Algorithm with a Target Dependency Language Model., ACL, 2008"], "Liang Huang": ["Forest Reranking: Discriminative Parsing with Non-Local Features., ACL, 2008"], "Michael Collins": ["Simple Semi-supervised Dependency Parsing., ACL, 2008"], "Stuart M. Shieber": ["Optimal $k$-arization of Synchronous Tree-Adjoining Grammar., ACL, 2008"], "Jeremy Nicholson": ["Enhancing Performance of Lexicalised Grammars., ACL, 2008"], "Diane J. Litman": ["Assessing Dialog System User Simulation Evaluation Measures Using Human Judges., ACL, 2008"], "Gary Geunbae Lee": ["Robust Dialog Management with N-Best Hypotheses Using Dialog Examples and Agenda., ACL, 2008"], "Oliver Lemon": ["Learning Effective Multimodal Dialogue Strategies from Wizard-of-Oz Data: Bootstrapping and Evaluation., ACL, 2008"], "Julio C. Duarte": ["Phrase Chunking Using Entropy Guided Transformation Learning., ACL, 2008"], "Robert D. Nowak": ["Learning Bigrams from Unigrams., ACL, 2008"], "Hideki Isozaki": ["Semi-Supervised Sequential Labeling and Segmentation Using Giga-Word Scale Unlabeled Data., ACL, 2008"], "Deepak Ravichandran": ["Large Scale Acquisition of Paraphrases for Learning Surface Patterns., ACL, 2008"], "Jacob Goldberger": ["Contextual Preferences., ACL, 2008"], "John B. Lowe": ["Improving Search Results Quality by Customizing Summary Lengths., ACL, 2008"], "Xiaoyan Zhu": ["Using Conditional Random Fields to Extract Contexts and Answers of Questions from Online Forums., ACL, 2008"], "Hugo Zaragoza": ["Learning to Rank Answers on Large Online QA Collections., ACL, 2008"], "Michael Elhadad": ["Unsupervised Lexicon-Based Resolution of Unknown Words for Full Morphological Analysis., ACL, 2008", "EM Can Find Pretty Good HMM POS-Taggers (When Given a Good Start)., ACL, 2008"], "Philipp Koehn": ["Enriching Morphologically Poor Languages for Statistical Machine Translation., ACL, 2008"], "Dan Klein": ["Learning Bilingual Lexicons from Monolingual Corpora., ACL, 2008", "Analyzing the Errors of Unsupervised Learning., ACL, 2008"], "Daniel Jurafsky": ["Unsupervised Learning of Narrative Event Chains., ACL, 2008"], "Daniele Pighin": ["Semantic Role Labeling Systems for Arabic using Kernel Methods., ACL, 2008"], "Elena Filatova": ["An Unsupervised Approach to Biography Production Using Wikipedia., ACL, 2008"], "ChengXiang Zhai": ["Generating Impact-Based Summaries for Scientific Literature., ACL, 2008"], "Annie Louis": ["Can You Summarize This? Identifying Correlates of Input Difficulty for Multi-Document Summarization., ACL, 2008"], "Eugene Charniak": ["You Talking to Me? A Corpus and Algorithm for Conversation Disentanglement., ACL, 2008"], "Randall Davis": ["Gestural Cohesion for Topic Segmentation., ACL, 2008"], "Andrew McCallum": ["Generalized Expectation Criteria for Semi-Supervised Learning of Conditional Random Fields., ACL, 2008"], "Stephen Clark": ["Joint Word Segmentation and POS Tagging Using a Single Perceptron., ACL, 2008"], "Yajuan L\u00fc": ["A Cascaded Linear Model for Joint Chinese Word Segmentation and Part-of-Speech Tagging., ACL, 2008"], "Grzegorz Kondrak": ["Joint Processing and Discriminative Training for Letter-to-Phoneme Conversion., ACL, 2008"], "Maarten de Rijke": ["Credibility Improves Topical Blog Post Retrieval., ACL, 2008"], "Rada Mihalcea": ["Linguistically Motivated Features for Enhanced Back-of-the-Book Indexing., ACL, 2008"], "Galileo Namata": ["Resolving Personal Names in Email Using Context Expansion., ACL, 2008"], "David J. Weir": ["A Deductive Approach to Dependency Parsing., ACL, 2008"], "Emily M. Bender": ["Evaluating a Crosslinguistic Grammar Resource: A Case Study of Wambaya., ACL, 2008"], "Ben Taskar": ["Better Alignments = Better Translations?, ACL, 2008"], "Marius Pasca": ["Mining Parenthetical Translations from the Web by Word Alignment., ACL, 2008"], "Philip Resnik": ["Soft Syntactic Constraints for Hierarchical Phrased-Based Translation., ACL, 2008", "Generalizing Word Lattice Translation., ACL, 2008"], "Dan Roth": ["Extraction of Entailed Semantic Relations Through Syntax-Based Comma Resolution., ACL, 2008"], "Eduard H. Hovy": ["Semantic Class Learning from the Web with Hyponym Pattern Linkage Graphs., ACL, 2008"]}