{"Qiang Yang": ["Heterogeneous Transfer Learning for Image Clustering via the SocialWeb., ACL, 2009"], "Yuqiang Chen": ["Heterogeneous Transfer Learning for Image Clustering via the SocialWeb., ACL, 2009"], "Gui-Rong Xue": ["Heterogeneous Transfer Learning for Image Clustering via the SocialWeb., ACL, 2009"], "Wenyuan Dai": ["Heterogeneous Transfer Learning for Image Clustering via the SocialWeb., ACL, 2009"], "Yong Yu": ["Heterogeneous Transfer Learning for Image Clustering via the SocialWeb., ACL, 2009"], "Katrin Erk": ["Investigations on Word Senses and Word Usages., ACL, 2009"], "Diana McCarthy": ["Investigations on Word Senses and Word Usages., ACL, 2009"], "Nicholas Gaylord": ["Investigations on Word Senses and Word Usages., ACL, 2009"], "Yuichiroh Matsubayashi": ["A Comparative Study on Generalization of Semantic Roles in FrameNet., ACL, 2009"], "Naoaki Okazaki": ["A Comparative Study on Generalization of Semantic Roles in FrameNet., ACL, 2009", "Robust Approach to Abbreviating Terms: A Discriminative Latent Variable Model with Global Information., ACL, 2009", "Unsupervised Relation Extraction by Mining Wikipedia Texts Using Information from the Web., ACL, 2009"], "Jun'ichi Tsujii": ["A Comparative Study on Generalization of Semantic Roles in FrameNet., ACL, 2009", "Stochastic Gradient Descent Training for L1-regularized Log-linear Models with Cumulative Penalty., ACL, 2009", "Robust Approach to Abbreviating Terms: A Discriminative Latent Variable Model with Global Information., ACL, 2009"], "Omri Abend": ["Unsupervised Argument Identification for Semantic Role Labeling., ACL, 2009"], "Roi Reichart": ["Unsupervised Argument Identification for Semantic Role Labeling., ACL, 2009"], "Ari Rappoport": ["Unsupervised Argument Identification for Semantic Role Labeling., ACL, 2009"], "Stephen A. Boxwell": ["Brutus: A Semantic Role Labeling System Incorporating CCG, CFG, and Dependency Features., ACL, 2009"], "Dennis Mehay": ["Brutus: A Semantic Role Labeling System Incorporating CCG, CFG, and Dependency Features., ACL, 2009"], "Chris Brew": ["Brutus: A Semantic Role Labeling System Incorporating CCG, CFG, and Dependency Features., ACL, 2009"], "Zheng-Yu Niu": ["Exploiting Heterogeneous Treebanks for Parsing., ACL, 2009"], "Haifeng Wang": ["Exploiting Heterogeneous Treebanks for Parsing., ACL, 2009", "Revisiting Pivot Language Approach for Machine Translation., ACL, 2009", "Dependency Based Chinese Sentence Realization., ACL, 2009"], "Hua Wu": ["Exploiting Heterogeneous Treebanks for Parsing., ACL, 2009", "Revisiting Pivot Language Approach for Machine Translation., ACL, 2009"], "Hai Zhao": ["Cross Language Dependency Parsing using a Bilingual Lexicon., ACL, 2009"], "Yan Song": ["Cross Language Dependency Parsing using a Bilingual Lexicon., ACL, 2009"], "Chunyu Kit": ["Cross Language Dependency Parsing using a Bilingual Lexicon., ACL, 2009"], "Guodong Zhou": ["Cross Language Dependency Parsing using a Bilingual Lexicon., ACL, 2009"], "Jackie Chi Kit Cheung": ["Topological Field Parsing of German., ACL, 2009"], "Gerald Penn": ["Topological Field Parsing of German., ACL, 2009", "Summarizing multiple spoken documents: finding evidence from untranscribed audio., ACL, 2009", "Improving Automatic Speech Recognition for Lectures through Transformation-based Rules Learned from Minimal Data., ACL, 2009"], "Benjamin Snyder": ["Unsupervised Multilingual Grammar Induction., ACL, 2009"], "Tahira Naseem": ["Unsupervised Multilingual Grammar Induction., ACL, 2009"], "Regina Barzilay": ["Unsupervised Multilingual Grammar Induction., ACL, 2009", "Reinforcement Learning for Mapping Instructions to Actions., ACL, 2009", "Automatically Generating Wikipedia Articles: A Structure-Aware Approach., ACL, 2009"], "S. R. K. Branavan": ["Reinforcement Learning for Mapping Instructions to Actions., ACL, 2009"], "Harr Chen": ["Reinforcement Learning for Mapping Instructions to Actions., ACL, 2009"], "Luke S. Zettlemoyer": ["Reinforcement Learning for Mapping Instructions to Actions., ACL, 2009", "Learning Context-Dependent Mappings from Sentences to Logical Form., ACL, 2009"], "Percy Liang": ["Learning Semantic Correspondences with Less Supervision., ACL, 2009"], "Michael I. Jordan": ["Learning Semantic Correspondences with Less Supervision., ACL, 2009"], "Dan Klein": ["Learning Semantic Correspondences with Less Supervision., ACL, 2009", "Better Word Alignments with Supervised ITG Models., ACL, 2009", "K-Best A* Parsing., ACL, 2009"], "Daichi Mochihashi": ["Bayesian Unsupervised Word Segmentation with Nested Pitman-Yor Language Modeling., ACL, 2009"], "Takeshi Yamada": ["Bayesian Unsupervised Word Segmentation with Nested Pitman-Yor Language Modeling., ACL, 2009"], "Naonori Ueda": ["Bayesian Unsupervised Word Segmentation with Nested Pitman-Yor Language Modeling., ACL, 2009"], "Suma Bhat": ["Knowing the Unseen: Estimating Vocabulary Size over Unseen Samples., ACL, 2009"], "Richard Sproat": ["Knowing the Unseen: Estimating Vocabulary Size over Unseen Samples., ACL, 2009"], "Qing Dou": ["A Ranking Approach to Stress Prediction for Letter-to-Phoneme Conversion., ACL, 2009"], "Shane Bergsma": ["A Ranking Approach to Stress Prediction for Letter-to-Phoneme Conversion., ACL, 2009"], "Sittichai Jiampojamarn": ["A Ranking Approach to Stress Prediction for Letter-to-Phoneme Conversion., ACL, 2009"], "Grzegorz Kondrak": ["A Ranking Approach to Stress Prediction for Letter-to-Phoneme Conversion., ACL, 2009", "Reducing the Annotation Effort for Letter-to-Phoneme Conversion., ACL, 2009"], "Kenneth Dwyer": ["Reducing the Annotation Effort for Letter-to-Phoneme Conversion., ACL, 2009"], "Vladimir Pervouchine": ["Transliteration Alignment., ACL, 2009"], "Haizhou Li": ["Transliteration Alignment., ACL, 2009", "Forest-based Tree Sequence to String Translation Model., ACL, 2009", "A Syntax-Driven Bracketing Model for Phrase-Based Translation., ACL, 2009", "Topological Ordering of Function Words in Hierarchical Phrase-based Translation., ACL, 2009", "A Comparative Study of Hypothesis Alignment and its Improvement for Machine Translation System Combination., ACL, 2009"], "Bo Lin": ["Transliteration Alignment., ACL, 2009"], "Bart Jongejan": ["Automatic training of lemmatization rules that handle morphological changes in pre-, in- and suffixes alike., ACL, 2009"], "Hercules Dalianis": ["Automatic training of lemmatization rules that handle morphological changes in pre-, in- and suffixes alike., ACL, 2009"], "Shankar Kumar": ["Efficient Minimum Error Rate Training and Minimum Bayes-Risk Decoding for Translation Hypergraphs and Lattices., ACL, 2009"], "Wolfgang Macherey": ["Efficient Minimum Error Rate Training and Minimum Bayes-Risk Decoding for Translation Hypergraphs and Lattices., ACL, 2009"], "Chris Dyer": ["Efficient Minimum Error Rate Training and Minimum Bayes-Risk Decoding for Translation Hypergraphs and Lattices., ACL, 2009", "A Gibbs Sampler for Phrasal Synchronous Grammar Induction., ACL, 2009"], "Franz Josef Och": ["Efficient Minimum Error Rate Training and Minimum Bayes-Risk Decoding for Translation Hypergraphs and Lattices., ACL, 2009"], "Hui Zhang": ["Forest-based Tree Sequence to String Translation Model., ACL, 2009"], "Min Zhang": ["Forest-based Tree Sequence to String Translation Model., ACL, 2009", "A Syntax-Driven Bracketing Model for Phrase-Based Translation., ACL, 2009", "A non-contiguous Tree Sequence Alignment-based Model for Statistical Machine Translation., ACL, 2009", "A Comparative Study of Hypothesis Alignment and its Improvement for Machine Translation System Combination., ACL, 2009"], "AiTi Aw": ["Forest-based Tree Sequence to String Translation Model., ACL, 2009", "A Syntax-Driven Bracketing Model for Phrase-Based Translation., ACL, 2009", "A Comparative Study of Hypothesis Alignment and its Improvement for Machine Translation System Combination., ACL, 2009"], "Chew Lim Tan": ["Forest-based Tree Sequence to String Translation Model., ACL, 2009", "A non-contiguous Tree Sequence Alignment-based Model for Statistical Machine Translation., ACL, 2009"], "Gholamreza Haffari": ["Active Learning for Multilingual Statistical Machine Translation., ACL, 2009"], "Anoop Sarkar": ["Active Learning for Multilingual Statistical Machine Translation., ACL, 2009"], "Karolina Owczarzak": ["DEPEVAL(summ): Dependency-based Evaluation for Automatic Summaries., ACL, 2009"], "Shiren Ye": ["Summarizing Definition from Wikipedia., ACL, 2009"], "Tat-Seng Chua": ["Summarizing Definition from Wikipedia., ACL, 2009"], "Jie Lu": ["Summarizing Definition from Wikipedia., ACL, 2009"], "Christina Sauper": ["Automatically Generating Wikipedia Articles: A Structure-Aware Approach., ACL, 2009"], "Neil Duncan McIntyre": ["Learning to Tell Tales: A Data-driven Approach to Story Generation., ACL, 2009"], "Mirella Lapata": ["Learning to Tell Tales: A Data-driven Approach to Story Generation., ACL, 2009"], "Swapna Somasundaran": ["Recognizing Stances in Online Debates., ACL, 2009"], "Janyce Wiebe": ["Recognizing Stances in Online Debates., ACL, 2009"], "Xiaojun Wan": ["Co-Training for Cross-Lingual Sentiment Classification., ACL, 2009"], "Tao Li": ["A Non-negative Matrix Tri-factorization Approach to Sentiment Classification with Lexical Prior Knowledge., ACL, 2009"], "Yi Zhang": ["A Non-negative Matrix Tri-factorization Approach to Sentiment Classification with Lexical Prior Knowledge., ACL, 2009", "Cross-Domain Dependency Parsing Using a Deep Linguistic Grammar., ACL, 2009"], "Vikas Sindhwani": ["A Non-negative Matrix Tri-factorization Approach to Sentiment Classification with Lexical Prior Knowledge., ACL, 2009"], "Jungi Kim": ["Discovering the Discriminative Views: Measuring Term Weights for Sentiment Analysis., ACL, 2009"], "Jinji Li": ["Discovering the Discriminative Views: Measuring Term Weights for Sentiment Analysis., ACL, 2009"], "Jong-Hyeok Lee": ["Discovering the Discriminative Views: Measuring Term Weights for Sentiment Analysis., ACL, 2009"], "Mausam": ["Compiling a Massive, Multilingual Dictionary via Probabilistic Inference., ACL, 2009"], "Stephen Soderland": ["Compiling a Massive, Multilingual Dictionary via Probabilistic Inference., ACL, 2009"], "Oren Etzioni": ["Compiling a Massive, Multilingual Dictionary via Probabilistic Inference., ACL, 2009"], "Daniel S. Weld": ["Compiling a Massive, Multilingual Dictionary via Probabilistic Inference., ACL, 2009"], "Michael Skinner": ["Compiling a Massive, Multilingual Dictionary via Probabilistic Inference., ACL, 2009"], "Jeff A. Bilmes": ["Compiling a Massive, Multilingual Dictionary via Probabilistic Inference., ACL, 2009"], "Hui Yang": ["A Metric-based Framework for Automatic Taxonomy Induction., ACL, 2009"], "Jamie Callan": ["A Metric-based Framework for Automatic Taxonomy Induction., ACL, 2009"], "Eyal Beigman": ["Learning with Annotation Noise., ACL, 2009"], "Beata Beigman Klebanov": ["Learning with Annotation Noise., ACL, 2009"], "Paola Merlo": ["Abstraction and Generalisation in Semantic Role Labels: PropBank, VerbNet or both?, ACL, 2009"], "Lonneke van der Plas": ["Abstraction and Generalisation in Semantic Role Labels: PropBank, VerbNet or both?, ACL, 2009"], "Sebastian Pad\u00f3": ["Robust Machine Translation Evaluation with Entailment Features., ACL, 2009"], "Michel Galley": ["Robust Machine Translation Evaluation with Entailment Features., ACL, 2009", "Quadratic-Time Dependency Parsing for Machine Translation., ACL, 2009"], "Daniel Jurafsky": ["Robust Machine Translation Evaluation with Entailment Features., ACL, 2009", "Distant supervision for relation extraction without labeled data., ACL, 2009"], "Christopher D. Manning": ["Robust Machine Translation Evaluation with Entailment Features., ACL, 2009", "Quadratic-Time Dependency Parsing for Machine Translation., ACL, 2009"], "Enrique Amig\u00f3": ["The Contribution of Linguistic Features to Automatic Machine Translation Evaluation., ACL, 2009"], "Jes\u00fas Gim\u00e9nez": ["The Contribution of Linguistic Features to Automatic Machine Translation Evaluation., ACL, 2009"], "Julio Gonzalo": ["The Contribution of Linguistic Features to Automatic Machine Translation Evaluation., ACL, 2009"], "Felisa Verdejo": ["The Contribution of Linguistic Features to Automatic Machine Translation Evaluation., ACL, 2009"], "Deyi Xiong": ["A Syntax-Driven Bracketing Model for Phrase-Based Translation., ACL, 2009"], "Hendra Setiawan": ["Topological Ordering of Function Words in Hierarchical Phrase-based Translation., ACL, 2009"], "Min-Yen Kan": ["Topological Ordering of Function Words in Hierarchical Phrase-based Translation., ACL, 2009"], "Philip Resnik": ["Topological Ordering of Function Words in Hierarchical Phrase-based Translation., ACL, 2009"], "Mikhail Zaslavskiy": ["Phrase-Based Statistical Machine Translation as a Traveling Salesman Problem., ACL, 2009"], "Marc Dymetman": ["Phrase-Based Statistical Machine Translation as a Traveling Salesman Problem., ACL, 2009", "Source-Language Entailment Modeling for Translating Unknown Terms., ACL, 2009"], "Nicola Cancedda": ["Phrase-Based Statistical Machine Translation as a Traveling Salesman Problem., ACL, 2009", "Source-Language Entailment Modeling for Translating Unknown Terms., ACL, 2009"], "Andr\u00e9 F. T. Martins": ["Concise Integer Linear Programming Formulations for Dependency Parsing., ACL, 2009"], "Noah A. Smith": ["Concise Integer Linear Programming Formulations for Dependency Parsing., ACL, 2009", "Paraphrase Identification as Probabilistic Quasi-Synchronous Recognition., ACL, 2009"], "Eric P. Xing": ["Concise Integer Linear Programming Formulations for Dependency Parsing., ACL, 2009"], "Joakim Nivre": ["Non-Projective Dependency Parsing in Expected Linear Time., ACL, 2009"], "Gregory Druck": ["Semi-supervised Learning of Dependency Parsers using Generalized Expectation Criteria., ACL, 2009"], "Gideon S. Mann": ["Semi-supervised Learning of Dependency Parsers using Generalized Expectation Criteria., ACL, 2009"], "Andrew McCallum": ["Semi-supervised Learning of Dependency Parsers using Generalized Expectation Criteria., ACL, 2009"], "Kuzman Ganchev": ["Dependency Grammar Induction via Bitext Projection Constraints., ACL, 2009"], "Jennifer Gillenwater": ["Dependency Grammar Induction via Bitext Projection Constraints., ACL, 2009"], "Ben Taskar": ["Dependency Grammar Induction via Bitext Projection Constraints., ACL, 2009"], "Rui Wang": ["Cross-Domain Dependency Parsing Using a Deep Linguistic Grammar., ACL, 2009"], "Fan Yang": ["A Chinese-English Organization Name Translation System Using Heuristic Web Mining and Asymmetric Alignment., ACL, 2009"], "Jun Zhao": ["A Chinese-English Organization Name Translation System Using Heuristic Web Mining and Asymmetric Alignment., ACL, 2009"], "Kang Liu": ["A Chinese-English Organization Name Translation System Using Heuristic Web Mining and Asymmetric Alignment., ACL, 2009"], "Tara McIntosh": ["Reducing Semantic Drift with Bagging and Distributional Similarity., ACL, 2009"], "James R. Curran": ["Reducing Semantic Drift with Bagging and Distributional Similarity., ACL, 2009"], "Katsumasa Yoshikawa": ["Jointly Identifying Temporal Relations with Markov Logic., ACL, 2009"], "Sebastian Riedel": ["Jointly Identifying Temporal Relations with Markov Logic., ACL, 2009"], "Masayuki Asahara": ["Jointly Identifying Temporal Relations with Markov Logic., ACL, 2009"], "Yuji Matsumoto": ["Jointly Identifying Temporal Relations with Markov Logic., ACL, 2009", "Capturing Salience with a Trainable Cache Model for Zero-anaphora Resolution., ACL, 2009", "Coordinate Structure Analysis with Global Structural Constraints and Alignment-Based Local Features., ACL, 2009"], "Jian Huang": ["Profile Based Cross-Document Coreference Using Kernelized Fuzzy Relational Clustering., ACL, 2009"], "Sarah M. Taylor": ["Profile Based Cross-Document Coreference Using Kernelized Fuzzy Relational Clustering., ACL, 2009"], "Jonathan L. Smith": ["Profile Based Cross-Document Coreference Using Kernelized Fuzzy Relational Clustering., ACL, 2009"], "Konstantinos A. Fotiadis": ["Profile Based Cross-Document Coreference Using Kernelized Fuzzy Relational Clustering., ACL, 2009"], "C. Lee Giles": ["Profile Based Cross-Document Coreference Using Kernelized Fuzzy Relational Clustering., ACL, 2009"], "Kristen Parton": ["Who, What, When, Where, Why? Comparing Multiple Approaches to the Cross-Lingual 5W Task., ACL, 2009"], "Kathleen R. McKeown": ["Who, What, When, Where, Why? Comparing Multiple Approaches to the Cross-Lingual 5W Task., ACL, 2009"], "Bob Coyne": ["Who, What, When, Where, Why? Comparing Multiple Approaches to the Cross-Lingual 5W Task., ACL, 2009"], "Mona T. Diab": ["Who, What, When, Where, Why? Comparing Multiple Approaches to the Cross-Lingual 5W Task., ACL, 2009"], "Ralph Grishman": ["Who, What, When, Where, Why? Comparing Multiple Approaches to the Cross-Lingual 5W Task., ACL, 2009"], "Dilek Hakkani-T\u00fcr": ["Who, What, When, Where, Why? Comparing Multiple Approaches to the Cross-Lingual 5W Task., ACL, 2009"], "Mary P. Harper": ["Who, What, When, Where, Why? Comparing Multiple Approaches to the Cross-Lingual 5W Task., ACL, 2009"], "Heng Ji": ["Who, What, When, Where, Why? Comparing Multiple Approaches to the Cross-Lingual 5W Task., ACL, 2009"], "Wei-Yun Ma": ["Who, What, When, Where, Why? Comparing Multiple Approaches to the Cross-Lingual 5W Task., ACL, 2009"], "Adam Meyers": ["Who, What, When, Where, Why? Comparing Multiple Approaches to the Cross-Lingual 5W Task., ACL, 2009"], "Sara Stolbach": ["Who, What, When, Where, Why? Comparing Multiple Approaches to the Cross-Lingual 5W Task., ACL, 2009"], "Ang Sun": ["Who, What, When, Where, Why? Comparing Multiple Approaches to the Cross-Lingual 5W Task., ACL, 2009"], "G\u00f6khan T\u00fcr": ["Who, What, When, Where, Why? Comparing Multiple Approaches to the Cross-Lingual 5W Task., ACL, 2009"], "Wei Xu": ["Who, What, When, Where, Why? Comparing Multiple Approaches to the Cross-Lingual 5W Task., ACL, 2009"], "Sibel Yaman": ["Who, What, When, Where, Why? Comparing Multiple Approaches to the Cross-Lingual 5W Task., ACL, 2009"], "Jong-Hoon Oh": ["Bilingual Co-Training for Monolingual Hyponymy-Relation Acquisition., ACL, 2009"], "Kiyotaka Uchimoto": ["Bilingual Co-Training for Monolingual Hyponymy-Relation Acquisition., ACL, 2009", "An Error-Driven Word-Character Hybrid Model for Joint Chinese Word Segmentation and POS Tagging., ACL, 2009"], "Kentaro Torisawa": ["Bilingual Co-Training for Monolingual Hyponymy-Relation Acquisition., ACL, 2009", "An Error-Driven Word-Character Hybrid Model for Joint Chinese Word Segmentation and POS Tagging., ACL, 2009"], "Richard C. Wang": ["Automatic Set Instance Extraction using the Web., ACL, 2009"], "William W. Cohen": ["Automatic Set Instance Extraction using the Web., ACL, 2009"], "Eyal Shnarch": ["Extracting Lexical Reference Rules from Wikipedia., ACL, 2009"], "Libby Barak": ["Extracting Lexical Reference Rules from Wikipedia., ACL, 2009"], "Ido Dagan": ["Extracting Lexical Reference Rules from Wikipedia., ACL, 2009", "Source-Language Entailment Modeling for Translating Unknown Terms., ACL, 2009"], "Huibin Zhang": ["Employing Topic Models for Pattern-based Semantic Class Discovery., ACL, 2009"], "Mingjie Zhu": ["Employing Topic Models for Pattern-based Semantic Class Discovery., ACL, 2009"], "Shuming Shi": ["Employing Topic Models for Pattern-based Semantic Class Discovery., ACL, 2009"], "Ji-Rong Wen": ["Employing Topic Models for Pattern-based Semantic Class Discovery., ACL, 2009"], "Dipanjan Das": ["Paraphrase Identification as Probabilistic Quasi-Synchronous Recognition., ACL, 2009"], "Yoshimasa Tsuruoka": ["Stochastic Gradient Descent Training for L1-regularized Log-linear Models with Cumulative Penalty., ACL, 2009"], "Sophia Ananiadou": ["Stochastic Gradient Descent Training for L1-regularized Log-linear Models with Cumulative Penalty., ACL, 2009"], "Kristina Toutanova": ["A global model for joint lemmatization and part-of-speech prediction., ACL, 2009"], "Colin Cherry": ["A global model for joint lemmatization and part-of-speech prediction., ACL, 2009"], "Fei Huang": ["Distributional Representations for Handling Sparsity in Supervised Sequence-Labeling., ACL, 2009", "Confidence Measure for Word Alignment., ACL, 2009"], "Alexander Yates": ["Distributional Representations for Handling Sparsity in Supervised Sequence-Labeling., ACL, 2009"], "Sujith Ravi": ["Minimized Models for Unsupervised Part-of-Speech Tagging., ACL, 2009"], "Kevin Knight": ["Minimized Models for Unsupervised Part-of-Speech Tagging., ACL, 2009", "Fast Consensus Decoding over Translation Forests., ACL, 2009"], "Canasai Kruengkrai": ["An Error-Driven Word-Character Hybrid Model for Joint Chinese Word Segmentation and POS Tagging., ACL, 2009"], "Jun'ichi Kazama": ["An Error-Driven Word-Character Hybrid Model for Joint Chinese Word Segmentation and POS Tagging., ACL, 2009"], "Yiou Wang": ["An Error-Driven Word-Character Hybrid Model for Joint Chinese Word Segmentation and POS Tagging., ACL, 2009"], "Hitoshi Isahara": ["An Error-Driven Word-Character Hybrid Model for Joint Chinese Word Segmentation and POS Tagging., ACL, 2009"], "Wenbin Jiang": ["Automatic Adaptation of Annotation Standards: Chinese Word Segmentation and POS Tagging - A Case Study., ACL, 2009"], "Liang Huang": ["Automatic Adaptation of Annotation Standards: Chinese Word Segmentation and POS Tagging - A Case Study., ACL, 2009"], "Qun Liu": ["Automatic Adaptation of Annotation Standards: Chinese Word Segmentation and POS Tagging - A Case Study., ACL, 2009", "Improving Tree-to-Tree Translation with Packed Forests., ACL, 2009", "Joint Decoding with Multiple Translation Models., ACL, 2009"], "Tomohiro Ohno": ["Linefeed Insertion into Japanese Spoken Monologue for Captioning., ACL, 2009"], "Masaki Murata": ["Linefeed Insertion into Japanese Spoken Monologue for Captioning., ACL, 2009"], "Shigeki Matsubara": ["Linefeed Insertion into Japanese Spoken Monologue for Captioning., ACL, 2009"], "Je Hun Jeon": ["Semi-supervised Learning for Automatic Prosodic Event Detection Using Co-training Algorithm., ACL, 2009"], "Yang Liu": ["Semi-supervised Learning for Automatic Prosodic Event Detection Using Co-training Algorithm., ACL, 2009", "Improving Tree-to-Tree Translation with Packed Forests., ACL, 2009", "Joint Decoding with Multiple Translation Models., ACL, 2009"], "Xiaodan Zhu": ["Summarizing multiple spoken documents: finding evidence from untranscribed audio., ACL, 2009", "Improving Automatic Speech Recognition for Lectures through Transformation-based Rules Learned from Minimal Data., ACL, 2009"], "Frank Rudzicz": ["Summarizing multiple spoken documents: finding evidence from untranscribed audio., ACL, 2009"], "Yajuan L\u00fc": ["Improving Tree-to-Tree Translation with Packed Forests., ACL, 2009"], "John DeNero": ["Fast Consensus Decoding over Translation Forests., ACL, 2009", "Better Word Alignments with Supervised ITG Models., ACL, 2009"], "David Chiang": ["Fast Consensus Decoding over Translation Forests., ACL, 2009"], "Haitao Mi": ["Joint Decoding with Multiple Translation Models., ACL, 2009"], "Yang Feng": ["Joint Decoding with Multiple Translation Models., ACL, 2009"], "Mu Li": ["Collaborative Decoding: Partial Hypothesis Re-ranking Using Translation Consensus between Decoders., ACL, 2009"], "Nan Duan": ["Collaborative Decoding: Partial Hypothesis Re-ranking Using Translation Consensus between Decoders., ACL, 2009"], "Dongdong Zhang": ["Collaborative Decoding: Partial Hypothesis Re-ranking Using Translation Consensus between Decoders., ACL, 2009"], "Chi-Ho Li": ["Collaborative Decoding: Partial Hypothesis Re-ranking Using Translation Consensus between Decoders., ACL, 2009", "Incremental HMM Alignment for MT System Combination., ACL, 2009"], "Ming Zhou": ["Collaborative Decoding: Partial Hypothesis Re-ranking Using Translation Consensus between Decoders., ACL, 2009", "Mining Bilingual Data from the Web with Adaptively Learnt Patterns., ACL, 2009", "Exploiting Bilingual Information to Improve Web Search., ACL, 2009"], "Zhifei Li": ["Variational Decoding for Statistical Machine Translation., ACL, 2009"], "Jason Eisner": ["Variational Decoding for Statistical Machine Translation., ACL, 2009"], "Sanjeev Khudanpur": ["Variational Decoding for Statistical Machine Translation., ACL, 2009"], "Nathanael Chambers": ["Unsupervised Learning of Narrative Schemas and their Participants., ACL, 2009"], "Dan Jurafsky": ["Unsupervised Learning of Narrative Schemas and their Participants., ACL, 2009"], "Ruifang Ge": ["Learning a Compositional Semantic Parser using an Existing Syntactic Parser., ACL, 2009"], "Raymond J. Mooney": ["Learning a Compositional Semantic Parser using an Existing Syntactic Parser., ACL, 2009"], "Joseph Reisinger": ["Latent Variable Models of Concept-Attribute Attachment., ACL, 2009"], "Marius Pasca": ["Latent Variable Models of Concept-Attribute Attachment., ACL, 2009"], "Guowen Yang": ["The Chinese Aspect Generation Based on Aspect Selection Functions., ACL, 2009"], "John A. Bateman": ["The Chinese Aspect Generation Based on Aspect Selection Functions., ACL, 2009"], "Kai-min Kevin Chang": ["Quantitative modeling of the neural representation of adjective-noun phrases to account for fMRI activation., ACL, 2009"], "Vladimir Cherkassky": ["Quantitative modeling of the neural representation of adjective-noun phrases to account for fMRI activation., ACL, 2009"], "Tom M. Mitchell": ["Quantitative modeling of the neural representation of adjective-noun phrases to account for fMRI activation., ACL, 2009"], "Marcel Adam Just": ["Quantitative modeling of the neural representation of adjective-noun phrases to account for fMRI activation., ACL, 2009"], "Ryu Iida": ["Capturing Salience with a Trainable Cache Model for Zero-anaphora Resolution., ACL, 2009"], "Kentaro Inui": ["Capturing Salience with a Trainable Cache Model for Zero-anaphora Resolution., ACL, 2009"], "Veselin Stoyanov": ["Conundrums in Noun Phrase Coreference Resolution: Making Sense of the State-of-the-Art., ACL, 2009"], "Nathan Gilbert": ["Conundrums in Noun Phrase Coreference Resolution: Making Sense of the State-of-the-Art., ACL, 2009"], "Claire Cardie": ["Conundrums in Noun Phrase Coreference Resolution: Making Sense of the State-of-the-Art., ACL, 2009"], "Ellen Riloff": ["Conundrums in Noun Phrase Coreference Resolution: Making Sense of the State-of-the-Art., ACL, 2009"], "David duVerle": ["A Novel Discourse Parser Based on Support Vector Machine Classification., ACL, 2009"], "Helmut Prendinger": ["A Novel Discourse Parser Based on Support Vector Machine Classification., ACL, 2009"], "Bonnie L. Webber": ["Genre distinctions for discourse in the Penn TreeBank., ACL, 2009"], "Emily Pitler": ["Automatic sense prediction for implicit discourse relations in text., ACL, 2009"], "Annie Louis": ["Automatic sense prediction for implicit discourse relations in text., ACL, 2009"], "Ani Nenkova": ["Automatic sense prediction for implicit discourse relations in text., ACL, 2009"], "Shoushan Li": ["A Framework of Feature Selection Methods for Text Categorization., ACL, 2009"], "Rui Xia": ["A Framework of Feature Selection Methods for Text Categorization., ACL, 2009"], "Chengqing Zong": ["A Framework of Feature Selection Methods for Text Categorization., ACL, 2009"], "Chu-Ren Huang": ["A Framework of Feature Selection Methods for Text Categorization., ACL, 2009"], "Sajib Dasgupta": ["Mine the Easy, Classify the Hard: A Semi-Supervised Approach to Automatic Sentiment Classification., ACL, 2009"], "Vincent Ng": ["Mine the Easy, Classify the Hard: A Semi-Supervised Approach to Automatic Sentiment Classification., ACL, 2009", "Semi-Supervised Cause Identification from Aviation Safety Reports., ACL, 2009"], "Nikesh Garera": ["Modeling Latent Biographic Attributes in Conversational Genres., ACL, 2009"], "David Yarowsky": ["Modeling Latent Biographic Attributes in Conversational Genres., ACL, 2009"], "Asli \u00c7elikyilmaz": ["A Graph-based Semi-Supervised Learning for Question-Answering., ACL, 2009"], "Marcus Thint": ["A Graph-based Semi-Supervised Learning for Question-Answering., ACL, 2009"], "Zhiheng Huang": ["A Graph-based Semi-Supervised Learning for Question-Answering., ACL, 2009"], "Delphine Bernhard": ["Combining Lexical Semantic Resources with Question & Answer Archives for Translation-Based Answer Finding., ACL, 2009"], "Iryna Gurevych": ["Combining Lexical Semantic Resources with Question & Answer Archives for Translation-Based Answer Finding., ACL, 2009"], "Fangtao Li": ["Answering Opinion Questions with Random Walks on Graphs., ACL, 2009"], "Yang Tang": ["Answering Opinion Questions with Random Walks on Graphs., ACL, 2009"], "Minlie Huang": ["Answering Opinion Questions with Random Walks on Graphs., ACL, 2009"], "Xiaoyan Zhu": ["Answering Opinion Questions with Random Walks on Graphs., ACL, 2009"], "Erin Fitzgerald": ["What lies beneath: Semantic and syntactic analysis of manually reconstructed spontaneous speech., ACL, 2009"], "Frederick Jelinek": ["What lies beneath: Semantic and syntactic analysis of manually reconstructed spontaneous speech., ACL, 2009"], "Robert Frank": ["What lies beneath: Semantic and syntactic analysis of manually reconstructed spontaneous speech., ACL, 2009"], "Yi-Cheng Pan": ["Discriminative Lexicon Adaptation for Improved Character Accuracy - A New Direction in Chinese Language Modeling., ACL, 2009"], "Lin-Shan Lee": ["Discriminative Lexicon Adaptation for Improved Character Accuracy - A New Direction in Chinese Language Modeling., ACL, 2009"], "Sadaoki Furui": ["Discriminative Lexicon Adaptation for Improved Character Accuracy - A New Direction in Chinese Language Modeling., ACL, 2009"], "Cosmin Munteanu": ["Improving Automatic Speech Recognition for Lectures through Transformation-based Rules Learned from Minimal Data., ACL, 2009"], "Phil Blunsom": ["A Gibbs Sampler for Phrasal Synchronous Grammar Induction., ACL, 2009"], "Trevor Cohn": ["A Gibbs Sampler for Phrasal Synchronous Grammar Induction., ACL, 2009"], "Miles Osborne": ["A Gibbs Sampler for Phrasal Synchronous Grammar Induction., ACL, 2009"], "Shachar Mirkin": ["Source-Language Entailment Modeling for Translating Unknown Terms., ACL, 2009"], "Lucia Specia": ["Source-Language Entailment Modeling for Translating Unknown Terms., ACL, 2009"], "Idan Szpektor": ["Source-Language Entailment Modeling for Translating Unknown Terms., ACL, 2009"], "Ananthakrishnan Ramanathan": ["Case markers and Morphology: Addressing the crux of the fluency problem in English-Hindi SMT., ACL, 2009"], "Hansraj Choudhary": ["Case markers and Morphology: Addressing the crux of the fluency problem in English-Hindi SMT., ACL, 2009"], "Avishek Ghosh": ["Case markers and Morphology: Addressing the crux of the fluency problem in English-Hindi SMT., ACL, 2009"], "Pushpak Bhattacharyya": ["Case markers and Morphology: Addressing the crux of the fluency problem in English-Hindi SMT., ACL, 2009"], "Wei He": ["Dependency Based Chinese Sentence Realization., ACL, 2009"], "Yuqing Guo": ["Dependency Based Chinese Sentence Realization., ACL, 2009"], "Ting Liu": ["Dependency Based Chinese Sentence Realization., ACL, 2009", "Application-driven Statistical Paraphrase Generation., ACL, 2009"], "Aoife Cahill": ["Incorporating Information Status into Generation Ranking., ACL, 2009"], "Arndt Riester": ["Incorporating Information Status into Generation Ranking., ACL, 2009"], "Tsutomu Hirao": ["A Syntax-Free Approach to Japanese Sentence Compression., ACL, 2009"], "Jun Suzuki": ["A Syntax-Free Approach to Japanese Sentence Compression., ACL, 2009"], "Hideki Isozaki": ["A Syntax-Free Approach to Japanese Sentence Compression., ACL, 2009"], "Shiqi Zhao": ["Application-driven Statistical Paraphrase Generation., ACL, 2009"], "Xiang Lan": ["Application-driven Statistical Paraphrase Generation., ACL, 2009"], "Sheng Li": ["Application-driven Statistical Paraphrase Generation., ACL, 2009"], "Isaac Persing": ["Semi-Supervised Cause Identification from Aviation Safety Reports., ACL, 2009"], "Govind Kothari": ["SMS based Interface for FAQ Retrieval., ACL, 2009"], "Sumit Negi": ["SMS based Interface for FAQ Retrieval., ACL, 2009"], "Tanveer A. Faruquie": ["SMS based Interface for FAQ Retrieval., ACL, 2009"], "Venkatesan T. Chakaravarthy": ["SMS based Interface for FAQ Retrieval., ACL, 2009"], "L. Venkata Subramaniam": ["SMS based Interface for FAQ Retrieval., ACL, 2009"], "Mehdi Manshadi": ["Semantic Tagging of Web Search Queries., ACL, 2009"], "Xiao Li": ["Semantic Tagging of Web Search Queries., ACL, 2009"], "Long Jiang": ["Mining Bilingual Data from the Web with Adaptively Learnt Patterns., ACL, 2009"], "Shiquan Yang": ["Mining Bilingual Data from the Web with Adaptively Learnt Patterns., ACL, 2009"], "Xiaohua Liu": ["Mining Bilingual Data from the Web with Adaptively Learnt Patterns., ACL, 2009"], "Qingsheng Zhu": ["Mining Bilingual Data from the Web with Adaptively Learnt Patterns., ACL, 2009"], "Mary Ellen Foster": ["Comparing Objective and Subjective Measures of Usability in a Human-Robot Dialogue System., ACL, 2009"], "Manuel Giuliani": ["Comparing Objective and Subjective Measures of Usability in a Human-Robot Dialogue System., ACL, 2009"], "Alois Knoll": ["Comparing Objective and Subjective Measures of Usability in a Human-Robot Dialogue System., ACL, 2009"], "Hua Ai": ["Setting Up User Action Probabilities in User Simulations for Dialog System Development., ACL, 2009"], "Diane J. Litman": ["Setting Up User Action Probabilities in User Simulations for Dialog System Development., ACL, 2009"], "T. Daniel Midgley": ["Dialogue Segmentation with Large Numbers of Volunteer Internet Annotators., ACL, 2009"], "Xu Sun": ["Robust Approach to Abbreviating Terms: A Discriminative Latent Variable Model with Global Information., ACL, 2009"], "Jun Sun": ["A non-contiguous Tree Sequence Alignment-based Model for Statistical Machine Translation., ACL, 2009"], "Aria Haghighi": ["Better Word Alignments with Supervised ITG Models., ACL, 2009"], "John Blitzer": ["Better Word Alignments with Supervised ITG Models., ACL, 2009", "Exploiting Bilingual Information to Improve Web Search., ACL, 2009"], "Boxing Chen": ["A Comparative Study of Hypothesis Alignment and its Improvement for Machine Translation System Combination., ACL, 2009"], "Xiaodong He": ["Incremental HMM Alignment for MT System Combination., ACL, 2009"], "Yupeng Liu": ["Incremental HMM Alignment for MT System Combination., ACL, 2009"], "Ning Xi": ["Incremental HMM Alignment for MT System Combination., ACL, 2009"], "Adam Pauls": ["K-Best A* Parsing., ACL, 2009"], "Kazuo Hara": ["Coordinate Structure Analysis with Global Structural Constraints and Alignment-Based Local Features., ACL, 2009"], "Masashi Shimbo": ["Coordinate Structure Analysis with Global Structural Constraints and Alignment-Based Local Features., ACL, 2009"], "Hideharu Okuma": ["Coordinate Structure Analysis with Global Structural Constraints and Alignment-Based Local Features., ACL, 2009"], "Michael Collins": ["Learning Context-Dependent Mappings from Sentences to Logical Form., ACL, 2009"], "Carlos G\u00f3mez-Rodr\u00edguez": ["An Optimal-Time Binarization Algorithm for Linear Context-Free Rewriting Systems with Fan-Out Two., ACL, 2009"], "Giorgio Satta": ["An Optimal-Time Binarization Algorithm for Linear Context-Free Rewriting Systems with Fan-Out Two., ACL, 2009", "A Polynomial-Time Parsing Algorithm for TT-MCTAG., ACL, 2009"], "Laura Kallmeyer": ["A Polynomial-Time Parsing Algorithm for TT-MCTAG., ACL, 2009"], "Mike Mintz": ["Distant supervision for relation extraction without labeled data., ACL, 2009"], "Steven Bills": ["Distant supervision for relation extraction without labeled data., ACL, 2009"], "Rion Snow": ["Distant supervision for relation extraction without labeled data., ACL, 2009"], "Jing Jiang": ["Multi-Task Transfer Learning for Weakly-Supervised Relation Extraction., ACL, 2009"], "Yulan Yan": ["Unsupervised Relation Extraction by Mining Wikipedia Texts Using Information from the Web., ACL, 2009"], "Yutaka Matsuo": ["Unsupervised Relation Extraction by Mining Wikipedia Texts Using Information from the Web., ACL, 2009"], "Zhenglu Yang": ["Unsupervised Relation Extraction by Mining Wikipedia Texts Using Information from the Web., ACL, 2009"], "Mitsuru Ishizuka": ["Unsupervised Relation Extraction by Mining Wikipedia Texts Using Information from the Web., ACL, 2009"], "Dekang Lin": ["Phrase Clustering for Discriminative Learning., ACL, 2009"], "Xiaoyun Wu": ["Phrase Clustering for Discriminative Learning., ACL, 2009"], "Katrin Tomanek": ["Semi-Supervised Active Learning for Sequence Labeling., ACL, 2009"], "Udo Hahn": ["Semi-Supervised Active Learning for Sequence Labeling., ACL, 2009"], "Young-In Song": ["Word or Phrase? Learning Which Unit to Stress for Information Retrieval., ACL, 2009"], "Jung-Tae Lee": ["Word or Phrase? Learning Which Unit to Stress for Information Retrieval., ACL, 2009"], "Hae-Chang Rim": ["Word or Phrase? Learning Which Unit to Stress for Information Retrieval., ACL, 2009"], "Wouter Weerkamp": ["A Generative Blog Post Retrieval Model that Uses Query Expansion based on External Collections., ACL, 2009"], "Krisztian Balog": ["A Generative Blog Post Retrieval Model that Uses Query Expansion based on External Collections., ACL, 2009"], "Maarten de Rijke": ["A Generative Blog Post Retrieval Model that Uses Query Expansion based on External Collections., ACL, 2009"], "Hakan Ceylan": ["Language Identification of Search Engine Queries., ACL, 2009"], "Yookyung Kim": ["Language Identification of Search Engine Queries., ACL, 2009"], "Wei Gao": ["Exploiting Bilingual Information to Improve Web Search., ACL, 2009"], "Kam-Fai Wong": ["Exploiting Bilingual Information to Improve Web Search., ACL, 2009"]}