{"Anima Anandkumar": ["Probabilistic FastText for Multi-Sense Word Embeddings., ACL, 2018"], "Brandon Stewart": ["A La Carte Embedding: Cheap but Effective Induction of Semantic Feature Vectors., ACL, 2018"], "Steven Schockaert": ["Unsupervised Learning of Distributional Relation Vectors., ACL, 2018"], "Goran Glavas": ["Explicit Retrofitting of Distributional Word Vectors., ACL, 2018"], "Feng Wang": ["Unsupervised Neural Machine Translation with Weight Sharing., ACL, 2018"], "Shuai Ma": ["Triangular Architecture for Rare Language Translation., ACL, 2018"], "Taku Kudo": ["Subword Regularization: Improving Neural Network Translation Models with Multiple Subword Candidates., ACL, 2018"], "Mia Xu Chen": ["The Best of Both Worlds: Combining Recent Advances in Neural Machine Translation., ACL, 2018"], "Eunsol Choi": ["Ultra-Fine Entity Typing., ACL, 2018"], "Irena Radovanovic": ["Hierarchical Losses and New Resources for Fine-grained Entity Typing and Linking., ACL, 2018"], "Li Guo": ["Improving Knowledge Graph Embedding Using Simple Constraints., ACL, 2018"], "Chandrahas": ["Towards Understanding the Geometry of Knowledge Graph Embeddings., ACL, 2018"], "Jing Tang": ["A Unified Model for Extractive and Abstractive Summarization using Inconsistency Loss., ACL, 2018"], "Vaibhav Rajan": ["Extractive Summarization with SWAP-NET: Sentences and Words from Alternating Pointer Networks., ACL, 2018"], "Ziqiang Cao": ["Retrieve, Rerank and Rewrite: Soft Template Based Neural Summarization., ACL, 2018"], "Elior Sulem": ["Simple and Effective Text Simplification Using Semantic and Neural Methods., ACL, 2018"], "Saif Mohammad": ["Obtaining Reliable Human Ratings of Valence, Arousal, and Dominance for 20, 000 English Words., ACL, 2018"], "Adi Bitan": ["Comprehensive Supersense Disambiguation of English Prepositions and Possessives., ACL, 2018"], "Roma Patel": ["A Corpus with Multi-Level Annotations of Patients, Interventions and Outcomes to Support Language Processing for Medical Literature., ACL, 2018"], "Keisuke Sakaguchi": ["Efficient Online Scalar Annotation with Bounded Support., ACL, 2018"], "Xinyu Hua": ["Neural Argument Generation Augmented with Externally Retrieved Evidence., ACL, 2018"], "Kevin Reinartz": ["A Stylometric Inquiry into Hyperpartisan and Fake News., ACL, 2018"], "Benno Stein": ["Retrieval of the Best Counterargument without Prior Topic Knowledge., ACL, 2018", "Modeling Deliberative Argumentation Strategies on Wikipedia., ACL, 2018"], "Hongyuan Zha": ["LinkNBed: Multi-Graph Representation Learning with Entity Linkage., ACL, 2018"], "Shikhar Murty": ["Probabilistic Embedding of Knowledge Graphs with Box Lattice Measures., ACL, 2018"], "Daniel Beck": ["Graph-to-Sequence Learning using Gated Graph Neural Networks., ACL, 2018"], "Urvashi Khandelwal": ["Sharp Nearby, Fuzzy Far Away: How Neural Language Models Use Context., ACL, 2018"], "Sam Thomson": ["Bridging CNNs, RNNs, and Weighted Finite-State Machines., ACL, 2018", "Backpropagating through Structured Argmax using a SPIGOT., ACL, 2018"], "Igor Labutov": ["Zero-shot Learning of Classifiers from Natural Language Quantification., ACL, 2018"], "Linfeng Song": ["Sentence-State LSTM for Text Representation., ACL, 2018", "A Graph-to-Sequence Model for AMR-to-Text Generation., ACL, 2018"], "Jeremy Howard": ["Universal Language Model Fine-tuning for Text Classification., ACL, 2018"], "Nina P\u00f6rner": ["Evaluating neural network explanation methods using hybrid documents and morphosyntactic agreement., ACL, 2018"], "Sesh Sadasivam": ["Improving Text-to-SQL Evaluation Methodology., ACL, 2018"], "Yibo Sun": ["Semantic Parsing with Syntax- and Table-Aware SQL Generation., ACL, 2018"], "Daniel Hershcovich": ["Multitask Parsing Across Semantic Representations., ACL, 2018"], "G\u00f6zde G\u00fcl Sahin": ["Character-Level Models versus Morphology in Semantic Role Labeling., ACL, 2018"], "Chunchuan Lyu": ["AMR Parsing as Graph Prediction with Latent Alignment., ACL, 2018"], "Yufei Chen": ["Accurate SHRG-Based Semantic Parsing., ACL, 2018"], "Jin-Ge Yao": ["Using Intermediate Representations to Solve Math Word Problems., ACL, 2018"], "Jiangming Liu": ["Discourse Representation Structure Parsing., ACL, 2018"], "Yizhe Zhang": ["Baseline Needs More Love: On Simple Word-Embedding-Based Models and Associated Pooling Mechanisms., ACL, 2018"], "John Wieting": ["ParaNMT-50M: Pushing the Limits of Paraphrastic Sentence Embeddings with Millions of Machine Translations., ACL, 2018"], "Emily Allaway": ["Event2Mind: Commonsense Inference on Events, Intents, and Reactions., ACL, 2018"], "Shuhei Kurita": ["Neural Adversarial Training for Semi-supervised Japanese Predicate-argument Structure Analysis., ACL, 2018"], "Prafulla Kumar Choubey": ["Improving Event Coreference Resolution by Modeling Correlations between Event Coreference Chains and Document Topic Structures., ACL, 2018"], "Pengda Qin": ["DSGAN: Generative Adversarial Training for Distant Supervision Relation Extraction., ACL, 2018", "Robust Distant Supervision Relation Extraction via Deep Reinforcement Learning., ACL, 2018"], "Xiangrong Zeng": ["Extracting Relational Facts by an End-to-End Neural Model with Copy Mechanism., ACL, 2018"], "Wenxuan Zhou": ["Self-regulation: Employing a Generative Adversarial Network to Improve Event Detection., ACL, 2018"], "Yuanliang Meng": ["Context-Aware Neural Model for Temporal Information Extraction., ACL, 2018"], "Wenlin Yao": ["Temporal Event Knowledge Acquisition via Identifying Narratives., ACL, 2018"], "Damon Mayaffre": ["Textual Deconvolution Saliency (TDS) : a deep tool box for linguistic analysis., ACL, 2018"], "Muhammad Tasnim Mohiuddin": ["Coherence Modeling of Asynchronous Conversations: A Neural Entity Grid Approach., ACL, 2018"], "Weinan Zhang": ["Deep Reinforcement Learning for Chinese Zero Pronoun Resolution., ACL, 2018"], "Tomohide Shibata": ["Entity-Centric Joint Modeling of Japanese Coreference Resolution and Predicate Argument Structure Analysis., ACL, 2018"], "John Torr": ["Constraining MGbank: Agreement, L-Selection and Supertagging in Minimalist Grammars., ACL, 2018"], "Jeremy R. Cole": ["Not that much power: Linguistic alignment is influenced more by low-level linguistic features rather than social power., ACL, 2018"], "Caitlin Westerfield": ["TutorialBank: A Manually-Collected Corpus for Prerequisite Chains, Survey Extraction and Resource Recommendation., ACL, 2018"], "Zixuan Ke": ["Give Me More Feedback: Annotating Argument Persuasiveness and Related Attributes in Student Essays., ACL, 2018"], "Leshem Choshen": ["Inherent Biases in Reference-based Evaluation for Grammatical Error Correction., ACL, 2018", "Automatic Metric Validation for Grammatical Error Correction., ACL, 2018"], "Stephen Mussmann": ["The price of debiasing automatic metrics in natural language evalaution., ACL, 2018"], "Qingyu Zhou": ["Neural Document Summarization by Jointly Learning to Score and Select Sentences., ACL, 2018"], "Jean-Pierre Lorr\u00e9": ["Unsupervised Abstractive Meeting Summarization with Multi-Sentence Compression and Budgeted Submodular Maximization., ACL, 2018"], "Yen-Chun Chen": ["Fast Abstractive Summarization with Reinforce-Selected Sentence Rewriting., ACL, 2018"], "Han Guo": ["Soft Layer-Specific Multi-Task Summarization with Entailment and Question Generation., ACL, 2018"], "Gerardo Ocampo Diaz": ["Modeling and Prediction of Online Product Review Helpfulness: A Survey., ACL, 2018"], "Frank F. Xu": ["Mining Cross-Cultural Differences and Similarities in Social Media., ACL, 2018"], "Dan Goldwasser": ["Classification of Moral Foundations in Microblog Political Discourse., ACL, 2018"], "Li Dong": ["Coarse-to-Fine Decoding for Neural Semantic Parsing., ACL, 2018", "Confidence Modeling for Neural Semantic Parsing., ACL, 2018"], "Junxian He": ["StructVAE: Tree-structured Latent Variable Models for Semi-supervised Semantic Parsing., ACL, 2018"], "Bo Chen": ["Sequence-to-Action: End-to-End Semantic Graph Generation for Semantic Parsing., ACL, 2018"], "Sebastian Ruder": ["On the Limitations of Unsupervised Bilingual Dictionary Induction., ACL, 2018", "Strong Baselines for Neural Semi-Supervised Learning under Domain Shift., ACL, 2018"], "Mikel Artetxe": ["A robust self-learning method for fully unsupervised cross-lingual mappings of word embeddings., ACL, 2018"], "Shengqi Yang": ["A Multi-lingual Multi-task Architecture for Low-resource Sequence Labeling., ACL, 2018"], "Viktor Hangya": ["Two Methods for Domain Adaptation of Bilingual Tasks: Delightfully Simple and Broadly Applicable., ACL, 2018"], "Todor Mihaylov": ["Knowledgeable Reader: Enhancing Cloze-Style Reading Comprehension with External Commonsense Knowledge., ACL, 2018"], "Amos Azaria": ["Multi-Relational Question Answering from Narratives: Machine Reading and Reasoning in Simulated Worlds., ACL, 2018"], "Christopher Clark": ["Simple and Effective Multi-Paragraph Reading Comprehension., ACL, 2018"], "Marco T\u00falio Ribeiro": ["Semantically Equivalent Adversarial Rules for Debugging NLP models., ACL, 2018"], "Shrimai Prabhumoye": ["Style Transfer Through Back-Translation., ACL, 2018"], "Rajarshi Bhowmik": ["Generating Fine-Grained Open Vocabulary Entity Type Descriptions., ACL, 2018"], "Angela Fan": ["Hierarchical Neural Story Generation., ACL, 2018"], "Yuan-Fang Wang": ["No Metrics Are Perfect: Adversarial Reward Learning for Visual Storytelling., ACL, 2018"], "Guy Rotman": ["Bridging Languages through Images with Deep Partial Canonical Correlation Analysis., ACL, 2018"], "Geoffrey E. Hinton": ["Illustrative Language Understanding: Large-Scale Visual Grounding with Image Search., ACL, 2018"], "Qiaozi Gao": ["What Action Causes This? Towards Naive Physical Action-Effect Prediction., ACL, 2018"], "Lidong Bing": ["Transformation Networks for Target-Oriented Sentiment Classification., ACL, 2018"], "Mianwei Zhou": ["Target-Sensitive Memory Networks for Aspect Sentiment Classification., ACL, 2018"], "Himanshu Sharad Bhatt": ["Identifying Transferable Information Across Domains for Cross-domain Sentiment Classification., ACL, 2018"], "Wenjie Li": ["Unpaired Sentiment-to-Sentiment Translation: A Cycled Reinforcement Learning Approach., ACL, 2018"], "Xiaofei He": ["Discourse Marker Augmented Network with Reinforcement Learning for Natural Language Inference., ACL, 2018"], "H\u00e9ctor Allende-Cid": ["Working Memory Networks: Augmenting Memory Networks with a Relational Reasoning Module., ACL, 2018"], "Anh Tuan Luu": ["Reasoning with Sarcasm by Reading In-Between., ACL, 2018"], "Yanshuai Cao": ["Adversarial Contrastive Estimation., ACL, 2018"], "Hongyu Lin": ["Adaptive Scaling for Sparse Detection in Information Extraction., ACL, 2018", "Nugget Proposal Networks for Chinese Event Detection., ACL, 2018"], "Tao Ge": ["Fluency Boost Learning and Inference for Neural Grammatical Error Correction., ACL, 2018"], "Eric P. Xing": ["A Neural Architecture for Automated ICD Coding., ACL, 2018"], "Muhammad Imran": ["Domain Adaptation with Adversarial Training and Graph Embeddings., ACL, 2018"], "Cancan Jin": ["TDNN: A Two-stage Deep Neural Network for Prompt-independent Automated Essay Scoring., ACL, 2018"], "Tiancheng Zhao": ["Unsupervised Discrete Sentence Representation Learning for Interpretable Neural Dialog Generation., ACL, 2018"], "Yixing Fan": ["Learning to Control the Specificity in Neural Response Generation., ACL, 2018"], "Lu Li": ["Multi-Turn Response Selection for Chatbots with Deep Attention Matching Network., ACL, 2018"], "Xianda Zhou": ["MojiTalk: Generating Emotional Responses at Scale., ACL, 2018"], "Tatsuru Kobayashi": ["Taylor's law for Human Linguistic Sequences., ACL, 2018"], "Christopher Cerezo Falco": ["A Framework for Representing Language Acquisition in a Population Setting., ACL, 2018"], "Logan Born": ["Prefix Lexicalization of Synchronous CFGs using Synchronous TAG., ACL, 2018"], "Yikang Shen": ["Straight to the Tree: Constituency Parsing with Neural Syntactic Distance., ACL, 2018"], "Liwen Zhang": ["Gaussian Mixture Latent Vector Grammars., ACL, 2018"], "Matthew Peters": ["Extending a Parser to Distant Domains Using a Few Dozen Partially Annotated Examples., ACL, 2018"], "Vered Shwartz": ["Paraphrase to Explicate: Revealing Implicit Noun-Compound Relations., ACL, 2018"], "Hady W. Lauw": ["Searching for the X-Factor: Exploring Corpus Subjectivity for Word Embeddings., ACL, 2018"], "Rui Mao": ["Word Embedding and WordNet Based Metaphor Identification and Interpretation., ACL, 2018"], "Liusheng Huang": ["Incorporating Latent Meanings of Morphological Compositions to Enhance Word Embeddings., ACL, 2018"], "Wilker Aziz": ["A Stochastic Decoder for Neural Machine Translation., ACL, 2018"], "Chunpeng Ma": ["Forest-Based Neural Machine Translation., ACL, 2018"], "Elena Voita": ["Context-Aware Neural Machine Translation Learns Anaphora Resolution., ACL, 2018"], "Sameen Maruf": ["Document Context Neural Machine Translation with Memory Networks., ACL, 2018"], "Milan Gritta": ["Which Melbourne? Augmenting Geocoding with Maps., ACL, 2018"], "Tianyu Jiang": ["Learning Prototypical Goal Activities for Locations., ACL, 2018"], "Bo Zhao": ["Guess Me if You Can: Acronym Disambiguation for Enterprises., ACL, 2018"], "Qiang Ning": ["A Multi-Axis Annotation Scheme for Event Temporal Relations., ACL, 2018"], "Gaurav Pandey": ["Exemplar Encoder-Decoder for Neural Conversation Generation., ACL, 2018"], "Xifeng Yan": ["DialSQL: Dialogue Based Structured Query Generation., ACL, 2018"], "Nithum Thain": ["Conversations Gone Awry: Detecting Early Signs of Conversational Failure., ACL, 2018"], "Ondrej C\u00edfka": ["Are BLEU and Meaning Representation in Opposition?, ACL, 2018"], "Segev Shlomov": ["The Hitchhiker's Guide to Testing Statistical Significance in Natural Language Processing., ACL, 2018"], "Huaipeng Zhao": ["Distilling Knowledge for Search-based Structured Prediction., ACL, 2018"], "Jingzhou Liu": ["Stack-Pointer Networks for Dependency Parsing., ACL, 2018"], "Johnny Wei": ["Twitter Universal Dependency Parsing for African-American and Mainstream American English., ACL, 2018"], "John Hale": ["LSTMs Can Learn Syntax-Sensitive Dependencies Well, But Modeling Structure Makes Them Better., ACL, 2018"], "Dawei Yin": ["Sequicity: Simplifying Task-oriented Dialogue Systems with Single Sequence-to-Sequence Architectures., ACL, 2018"], "Qi Hu": ["An End-to-end Approach for Handling Unknown Slot Values in Dialogue State Tracking., ACL, 2018"], "Caiming Xiong": ["Global-Locally Self-Attentive Encoder for Dialogue State Tracking., ACL, 2018"], "Andrea Madotto": ["Mem2Seq: Effectively Incorporating Knowledge Bases into End-to-End Task-Oriented Dialog Systems., ACL, 2018"], "Hainan Zhang": ["Tailored Sequence to Sequence Models to Different Conversation Scenarios., ACL, 2018"], "Shuman Liu": ["Knowledge Diffusion for Neural Dialogue Generation., ACL, 2018"], "Xiaoyan Zhu": ["Generating Informative Responses with Controlled Sentence Function., ACL, 2018"], "Weiyan Shi": ["Sentiment Adaptive End-to-End Dialog Systems., ACL, 2018"], "Hinrich Sch\u00fctze": ["Embedding Learning Through Multilingual Concept Induction., ACL, 2018", "End-Task Oriented Textual Entailment via Deep Explorations of Inter-Sentence Interactions., ACL, 2018"], "Edoardo Maria Ponti": ["Isomorphic Transfer of Syntactic Structures in Cross-Lingual NLP., ACL, 2018"], "Kalika Bali": ["Language Modeling for Code-Mixing: The Role of Linguistic Theory based Synthetic Data., ACL, 2018"], "Jie Yang": ["Chinese NER Using Lattice LSTM., ACL, 2018"], "Madhav Nimishakavi": ["Higher-order Relation Schema Induction using Tensor Factorization with Back-off and Aggregation., ACL, 2018"], "Michael Glass": ["Discovering Implicit Knowledge with Unary Relations., ACL, 2018"], "Phong Le": ["Improving Entity Linking by Modeling Latent Relations between Mentions., ACL, 2018"], "Swayambhu Nath Ray": ["Dating Documents using Graph Convolution Networks., ACL, 2018"], "Bayu Distiawan Trisedya": ["GTR-LSTM: A Triple Encoder for Sentence Generation from RDF Data., ACL, 2018"], "Maxwell Forbes": ["Learning to Write with Cooperative Discriminators., ACL, 2018"], "Zhiwei Yu": ["A Neural Approach to Pun Generation., ACL, 2018"], "Harsh Jhamtani": ["Learning to Generate Move-by-Move Commentary for Chess Games from Large-Scale Social Forum Data., ACL, 2018"], "Zihang Dai": ["From Credit Assignment to Entropy Regularization: Two New Algorithms for Neural Sequence Prediction., ACL, 2018"], "Rahul Aralikatte": ["DuoRC: Towards Complex Language Understanding with Paraphrased Reading Comprehension., ACL, 2018"], "Yelong Shen": ["Stochastic Answer Networks for Machine Reading Comprehension., ACL, 2018"], "Ming Yan": ["Multi-Granularity Hierarchical Attention Fusion Networks for Reading Comprehension and Question Answering., ACL, 2018"], "Jiachen Liu": ["Joint Training of Candidate Extraction and Answer Selection for Reading Comprehension., ACL, 2018"], "Sewon Min": ["Efficient and Robust Question Answering from Minimal Context over Documents., ACL, 2018"], "Haozhe Ji": ["Denoising Distantly Supervised Open-Domain Question Answering., ACL, 2018"], "Xu Sun": ["Question Condensing Networks for Answer Selection in Community Question Answering., ACL, 2018"], "Junjie Zhai": ["Towards Robust Neural Machine Translation., ACL, 2018"], "Weihua Luo": ["Attention Focusing for Neural Machine Translation by Bridging Source and Target Embeddings., ACL, 2018"], "Joshua Uyheng": ["Reliability and Learnability of Human Bandit Feedback for Sequence-to-Sequence Reinforcement Learning., ACL, 2018"], "Jinsong Su": ["Accelerating Neural Transformer via an Average Attention Network., ACL, 2018"], "Tobias Domhan": ["How Much Attention Do You Need? A Granular Analysis of Neural Machine Translation Architectures., ACL, 2018"], "Ehud Nave": ["Weakly Supervised Semantic Parsing with Abstract Examples., ACL, 2018"], "Carolin Lawrence": ["Improving a Neural Semantic Parser by Counterfactual Learning from Human Bandit Feedback., ACL, 2018"], "Matthias Lindemann": ["AMR dependency parsing with a typed semantic algebra., ACL, 2018"], "Xiaochang Peng": ["Sequence-to-sequence Models for Cache Transition Systems., ACL, 2018"], "Joemon M. Jose": ["Batch IS NOT Heavy: Learning Word Representations From All Samples., ACL, 2018"], "Wray L. Buntine": ["Learning How to Actively Learn: A Deep Imitation Learning Approach., ACL, 2018"], "Martin Bringmann": ["Training Classifiers with Natural Language Explanations., ACL, 2018"], "Kedar Dhamdhere": ["Did the Model Understand the Question?, ACL, 2018"], "Xinya Du": ["Harvesting Paragraph-level Question-Answer Pairs from Wikipedia., ACL, 2018"], "Yajuan Lyu": ["Multi-Passage Machine Reading Comprehension with Cross-Passage Answer Verification., ACL, 2018"], "Yajie Ye": ["Language Generation via DAG Transduction., ACL, 2018"], "Daniel Deutsch": ["A Distributional and Orthographic Aggregation Model for English Derivational Morphology., ACL, 2018"], "Adam Hammond": ["Deep-speare: A joint neural model of poetic language, meter and rhyme., ACL, 2018"], "Diego Moussallem": ["NeuralREG: An end-to-end approach to referring expression generation., ACL, 2018"], "Yumo Xu": ["Stock Movement Prediction from Tweets and Historical Prices., ACL, 2018"], "Jing Ma": ["Rumor Detection on Twitter with Tree-structured Recursive Neural Networks., ACL, 2018"], "Leonardo Neves": ["Visual Attention Model for Name Tagging in Multimodal Social Media., ACL, 2018", "Multimodal Named Entity Disambiguation for Noisy Social Media Posts., ACL, 2018"], "Afshin Rahimi": ["Semi-supervised User Geolocation via Graph Convolutional Networks., ACL, 2018"], "Ronald Cardenas": ["Document Modeling with External Attention for Sentence Extraction., ACL, 2018"], "Chenhao Tan": ["Neural Models for Documents with Metadata., ACL, 2018"], "Paidamoyo Chapfuwa": ["NASH: Toward End-to-End Neural Architecture for Generative Semantic Hashing., ACL, 2018"], "Julian Michael": ["Large-Scale QA-SRL Parsing., ACL, 2018"], "Hongxiao Bai": ["Syntax for Semantic Role Labeling, To Be, Or Not To Be., ACL, 2018"], "Alane Suhr": ["Situated Mapping of Sequential Instructions to Actions with Single-step Reward Observation., ACL, 2018"], "Zheng Wang": ["Marrying Up Regular Expressions with Neural Networks: A Case Study for Spoken Language Understanding., ACL, 2018"], "Jakob Verbeek": ["Token-level and sequence-level loss smoothing for RNN language models., ACL, 2018"], "Georgios P. Spithourakis": ["Numeracy for Language Models: Evaluating and Improving their Ability to Predict Numbers., ACL, 2018"], "Amulya Gupta": ["To Attend or not to Attend: A Case Study on Syntactic Structures for Semantic Relatedness., ACL, 2018"], "Alexis Conneau": ["What you can cram into a single \\$&!#* vector: Probing sentence embeddings for linguistic properties., ACL, 2018"], "Ryo Takahashi": ["Interpretable and Compositional Relation Learning by Joint Training with an Autoencoder., ACL, 2018"], "Sebastian Riedel": ["Zero-Shot Transfer Learning for Event Extraction., ACL, 2018"], "Wenya Wang": ["Recursive Neural Structural Correspondence Network for Cross-domain Aspect and Opinion Co-Extraction., ACL, 2018"], "Xiujun Li": ["Deep Dyna-Q: Integrating Planning for Task-Completion Dialogue Policy Learning., ACL, 2018"], "Chenyi Liu": ["Learning to Ask Questions in Open-domain Conversational Systems with Typed Decoders., ACL, 2018"], "Arthur Szlam": ["Personalizing Dialogue Agents: I have a dog, do you have pets too?, ACL, 2018"], "Anjishnu Kumar": ["Efficient Large-Scale Neural Domain Classification with Personalized Attention., ACL, 2018"], "Ivan Marsic": ["Multimodal Affective Analysis Using Hierarchical Attention Strategy with Word-Level Alignment., ACL, 2018"], "Amir Zadeh": ["Multimodal Language Analysis in the Wild: CMU-MOSEI Dataset and Interpretable Dynamic Fusion Graph., ACL, 2018"], "Varun Bharadhwaj Lakshminarasimhan": ["Efficient Low-rank Multimodal Fusion With Modality-Specific Factors., ACL, 2018"], "Alexander Johnson": ["Discourse Coherence: Concurrent Explicit and Implicit Relations., ACL, 2018"], "Nebojsa Jojic": ["A Spatial Model for Extracting and Visualizing Latent Discourse Structure in Text., ACL, 2018"], "Zhili Feng": ["Joint Reasoning for Temporal and Causal Relations., ACL, 2018"], "Antoine Bosselut": ["Modeling Naive Psychology of Characters in Simple Commonsense Stories., ACL, 2018"], "Haiqing Chen": ["A Deep Relevance Model for Zero-Shot Document Filtering., ACL, 2018"], "Baoxin Wang": ["Disconnected Recurrent Neural Networks for Text Categorization., ACL, 2018"], "Xinyuan Zhang": ["Joint Embedding of Words and Labels for Text Classification., ACL, 2018"], "Gang Tian": ["Neural Sparse Topical Coding., ACL, 2018"], "Jinjun Xiong": ["Document Similarity for Texts of Varying Lengths via Hidden Topics., ACL, 2018"], "Samarth Agrawal": ["Eyes are the Windows to the Soul: Predicting the Rating of Text Quality Using Gaze Behaviour., ACL, 2018"], "Rui Dong": ["Multi-Input Attention for Unsupervised OCR Correction., ACL, 2018"], "Baishakhi Ray": ["Building Language Models for Text with Named Entities., ACL, 2018"], "Haisong Zhang": ["hyperdoc2vec: Distributed Representations of Hypertext Documents., ACL, 2018"], "Zheng-Hao Liu": ["Entity-Duet Neural Ranking: Understanding the Role of Knowledge Graph Semantics in Neural Information Retrieval., ACL, 2018"], "Si Wei": ["Neural Natural Language Inference Models Enhanced with External Knowledge., ACL, 2018"], "Dongyeop Kang": ["AdvEntuRe: Adversarial Training for Textual Entailment with Knowledge-Guided Examples., ACL, 2018"], "Yongseok Cho": ["Subword-level Word Vector Representations for Korean., ACL, 2018"], "Leyu Lin": ["Incorporating Chinese Characters of Words for Lexical Sememe Prediction., ACL, 2018"], "Yong-Yeol Ahn": ["SemAxis: A Lightweight Framework to Characterize Domain-Specific Word Semantics Beyond Sentiment., ACL, 2018"], "Xiaotao Gu": ["End-to-End Reinforcement Learning for Automatic Taxonomy Induction., ACL, 2018"], "Fuli Luo": ["Incorporating Glosses into Neural Word Sense Disambiguation., ACL, 2018"], "Roman Klinger": ["Bilingual Sentiment Embeddings: Joint Projection of Sentiment Across Languages., ACL, 2018"], "Zihao Fu": ["Learning Domain-Sensitive and Sentiment-Aware Word Embeddings., ACL, 2018"], "Yu-Gang Jiang": ["Cross-Domain Sentiment Classification with Target Domain Specific Information., ACL, 2018"], "Wei Xue": ["Aspect Based Sentiment Analysis with Gated Convolutional Networks., ACL, 2018"], "Xin Dong": ["A Helping Hand: Transfer Learning for Deep Sentiment Analysis., ACL, 2018"], "Sua Sung": ["Cold-Start Aware User and Product Attention for Sentiment Classification., ACL, 2018"], "Sebastian Goodman": ["Conceptual Captions: A Cleaned, Hypernymed, Image Alt-text Dataset For Automatic Image Captioning., ACL, 2018"], "Daphne Ippolito": ["Learning Translations via Images with a Massively Multilingual Image Dataset., ACL, 2018"], "Baoyu Jing": ["On the Automatic Generation of Medical Imaging Reports., ACL, 2018"], "Pin-Yu Chen": ["Attacking Visual Language Grounding with Adversarial Examples: A Case Study on Neural Image Captioning., ACL, 2018"], "Ankit Goyal": ["Think Visually: Question Answering through Virtual Imagery., ACL, 2018"], "Haichao Zhang": ["Interactive Language Acquisition with One-shot Visual Concept Learning through a Conversational Game., ACL, 2018"], "John R. Hershey": ["A Purely End-to-End System for Multi-speaker Speech Recognition., ACL, 2018"], "Lawrence Wolf-Sonkin": ["A Structured Variational Autoencoder for Contextual Morphological Inflection., ACL, 2018"], "Joshua Maynez": ["Morphosyntactic Tagging with a Meta-BiLSTM Model over Context Sensitive Token Encodings., ACL, 2018"], "Chaitanya Malaviya": ["Neural Factor Graph Models for Cross-lingual Morphological Tagging., ACL, 2018"], "Tianze Shi": ["Global Transition-based Non-projective Dependency Parsing., ACL, 2018"], "Nikita Kitaev": ["Constituency Parsing with a Self-Attentive Encoder., ACL, 2018"], "Yuanyuan Zhao": ["Pre- and In-Parsing Models for Neural Empty Category Detection., ACL, 2018"], "Arturo Argueta": ["Composing Finite State Transducers on GPUs., ACL, 2018"], "Bo Zhang": ["Supervised Treebank Conversion: Data and Approaches., ACL, 2018"], "Daqi Zheng": ["Object-oriented Neural Programming (OONP) for Document Understanding., ACL, 2018"], "Jonathan Brennan": ["Finding syntax in human encephalography with beam search., ACL, 2018"], "Sudha Rao": ["Learning to Ask Good Questions: Ranking Clarification Questions using Neural Expected Value of Perfect Information., ACL, 2018"], "Andre Cianflone": ["Let's do it \"again\": A First Computational Approach to Detecting Adverbial Presupposition Triggers., ACL, 2018"], "Clement Delangue": ["Continuous Learning in a Hierarchical Multiscale Neural Network., ACL, 2018"], "Aline Villavicencio": ["Restricted Recurrent Neural Tensor Networks: Exploiting Word Frequency and Compositionality., ACL, 2018"], "Luke Zettlemoyer": ["Deep RNNs Encode Soft Hierarchical Syntax., ACL, 2018", "Jointly Predicting Predicates and Arguments in Neural Semantic Role Labeling., ACL, 2018", "Long Short-Term Memory as a Dynamically Computed Element-wise Weighted Sum., ACL, 2018"], "Steve Renals": ["Word Error Rate Estimation for Speech Recognition: e-WER., ACL, 2018"], "Trevor Cohn": ["Towards Robust and Privacy-preserving Text Representations., ACL, 2018", "Content-based Popularity Prediction of Online Petitions Using a Deep Regression Model., ACL, 2018"], "Dejing Dou": ["HotFlip: White-Box Adversarial Examples for Text Classification., ACL, 2018"], "Bill Sethares": ["Domain Adapted Word Embeddings for Improved Sentiment Classification., ACL, 2018"], "Mark Johnson": ["Active learning for deep semantic parsing., ACL, 2018"], "Noam Slonim": ["Learning Thematic Similarity Metric from Article Sections Using Triplet Networks., ACL, 2018", "Will it Blend? Blending Weak and Strong Labeled Data in a Neural Network for Argumentation Mining., ACL, 2018"], "Simone Paolo Ponzetto": ["Unsupervised Semantic Frame Induction using Triclustering., ACL, 2018"], "Pushpak Bhattacharyya": ["Identification of Alias Links among Participants in Narratives., ACL, 2018", "Judicious Selection of Training Data in Assisting Language for Multilingual Neural NER., ACL, 2018"], "Sam Coope": ["Named Entity Recognition With Parallel Recurrent Neural Networks., ACL, 2018"], "Soumen Chakrabarti": ["Type-Sensitive Knowledge Base Inference Without Explicit Type Supervision., ACL, 2018"], "Sophia Ananiadou": ["A Walk-based Model on Entity Graphs for Relation Extraction., ACL, 2018"], "Yuji Matsumoto": ["Ranking-Based Automatic Seed Selection and Noise Reduction for Weakly Supervised Relation Extraction., ACL, 2018"], "Kenny Q. Zhu": ["Automatic Extraction of Commonsense LocatedNear Knowledge., ACL, 2018"], "Dragomir R. Radev": ["Neural Coreference Resolution with Deep Biaffine Attention by Joint Mention Detection and Mention Clustering., ACL, 2018"], "Ivan Vulic": ["Fully Statistical Neural Belief Tracking., ACL, 2018", "Scoring Lexical Entailment with a Supervised Directional Similarity Network., ACL, 2018"], "Jakub Szymanik": ["Some of Them Can be Guessed! Exploring the Effect of Linguistic Context in Predicting Quantifiers., ACL, 2018"], "Sebastian Pad\u00f3": ["A Named Entity Recognition Shootout for German., ACL, 2018"], "Pradeep K. Murukannaiah": ["A dataset for identifying actionable feedback in collaborative software development., ACL, 2018"], "Cecilia Ovesdotter Alm": ["SNAG: Spoken Narratives and Gaze Dataset., ACL, 2018"], "Xiaoyong Du": ["Analogical Reasoning on Chinese Morphological and Semantic Relations., ACL, 2018"], "Bo Xu": ["Construction of a Chinese Corpus for the Analysis of the Emotionality of Metaphorical Expressions., ACL, 2018"], "Shuming Shi": ["Automatic Article Commenting: the Task and Dataset., ACL, 2018"], "Dmitry Nekrasov": ["Improved Evaluation Framework for Complex Plagiarism Detection., ACL, 2018"], "Qi Su": ["Global Encoding for Abstractive Summarization., ACL, 2018"], "Akiko Aizawa": ["A Language Model based Evaluator for Sentence Compression., ACL, 2018"], "Svitlana Volkova": ["Identifying and Understanding User Reactions to Deceptive and Trusted Social News Sources., ACL, 2018"], "Inkit Padhi": ["Fighting Offensive Language on Social Media with Unsupervised Text Style Transfer., ACL, 2018"], "Lyle H. Ungar": ["Diachronic degradation of language models: Insights from social media., ACL, 2018"], "Xiangying Dai": ["Task-oriented Dialogue System for Automatic Diagnosis., ACL, 2018"], "Wei Lin": ["Transfer Learning for Context-Aware Question Matching in Information-seeking Conversations in E-commerce., ACL, 2018"], "Shrikanth Narayanan": ["A Multi-task Approach to Learning Multilingual Representations., ACL, 2018"], "Raphael Flauger": ["Characterizing Departures from Linearity in Word Translation., ACL, 2018"], "Holger Schwenk": ["Filtering and Mining Parallel Data in a Joint Multilingual Space., ACL, 2018"], "Zhen-Hua Ling": ["Hybrid semi-Markov CRF for Neural Sequence Labeling., ACL, 2018"], "Gerhard Weikum": ["A Study of the Importance of External Knowledge in the Named Entity Recognition Task., ACL, 2018", "diaNED: Time-Aware Named Entity Disambiguation for Diachronic Corpora., ACL, 2018"], "Salim Jouili": ["Improving Topic Quality by Promoting Named Entities in Topic Modeling., ACL, 2018"], "Achilleas Michos": ["Obligation and Prohibition Extraction Using Hierarchical RNNs., ACL, 2018"], "Kevin Knight": ["Paper Abstract Writing through Editing Mechanism., ACL, 2018"], "Dmitry Vetrov": ["Conditional Generators of Words Definitions., ACL, 2018"], "Utpal Garain": ["CNN for Text-Based Multiple Choice Question Answering., ACL, 2018"], "Timothy Baldwin": ["Narrative Modeling with Memory Chains and Semantic Supervision., ACL, 2018"], "Alessandro Moschitti": ["Injecting Relational Structural Representation in Neural Networks for Question Similarity., ACL, 2018"], "Jingbo Zhu": ["A Simple and Effective Approach to Coverage-Aware Neural Machine Translation., ACL, 2018"], "Eiichiro Sumita": ["Dynamic Sentence Sampling for Efficient Training of Neural Machine Translation., ACL, 2018", "Simplified Abugidas., ACL, 2018"], "Marcello Federico": ["Compositional Representation of Morphologically-Rich Input for Neural Machine Translation., ACL, 2018"], "Graham Neubig": ["Extreme Adaptation for Personalized Neural Machine Translation., ACL, 2018", "Automatic Estimation of Simultaneous Interpreter Performance., ACL, 2018"], "Bill Byrne": ["Multi-representation ensembles and delayed SGD updates improve syntax-based NMT., ACL, 2018"], "Evgeny Matusov": ["Learning from Chunk-based Feedback in Neural Machine Translation., ACL, 2018"], "Junyang Lin": ["Bag-of-Words as Target for Neural Machine Translation., ACL, 2018"], "Hideki Nakayama": ["Improving Beam Search by Removing Monotonic Constraint for Neural Machine Translation., ACL, 2018"], "Paul Cook": ["Leveraging distributed representations and lexico-syntactic fixedness for token-level prediction of the idiomaticity of English verb-noun combinations., ACL, 2018"], "Olivier Ferret": ["Using pseudo-senses for improving the extraction of synonyms from word embeddings., ACL, 2018"], "Maximilian Nickel": ["Hearst Patterns Revisited: Automatic Hypernym Detection from Large Text Corpora., ACL, 2018"], "Andr\u00e9 F. T. Martins": ["Sparse and Constrained Attention for Neural Machine Translation., ACL, 2018"], "Hermann Ney": ["Neural Hidden Markov Model for Machine Translation., ACL, 2018"], "Barbara Plank": ["Bleaching Text: Abstract Features for Cross-lingual Gender Prediction., ACL, 2018"], "Daniel Gildea": ["Orthographic Features for Bilingual Lexicon Induction., ACL, 2018"], "Wael Hamza": ["Neural Cross-Lingual Coreference Resolution And Its Application To Entity Linking., ACL, 2018"], "Ming Zhou": ["Neural Open Information Extraction., ACL, 2018", "Learning Matching Models with Weak Supervision for Response Selection in Retrieval-based Chatbots., ACL, 2018"], "Xueqi Cheng": ["Document Embedding Enhanced Event Detection with Hierarchical and Supervised Attention., ACL, 2018"], "Zhe Feng": ["Improving Slot Filling in Spoken Language Understanding with Joint Pointer and Attention., ACL, 2018"], "Milica Gasic": ["Large-Scale Multi-Domain Belief Tracking with Knowledge Sharing., ACL, 2018"], "Dongyan Zhao": ["Modeling discourse cohesion for discourse parsing via memory network., ACL, 2018"], "Sujian Li": ["SciDTB: Discourse Dependency TreeBank for Scientific Abstracts., ACL, 2018"], "Mark Steedman": ["Predicting accuracy on large datasets from smaller pilot data., ACL, 2018"], "Jey Han Lau": ["The Influence of Context on Sentence Acceptability Judgements., ACL, 2018"], "Marie-Francine Moens": ["Do Neural Network Cross-Modal Mappings Really Bridge Modalities?, ACL, 2018"], "Dan Klein": ["Policy Gradient as a Proxy for Dynamic Oracles in Constituency Parsing., ACL, 2018"], "Liang Huang": ["Linear-time Constituency Parsing with RNNs and Dynamic Programming., ACL, 2018"], "Christopher D. Manning": ["Simpler but More Accurate Semantic Dependency Parsing., ACL, 2018"], "Shuming Ma": ["Automatic Academic Paper Rating Based on Modularized Hierarchical Convolutional Neural Network., ACL, 2018"], "Radu Tudor Ionescu": ["Automated essay scoring with string kernels and word embeddings., ACL, 2018"], "Vladimir Eidelman": ["Party Matters: Enhancing Legislative Embeddings with Author Attributes for Vote Prediction., ACL, 2018"], "Koichi Hori": ["Dynamic and Static Topic Model for Analyzing Time-Series Document Collections., ACL, 2018"], "Weijing Huang": ["PhraseCTM: Correlated Topic Modeling on Phrases within Markov Random Fields., ACL, 2018"], "Marwan Torki": ["A Document Descriptor using Covariance of Word Vectors., ACL, 2018"], "Wei Lu": ["Learning with Structured Representations for Negation Scope Extraction., ACL, 2018", "Learning Cross-lingual Distributed Logical Representations for Semantic Parsing., ACL, 2018"], "Xiaojun Wan": ["Sense-Aware Neural Models for Pun Location in Texts., ACL, 2018"], "Yue Zhang": ["A Rank-Based Similarity Metric for Word Embeddings., ACL, 2018"], "Nizar Habash": ["Addressing Noise in Multidialectal Word Embeddings., ACL, 2018"], "Pierre Zweigenbaum": ["GNEG: Graph-Based Negative Sampling for word2vec., ACL, 2018"], "Kentaro Inui": ["Unsupervised Learning of Style-sensitive Word Vectors., ACL, 2018"], "Daniel Dahlmeier": ["Exploiting Document Knowledge for Aspect-level Sentiment Classification., ACL, 2018"], "Wei Song": ["Modeling Sentiment Association in Discourse for Humor Recognition., ACL, 2018"], "Philip S. Yu": ["Double Embeddings and CNN-based Sequence Labeling for Aspect Extraction., ACL, 2018"], "Pascale Fung": ["Investigating Audio, Video, and Text Fusion Methods for End-to-End Automatic Personality Prediction., ACL, 2018"], "Masaaki Nagata": ["An Empirical Study of Building a Strong Baseline for Constituency Parsing., ACL, 2018"], "Joakim Nivre": ["Parser Training with Heterogeneous Treebanks., ACL, 2018"], "Alexander Koller": ["Generalized chart constraints for efficient PCFG and TAG parsing., ACL, 2018"], "Gerard Melo": ["Exploring Semantic Properties of Sentence Embeddings., ACL, 2018"], "Doug Downey": ["Extracting Commonsense Properties from Embeddings with Limited Human Guidance., ACL, 2018"], "Yoav Goldberg": ["Breaking NLI Systems with Sentences that Require Simple Lexical Inferences., ACL, 2018", "Split and Rephrase: Better Evaluation and Stronger Baselines., ACL, 2018"], "Gholamreza Haffari": ["Adaptive Knowledge Sharing in Multi-Task Learning: Improving Low-Resource Neural Machine Translation., ACL, 2018"], "Noah A. Smith": ["Polyglot Semantic Role Labeling., ACL, 2018"], "Yutaka Sasaki": ["Enhancing Drug-Drug Interaction Extraction from Texts by Molecular Structure Information., ACL, 2018"], "Michael J. Paul": ["Examining Temporality in Document Classification., ACL, 2018"], "Mari Ostendorf": ["Personalized Language Model for Query Auto-Completion., ACL, 2018"], "Julian McAuley": ["Personalized Review Generation By Expanding Phrases and Attending on Aspect-Aware Representations., ACL, 2018"], "Lucia Specia": ["Learning Simplifications for Specific Target Audiences., ACL, 2018"], "Houfeng Wang": ["Autoencoder as Assistant Supervisor: Improving Text Representation for Chinese Social Media Text Summarization., ACL, 2018"], "Eran Yahav": ["On the Practical Computational Power of Finite Precision RNNs for Language Recognition., ACL, 2018"], "Shiyu Chang": ["A Co-Matching Model for Multi-choice Reading Comprehension., ACL, 2018"], "Nasrin Mostafazadeh": ["Tackling the Story Ending Biases in The Story Cloze Test., ACL, 2018"], "Yi Liu": ["A Multi-sentiment-resource Enhanced Attention Network for Sentiment Classification., ACL, 2018"], "Hayato Kobayashi": ["Pretraining Sentiment Classifiers with Unlabeled Dialog Data., ACL, 2018"], "Hsin-Hsi Chen": ["Disambiguating False-Alarm Hashtag Usages in Tweets for Irony Detection., ACL, 2018"], "Ross Sparks": ["Cross-Target Stance Classification with Self-Attention Networks., ACL, 2018"], "Percy Liang": ["Know What You Don't Know: Unanswerable Questions for SQuAD., ACL, 2018"], "Smaranda Muresan": ["'Lighter' Can Still Be Dark: Modeling Comparative Color Descriptions., ACL, 2018"]}