{"Yonggang Deng": ["Guiding Statistical Word Alignment Models With Prior Knowledge., ACL, 2007"], "Yuqing Gao": ["Guiding Statistical Word Alignment Models With Prior Knowledge., ACL, 2007"], "Pi-Chuan Chang": ["A Discriminative Syntactic Word Order Model for Machine Translation., ACL, 2007"], "Kristina Toutanova": ["A Discriminative Syntactic Word Order Model for Machine Translation., ACL, 2007", "Generating Complex Morphology for Machine Translation., ACL, 2007", "A Comparative Study of Parameter Estimation Methods for Statistical Natural Language Processing., ACL, 2007"], "John DeNero": ["Tailoring Word Alignments to Syntactic Machine Translation., ACL, 2007"], "Dan Klein": ["Tailoring Word Alignments to Syntactic Machine Translation., ACL, 2007", "Unsupervised Coreference Resolution in a Nonparametric Bayesian Model., ACL, 2007"], "Nicola Ueffing": ["Transductive learning for statistical machine translation., ACL, 2007"], "Gholamreza Haffari": ["Transductive learning for statistical machine translation., ACL, 2007"], "Anoop Sarkar": ["Transductive learning for statistical machine translation., ACL, 2007"], "Yee Seng Chan": ["Word Sense Disambiguation Improves Statistical Machine Translation., ACL, 2007", "Domain Adaptation with Active Learning for Word Sense Disambiguation., ACL, 2007"], "Hwee Tou Ng": ["Word Sense Disambiguation Improves Statistical Machine Translation., ACL, 2007", "Domain Adaptation with Active Learning for Word Sense Disambiguation., ACL, 2007", "Learning Predictive Structures for Semantic Role Labeling of NomBank., ACL, 2007", "A Unified Tagging Approach to Text Normalization., ACL, 2007"], "David Chiang": ["Word Sense Disambiguation Improves Statistical Machine Translation., ACL, 2007", "Forest Rescoring: Faster Decoding with Integrated Language Models., ACL, 2007"], "Lucia Specia": ["Learning Expressive Models for Word Sense Disambiguation., ACL, 2007"], "Mark Stevenson": ["Learning Expressive Models for Word Sense Disambiguation., ACL, 2007"], "Maria das Gra\u00e7as Volpe Nunes": ["Learning Expressive Models for Word Sense Disambiguation., ACL, 2007"], "Tony Veale": ["Making Lexical Ontologies Functional and Context-Sensitive., ACL, 2007"], "Yanfen Hao": ["Making Lexical Ontologies Functional and Context-Sensitive., ACL, 2007"], "Hal Daum\u00e9 III": ["A Bayesian Model for Discovering Typological Implications., ACL, 2007", "Frustratingly Easy Domain Adaptation., ACL, 2007"], "Lyle Campbell": ["A Bayesian Model for Discovering Typological Implications., ACL, 2007"], "Daisuke Okanohara": ["A discriminative language model with pseudo-negative samples., ACL, 2007"], "Jun'ichi Tsujii": ["A discriminative language model with pseudo-negative samples., ACL, 2007", "HPSG Parsing with Shallow Dependency Constraints., ACL, 2007"], "Guihua Sun": ["Detecting Erroneous Sentences using Automatically Mined Sequential Patterns., ACL, 2007"], "Xiaohua Liu": ["Detecting Erroneous Sentences using Automatically Mined Sequential Patterns., ACL, 2007"], "Gao Cong": ["Detecting Erroneous Sentences using Automatically Mined Sequential Patterns., ACL, 2007"], "Ming Zhou": ["Detecting Erroneous Sentences using Automatically Mined Sequential Patterns., ACL, 2007", "A Probabilistic Approach to Syntax-based Reordering for Statistical Machine Translation., ACL, 2007"], "Zhongyang Xiong": ["Detecting Erroneous Sentences using Automatically Mined Sequential Patterns., ACL, 2007"], "John Lee": ["Detecting Erroneous Sentences using Automatically Mined Sequential Patterns., ACL, 2007", "A Computational Model of Text Reuse in Ancient Literary Texts., ACL, 2007"], "Chin-Yew Lin": ["Detecting Erroneous Sentences using Automatically Mined Sequential Patterns., ACL, 2007", "Topic Analysis for Psychiatric Document Retrieval., ACL, 2007"], "Antti Puurula": ["Vocabulary Decomposition for Estonian Open Vocabulary Speech Recognition., ACL, 2007"], "Mikko Kurimo": ["Vocabulary Decomposition for Estonian Open Vocabulary Speech Recognition., ACL, 2007"], "Vera Demberg": ["Phonological Constraints and Morphological Preprocessing for Grapheme-to-Phoneme Conversion., ACL, 2007", "A Language-Independent Unsupervised Model for Morphological Segmentation., ACL, 2007"], "Helmut Schmid": ["Phonological Constraints and Morphological Preprocessing for Grapheme-to-Phoneme Conversion., ACL, 2007"], "Gregor M\u00f6hler": ["Phonological Constraints and Morphological Preprocessing for Grapheme-to-Phoneme Conversion., ACL, 2007"], "Animesh Mukherjee": ["Redundancy Ratio: An Invariant Property of the Consonant Inventories of the World's Languages., ACL, 2007"], "Monojit Choudhury": ["Redundancy Ratio: An Invariant Property of the Consonant Inventories of the World's Languages., ACL, 2007"], "Anupam Basu": ["Redundancy Ratio: An Invariant Property of the Consonant Inventories of the World's Languages., ACL, 2007", "Automatic Part-of-Speech Tagging for Bengali: An Approach for Morphologically Rich Languages in a Poor Resource Scenario., ACL, 2007"], "Niloy Ganguly": ["Redundancy Ratio: An Invariant Property of the Consonant Inventories of the World's Languages., ACL, 2007"], "Su-Youn Yoon": ["Multilingual Transliteration Using Feature based Phonetic Method., ACL, 2007"], "Kyoung-Young Kim": ["Multilingual Transliteration Using Feature based Phonetic Method., ACL, 2007"], "Richard Sproat": ["Multilingual Transliteration Using Feature based Phonetic Method., ACL, 2007"], "Haizhou Li": ["Semantic Transliteration of Personal Names., ACL, 2007", "Ordering Phrases with Function Words., ACL, 2007"], "Khe Chai Sim": ["Semantic Transliteration of Personal Names., ACL, 2007"], "Jin-Shea Kuo": ["Semantic Transliteration of Personal Names., ACL, 2007"], "Minghui Dong": ["Semantic Transliteration of Personal Names., ACL, 2007"], "Einat Minkov": ["Generating Complex Morphology for Machine Translation., ACL, 2007"], "Hisami Suzuki": ["Generating Complex Morphology for Machine Translation., ACL, 2007"], "Bogdan Babych": ["Assisting Translators in Indirect Lexical Transfer., ACL, 2007"], "Anthony Hartley": ["Assisting Translators in Indirect Lexical Transfer., ACL, 2007"], "Serge Sharoff": ["Assisting Translators in Indirect Lexical Transfer., ACL, 2007"], "Olga Mudraya": ["Assisting Translators in Indirect Lexical Transfer., ACL, 2007"], "Liang Huang": ["Forest Rescoring: Faster Decoding with Integrated Language Models., ACL, 2007"], "Srinivas Bangalore": ["Statistical Machine Translation through Global Lexical Selection and Sentence Reconstruction., ACL, 2007"], "Patrick Haffner": ["Statistical Machine Translation through Global Lexical Selection and Sentence Reconstruction., ACL, 2007"], "Stephan Kanthak": ["Statistical Machine Translation through Global Lexical Selection and Sentence Reconstruction., ACL, 2007"], "Marco Kuhlmann": ["Mildly Context-Sensitive Dependency Languages., ACL, 2007"], "Mathias M\u00f6hl": ["Mildly Context-Sensitive Dependency Languages., ACL, 2007"], "Mark Johnson": ["Transforming Projective Bilexical Dependency Grammars into efficiently-parsable CFGs with Unfold-Fold., ACL, 2007", "A Comparative Study of Parameter Estimation Methods for Statistical Natural Language Processing., ACL, 2007"], "Makoto Kanazawa": ["Parsing and Generation as Datalog Queries., ACL, 2007"], "Daniel Gildea": ["Optimizing Grammars for Minimum Dependency Length., ACL, 2007"], "David Temperley": ["Optimizing Grammars for Minimum Dependency Length., ACL, 2007"], "Andrew S. Gordon": ["Generalizing semantic role annotations across syntactically similar verbs., ACL, 2007"], "Reid Swanson": ["Generalizing semantic role annotations across syntactically similar verbs., ACL, 2007"], "Min Zhang": ["A Grammar-driven Convolution Tree Kernel for Semantic Role Classification., ACL, 2007"], "Wanxiang Che": ["A Grammar-driven Convolution Tree Kernel for Semantic Role Classification., ACL, 2007"], "AiTi Aw": ["A Grammar-driven Convolution Tree Kernel for Semantic Role Classification., ACL, 2007"], "Chew Lim Tan": ["A Grammar-driven Convolution Tree Kernel for Semantic Role Classification., ACL, 2007"], "Guodong Zhou": ["A Grammar-driven Convolution Tree Kernel for Semantic Role Classification., ACL, 2007"], "Ting Liu": ["A Grammar-driven Convolution Tree Kernel for Semantic Role Classification., ACL, 2007"], "Sheng Li": ["A Grammar-driven Convolution Tree Kernel for Semantic Role Classification., ACL, 2007"], "Chang Liu": ["Learning Predictive Structures for Semantic Role Labeling of NomBank., ACL, 2007"], "Katrin Erk": ["A Simple, Similarity-based Model for Selectional Preferences., ACL, 2007"], "Yoav Goldberg": ["SVM Model Tampering and Anchored Learning: A Case Study in Hebrew NP Chunking., ACL, 2007"], "Michael Elhadad": ["SVM Model Tampering and Anchored Learning: A Case Study in Hebrew NP Chunking., ACL, 2007"], "Dmitry Davidov": ["Fully Unsupervised Discovery of Concept-Specific Relationships by Web Mining., ACL, 2007"], "Ari Rappoport": ["Fully Unsupervised Discovery of Concept-Specific Relationships by Web Mining., ACL, 2007", "An Ensemble Method for Selection of High Quality Parses., ACL, 2007", "Self-Training for Enhancement and Domain Adaptation of Statistical Parsers Trained on Small Datasets., ACL, 2007"], "Moshe Koppel": ["Fully Unsupervised Discovery of Concept-Specific Relationships by Web Mining., ACL, 2007"], "David Vadas": ["Adding Noun Phrase Structure to the Penn Treebank., ACL, 2007"], "James R. Curran": ["Adding Noun Phrase Structure to the Penn Treebank., ACL, 2007", "Formalism-Independent Parser Evaluation with CCG and DepBank., ACL, 2007", "Linguistically Motivated Large-Scale NLP with C&C and Boxer., ACL, 2007"], "Stephen Clark": ["Formalism-Independent Parser Evaluation with CCG and DepBank., ACL, 2007", "Chinese Segmentation with a Word-Based Perceptron Algorithm., ACL, 2007", "Linguistically Motivated Large-Scale NLP with C&C and Boxer., ACL, 2007"], "Jing Jiang": ["Instance Weighting for Domain Adaptation in NLP., ACL, 2007"], "ChengXiang Zhai": ["Instance Weighting for Domain Adaptation in NLP., ACL, 2007"], "Jenny Rose Finkel": ["The Infinite Tree., ACL, 2007"], "Trond Grenager": ["The Infinite Tree., ACL, 2007"], "Christopher D. Manning": ["The Infinite Tree., ACL, 2007"], "Ming-Wei Chang": ["Guiding Semi-Supervision with Constraint-Driven Learning., ACL, 2007"], "Lev-Arie Ratinov": ["Guiding Semi-Supervision with Constraint-Driven Learning., ACL, 2007"], "Dan Roth": ["Guiding Semi-Supervision with Constraint-Driven Learning., ACL, 2007"], "Hany Hassan": ["Supertagged Phrase-Based Statistical Machine Translation., ACL, 2007"], "Khalil Sima'an": ["Supertagged Phrase-Based Statistical Machine Translation., ACL, 2007"], "Andy Way": ["Supertagged Phrase-Based Statistical Machine Translation., ACL, 2007", "Bootstrapping Word Alignment via Word Packing., ACL, 2007"], "Joshua Albrecht": ["Regression for Sentence-Level MT Evaluation with Pseudo References., ACL, 2007", "A Re-examination of Machine Learning Approaches for Sentence-Level MT Evaluation., ACL, 2007"], "Rebecca Hwa": ["Regression for Sentence-Level MT Evaluation with Pseudo References., ACL, 2007", "A Re-examination of Machine Learning Approaches for Sentence-Level MT Evaluation., ACL, 2007"], "Yanjun Ma": ["Bootstrapping Word Alignment via Word Packing., ACL, 2007"], "Nicolas Stroppa": ["Bootstrapping Word Alignment via Word Packing., ACL, 2007"], "Antti-Veikko I. Rosti": ["Improved Word-Level System Combination for Machine Translation., ACL, 2007"], "Spyridon Matsoukas": ["Improved Word-Level System Combination for Machine Translation., ACL, 2007"], "Richard M. Schwartz": ["Improved Word-Level System Combination for Machine Translation., ACL, 2007"], "Katja Filippova": ["Generating Constituent Order in German Clauses., ACL, 2007"], "Michael Strube": ["Generating Constituent Order in German Clauses., ACL, 2007", "An API for Measuring the Relatedness of Words in Wikipedia., ACL, 2007"], "Claire Gardent": ["A Symbolic Approach to Near-Deterministic Surface Realisation using Tree Adjoining Grammar., ACL, 2007", "SemTAG: a platform for specifying Tree Adjoining Grammars and performing TAG-based Semantic Construction., ACL, 2007"], "Eric Kow": ["A Symbolic Approach to Near-Deterministic Surface Realisation using Tree Adjoining Grammar., ACL, 2007"], "Alexander Koller": ["Sentence generation as a planning problem., ACL, 2007"], "Matthew Stone": ["Sentence generation as a planning problem., ACL, 2007"], "Andrew Mutton": ["GLEU: Automatic Evaluation of Sentence-Level Fluency., ACL, 2007"], "Mark Dras": ["GLEU: Automatic Evaluation of Sentence-Level Fluency., ACL, 2007"], "Stephen Wan": ["GLEU: Automatic Evaluation of Sentence-Level Fluency., ACL, 2007"], "Robert Dale": ["GLEU: Automatic Evaluation of Sentence-Level Fluency., ACL, 2007"], "Jacob Eisenstein": ["Conditional Modality Fusion for Coreference Resolution., ACL, 2007"], "Randall Davis": ["Conditional Modality Fusion for Coreference Resolution., ACL, 2007"], "Mihai Rotaru": ["The Utility of a Graphical Representation of Discourse Structure in Spoken Dialogue Systems., ACL, 2007"], "Diane J. Litman": ["The Utility of a Graphical Representation of Discourse Structure in Spoken Dialogue Systems., ACL, 2007"], "Yi Liu": ["Automated Vocabulary Acquisition and Interpretation in Multimodal Conversational Systems., ACL, 2007", "Statistical Machine Translation for Query Expansion in Answer Retrieval., ACL, 2007"], "Joyce Yue Chai": ["Automated Vocabulary Acquisition and Interpretation in Multimodal Conversational Systems., ACL, 2007"], "Rong Jin": ["Automated Vocabulary Acquisition and Interpretation in Multimodal Conversational Systems., ACL, 2007"], "Michael Johnston": ["A Multimodal Interface for Access to Content in the Home., ACL, 2007"], "Luis Fernando D'Haro": ["A Multimodal Interface for Access to Content in the Home., ACL, 2007"], "Michelle Levine": ["A Multimodal Interface for Access to Content in the Home., ACL, 2007"], "Bernard Renger": ["A Multimodal Interface for Access to Content in the Home., ACL, 2007"], "Yoav Seginer": ["Fast Unsupervised Incremental Parsing., ACL, 2007"], "Keith Hall": ["K-best Spanning Tree Parsing., ACL, 2007"], "Rens Bod": ["Is the End of Supervised Parsing in Sight?, ACL, 2007"], "Roi Reichart": ["An Ensemble Method for Selection of High Quality Parses., ACL, 2007", "Self-Training for Enhancement and Domain Adaptation of Statistical Parsers Trained on Small Datasets., ACL, 2007"], "Anindya Ghose": ["Opinion Mining using Econometrics: A Case Study on Reputation Systems., ACL, 2007"], "Panagiotis G. Ipeirotis": ["Opinion Mining using Econometrics: A Case Study on Reputation Systems., ACL, 2007"], "Arun Sundararajan": ["Opinion Mining using Econometrics: A Case Study on Reputation Systems., ACL, 2007"], "Andrea Esuli": ["PageRanking WordNet Synsets: An Application to Opinion Mining., ACL, 2007"], "Fabrizio Sebastiani": ["PageRanking WordNet Synsets: An Application to Opinion Mining., ACL, 2007"], "Ryan T. McDonald": ["Structured Models for Fine-to-Coarse Sentiment Analysis., ACL, 2007"], "Kerry Hannan": ["Structured Models for Fine-to-Coarse Sentiment Analysis., ACL, 2007"], "Tyler Neylon": ["Structured Models for Fine-to-Coarse Sentiment Analysis., ACL, 2007"], "Mike Wells": ["Structured Models for Fine-to-Coarse Sentiment Analysis., ACL, 2007"], "Jeffrey C. Reynar": ["Structured Models for Fine-to-Coarse Sentiment Analysis., ACL, 2007"], "John Blitzer": ["Biographies, Bollywood, Boom-boxes and Blenders: Domain Adaptation for Sentiment Classification., ACL, 2007"], "Mark Dredze": ["Biographies, Bollywood, Boom-boxes and Blenders: Domain Adaptation for Sentiment Classification., ACL, 2007"], "Fernando Pereira": ["Biographies, Bollywood, Boom-boxes and Blenders: Domain Adaptation for Sentiment Classification., ACL, 2007"], "Samuel Brody": ["Clustering Clauses for High-Level Relation Detection: An Information-theoretic Approach., ACL, 2007"], "Idan Szpektor": ["Instance-based Evaluation of Entailment Rule Acquisition., ACL, 2007"], "Eyal Shnarch": ["Instance-based Evaluation of Entailment Rule Acquisition., ACL, 2007"], "Ido Dagan": ["Instance-based Evaluation of Entailment Rule Acquisition., ACL, 2007"], "Stefan Riezler": ["Statistical Machine Translation for Query Expansion in Answer Retrieval., ACL, 2007"], "Alexander Vasserman": ["Statistical Machine Translation for Query Expansion in Answer Retrieval., ACL, 2007"], "Ioannis Tsochantaridis": ["Statistical Machine Translation for Query Expansion in Answer Retrieval., ACL, 2007"], "Vibhu O. Mittal": ["Statistical Machine Translation for Query Expansion in Answer Retrieval., ACL, 2007"], "Olivier Ferret": ["Finding document topics for improving topic segmentation., ACL, 2007"], "Seeger Fisher": ["The utility of parse-derived features for automatic discourse segmentation., ACL, 2007"], "Brian Roark": ["The utility of parse-derived features for automatic discourse segmentation., ACL, 2007", "Pipeline Iteration., ACL, 2007"], "Fran\u00e7ois Mairesse": ["PERSONAGE: Personality Generation for Dialogue., ACL, 2007"], "Marilyn A. Walker": ["PERSONAGE: Personality Generation for Dialogue., ACL, 2007"], "Igor Malioutov": ["Making Sense of Sound: Unsupervised Topic Segmentation over Acoustic Input., ACL, 2007"], "Alex Park": ["Making Sense of Sound: Unsupervised Topic Segmentation over Acoustic Input., ACL, 2007"], "Regina Barzilay": ["Making Sense of Sound: Unsupervised Topic Segmentation over Acoustic Input., ACL, 2007", "Generating a Table-of-Contents., ACL, 2007"], "James R. Glass": ["Making Sense of Sound: Unsupervised Topic Segmentation over Acoustic Input., ACL, 2007"], "David Talbot": ["Randomised Language Modelling for Statistical Machine Translation., ACL, 2007"], "Miles Osborne": ["Randomised Language Modelling for Statistical Machine Translation., ACL, 2007"], "Yik-Cheung Tam": ["Bilingual-LSA Based LM Adaptation for Spoken Language Translation., ACL, 2007"], "Ian R. Lane": ["Bilingual-LSA Based LM Adaptation for Spoken Language Translation., ACL, 2007"], "Tanja Schultz": ["Bilingual-LSA Based LM Adaptation for Spoken Language Translation., ACL, 2007"], "Xiaofeng Yang": ["Coreference Resolution Using Semantic Relatedness Information from Automatically Discovered Patterns., ACL, 2007"], "Jian Su": ["Coreference Resolution Using Semantic Relatedness Information from Automatically Discovered Patterns., ACL, 2007"], "Vincent Ng": ["Semantic Class Induction and Coreference Resolution., ACL, 2007"], "S. R. K. Branavan": ["Generating a Table-of-Contents., ACL, 2007"], "Pawan Deshpande": ["Generating a Table-of-Contents., ACL, 2007"], "Xiaojun Wan": ["Towards an Iterative Reinforcement Approach for Simultaneous Document Summarization and Keyword Extraction., ACL, 2007"], "Jianwu Yang": ["Towards an Iterative Reinforcement Approach for Simultaneous Document Summarization and Keyword Extraction., ACL, 2007"], "Jianguo Xiao": ["Towards an Iterative Reinforcement Approach for Simultaneous Document Summarization and Keyword Extraction., ACL, 2007"], "Ronan Collobert": ["Fast Semantic Extraction Using a Novel Neural Network Architecture., ACL, 2007"], "Jason Weston": ["Fast Semantic Extraction Using a Novel Neural Network Architecture., ACL, 2007"], "Roxana Girju": ["Improving the Interpretation of Noun Phrases with Cross-linguistic Information., ACL, 2007"], "Razvan C. Bunescu": ["Learning to Extract Relations from the Web using Minimal Supervision., ACL, 2007"], "Raymond J. Mooney": ["Learning to Extract Relations from the Web using Minimal Supervision., ACL, 2007", "Learning Synchronous Grammars for Semantic Parsing with Lambda Calculus., ACL, 2007"], "Feiyu Xu": ["A Seed-driven Bottom-up Machine Learning Framework for Extracting Relations of Various Complexity., ACL, 2007"], "Hans Uszkoreit": ["A Seed-driven Bottom-up Machine Learning Framework for Extracting Relations of Various Complexity., ACL, 2007"], "Hong Li": ["A Seed-driven Bottom-up Machine Learning Framework for Extracting Relations of Various Complexity., ACL, 2007"], "Mstislav Maslennikov": ["A Multi-resolution Framework for Information Extraction from Free Text., ACL, 2007"], "Tat-Seng Chua": ["A Multi-resolution Framework for Information Extraction from Free Text., ACL, 2007"], "Benjamin Rosenfeld": ["Using Corpus Statistics on Entities to Improve Semi-supervised Relation Extraction from the Web., ACL, 2007"], "Ronen Feldman": ["Using Corpus Statistics on Entities to Improve Semi-supervised Relation Extraction from the Web., ACL, 2007"], "Jir\u00ed Havelka": ["Beyond Projectivity: Multilingual Evaluation of Constraints and Measures on Non-Projective Structures., ACL, 2007"], "Kenji Sagae": ["HPSG Parsing with Shallow Dependency Constraints., ACL, 2007"], "Yusuke Miyao": ["HPSG Parsing with Shallow Dependency Constraints., ACL, 2007"], "Ivan Titov": ["Constituent Parsing with Incremental Sigmoid Belief Networks., ACL, 2007"], "James Henderson": ["Constituent Parsing with Incremental Sigmoid Belief Networks., ACL, 2007"], "Sarvnaz Karimi": ["Corpus Effects on the Evaluation of Automated Transliteration Systems., ACL, 2007", "Collapsed Consonant and Vowel Models: New Approaches for English-Persian Transliteration and Back-Transliteration., ACL, 2007"], "Andrew Turpin": ["Corpus Effects on the Evaluation of Automated Transliteration Systems., ACL, 2007", "Collapsed Consonant and Vowel Models: New Approaches for English-Persian Transliteration and Back-Transliteration., ACL, 2007"], "Falk Scholer": ["Corpus Effects on the Evaluation of Automated Transliteration Systems., ACL, 2007", "Collapsed Consonant and Vowel Models: New Approaches for English-Persian Transliteration and Back-Transliteration., ACL, 2007"], "Shane Bergsma": ["Alignment-Based Discriminative String Similarity., ACL, 2007"], "Grzegorz Kondrak": ["Alignment-Based Discriminative String Similarity., ACL, 2007", "Bootstrapping a Stochastic Transducer for Arabic-English Transliteration Extraction., ACL, 2007", "Substring-Based Transliteration., ACL, 2007"], "Emmanuel Morin": ["Bilingual Terminology Mining - Using Brain, not brawn comparable corpora., ACL, 2007"], "B\u00e9atrice Daille": ["Bilingual Terminology Mining - Using Brain, not brawn comparable corpora., ACL, 2007"], "Koichi Takeuchi": ["Bilingual Terminology Mining - Using Brain, not brawn comparable corpora., ACL, 2007"], "Kyo Kageura": ["Bilingual Terminology Mining - Using Brain, not brawn comparable corpora., ACL, 2007", "A Translation Aid System with a Stratified Lookup Interface., ACL, 2007"], "Feifan Liu": ["Unsupervised Language Model Adaptation Incorporating Named Entity Information., ACL, 2007"], "Yang Liu": ["Unsupervised Language Model Adaptation Incorporating Named Entity Information., ACL, 2007", "Forest-to-String Statistical Translation Rules., ACL, 2007"], "Deirdre Hogan": ["Coordinate Noun Phrase Disambiguation in a Generative Parsing Model., ACL, 2007", "Empirical Measurements of Lexical Similarity in Noun Phrase Conjuncts., ACL, 2007"], "Conghui Zhu": ["A Unified Tagging Approach to Text Normalization., ACL, 2007"], "Jie Tang": ["A Unified Tagging Approach to Text Normalization., ACL, 2007"], "Hang Li": ["A Unified Tagging Approach to Text Normalization., ACL, 2007"], "Tiejun Zhao": ["A Unified Tagging Approach to Text Normalization., ACL, 2007"], "Doug Downey": ["Sparse Information Extraction: Unsupervised Language Models to the Rescue., ACL, 2007"], "Stefan Schoenmackers": ["Sparse Information Extraction: Unsupervised Language Models to the Rescue., ACL, 2007"], "Oren Etzioni": ["Sparse Information Extraction: Unsupervised Language Models to the Rescue., ACL, 2007"], "Yun Huang": ["Forest-to-String Statistical Translation Rules., ACL, 2007"], "Qun Liu": ["Forest-to-String Statistical Translation Rules., ACL, 2007"], "Shouxun Lin": ["Forest-to-String Statistical Translation Rules., ACL, 2007"], "Hendra Setiawan": ["Ordering Phrases with Function Words., ACL, 2007"], "Min-Yen Kan": ["Ordering Phrases with Function Words., ACL, 2007"], "Chi-Ho Li": ["A Probabilistic Approach to Syntax-based Reordering for Statistical Machine Translation., ACL, 2007"], "Minghui Li": ["A Probabilistic Approach to Syntax-based Reordering for Statistical Machine Translation., ACL, 2007"], "Dongdong Zhang": ["A Probabilistic Approach to Syntax-based Reordering for Statistical Machine Translation., ACL, 2007"], "Mu Li": ["A Probabilistic Approach to Syntax-based Reordering for Statistical Machine Translation., ACL, 2007"], "Yi Guan": ["A Probabilistic Approach to Syntax-based Reordering for Statistical Machine Translation., ACL, 2007"], "Trevor Cohn": ["Machine Translation by Triangulation: Making Effective Use of Multi-Parallel Corpora., ACL, 2007"], "Mirella Lapata": ["Machine Translation by Triangulation: Making Effective Use of Multi-Parallel Corpora., ACL, 2007"], "Martin Jansche": ["A Maximum Expected Utility Framework for Binary Sequence Labeling., ACL, 2007"], "Sharon Goldwater": ["A fully Bayesian approach to unsupervised part-of-speech tagging., ACL, 2007"], "Thomas L. Griffiths": ["A fully Bayesian approach to unsupervised part-of-speech tagging., ACL, 2007"], "Noah A. Smith": ["Computationally Efficient M-Estimation of Log-Linear Structure Models., ACL, 2007"], "Douglas L. Vail": ["Computationally Efficient M-Estimation of Log-Linear Structure Models., ACL, 2007"], "John D. Lafferty": ["Computationally Efficient M-Estimation of Log-Linear Structure Models., ACL, 2007"], "Libin Shen": ["Guided Learning for Bidirectional Sequence Classification., ACL, 2007"], "Giorgio Satta": ["Guided Learning for Bidirectional Sequence Classification., ACL, 2007"], "Aravind K. Joshi": ["Guided Learning for Bidirectional Sequence Classification., ACL, 2007"], "Hoa Trang Dang": ["Different Structures for Evaluating Answers to Complex Questions: Pyramids Won't Topple, and Neither Will Human Assessors., ACL, 2007"], "Jimmy J. Lin": ["Different Structures for Evaluating Answers to Complex Questions: Pyramids Won't Topple, and Neither Will Human Assessors., ACL, 2007"], "Alessandro Moschitti": ["Exploiting Syntactic and Shallow Semantic Kernels for Question Answer Classification., ACL, 2007"], "Silvia Quarteroni": ["Exploiting Syntactic and Shallow Semantic Kernels for Question Answer Classification., ACL, 2007"], "Roberto Basili": ["Exploiting Syntactic and Shallow Semantic Kernels for Question Answer Classification., ACL, 2007"], "Suresh Manandhar": ["Exploiting Syntactic and Shallow Semantic Kernels for Question Answer Classification., ACL, 2007"], "Jeongwoo Ko": ["Language-independent Probabilistic Answer Ranking for Question Answering., ACL, 2007"], "Teruko Mitamura": ["Language-independent Probabilistic Answer Ranking for Question Answering., ACL, 2007"], "Eric Nyberg": ["Language-independent Probabilistic Answer Ranking for Question Answering., ACL, 2007"], "Martijn Spitters": ["Learning to Compose Effective Strategies from a Library of Dialogue Components., ACL, 2007"], "Marco De Boni": ["Learning to Compose Effective Strategies from a Library of Dialogue Components., ACL, 2007"], "Jakub Zavrel": ["Learning to Compose Effective Strategies from a Library of Dialogue Components., ACL, 2007"], "Remko Bonnema": ["Learning to Compose Effective Strategies from a Library of Dialogue Components., ACL, 2007"], "Agust\u00edn Gravano": ["On the role of context and prosody in the interpretation of 'okay'., ACL, 2007"], "Stefan Benus": ["On the role of context and prosody in the interpretation of 'okay'., ACL, 2007"], "Hector Chavez": ["On the role of context and prosody in the interpretation of 'okay'., ACL, 2007"], "Julia Hirschberg": ["On the role of context and prosody in the interpretation of 'okay'., ACL, 2007"], "Lauren Wilcox": ["On the role of context and prosody in the interpretation of 'okay'., ACL, 2007"], "David Reitter": ["Predicting Success in Dialogue., ACL, 2007"], "Johanna D. Moore": ["Predicting Success in Dialogue., ACL, 2007", "Combining Multiple Knowledge Sources for Dialogue Segmentation in Multimedia Archives., ACL, 2007"], "Christoph M\u00fcller": ["Resolving It, This, and That in Unrestricted Multi-Party Dialog., ACL, 2007"], "Jianfeng Gao": ["A Comparative Study of Parameter Estimation Methods for Statistical Natural Language Processing., ACL, 2007"], "Galen Andrew": ["A Comparative Study of Parameter Estimation Methods for Statistical Natural Language Processing., ACL, 2007"], "Smaranda Muresan": ["Grammar Approximation by Representative Sublanguage: A New Model for Language Learning., ACL, 2007"], "Owen Rambow": ["Grammar Approximation by Representative Sublanguage: A New Model for Language Learning., ACL, 2007"], "Yue Zhang": ["Chinese Segmentation with a Word-Based Perceptron Algorithm., ACL, 2007"], "Aria Haghighi": ["Unsupervised Coreference Resolution in a Nonparametric Bayesian Model., ACL, 2007"], "Hua Wu": ["Pivot Language Approach for Phrase-Based Statistical Machine Translation., ACL, 2007"], "Haifeng Wang": ["Pivot Language Approach for Phrase-Based Statistical Machine Translation., ACL, 2007"], "Tarek Sherif": ["Bootstrapping a Stochastic Transducer for Arabic-English Transliteration Extraction., ACL, 2007", "Substring-Based Transliteration., ACL, 2007"], "Peter A. Chew": ["Benefits of the 'Massively Parallel Rosetta Stone': Cross-Language Information Retrieval with over 30 Languages., ACL, 2007"], "Ahmed Abdelali": ["Benefits of the 'Massively Parallel Rosetta Stone': Cross-Language Information Retrieval with over 30 Languages., ACL, 2007"], "Philipp Cimiano": ["Automatic Acquisition of Ranked Qualia Structures from the Web., ACL, 2007"], "Johanna Wenderoth": ["Automatic Acquisition of Ranked Qualia Structures from the Web., ACL, 2007"], "Alexis Palmer": ["A Sequencing Model for Situation Entity Classification., ACL, 2007"], "Elias Ponvert": ["A Sequencing Model for Situation Entity Classification., ACL, 2007", "Inducing Combinatory Categorial Grammars with Genetic Algorithms., ACL, 2007"], "Jason Baldridge": ["A Sequencing Model for Situation Entity Classification., ACL, 2007"], "Carlota Smith": ["A Sequencing Model for Situation Entity Classification., ACL, 2007"], "Marco Baroni": ["Words and Echoes: Assessing and Mitigating the Non-Randomness Problem in Word Frequency Distribution Modeling., ACL, 2007", "zipfR: Word Frequency Modeling in R., ACL, 2007"], "Stefan Evert": ["Words and Echoes: Assessing and Mitigating the Non-Randomness Problem in Word Frequency Distribution Modeling., ACL, 2007", "zipfR: Word Frequency Modeling in R., ACL, 2007"], "Judita Preiss": ["A System for Large-Scale Acquisition of Verbal, Nominal and Adjectival Subcategorization Frames from Corpora., ACL, 2007"], "Ted Briscoe": ["A System for Large-Scale Acquisition of Verbal, Nominal and Adjectival Subcategorization Frames from Corpora., ACL, 2007", "Weakly Supervised Learning for Hedge Classification in Scientific Literature., ACL, 2007"], "Anna Korhonen": ["A System for Large-Scale Acquisition of Verbal, Nominal and Adjectival Subcategorization Frames from Corpora., ACL, 2007"], "Fran\u00e7ois Barth\u00e9lemy": ["Using Mazurkiewicz Trace Languages for Partition-Based Morphology., ACL, 2007"], "Robert Daland": ["Much ado about nothing: A social network model of Russian paradigmatic gaps., ACL, 2007"], "Andrea D. Sims": ["Much ado about nothing: A social network model of Russian paradigmatic gaps., ACL, 2007"], "Janet B. Pierrehumbert": ["Much ado about nothing: A social network model of Russian paradigmatic gaps., ACL, 2007"], "Kristy Hollingshead": ["Pipeline Iteration., ACL, 2007"], "Yuk Wah Wong": ["Learning Synchronous Grammars for Semantic Parsing with Lambda Calculus., ACL, 2007"], "Jens Nilsson": ["Generalizing Tree Transformations for Inductive Dependency Parsing., ACL, 2007"], "Joakim Nivre": ["Generalizing Tree Transformations for Inductive Dependency Parsing., ACL, 2007"], "Johan Hall": ["Generalizing Tree Transformations for Inductive Dependency Parsing., ACL, 2007"], "Rada Mihalcea": ["Learning Multilingual Subjective Language via Cross-Lingual Projections., ACL, 2007"], "Carmen Banea": ["Learning Multilingual Subjective Language via Cross-Lingual Projections., ACL, 2007"], "Janyce Wiebe": ["Learning Multilingual Subjective Language via Cross-Lingual Projections., ACL, 2007"], "Ann Devitt": ["Sentiment Polarity Identification in Financial News: A Cohesion-based Approach., ACL, 2007"], "Khurshid Ahmad": ["Sentiment Polarity Identification in Financial News: A Cohesion-based Approach., ACL, 2007"], "Ben Medlock": ["Weakly Supervised Learning for Hedge Classification in Scientific Literature., ACL, 2007"], "Koen Deschacht": ["Text Analysis for Automatic Image Annotation., ACL, 2007"], "Marie-Francine Moens": ["Text Analysis for Automatic Image Annotation., ACL, 2007"], "Vincenzo Pallotta": ["User Requirements Analysis for Meeting Information Retrieval Based on Query Elicitation., ACL, 2007"], "Violeta Seretan": ["User Requirements Analysis for Meeting Information Retrieval Based on Query Elicitation., ACL, 2007"], "Marita Ailomaa": ["User Requirements Analysis for Meeting Information Retrieval Based on Query Elicitation., ACL, 2007"], "Pei-yun Hsueh": ["Combining Multiple Knowledge Sources for Dialogue Segmentation in Multimedia Archives., ACL, 2007"], "Liang-Chih Yu": ["Topic Analysis for Psychiatric Document Retrieval., ACL, 2007"], "Chung-Hsien Wu": ["Topic Analysis for Psychiatric Document Retrieval., ACL, 2007"], "Eduard H. Hovy": ["Topic Analysis for Psychiatric Document Retrieval., ACL, 2007"], "Chia-Ling Lin": ["Topic Analysis for Psychiatric Document Retrieval., ACL, 2007"], "Iryna Gurevych": ["What to be? - Electronic Career Guidance Based on Semantic Relatedness., ACL, 2007", "Automatically Assessing the Post Quality in Online Discussions on Software., ACL, 2007"], "Christof M\u00fcller": ["What to be? - Electronic Career Guidance Based on Semantic Relatedness., ACL, 2007"], "Torsten Zesch": ["What to be? - Electronic Career Guidance Based on Semantic Relatedness., ACL, 2007"], "Hongyan Jing": ["Extracting Social Networks and Biographical Facts From Conversational Speech Transcripts., ACL, 2007"], "Nanda Kambhatla": ["Extracting Social Networks and Biographical Facts From Conversational Speech Transcripts., ACL, 2007"], "Salim Roukos": ["Extracting Social Networks and Biographical Facts From Conversational Speech Transcripts., ACL, 2007"], "J. Gabriel Amores": ["MIMUS: A Multimodal and Multilingual Dialogue System for the Home Domain., ACL, 2007"], "Guillermo P\u00e9rez Garc\u00eda": ["MIMUS: A Multimodal and Multilingual Dialogue System for the Home Domain., ACL, 2007"], "Pilar Manch\u00f3n Portillo": ["MIMUS: A Multimodal and Multilingual Dialogue System for the Home Domain., ACL, 2007"], "Takeshi Abekawa": ["A Translation Aid System with a Stratified Lookup Interface., ACL, 2007"], "Akitoshi Okumura": ["Multimedia Blog Creation System using Dialogue with Intelligent Robot., ACL, 2007"], "Takahiro Ikeda": ["Multimedia Blog Creation System using Dialogue with Intelligent Robot., ACL, 2007"], "Toshihiro Nishizawa": ["Multimedia Blog Creation System using Dialogue with Intelligent Robot., ACL, 2007"], "Shinichi Ando": ["Multimedia Blog Creation System using Dialogue with Intelligent Robot., ACL, 2007"], "Fumihiro Adachi": ["Multimedia Blog Creation System using Dialogue with Intelligent Robot., ACL, 2007"], "Yannick Parmentier": ["SemTAG: a platform for specifying Tree Adjoining Grammars and performing TAG-based Semantic Construction., ACL, 2007"], "Satoshi Sekine": ["System Demonstration of On-Demand Information Extraction., ACL, 2007"], "Akira Oda": ["System Demonstration of On-Demand Information Extraction., ACL, 2007"], "Gianmaria Ajani": ["Multilingual Ontological Analysis of European Directives., ACL, 2007"], "Guido Boella": ["Multilingual Ontological Analysis of European Directives., ACL, 2007"], "Leonardo Lesmo": ["Multilingual Ontological Analysis of European Directives., ACL, 2007"], "Alessandro Mazzei": ["Multilingual Ontological Analysis of European Directives., ACL, 2007"], "Piercarlo Rossi": ["Multilingual Ontological Analysis of European Directives., ACL, 2007"], "Eiichiro Sumita": ["NICT-ATR Speech-to-Speech Translation System., ACL, 2007", "Boosting Statistical Machine Translation by Lemmatization and Linear Interpolation., ACL, 2007"], "Tohru Shimizu": ["NICT-ATR Speech-to-Speech Translation System., ACL, 2007"], "Satoshi Nakamura": ["NICT-ATR Speech-to-Speech Translation System., ACL, 2007"], "Johan Bos": ["Linguistically Motivated Large-Scale NLP with C&C and Boxer., ACL, 2007"], "Catherine Smith": ["Don't worry about metaphor: affect detection for conversational agents., ACL, 2007"], "Timothy H. Rumbell": ["Don't worry about metaphor: affect detection for conversational agents., ACL, 2007"], "John A. Barnden": ["Don't worry about metaphor: affect detection for conversational agents., ACL, 2007", "On the formalization of Invariant Mappings for Metaphor Interpretation., ACL, 2007"], "Robert J. Hendley": ["Don't worry about metaphor: affect detection for conversational agents., ACL, 2007"], "Mark G. Lee": ["Don't worry about metaphor: affect detection for conversational agents., ACL, 2007", "On the formalization of Invariant Mappings for Metaphor Interpretation., ACL, 2007"], "Alan M. Wallington": ["Don't worry about metaphor: affect detection for conversational agents., ACL, 2007", "On the formalization of Invariant Mappings for Metaphor Interpretation., ACL, 2007"], "Li Zhang": ["Don't worry about metaphor: affect detection for conversational agents., ACL, 2007"], "Pavel Rychl\u00fd": ["An efficient algorithm for building a distributional thesaurus (and other Sketch Engine developments)., ACL, 2007"], "Adam Kilgarriff": ["An efficient algorithm for building a distributional thesaurus (and other Sketch Engine developments)., ACL, 2007"], "Colin R. Batchelor": ["Semantic enrichment of journal articles using chemical named entity recognition., ACL, 2007"], "Peter T. Corbett": ["Semantic enrichment of journal articles using chemical named entity recognition., ACL, 2007"], "Simone Paolo Ponzetto": ["An API for Measuring the Relatedness of Words in Wikipedia., ACL, 2007"], "Reinhard Rapp": ["Deriving an Ambiguous Word's Part-of-Speech Distribution from Unannotated Text., ACL, 2007"], "Mar\u00eda Fuentes Fort": ["Support Vector Machines for Query-focused Summarization trained and evaluated on Pyramid data., ACL, 2007"], "Enrique Alfonseca": ["Support Vector Machines for Query-focused Summarization trained and evaluated on Pyramid data., ACL, 2007"], "Horacio Rodr\u00edguez": ["Support Vector Machines for Query-focused Summarization trained and evaluated on Pyramid data., ACL, 2007"], "Hyungjong Noh": ["A Joint Statistical Model for Simultaneous Word Spacing and Spelling Error Correction for Korean., ACL, 2007"], "Jeongwon Cha": ["A Joint Statistical Model for Simultaneous Word Spacing and Spelling Error Correction for Korean., ACL, 2007"], "Gary Geunbae Lee": ["A Joint Statistical Model for Simultaneous Word Spacing and Spelling Error Correction for Korean., ACL, 2007"], "Yu-Chieh Wu": ["An Approximate Approach for Training Polynomial Kernel SVMs in Linear Time., ACL, 2007"], "Jie-Chi Yang": ["An Approximate Approach for Training Polynomial Kernel SVMs in Linear Time., ACL, 2007"], "Yue-Shi Lee": ["An Approximate Approach for Training Polynomial Kernel SVMs in Linear Time., ACL, 2007"], "Chu-Ren Huang": ["Rethinking Chinese Word Segmentation: Tokenization, Character Classification, or Wordbreak Identification., ACL, 2007", "Automatic Discovery of Named Entity Variants: Grammar-driven Approaches to Non-Alphabetical Transliterations., ACL, 2007"], "Petr Simon": ["Rethinking Chinese Word Segmentation: Tokenization, Character Classification, or Wordbreak Identification., ACL, 2007", "Automatic Discovery of Named Entity Variants: Grammar-driven Approaches to Non-Alphabetical Transliterations., ACL, 2007"], "Shu-Kai Hsieh": ["Rethinking Chinese Word Segmentation: Tokenization, Character Classification, or Wordbreak Identification., ACL, 2007", "Automatic Discovery of Named Entity Variants: Grammar-driven Approaches to Non-Alphabetical Transliterations., ACL, 2007"], "Laurent Pr\u00e9vot": ["Rethinking Chinese Word Segmentation: Tokenization, Character Classification, or Wordbreak Identification., ACL, 2007"], "Yi-Chia Wang": ["A Feature Based Approach to Leveraging Context for Classifying Newsgroup Style Discussion Segments., ACL, 2007"], "Mahesh Joshi": ["A Feature Based Approach to Leveraging Context for Classifying Newsgroup Style Discussion Segments., ACL, 2007"], "Carolyn Penstein Ros\u00e9": ["A Feature Based Approach to Leveraging Context for Classifying Newsgroup Style Discussion Segments., ACL, 2007"], "Hiroyuki Shinnou": ["Ensemble document clustering using weighted hypergraph generated by NMF., ACL, 2007"], "Minoru Sasaki": ["Ensemble document clustering using weighted hypergraph generated by NMF., ACL, 2007"], "Songbo Tan": ["Using Error-Correcting Output Codes with Model-Refinement to Boost Centroid Text Classifier., ACL, 2007"], "Daniel Janus": ["Poliqarp: An open source corpus indexer and search engine with syntactic extensions., ACL, 2007"], "Adam Przepi\u00f3rkowski": ["Poliqarp: An open source corpus indexer and search engine with syntactic extensions., ACL, 2007"], "Lun-Wei Ku": ["Test Collection Selection and Gold Standard Generation for a Multiply-Annotated Opinion Corpus., ACL, 2007"], "Yong-Sheng Lo": ["Test Collection Selection and Gold Standard Generation for a Multiply-Annotated Opinion Corpus., ACL, 2007"], "Hsin-Hsi Chen": ["Test Collection Selection and Gold Standard Generation for a Multiply-Annotated Opinion Corpus., ACL, 2007", "Building Emotion Lexicon from Weblog Corpora., ACL, 2007"], "Andrei Popescu-Belis": ["Generating Usable Formats for Metadata and Annotations in a Large Meeting Corpus., ACL, 2007"], "Paula Estrella": ["Generating Usable Formats for Metadata and Annotations in a Large Meeting Corpus., ACL, 2007"], "Keke Cai": ["Exploration of Term Dependence in Sentence Retrieval., ACL, 2007"], "Jiajun Bu": ["Exploration of Term Dependence in Sentence Retrieval., ACL, 2007"], "Chun Chen": ["Exploration of Term Dependence in Sentence Retrieval., ACL, 2007"], "Kangmiao Liu": ["Exploration of Term Dependence in Sentence Retrieval., ACL, 2007"], "Nicola Ehling": ["Minimum Bayes Risk Decoding for BLEU., ACL, 2007"], "Richard Zens": ["Minimum Bayes Risk Decoding for BLEU., ACL, 2007", "Moses: Open Source Toolkit for Statistical Machine Translation., ACL, 2007"], "Hermann Ney": ["Minimum Bayes Risk Decoding for BLEU., ACL, 2007"], "Surabhi Gupta": ["Disambiguating Between Generic and Referential \"You\" in Dialog., ACL, 2007", "Measuring Importance and Query Relevance in Topic-focused Multi-document Summarization., ACL, 2007"], "Matthew Purver": ["Disambiguating Between Generic and Referential \"You\" in Dialog., ACL, 2007"], "Daniel Jurafsky": ["Disambiguating Between Generic and Referential \"You\" in Dialog., ACL, 2007", "Classifying Temporal Relations Between Events., ACL, 2007", "Measuring Importance and Query Relevance in Topic-focused Multi-document Summarization., ACL, 2007"], "Rodrigo Agerri": ["On the formalization of Invariant Mappings for Metaphor Interpretation., ACL, 2007"], "Patrick Cardinal": ["Real-Time Correction of Closed-Captions., ACL, 2007"], "Gilles Boulianne": ["Real-Time Correction of Closed-Captions., ACL, 2007"], "Michel Comeau": ["Real-Time Correction of Closed-Captions., ACL, 2007"], "Maryse Boisvert": ["Real-Time Correction of Closed-Captions., ACL, 2007"], "Ryuichiro Higashinaka": ["Learning to Rank Definitions to Generate Quizzes for Interactive Information Presentation., ACL, 2007"], "Kohji Dohsaka": ["Learning to Rank Definitions to Generate Quizzes for Interactive Information Presentation., ACL, 2007"], "Hideki Isozaki": ["Learning to Rank Definitions to Generate Quizzes for Interactive Information Presentation., ACL, 2007"], "Yukiko Nakano": ["Predicting Evidence of Understanding by Monitoring User's Task Manipulation in Multimodal Conversations., ACL, 2007"], "Kazuyoshi Murata": ["Predicting Evidence of Understanding by Monitoring User's Task Manipulation in Multimodal Conversations., ACL, 2007"], "Mika Enomoto": ["Predicting Evidence of Understanding by Monitoring User's Task Manipulation in Multimodal Conversations., ACL, 2007"], "Yoshiko Arimoto": ["Predicting Evidence of Understanding by Monitoring User's Task Manipulation in Multimodal Conversations., ACL, 2007"], "Yasuhiro Asa": ["Predicting Evidence of Understanding by Monitoring User's Task Manipulation in Multimodal Conversations., ACL, 2007"], "Hirohiko Sagawa": ["Predicting Evidence of Understanding by Monitoring User's Task Manipulation in Multimodal Conversations., ACL, 2007"], "Markus Weimer": ["Automatically Assessing the Post Quality in Online Discussions on Software., ACL, 2007"], "Max M\u00fchlh\u00e4user": ["Automatically Assessing the Post Quality in Online Discussions on Software., ACL, 2007"], "Michael Pucher": ["WordNet-based Semantic Relatedness Measures in Automatic Speech Recognition for Meetings., ACL, 2007"], "Changhua Yang": ["Building Emotion Lexicon from Weblog Corpora., ACL, 2007"], "Kevin Hsin-Yih Lin": ["Building Emotion Lexicon from Weblog Corpora., ACL, 2007"], "Chikara Hashimoto": ["Construction of Domain Dictionary for Fundamental Vocabulary., ACL, 2007"], "Sadao Kurohashi": ["Construction of Domain Dictionary for Fundamental Vocabulary., ACL, 2007"], "Eiko Yamamoto": ["Extracting Word Sets with Non-Taxonomical Relation., ACL, 2007"], "Hitoshi Isahara": ["Extracting Word Sets with Non-Taxonomical Relation., ACL, 2007"], "Yoshihiko Hayashi": ["A Linguistic Service Ontology for Language Infrastructures., ACL, 2007"], "Toru Hirano": ["Detecting Semantic Relations between Named Entities in Text Using Contextual Features., ACL, 2007"], "Yoshihiro Matsuo": ["Detecting Semantic Relations between Named Entities in Text Using Contextual Features., ACL, 2007"], "Gen-ichiro Kikui": ["Detecting Semantic Relations between Named Entities in Text Using Contextual Features., ACL, 2007", "Japanese Dependency Parsing Using Sequential Labeling for Semi-spoken Language., ACL, 2007"], "Adriana Roventini": ["Mapping Concrete Entities from PAROLE-SIMPLE-CLIPS to ItalWordNet: Methodology and Results., ACL, 2007"], "Nilda Ruimy": ["Mapping Concrete Entities from PAROLE-SIMPLE-CLIPS to ItalWordNet: Methodology and Results., ACL, 2007"], "Rita Marinelli": ["Mapping Concrete Entities from PAROLE-SIMPLE-CLIPS to ItalWordNet: Methodology and Results., ACL, 2007"], "Marisa Ulivieri": ["Mapping Concrete Entities from PAROLE-SIMPLE-CLIPS to ItalWordNet: Methodology and Results., ACL, 2007"], "Michele Mammini": ["Mapping Concrete Entities from PAROLE-SIMPLE-CLIPS to ItalWordNet: Methodology and Results., ACL, 2007"], "Erik F. Tjong Kim Sang": ["Extracting Hypernym Pairs from the Web., ACL, 2007"], "Graham Wilcock": ["An OWL Ontology for HPSG., ACL, 2007"], "Nathanael Chambers": ["Classifying Temporal Relations Between Events., ACL, 2007"], "Shan Wang": ["Classifying Temporal Relations Between Events., ACL, 2007"], "Philipp Koehn": ["Moses: Open Source Toolkit for Statistical Machine Translation., ACL, 2007"], "Hieu Hoang": ["Moses: Open Source Toolkit for Statistical Machine Translation., ACL, 2007"], "Alexandra Birch": ["Moses: Open Source Toolkit for Statistical Machine Translation., ACL, 2007"], "Chris Callison-Burch": ["Moses: Open Source Toolkit for Statistical Machine Translation., ACL, 2007"], "Marcello Federico": ["Moses: Open Source Toolkit for Statistical Machine Translation., ACL, 2007"], "Nicola Bertoldi": ["Moses: Open Source Toolkit for Statistical Machine Translation., ACL, 2007"], "Brooke Cowan": ["Moses: Open Source Toolkit for Statistical Machine Translation., ACL, 2007"], "Wade Shen": ["Moses: Open Source Toolkit for Statistical Machine Translation., ACL, 2007"], "Christine Moran": ["Moses: Open Source Toolkit for Statistical Machine Translation., ACL, 2007"], "Chris Dyer": ["Moses: Open Source Toolkit for Statistical Machine Translation., ACL, 2007"], "Ondrej Bojar": ["Moses: Open Source Toolkit for Statistical Machine Translation., ACL, 2007"], "Alexandra Constantin": ["Moses: Open Source Toolkit for Statistical Machine Translation., ACL, 2007"], "Evan Herbst": ["Moses: Open Source Toolkit for Statistical Machine Translation., ACL, 2007"], "Ruiqiang Zhang": ["Boosting Statistical Machine Translation by Lemmatization and Linear Interpolation., ACL, 2007"], "Maofu Liu": ["Extractive Summarization Based on Event Term Clustering., ACL, 2007"], "Wenjie Li": ["Extractive Summarization Based on Event Term Clustering., ACL, 2007"], "Mingli Wu": ["Extractive Summarization Based on Event Term Clustering., ACL, 2007"], "Qin Lu": ["Extractive Summarization Based on Event Term Clustering., ACL, 2007"], "A. C\u00fcneyd Tantug": ["Machine Translation between Turkic Languages., ACL, 2007"], "Esref Adali": ["Machine Translation between Turkic Languages., ACL, 2007"], "Kemal Oflazer": ["Machine Translation between Turkic Languages., ACL, 2007"], "Ani Nenkova": ["Measuring Importance and Query Relevance in Topic-focused Multi-document Summarization., ACL, 2007"], "Masatoshi Tsuchiya": ["Expanding Indonesian-Japanese Small Translation Dictionary Using a Pivot Language., ACL, 2007"], "Ayu Purwarianti": ["Expanding Indonesian-Japanese Small Translation Dictionary Using a Pivot Language., ACL, 2007"], "Toshiyuki Wakita": ["Expanding Indonesian-Japanese Small Translation Dictionary Using a Pivot Language., ACL, 2007"], "Seiichi Nakagawa": ["Expanding Indonesian-Japanese Small Translation Dictionary Using a Pivot Language., ACL, 2007"], "Manfred Klenner": ["Shallow Dependency Labeling., ACL, 2007"], "Daisuke Kawahara": ["Minimally Lexicalized Dependency Parsing., ACL, 2007"], "Kiyotaka Uchimoto": ["Minimally Lexicalized Dependency Parsing., ACL, 2007", "A Hybrid Approach to Word Segmentation and POS Tagging., ACL, 2007"], "P\u00e9ter Hal\u00e1csy": ["Poster paper: HunPos - an open source trigram tagger., ACL, 2007"], "Andr\u00e1s Kornai": ["Poster paper: HunPos - an open source trigram tagger., ACL, 2007"], "Csaba Oravecz": ["Poster paper: HunPos - an open source trigram tagger., ACL, 2007"], "Josep Maria Crego": ["Extending MARIE: an N-gram-based SMT decoder., ACL, 2007"], "Jos\u00e9 B. Mari\u00f1o": ["Extending MARIE: an N-gram-based SMT decoder., ACL, 2007"], "Tetsuji Nakagawa": ["A Hybrid Approach to Word Segmentation and POS Tagging., ACL, 2007"], "Sandipan Dandapat": ["Automatic Part-of-Speech Tagging for Bengali: An Approach for Morphologically Rich Languages in a Poor Resource Scenario., ACL, 2007"], "Sudeshna Sarkar": ["Automatic Part-of-Speech Tagging for Bengali: An Approach for Morphologically Rich Languages in a Poor Resource Scenario., ACL, 2007"], "Kenji Imamura": ["Japanese Dependency Parsing Using Sequential Labeling for Semi-spoken Language., ACL, 2007"], "Norihito Yasuda": ["Japanese Dependency Parsing Using Sequential Labeling for Semi-spoken Language., ACL, 2007"], "Nathan C. Sanders": ["Measuring Syntactic Difference in British English., ACL, 2007"], "Aleksander Buczynski": ["An Implementation of Combined Partial Parser and Morphosyntactic Disambiguator., ACL, 2007"], "Rados aw Moszczynski": ["A Practical Classification of Multiword Expressions., ACL, 2007"], "Andrea Mulloni": ["Automatic Prediction of Cognate Orthography Using Support Vector Machines., ACL, 2007"], "Martina Naughton": ["Exploiting Structure for Event Discovery Using the MDI Algorithm., ACL, 2007"], "Taras Zagibalov": ["Kinds of Features for Chinese Opinionated Information Retrieval., ACL, 2007"], "Bart Cramer": ["Limitations of Current Grammar Induction Algorithms., ACL, 2007"], "Richard Johansson": ["Logistic Online Learning Methods and Their Application to Incremental Dependency Parsing., ACL, 2007"], "Yves Scherrer": ["Adaptive String Distance Measures for Bilingual Dialect Lexicon Induction., ACL, 2007"], "Jelena Proki\u00e6": ["Identifying Linguistic Structure in a Quantitative Analysis of Dialect Pronunciation., ACL, 2007"], "Silke Scheible": ["Towards a Computational Treatment of Superlatives., ACL, 2007"], "Diarmuid \u00d3 S\u00e9aghdha": ["Annotating and Learning Compound Noun Semantics., ACL, 2007"], "Paul Nulty": ["Semantic Classification of Noun Phrases Using Web Counts and Learning Algorithms., ACL, 2007"], "Olena Medelyan": ["Computing Lexical Chains with Graph Clustering., ACL, 2007"], "Kata G\u00e1bor": ["Clustering Hungarian Verbs on the Basis of Complementation Patterns., ACL, 2007"], "Eniko H\u00e9ja": ["Clustering Hungarian Verbs on the Basis of Complementation Patterns., ACL, 2007"]}